species,photo_id,url,license,author,author_login,observed_on,source_page,attribution,sha256
Gomphosus varius,61459873,https://inaturalist-open-data.s3.amazonaws.com/photos/61459873/medium.jpeg,CC-BY 4.0,nmoorhatch,nmoorhatch,2009-07-09,https://www.inaturalist.org/observations/38651050,"© nmoorhatch, some rights reserved (CC-BY)",4517a3c8ca686b54e6b8198673f3229c94bd4d4a9803f1952c872bd961288dee
Gomphosus varius,444165909,https://inaturalist-open-data.s3.amazonaws.com/photos/444165909/medium.png,CC-BY 4.0,Jason Grant,jasonrgrant,2024-10-17,https://www.inaturalist.org/observations/248567768,"© Jason Grant, some rights reserved (CC-BY)",26a751f01156ece747e1cfa8458fb1807895ca19ce7d3fe4e8913a938251abf0
Gomphosus varius,435086509,https://inaturalist-open-data.s3.amazonaws.com/photos/435086509/medium.jpeg,CC-BY 4.0,Alison Copeland,bda_biodiversity,2024-09-21,https://www.inaturalist.org/observations/243953708,"© Alison Copeland, some rights reserved (CC-BY)",9bf6c57df65b09f027d25d076590a8a526ec1644525dda4f01cdcb21afb45dfa
Gomphosus varius,435086627,https://inaturalist-open-data.s3.amazonaws.com/photos/435086627/medium.jpeg,CC-BY 4.0,Alison Copeland,bda_biodiversity,2024-09-21,https://www.inaturalist.org/observations/243953708,"© Alison Copeland, some rights reserved (CC-BY)",6ac3ba67e1afd6efb6f74a4033a034ffa429918276c595839bf9efd42fe615d3
Gomphosus varius,435086629,https://inaturalist-open-data.s3.amazonaws.com/photos/435086629/medium.jpeg,CC-BY 4.0,Alison Copeland,bda_biodiversity,2024-09-21,https://www.inaturalist.org/observations/243953708,"© Alison Copeland, some rights reserved (CC-BY)",fb3762a5e83e549d003a714bfa6b815585f1c324cda114e5c49a881e9fb5d5fe
Gomphosus varius,185015915,https://inaturalist-open-data.s3.amazonaws.com/photos/185015915/medium.png,CC-BY 4.0,Tim,twan3253,2021-10-09,https://www.inaturalist.org/observations/109743676,"© Tim, some rights reserved (CC-BY)",a61947d2a7ff4e87ff3efe7b0727844554944e39797eac75ea15606edbbcf415
Gomphosus varius,351874765,https://inaturalist-open-data.s3.amazonaws.com/photos/351874765/medium.jpeg,CC-BY 4.0,libby hepburn,libbyhepburn,2024-02-16,https://www.inaturalist.org/observations/199524876,"© libby hepburn, some rights reserved (CC-BY)",137b69c92f91cfb7f4d369c243ef77b0cd580cd3f71fc368870acb49a6b555b1
Gomphosus varius,345768085,https://inaturalist-open-data.s3.amazonaws.com/photos/345768085/medium.jpg,CC-BY 4.0,Debra Baker,quokka2,2023-12-31,https://www.inaturalist.org/observations/196412513,"© Debra Baker, some rights reserved (CC-BY)",c00051dd62672c74947290d63e04312d9427bfde9e647deeab5b736866155506
Gomphosus varius,261904144,https://inaturalist-open-data.s3.amazonaws.com/photos/261904144/medium.jpg,CC-BY 4.0,Tyler Ekholm,chickenparmesan24,2022-03-13,https://www.inaturalist.org/observations/151764426,"© Tyler Ekholm, some rights reserved (CC-BY)",b0261711ab8b126ffb8c06b8ef6f27a90bf48a419bb33f27771ed46b6b976140
Gomphosus varius,287703267,https://inaturalist-open-data.s3.amazonaws.com/photos/287703267/medium.jpg,CC-BY 4.0,Susan Prior,susanprior,2023-05-28,https://www.inaturalist.org/observations/166160511,"© Susan Prior, some rights reserved (CC-BY)",90910ff65c2061f3553dc10441883fc38d12195d6f07ec0c879d6a4ba7e2fe9e
Gomphosus varius,28480233,https://inaturalist-open-data.s3.amazonaws.com/photos/28480233/medium.jpg,CC-BY 4.0,Louis Imbeau,imbeaul,2014-07-28,https://www.inaturalist.org/observations/18608855,"© Louis Imbeau, some rights reserved (CC-BY)",dc7cc3a7043bfdc1fbb63165c7ac2be47c33dce47fa385fa925f7712c11eec92
Gomphosus varius,28480247,https://inaturalist-open-data.s3.amazonaws.com/photos/28480247/medium.jpg,CC-BY 4.0,Louis Imbeau,imbeaul,2014-07-28,https://www.inaturalist.org/observations/18608855,"© Louis Imbeau, some rights reserved (CC-BY)",6c14219eb142977769fabdd272f5369838541c38805a92e9b773f8513a636743
Gomphosus varius,29599220,https://inaturalist-open-data.s3.amazonaws.com/photos/29599220/medium.jpg,CC-BY 4.0,Eric Knight,knightericm,2003-07-26,https://www.inaturalist.org/observations/19261975,"© Eric Knight, some rights reserved (CC-BY)",0391ce36cb80b8315eddc425a3758706e1f88ceddebd3a902db3521c8050a8d8
Gomphosus varius,343243809,https://inaturalist-open-data.s3.amazonaws.com/photos/343243809/medium.jpg,CC-BY 4.0,Debra Baker,quokka2,2023-12-26,https://www.inaturalist.org/observations/195152885,"© Debra Baker, some rights reserved (CC-BY)",521d19226e02413550a77d3c4e35dc7d783cade422359972472aa05e65bf41ac
Gomphosus varius,625985211,https://inaturalist-open-data.s3.amazonaws.com/photos/625985211/medium.jpg,CC-BY 4.0,Nicola Crockford,nicolacrockford,2026-01-30,https://www.inaturalist.org/observations/343624033,"© Nicola Crockford, some rights reserved (CC-BY)",1da2e9fde199b5fc27d8ec918a72d2665b1282db0a6d4f2ce3618f83410bc7a8
Gomphosus varius,542008839,https://inaturalist-open-data.s3.amazonaws.com/photos/542008839/medium.jpg,CC-BY 4.0,Debra Baker,quokka2,2025-07-22,https://www.inaturalist.org/observations/300813068,"© Debra Baker, some rights reserved (CC-BY)",3e33c430f35608bf86cfa9776d8c88d9b35f4569aa4ec91980000c7500097b37
Gomphosus varius,607445656,https://inaturalist-open-data.s3.amazonaws.com/photos/607445656/medium.jpg,CC-BY 4.0,JR Ferrer-Paris,neomapas,2025-12-24,https://www.inaturalist.org/observations/334489715,"© JR Ferrer-Paris, some rights reserved (CC-BY)",d7e95044f9812229da2d20a77d9c09402c8380170e4d23117e03ab4b2b885ca0
Gomphosus varius,661094341,https://inaturalist-open-data.s3.amazonaws.com/photos/661094341/medium.jpg,CC-BY 4.0,Ben Costamagna,bencostamagna,2026-05-15,https://www.inaturalist.org/observations/362216421,"© Ben Costamagna, some rights reserved (CC-BY)",e4692a61485a0a334ac1fcec6bc4e25b14bb5d1ce79064b44f9ad69693e07be6
Gomphosus varius,661094413,https://inaturalist-open-data.s3.amazonaws.com/photos/661094413/medium.jpg,CC-BY 4.0,Ben Costamagna,bencostamagna,2026-05-15,https://www.inaturalist.org/observations/362216421,"© Ben Costamagna, some rights reserved (CC-BY)",f0b9dc24ad731df131c348f11eb349c0f3058aeecc03c3afffb76149de3b5ee3
Gomphosus varius,317843,https://inaturalist-open-data.s3.amazonaws.com/photos/317843/medium.JPG,CC-BY 4.0,Matt Muir,muir,2013-04-18,https://www.inaturalist.org/observations/255320,"© Matt Muir, some rights reserved (CC-BY)",af34e60f9d489983ef30c7541449839075078ba387e5e265dcfbd093f49c2ca8
Gomphosus varius,29805043,https://inaturalist-open-data.s3.amazonaws.com/photos/29805043/medium.jpg,CC-BY 4.0,Don Loarie,dloarie,2018-12-30,https://www.inaturalist.org/observations/19379817,"© Don Loarie, some rights reserved (CC-BY)",40147031d55b91447ac2c884fa0725bce9a697a706ac8786d596ee87d442626f
Gomphosus varius,246760755,https://inaturalist-open-data.s3.amazonaws.com/photos/246760755/medium.jpeg,CC-BY 4.0,rosaceae_roberts,rosaceae_roberts,2017-03-05,https://www.inaturalist.org/observations/143843957,"© rosaceae_roberts, some rights reserved (CC-BY)",e61b2328b562327cff9989ec30ed8b80b9b428c9a4999d272ef373b34652c0e4
Gomphosus varius,246760758,https://inaturalist-open-data.s3.amazonaws.com/photos/246760758/medium.jpeg,CC-BY 4.0,rosaceae_roberts,rosaceae_roberts,2017-03-05,https://www.inaturalist.org/observations/143843957,"© rosaceae_roberts, some rights reserved (CC-BY)",928b9948e5a90de6364c401872003259d2343628af9048ec918067005104cb43
Gomphosus varius,287497599,https://inaturalist-open-data.s3.amazonaws.com/photos/287497599/medium.jpg,CC-BY 4.0,Bruce Deagle,brucedeagle,2023-05-28,https://www.inaturalist.org/observations/166044572,"© Bruce Deagle, some rights reserved (CC-BY)",de8dae3d3b5c87b75c5a27d1ec92389d4d7bf688044b890fd7ca7f767a54b7e0
Gomphosus varius,572079357,https://inaturalist-open-data.s3.amazonaws.com/photos/572079357/medium.jpg,CC-BY 4.0,Debra Baker,quokka2,2025-09-20,https://www.inaturalist.org/observations/316632723,"© Debra Baker, some rights reserved (CC-BY)",ca9d2c369aff2a84773cb6d5225ed30dbd9eab9166a35387f152b2718cfe8116
Gomphosus varius,573563023,https://inaturalist-open-data.s3.amazonaws.com/photos/573563023/medium.jpg,CC-BY 4.0,Debra Baker,quokka2,2025-09-22,https://www.inaturalist.org/observations/317423257,"© Debra Baker, some rights reserved (CC-BY)",cf9e10bdc08021e28b71ed17f5a60b396e4477ff9b53325ab18ce0c59222f37f
Gomphosus varius,611195800,https://inaturalist-open-data.s3.amazonaws.com/photos/611195800/medium.jpg,CC-BY 4.0,Tim,twan3253,2025-08-19,https://www.inaturalist.org/observations/336347296,"© Tim, some rights reserved (CC-BY)",99a44742778e33ae1c1a770cadf4275e9f48a710a9e06b0e3d63097d5f6d7c7d
Gomphosus varius,317838,https://inaturalist-open-data.s3.amazonaws.com/photos/317838/medium.JPG,CC-BY 4.0,Matt Muir,muir,2013-04-18,https://www.inaturalist.org/observations/255316,"© Matt Muir, some rights reserved (CC-BY)",3f9a9794c7a9e75a85b2e12aa2c14fbd3444fe16c9ded9424e3ce43fcabc496a
Gomphosus varius,317839,https://inaturalist-open-data.s3.amazonaws.com/photos/317839/medium.JPG,CC-BY 4.0,Matt Muir,muir,2013-04-18,https://www.inaturalist.org/observations/255316,"© Matt Muir, some rights reserved (CC-BY)",f790bf172b52ac283f398cbdc24555c211a759b83730be58925c237adf87dc37
Cheilinus undulatus,294332977,https://inaturalist-open-data.s3.amazonaws.com/photos/294332977/medium.jpg,CC-BY 4.0,Sockrosma,sockrosma,2018-10-03,https://www.inaturalist.org/observations/169753605,"© Sockrosma, some rights reserved (CC-BY)",d0b4709a1443585b84b02b1a219bc4bff9b66236846ae6e577462936b5ad7f99
Cheilinus undulatus,314629288,https://inaturalist-open-data.s3.amazonaws.com/photos/314629288/medium.jpg,CC-BY 4.0,Rolf Lawrenz,rlawrenz,2023-08-22,https://www.inaturalist.org/observations/180606793,"© Rolf Lawrenz, some rights reserved (CC-BY)",991c9b159fb9ea69671b7169254599372be562652bfd4ef50eb8ea4b897b8b00
Cheilinus undulatus,314629280,https://inaturalist-open-data.s3.amazonaws.com/photos/314629280/medium.jpg,CC-BY 4.0,Rolf Lawrenz,rlawrenz,2023-08-22,https://www.inaturalist.org/observations/180606793,"© Rolf Lawrenz, some rights reserved (CC-BY)",55fd92d92f2a465b6e20e1743c48f585f662f26ecc8a4e025911387b8af65cd2
Cheilinus undulatus,235756397,https://inaturalist-open-data.s3.amazonaws.com/photos/235756397/medium.jpeg,CC-BY 4.0,Jim Wallace,beaverjfw,2022-09-30,https://www.inaturalist.org/observations/137983570,"© Jim Wallace, some rights reserved (CC-BY)",94c83c7b4d528752efdcb0b1b55cd3946fcada069624a988708c225b4a98b43c
Cheilinus undulatus,23225561,https://inaturalist-open-data.s3.amazonaws.com/photos/23225561/medium.jpeg,CC-BY 4.0,Christopher Mark,christophermark,2018-08-01,https://www.inaturalist.org/observations/15479036,"© Christopher Mark, some rights reserved (CC-BY)",e554481313f78f0ad31939fdfc1b12b4824f50d1cab69e6d93bf53c0f7d8e81d
Cheilinus undulatus,619054398,https://inaturalist-open-data.s3.amazonaws.com/photos/619054398/medium.jpg,CC-BY 4.0,Nicola Crockford,nicolacrockford,2026-02-02,https://www.inaturalist.org/observations/340204398,"© Nicola Crockford, some rights reserved (CC-BY)",e1573f0283b377469f7c85113874a5064e60818a86e8953d7e443f0f75cac7b1
Cheilinus undulatus,619054399,https://inaturalist-open-data.s3.amazonaws.com/photos/619054399/medium.jpg,CC-BY 4.0,Nicola Crockford,nicolacrockford,2026-02-02,https://www.inaturalist.org/observations/340204398,"© Nicola Crockford, some rights reserved (CC-BY)",122e7ec6a67c2f3457e544e95597b0baf2a22d1a3c87468e139ca4cf3159b54a
Cheilinus undulatus,619054400,https://inaturalist-open-data.s3.amazonaws.com/photos/619054400/medium.jpg,CC-BY 4.0,Nicola Crockford,nicolacrockford,2026-02-02,https://www.inaturalist.org/observations/340204398,"© Nicola Crockford, some rights reserved (CC-BY)",5bb8b39cc312e74070d06120cff98e01a7ecf86ce5f4478c83c30f2df90516e9
Cheilinus undulatus,542010253,https://inaturalist-open-data.s3.amazonaws.com/photos/542010253/medium.jpg,CC-BY 4.0,Debra Baker,quokka2,2025-07-22,https://www.inaturalist.org/observations/300813094,"© Debra Baker, some rights reserved (CC-BY)",881c9753818dc2cc186cef6ab7475af03069606ebef3d5893aad872eb911a730
Cheilinus undulatus,616010654,https://inaturalist-open-data.s3.amazonaws.com/photos/616010654/medium.jpg,CC-BY 4.0,Jan Ebr &amp; Ivana Ebrová,opisska,2026-01-29,https://www.inaturalist.org/observations/338705045,"© Jan Ebr &amp; Ivana Ebrová, some rights reserved (CC-BY)",977acdf1b3c23d77e8b59ee69e8e03a393c52a927ff79ae32bb18460c65fe6c9
Cheilinus undulatus,627006980,https://inaturalist-open-data.s3.amazonaws.com/photos/627006980/medium.jpg,CC-BY 4.0,Lisa_James,lisa_james,2026-03-21,https://www.inaturalist.org/observations/344140653,"© Lisa_James, some rights reserved (CC-BY)",be973eb4a11a2ea75fc1ba8fb1ecfca33ee5ec346638080151eeac37a2d3dadb
Cheilinus undulatus,627006988,https://inaturalist-open-data.s3.amazonaws.com/photos/627006988/medium.jpg,CC-BY 4.0,Lisa_James,lisa_james,2026-03-21,https://www.inaturalist.org/observations/344140653,"© Lisa_James, some rights reserved (CC-BY)",412ff73c68daed1ffafe2c181b4268ba03d743accd5d5ca5fe51921c89cbe185
Cheilinus undulatus,344028836,https://inaturalist-open-data.s3.amazonaws.com/photos/344028836/medium.jpg,CC-BY 4.0,TonyT,tongks22,2016-12-24,https://www.inaturalist.org/observations/195537357,"© TonyT, some rights reserved (CC-BY)",46249d4ff78327c778f7d5371be54d61bad0d20b87ba2b3161b83748d801ad90
Cheilinus undulatus,537043078,https://inaturalist-open-data.s3.amazonaws.com/photos/537043078/medium.jpg,CC-BY 4.0,Selim Türeli,selimtureli,2025-07-15,https://www.inaturalist.org/observations/298163384,"© Selim Türeli, some rights reserved (CC-BY)",6432f689b63626ce64bb8fcc8923e2769a0ff250e6ed13019bc05744ad2ddadc
Cheilinus undulatus,537043127,https://inaturalist-open-data.s3.amazonaws.com/photos/537043127/medium.jpg,CC-BY 4.0,Selim Türeli,selimtureli,2025-07-15,https://www.inaturalist.org/observations/298163384,"© Selim Türeli, some rights reserved (CC-BY)",d1abc832249515be8ec6a74d928e180dfa6534a560d0ac247132102c4fc2a6a9
Cheilinus undulatus,441265279,https://inaturalist-open-data.s3.amazonaws.com/photos/441265279/medium.jpeg,CC-BY 4.0,Rachael Kaiser,kaisrra,2024-04-05,https://www.inaturalist.org/observations/247105807,"© Rachael Kaiser, some rights reserved (CC-BY)",049d07e183fd62b4d662b889979da3fa12c1afef2cf79150130b839cc9aa71fd
Cheilinus undulatus,489118420,https://inaturalist-open-data.s3.amazonaws.com/photos/489118420/medium.jpeg,CC-BY 4.0,"陳德範（Chen, De-Fan）",dfc_msingir,2025-04-20,https://www.inaturalist.org/observations/271892920,"© 陳德範（Chen, De-Fan）, some rights reserved (CC-BY)",369bbd0d91481c92c92c85582f233a2e94a8031d5a822e713942a06f9d4d5a49
Cheilinus undulatus,489118467,https://inaturalist-open-data.s3.amazonaws.com/photos/489118467/medium.jpeg,CC-BY 4.0,"陳德範（Chen, De-Fan）",dfc_msingir,2025-04-20,https://www.inaturalist.org/observations/271892920,"© 陳德範（Chen, De-Fan）, some rights reserved (CC-BY)",0f7f02e898c74889143c0d3f49cc262960e974e743aa4c78537aafc7b461afe8
Cheilinus undulatus,489118502,https://inaturalist-open-data.s3.amazonaws.com/photos/489118502/medium.jpeg,CC-BY 4.0,"陳德範（Chen, De-Fan）",dfc_msingir,2025-04-20,https://www.inaturalist.org/observations/271892920,"© 陳德範（Chen, De-Fan）, some rights reserved (CC-BY)",3b3263110930e3608c36993f92e52bee393959dff57c9b278e6ece15e1ec7cac
Cheilinus undulatus,489118528,https://inaturalist-open-data.s3.amazonaws.com/photos/489118528/medium.jpeg,CC-BY 4.0,"陳德範（Chen, De-Fan）",dfc_msingir,2025-04-20,https://www.inaturalist.org/observations/271892920,"© 陳德範（Chen, De-Fan）, some rights reserved (CC-BY)",00ed49f48ba6054396c424694f7613345df5c4a790f3ac84ff833335443ed7fb
Cheilinus undulatus,229199396,https://inaturalist-open-data.s3.amazonaws.com/photos/229199396/medium.jpg,CC-BY 4.0,Daniel Benák,benake,2018-05-17,https://www.inaturalist.org/observations/134469777,"© Daniel Benák, some rights reserved (CC-BY)",2780c3774c184f35816a073a00dc6b35bec3efee6f1db6118da0fd3a6788d49b
Cheilinus fasciatus,178810420,https://inaturalist-open-data.s3.amazonaws.com/photos/178810420/medium.jpg,CC-BY 4.0,Pauline Walsh Jacobson,coralreefdreams,2001-11-16,https://www.inaturalist.org/observations/106443919,"© Pauline Walsh Jacobson, some rights reserved (CC-BY)",36f17fd823e19dca6b114c67718695f082eef81a10360bb09f44d25666e6ca3a
Cheilinus fasciatus,338355923,https://inaturalist-open-data.s3.amazonaws.com/photos/338355923/medium.jpg,CC-BY 4.0,Sockrosma,sockrosma,2023-01-02,https://www.inaturalist.org/observations/192706547,"© Sockrosma, some rights reserved (CC-BY)",1c22a43a0ff567bbbe67295a4edff5e7c93977f7129098bd19c3288e887eb46b
Cheilinus fasciatus,326867107,https://inaturalist-open-data.s3.amazonaws.com/photos/326867107/medium.jpg,CC-BY 4.0,portioid,portioid,2023-10-09,https://www.inaturalist.org/observations/186971223,"© portioid, some rights reserved (CC-BY)",59c897d5b828bfd1d36f7a01974547c41ff2a35987aa46712ba7b7cb805b8a67
Cheilinus fasciatus,326867114,https://inaturalist-open-data.s3.amazonaws.com/photos/326867114/medium.jpg,CC-BY 4.0,portioid,portioid,2023-10-09,https://www.inaturalist.org/observations/186971223,"© portioid, some rights reserved (CC-BY)",41fd5f81e051820f17875c8d3226c730add055b927818a9b10acb80841b930e7
Cheilinus fasciatus,437672153,https://inaturalist-open-data.s3.amazonaws.com/photos/437672153/medium.jpeg,CC-BY 4.0,Gonzalo Ganda Álvarez,gonza_ganda,2024-08-27,https://www.inaturalist.org/observations/245286411,"© Gonzalo Ganda Álvarez, some rights reserved (CC-BY)",5a67f209fe431414f5ea93e8f60f23d284d2ebdd69c5cb4bb9fd236a02894f8a
Cheilinus fasciatus,305760180,https://inaturalist-open-data.s3.amazonaws.com/photos/305760180/medium.jpg,CC-BY 4.0,portioid,portioid,2023-07-31,https://www.inaturalist.org/observations/175909253,"© portioid, some rights reserved (CC-BY)",af9bec722ac1a8405699ea3a8a355297b5c364c12ba8d828294f7b7cc38fcb6e
Cheilinus fasciatus,283683428,https://inaturalist-open-data.s3.amazonaws.com/photos/283683428/medium.jpg,CC-BY 4.0,portioid,portioid,2023-05-26,https://www.inaturalist.org/observations/163983803,"© portioid, some rights reserved (CC-BY)",10a005034910ac73a8aaac31eb01cb36439621bea847ffa413566b3257b3448f
Cheilinus fasciatus,325947265,https://inaturalist-open-data.s3.amazonaws.com/photos/325947265/medium.jpg,CC-BY 4.0,portioid,portioid,2023-10-07,https://www.inaturalist.org/observations/186504556,"© portioid, some rights reserved (CC-BY)",49a9b81cbf27db4f5b791f23ad24061dd67a67f4c633c4dc62759e40f31f2555
Cheilinus fasciatus,350290169,https://inaturalist-open-data.s3.amazonaws.com/photos/350290169/medium.jpg,CC-BY 4.0,portioid,portioid,2024-02-07,https://www.inaturalist.org/observations/198708318,"© portioid, some rights reserved (CC-BY)",dc2ed4f1688b07b0719d46e73ef5a0957038ff61d158eddfcec520ff2c3c3720
Cheilinus fasciatus,602839954,https://inaturalist-open-data.s3.amazonaws.com/photos/602839954/medium.jpg,CC-BY 4.0,Ben Costamagna,bencostamagna,2025-12-24,https://www.inaturalist.org/observations/332208635,"© Ben Costamagna, some rights reserved (CC-BY)",927214e2937b09156d7fa8198eaba9fa71068155bbaefa9805635a84f1e21ef5
Cheilinus fasciatus,696430969,https://inaturalist-open-data.s3.amazonaws.com/photos/696430969/medium.jpg,CC-BY 4.0,Roger Rittmaster,rogerritt,2026-06-24,https://www.inaturalist.org/observations/380761823,"© Roger Rittmaster, some rights reserved (CC-BY)",dd02473657793e59dd531267f912fe8b3efab9713c59d97c6b2af8b2fb7a0117
Cheilinus fasciatus,29041114,https://inaturalist-open-data.s3.amazonaws.com/photos/29041114/medium.jpg,CC-BY 4.0,Vsevolod Rudyi,ruseva,2016-01-11,https://www.inaturalist.org/observations/18943467,"© Vsevolod Rudyi, some rights reserved (CC-BY)",4d7fc0d109ae3130770d5cf350c9dbc219cacd257448c1601ed1c0c2c0c1aa6d
Cheilinus fasciatus,363347214,https://inaturalist-open-data.s3.amazonaws.com/photos/363347214/medium.jpg,CC-BY 4.0,Debra Baker,quokka2,2024-03-27,https://www.inaturalist.org/observations/205487476,"© Debra Baker, some rights reserved (CC-BY)",658eaef59ef07c3e56f3c53d4efc98ee46a0543df286c2ec7bb77d96f85cff8f
Cheilinus fasciatus,607511537,https://inaturalist-open-data.s3.amazonaws.com/photos/607511537/medium.jpg,CC-BY 4.0,cello caruso-turiello,celllo,2025-12-31,https://www.inaturalist.org/observations/334524252,"© cello caruso-turiello, some rights reserved (CC-BY)",b6078e72ee3b955da6e9b09c03e7c672be56f57702ad87afdae2861b0238e5b1
Cheilinus fasciatus,611623243,https://inaturalist-open-data.s3.amazonaws.com/photos/611623243/medium.jpg,CC-BY 4.0,Debra Baker,quokka2,2026-01-13,https://www.inaturalist.org/observations/336560983,"© Debra Baker, some rights reserved (CC-BY)",91827dd1ee0b416cc737f57d8bd4a8cd87a4ffd29f2ae0d892449346d2b3baa2
Cheilinus fasciatus,184494172,https://inaturalist-open-data.s3.amazonaws.com/photos/184494172/medium.jpeg,CC-BY 4.0,luluchouette,luluchouette,2022-01-18,https://www.inaturalist.org/observations/109463810,"© luluchouette, some rights reserved (CC-BY)",60be39ec992f1cda4e94ebcb7995b959bcd1e965b58b0b10f4b96e380fa90059
Cheilinus fasciatus,625849741,https://inaturalist-open-data.s3.amazonaws.com/photos/625849741/medium.jpg,CC-BY 4.0,Nicola Crockford,nicolacrockford,2026-01-31,https://www.inaturalist.org/observations/343558471,"© Nicola Crockford, some rights reserved (CC-BY)",8ec2b75ea8a033a7ff7aa5adfec8441db93c209e980f9e99f3d176f843f1b032
Cheilinus fasciatus,384986594,https://inaturalist-open-data.s3.amazonaws.com/photos/384986594/medium.jpg,CC-BY 4.0,portioid,portioid,2024-05-15,https://www.inaturalist.org/observations/217618086,"© portioid, some rights reserved (CC-BY)",c7ae6a848ca5962ca0fb8f6729df41f34e3fd38ee2b7fbe0b710f4c516489502
Cheilinus fasciatus,420787015,https://inaturalist-open-data.s3.amazonaws.com/photos/420787015/medium.jpeg,CC-BY 4.0,Jan Ebr &amp; Ivana Ebrová,opisska,2024-07-25,https://www.inaturalist.org/observations/236525064,"© Jan Ebr &amp; Ivana Ebrová, some rights reserved (CC-BY)",4d1449efb53ff7803f8d3d1637170caa84ff09b3a27893fa7e71d8be19376784
Cheilinus fasciatus,420837818,https://inaturalist-open-data.s3.amazonaws.com/photos/420837818/medium.jpeg,CC-BY 4.0,Jan Ebr &amp; Ivana Ebrová,opisska,2024-07-25,https://www.inaturalist.org/observations/236550020,"© Jan Ebr &amp; Ivana Ebrová, some rights reserved (CC-BY)",9101b74a37bb7502c3049944b4d389956275a0397045d47efd9f1cac90e612e8
Cheilinus fasciatus,419702801,https://inaturalist-open-data.s3.amazonaws.com/photos/419702801/medium.jpeg,CC-BY 4.0,Jan Ebr &amp; Ivana Ebrová,opisska,2024-07-24,https://www.inaturalist.org/observations/235959763,"© Jan Ebr &amp; Ivana Ebrová, some rights reserved (CC-BY)",79c3f53bb052ab383f9da7594e77af22370cceb908d2ce501dab7eab5efb2408
Cheilinus fasciatus,433924479,https://inaturalist-open-data.s3.amazonaws.com/photos/433924479/medium.jpeg,CC-BY 4.0,Nicola Crockford,nicolacrockford,2024-04-28,https://www.inaturalist.org/observations/243353168,"© Nicola Crockford, some rights reserved (CC-BY)",7da149c3e5ed76666f97416dfd4b382fdddfd363143e459a20348f4a94b7ea16
Cheilinus fasciatus,297693530,https://inaturalist-open-data.s3.amazonaws.com/photos/297693530/medium.jpg,CC-BY 4.0,portioid,portioid,2023-07-07,https://www.inaturalist.org/observations/171552492,"© portioid, some rights reserved (CC-BY)",b081da67ac3c11e69a7dfd324fbbb4ac12cf3aa0f5febae7dc2c34c8aa7f5001
Cheilinus fasciatus,297693501,https://inaturalist-open-data.s3.amazonaws.com/photos/297693501/medium.jpg,CC-BY 4.0,portioid,portioid,2023-07-07,https://www.inaturalist.org/observations/171552492,"© portioid, some rights reserved (CC-BY)",5dab09dc5652dc50ff75eedda6751368652507c0611a236726816d9ae3a192a7
Cheilinus fasciatus,297693444,https://inaturalist-open-data.s3.amazonaws.com/photos/297693444/medium.jpg,CC-BY 4.0,portioid,portioid,2023-07-07,https://www.inaturalist.org/observations/171552492,"© portioid, some rights reserved (CC-BY)",17260770c389756b3ed06f763cfe653825e5af29a91a03b869058f0ab93ad343
Cheilinus fasciatus,434156753,https://inaturalist-open-data.s3.amazonaws.com/photos/434156753/medium.jpg,CC-BY 4.0,Bernard DUPONT,berniedup,2024-09-22,https://www.inaturalist.org/observations/243476128,"© Bernard DUPONT, some rights reserved (CC-BY)",7dc5745f575e9e805c529e4a9e5ff081032f0979303f6c30e5d113c9bed7807d
Cheilinus fasciatus,441264662,https://inaturalist-open-data.s3.amazonaws.com/photos/441264662/medium.jpeg,CC-BY 4.0,Rachael Kaiser,kaisrra,2024-04-05,https://www.inaturalist.org/observations/247105792,"© Rachael Kaiser, some rights reserved (CC-BY)",e2a61256f6edb8bcf4572c60f2b0cb3833c737c1f2c4c1d2494923cace7a79b8
Cheilinus fasciatus,310382585,https://inaturalist-open-data.s3.amazonaws.com/photos/310382585/medium.jpg,CC-BY 4.0,portioid,portioid,2023-08-14,https://www.inaturalist.org/observations/178377602,"© portioid, some rights reserved (CC-BY)",0e1c6347924c398102de356e1c3564e37cabb1294e39ee84e21877acff5852d8
Coris gaimard,248887254,https://inaturalist-open-data.s3.amazonaws.com/photos/248887254/medium.jpg,CC-BY 4.0,Pauline Walsh Jacobson,coralreefdreams,2001-11-07,https://www.inaturalist.org/observations/144945687,"© Pauline Walsh Jacobson, some rights reserved (CC-BY)",9de2bc69c734b42db50820f5cc00c5c732921f0eaebd77503c9b7bddc6e816b8
Coris gaimard,351080619,https://inaturalist-open-data.s3.amazonaws.com/photos/351080619/medium.jpg,CC-BY 4.0,Don Loarie,dloarie,2024-02-04,https://www.inaturalist.org/observations/199113738,"© Don Loarie, some rights reserved (CC-BY)",9dc71f6486d47918f5215324cafff6bde8194e4e95a9b809da470e2629360c07
Coris gaimard,301406997,https://inaturalist-open-data.s3.amazonaws.com/photos/301406997/medium.jpeg,CC-BY 4.0,Cricket Raspet,chilipossum,2023-07-16,https://www.inaturalist.org/observations/173551862,"© Cricket Raspet, some rights reserved (CC-BY)",a5dbb665589ec56cc749e7f61abbd103ec1f094941b76062fe75d9ac22805959
Coris gaimard,691307933,https://inaturalist-open-data.s3.amazonaws.com/photos/691307933/medium.jpg,CC-BY 4.0,Roger Rittmaster,rogerritt,2026-06-16,https://www.inaturalist.org/observations/378012112,"© Roger Rittmaster, some rights reserved (CC-BY)",11ea4512ebc62a89dd6073220fe111116c2022fc81cc5ea69882f6c508c62761
Coris gaimard,396368025,https://inaturalist-open-data.s3.amazonaws.com/photos/396368025/medium.jpg,CC-BY 4.0,portioid,portioid,2024-06-18,https://www.inaturalist.org/observations/223683953,"© portioid, some rights reserved (CC-BY)",7c5531b71f902fa3a052502ec5b4dc5d7aced7fa2418ce1be0493570c3d38d3e
Coris gaimard,10070544,https://inaturalist-open-data.s3.amazonaws.com/photos/10070544/medium.jpeg,CC-BY 4.0,Lisa Bennett,lisa_bennett,2017-08-06,https://www.inaturalist.org/observations/7686284,"© Lisa Bennett, some rights reserved (CC-BY)",cf1c2fb5a2fce3f3b49aec019799c18b06bcad3360661b082a9a9ba4785427b3
Coris gaimard,695340169,https://inaturalist-open-data.s3.amazonaws.com/photos/695340169/medium.jpg,CC-BY 4.0,Roger Rittmaster,rogerritt,2026-06-23,https://www.inaturalist.org/observations/380097971,"© Roger Rittmaster, some rights reserved (CC-BY)",24748ba61f3008233b18190a9715d15410f908c76ceaeb9bd2959c3e3b38f41c
Coris gaimard,617164812,https://inaturalist-open-data.s3.amazonaws.com/photos/617164812/medium.jpg,CC-BY 4.0,PampaSorro,pampasorro,2026-02-19,https://www.inaturalist.org/observations/339278787,"© PampaSorro, some rights reserved (CC-BY)",73a10929492a7032dca571230e3b6a492f1fda44374cf8ad7893a72c8842ee44
Coris gaimard,428627560,https://inaturalist-open-data.s3.amazonaws.com/photos/428627560/medium.jpeg,CC-BY 4.0,Nicola Crockford,nicolacrockford,2024-04-23,https://www.inaturalist.org/observations/240573984,"© Nicola Crockford, some rights reserved (CC-BY)",10920bd8a3237a80f84cf5fc5fb4822248bf5c6e24a677e4a2e698dd693efa4f
Coris gaimard,428627565,https://inaturalist-open-data.s3.amazonaws.com/photos/428627565/medium.jpeg,CC-BY 4.0,Nicola Crockford,nicolacrockford,2024-04-23,https://www.inaturalist.org/observations/240573984,"© Nicola Crockford, some rights reserved (CC-BY)",dad381538ac4d9757c18d9fbc18a0cbe450d0bc62a4b616cc75535d246fd7120
Coris gaimard,437138043,https://inaturalist-open-data.s3.amazonaws.com/photos/437138043/medium.jpg,CC-BY 4.0,Debra Baker,quokka2,2024-09-20,https://www.inaturalist.org/observations/245013847,"© Debra Baker, some rights reserved (CC-BY)",3c31cc7866e82c9ef4e89f1db0fc56be3f950f4d749694e079c9a939b6dbd988
Coris gaimard,437138147,https://inaturalist-open-data.s3.amazonaws.com/photos/437138147/medium.jpg,CC-BY 4.0,Debra Baker,quokka2,2024-09-20,https://www.inaturalist.org/observations/245013847,"© Debra Baker, some rights reserved (CC-BY)",c2d6c952b9a3a07c9d15f37a0240e5ae77aa49661518722da3236d62905f6c09
Coris gaimard,702370135,https://inaturalist-open-data.s3.amazonaws.com/photos/702370135/medium.jpg,CC-BY 4.0,cello caruso-turiello,celllo,2026-07-13,https://www.inaturalist.org/observations/384058857,"© cello caruso-turiello, some rights reserved (CC-BY)",ba7f9273f586c7e32ffcfdbf1a6dad5bce1968b00dbebb155c2fd8755868c880
Coris gaimard,403634432,https://inaturalist-open-data.s3.amazonaws.com/photos/403634432/medium.png,CC-BY 4.0,呂一起(Lyu yi-chi),pchi45,2024-07-06,https://www.inaturalist.org/observations/227523689,"© 呂一起(Lyu yi-chi), some rights reserved (CC-BY)",738feaf9b086bc06032db639e499e1ae94cb521da0d93427e80f1d959158c018
Coris gaimard,403634517,https://inaturalist-open-data.s3.amazonaws.com/photos/403634517/medium.jpeg,CC-BY 4.0,呂一起(Lyu yi-chi),pchi45,2024-07-06,https://www.inaturalist.org/observations/227523689,"© 呂一起(Lyu yi-chi), some rights reserved (CC-BY)",e7d5c57a4511f059ecdefb0e286c9be1dd8ed197337fc10f5a22a1f3c7e4846e
Coris gaimard,403634481,https://inaturalist-open-data.s3.amazonaws.com/photos/403634481/medium.jpeg,CC-BY 4.0,呂一起(Lyu yi-chi),pchi45,2024-07-06,https://www.inaturalist.org/observations/227523689,"© 呂一起(Lyu yi-chi), some rights reserved (CC-BY)",3ab0fb7d5fa99eb2c69a03e41aaa2d064a921c90d56447e7eb42aefa2fe3438f
Coris gaimard,351254430,https://inaturalist-open-data.s3.amazonaws.com/photos/351254430/medium.jpg,CC-BY 4.0,Don Loarie,dloarie,2024-02-06,https://www.inaturalist.org/observations/199200239,"© Don Loarie, some rights reserved (CC-BY)",9027391aa4b614d9c72b1fa360306bc115fdc1be5f580e982e144dbb236f0ce7
Coris gaimard,351254425,https://inaturalist-open-data.s3.amazonaws.com/photos/351254425/medium.jpg,CC-BY 4.0,Don Loarie,dloarie,2024-02-06,https://www.inaturalist.org/observations/199200239,"© Don Loarie, some rights reserved (CC-BY)",93327cfe62b9ad823ea45d05cae3526f2aca338356c08b432d870fd8160e9929
Coris gaimard,598623864,https://inaturalist-open-data.s3.amazonaws.com/photos/598623864/medium.jpg,CC-BY 4.0,Cricket Raspet,chilipossum,2025-11-07,https://www.inaturalist.org/observations/330157319,"© Cricket Raspet, some rights reserved (CC-BY)",2e812c75514cd54f911fcacc819aae2efc01506ea848ab362851168a41a8b00c
Coris gaimard,598623876,https://inaturalist-open-data.s3.amazonaws.com/photos/598623876/medium.jpg,CC-BY 4.0,Cricket Raspet,chilipossum,2025-11-07,https://www.inaturalist.org/observations/330157319,"© Cricket Raspet, some rights reserved (CC-BY)",a054722d1e6122cf4ed6dc5eb41a77eb986d13e389ca97cf7f5965dc2b0a9040
Coris gaimard,622806682,https://inaturalist-open-data.s3.amazonaws.com/photos/622806682/medium.jpg,CC-BY 4.0,Debra Baker,quokka2,2026-03-07,https://www.inaturalist.org/observations/342047947,"© Debra Baker, some rights reserved (CC-BY)",379546b3bb84200b285e890223cc1aba0ff9dea8ec4c889308d5e84f67686b9c
Coris gaimard,185659027,https://inaturalist-open-data.s3.amazonaws.com/photos/185659027/medium.jpg,CC-BY 4.0,Andrew Parker,parkera80,2017-02-22,https://www.inaturalist.org/observations/110091687,"© Andrew Parker, some rights reserved (CC-BY)",6f987cce4bf46c39fd7db4f273ff4b259f51179e84d044028cff3af7e0ade8c5
Coris gaimard,618826270,https://inaturalist-open-data.s3.amazonaws.com/photos/618826270/medium.jpg,CC-BY 4.0,Nicola Crockford,nicolacrockford,2026-02-02,https://www.inaturalist.org/observations/340095067,"© Nicola Crockford, some rights reserved (CC-BY)",8f498df07976fb72b820b6ac90040c5a20b813b5bb5cddc203c29fbe43f87314
Hemigymnus melapterus,348413823,https://inaturalist-open-data.s3.amazonaws.com/photos/348413823/medium.jpeg,CC-BY 4.0,Oscar Dove,oscar_dove,2023-09-16,https://www.inaturalist.org/observations/197772206,"© Oscar Dove, some rights reserved (CC-BY)",5d1bcccd67c35119da0aa004f69758952aac3504659435a79e253b16f278b330
Hemigymnus melapterus,348413833,https://inaturalist-open-data.s3.amazonaws.com/photos/348413833/medium.jpeg,CC-BY 4.0,Oscar Dove,oscar_dove,2023-09-16,https://www.inaturalist.org/observations/197772206,"© Oscar Dove, some rights reserved (CC-BY)",cf54035b2d4a68713cbe39a9a2359c588e0dc4d8fe9d47c76cb636e4b3dbbfa5
Hemigymnus melapterus,330078925,https://inaturalist-open-data.s3.amazonaws.com/photos/330078925/medium.jpeg,CC-BY 4.0,Nicola Crockford,nicolacrockford,2023-10-02,https://www.inaturalist.org/observations/188569968,"© Nicola Crockford, some rights reserved (CC-BY)",78b1059f5cab15fe21e8d53f4333af80c37b190df580a717a5c1d9954bcfdf01
Hemigymnus melapterus,586578106,https://inaturalist-open-data.s3.amazonaws.com/photos/586578106/medium.jpg,CC-BY 4.0,Debra Baker,quokka2,2025-10-18,https://www.inaturalist.org/observations/324115146,"© Debra Baker, some rights reserved (CC-BY)",5cd30847c11d3e490b5e6891c30367f992671228353ccfcd23badb9e1a445a69
Hemigymnus melapterus,674336295,https://inaturalist-open-data.s3.amazonaws.com/photos/674336295/medium.jpg,CC-BY 4.0,Bruce Deagle,brucedeagle,2026-06-02,https://www.inaturalist.org/observations/369187192,"© Bruce Deagle, some rights reserved (CC-BY)",62b3021032b2e7f5d0aec87db2262a683e7ef51fc14937313c96dcb87f911475
Hemigymnus melapterus,551286907,https://inaturalist-open-data.s3.amazonaws.com/photos/551286907/medium.jpg,CC-BY 4.0,Debra Baker,quokka2,2025-07-31,https://www.inaturalist.org/observations/305933468,"© Debra Baker, some rights reserved (CC-BY)",141d88985f3651819dfba0544305f8928163d3961d254047879bfa358767a8d0
Hemigymnus melapterus,551286954,https://inaturalist-open-data.s3.amazonaws.com/photos/551286954/medium.jpg,CC-BY 4.0,Debra Baker,quokka2,2025-07-31,https://www.inaturalist.org/observations/305933468,"© Debra Baker, some rights reserved (CC-BY)",92d50a04ffa670df09e92f7061770e3d77934daef71579945fd9a405d56f3232
Hemigymnus melapterus,701659904,https://inaturalist-open-data.s3.amazonaws.com/photos/701659904/medium.jpg,CC-BY 4.0,Jan Ebr &amp; Ivana Ebrová,opisska,2026-06-22,https://www.inaturalist.org/observations/383369611,"© Jan Ebr &amp; Ivana Ebrová, some rights reserved (CC-BY)",
Hemigymnus melapterus,362582023,https://inaturalist-open-data.s3.amazonaws.com/photos/362582023/medium.jpeg,CC-BY 4.0,Christian Berg,ch_berg,2024-03-25,https://www.inaturalist.org/observations/205098023,"© Christian Berg, some rights reserved (CC-BY)",29f5bb87ca0c13c47dac72ebe82bba8703ae56cd6ffdbffc021ce234eab45c4a
Hemigymnus melapterus,497224440,https://inaturalist-open-data.s3.amazonaws.com/photos/497224440/medium.jpeg,CC-BY 4.0,Thomas Wilson,wilsowildlife,2025-04-24,https://www.inaturalist.org/observations/276903622,"© Thomas Wilson, some rights reserved (CC-BY)",a1aea345a1260fd9fa155ce5cd97b6678ea79eb09f0ec939d98325799639b5a0
Hemigymnus melapterus,162489070,https://inaturalist-open-data.s3.amazonaws.com/photos/162489070/medium.jpg,CC-BY 4.0,Paul Asman,paulasman,2016-10-30,https://www.inaturalist.org/observations/97680084,"© Paul Asman, some rights reserved (CC-BY)",188fb7bfa041965fd129ba573cab1581aa2f6b62e4c0cc2c058e8b9243c6f382
Hemigymnus melapterus,162491588,https://inaturalist-open-data.s3.amazonaws.com/photos/162491588/medium.jpg,CC-BY 4.0,Paul Asman,paulasman,2016-10-30,https://www.inaturalist.org/observations/97680084,"© Paul Asman, some rights reserved (CC-BY)",7286c056724b1dd5e7d35411a7cadd0c666d2426879b1d7aaea6bcee8522d877
Hemigymnus melapterus,164483392,https://inaturalist-open-data.s3.amazonaws.com/photos/164483392/medium.jpg,CC-BY 4.0,Paul Asman,paulasman,2014-07-04,https://www.inaturalist.org/observations/98750159,"© Paul Asman, some rights reserved (CC-BY)",89a3295292295752601909f7d7d2ee54eeeb3f153fcad3ca3e8a392aa7fcffa0
Hemigymnus melapterus,177561047,https://inaturalist-open-data.s3.amazonaws.com/photos/177561047/medium.jpg,CC-BY 4.0,Pauline Walsh Jacobson,coralreefdreams,1993-01-07,https://www.inaturalist.org/observations/105779372,"© Pauline Walsh Jacobson, some rights reserved (CC-BY)",7cb85968b0191c419e0860d4096242e9ebd694064f3194f6565f999b5afc813f
Hemigymnus melapterus,232799818,https://inaturalist-open-data.s3.amazonaws.com/photos/232799818/medium.jpg,CC-BY 4.0,Debra Baker,quokka2,2022-09-07,https://www.inaturalist.org/observations/136413023,"© Debra Baker, some rights reserved (CC-BY)",6ea52c1ad9d2dbc756a12e58a371f6e3c791fbac5ab7f27a4fa95693baa43eed
Bodianus axillaris,346856467,https://inaturalist-open-data.s3.amazonaws.com/photos/346856467/medium.jpg,CC-BY 4.0,Ashwin Srinivasan,ash2016,2023-07-15,https://www.inaturalist.org/observations/196999390,"© Ashwin Srinivasan, some rights reserved (CC-BY)",88c4e7b80dff7a84ed63d7a03c74c34aaca60b674e7fc57f011fea373fa922da
Bodianus axillaris,414089251,https://inaturalist-open-data.s3.amazonaws.com/photos/414089251/medium.jpg,CC-BY 4.0,Debra Baker,quokka2,2024-07-06,https://www.inaturalist.org/observations/233036678,"© Debra Baker, some rights reserved (CC-BY)",c8da6adf252383121bd4949886a9cce8f1b5bf46345fc14129007055c338b60d
Bodianus axillaris,611713259,https://inaturalist-open-data.s3.amazonaws.com/photos/611713259/medium.jpg,CC-BY 4.0,Rui Ribeiro,ruir1963,2003-12-31,https://www.inaturalist.org/observations/336602290,"© Rui Ribeiro, some rights reserved (CC-BY)",d83fb9ab854155fffa517eb6a56c168465194f62acd401fd318ad67306ecd419
Bodianus axillaris,297569855,https://inaturalist-open-data.s3.amazonaws.com/photos/297569855/medium.jpg,CC-BY 4.0,Debra Baker,quokka2,2023-06-27,https://www.inaturalist.org/observations/171487049,"© Debra Baker, some rights reserved (CC-BY)",d4f82ec0510aceb1e5ca4765c548728f3d3e162fb2364714e221b6b89341bca5
Bodianus axillaris,558377733,https://inaturalist-open-data.s3.amazonaws.com/photos/558377733/medium.jpg,CC-BY 4.0,Debra Baker,quokka2,2025-08-12,https://www.inaturalist.org/observations/309452305,"© Debra Baker, some rights reserved (CC-BY)",4f1e69787e495997f97da3295ec0cd1a24d9ef01193f3f2f26a2c9aeb56f61c5
Bodianus axillaris,487083757,https://inaturalist-open-data.s3.amazonaws.com/photos/487083757/medium.jpeg,CC-BY 4.0,Jan Ebr &amp; Ivana Ebrová,opisska,2025-03-10,https://www.inaturalist.org/observations/270819109,"© Jan Ebr &amp; Ivana Ebrová, some rights reserved (CC-BY)",ecf8e351a3fe23289b2f4bba25784225fcefc4a19ed4c0fe500a86cb68523029
Bodianus axillaris,247382275,https://inaturalist-open-data.s3.amazonaws.com/photos/247382275/medium.png,CC-BY 4.0,agujaceratops,agujaceratops,2022-12-09,https://www.inaturalist.org/observations/144167722,"© agujaceratops, some rights reserved (CC-BY)",6f25254f57495eb1618457f975fa3b0402ba3f19ef82298a825a85c210547ec7
Bodianus axillaris,247382276,https://inaturalist-open-data.s3.amazonaws.com/photos/247382276/medium.png,CC-BY 4.0,agujaceratops,agujaceratops,2022-12-09,https://www.inaturalist.org/observations/144167722,"© agujaceratops, some rights reserved (CC-BY)",7501bf09fcfb56a8bae7e85c969b42c3a0842063ca0fa40dd2b2e42a79bc4c4d
Bodianus axillaris,417826302,https://inaturalist-open-data.s3.amazonaws.com/photos/417826302/medium.jpeg,CC-BY 4.0,Debra Baker,quokka2,2024-07-18,https://www.inaturalist.org/observations/234989895,"© Debra Baker, some rights reserved (CC-BY)",63b05a93799c31e86ff23f4c12c43c6f714987b33cc1732b73c204f750a66802
Bodianus axillaris,569365147,https://inaturalist-open-data.s3.amazonaws.com/photos/569365147/medium.jpg,CC-BY 4.0,Debra Baker,quokka2,2025-09-19,https://www.inaturalist.org/observations/315193736,"© Debra Baker, some rights reserved (CC-BY)",977bff68a1b2ee7c36d6590ee7cf33b436545aec7a653887c7a72f4a0dd627b6
Bodianus axillaris,292884310,https://inaturalist-open-data.s3.amazonaws.com/photos/292884310/medium.jpeg,CC-BY 4.0,Debra Baker,quokka2,2023-06-12,https://www.inaturalist.org/observations/169122622,"© Debra Baker, some rights reserved (CC-BY)",2352b9077c6cc942bd2228ee43fe0a543f7c8d36b9f3f9ba79e9d2c26d57103f
Bodianus axillaris,296668195,https://inaturalist-open-data.s3.amazonaws.com/photos/296668195/medium.jpg,CC-BY 4.0,Storm Martin,storm,2022-07-05,https://www.inaturalist.org/observations/171032586,"© Storm Martin, some rights reserved (CC-BY)",d95f344ee4e80f9b4933a403b9fe9b9fdaca9f60a20e68489e28a5ec15d7e0d8
Bodianus axillaris,8799390,https://inaturalist-open-data.s3.amazonaws.com/photos/8799390/medium.jpg,CC-BY 4.0,Rose Zappa,gonodactylus,2017-06-24,https://www.inaturalist.org/observations/6897161,"© Rose Zappa, some rights reserved (CC-BY)",01d278eb0a93f4a64380def4f1f79909182633bae89abab7395b67cefde026a0
Bodianus axillaris,447937233,https://inaturalist-open-data.s3.amazonaws.com/photos/447937233/medium.png,CC-BY 4.0,Rachel Crane,rachelonthereef,2024-03-16,https://www.inaturalist.org/observations/250457706,"© Rachel Crane, some rights reserved (CC-BY)",3216b3c8fb336b5aac66dd820b412fbb11755803e5ca500bca4ea89eee8b62d4
Bodianus axillaris,453667764,https://inaturalist-open-data.s3.amazonaws.com/photos/453667764/medium.jpeg,CC-BY 4.0,Michael Bakker Paiva,michaelbakkerpaiva,2024-11-13,https://www.inaturalist.org/observations/253376777,"© Michael Bakker Paiva, some rights reserved (CC-BY)",4e1cbd52fea0f0a1a8077342395764b059f81d2098d62c99edee7110f416e5ad
Bodianus axillaris,223423542,https://inaturalist-open-data.s3.amazonaws.com/photos/223423542/medium.jpg,CC-BY 4.0,Debra Baker,quokka2,2022-08-08,https://www.inaturalist.org/observations/131305231,"© Debra Baker, some rights reserved (CC-BY)",7820843611d4c02b346902cdf1499bf3909717a398de950642b2558d06170170
Bodianus axillaris,604384227,https://inaturalist-open-data.s3.amazonaws.com/photos/604384227/medium.jpg,CC-BY 4.0,Debra Baker,quokka2,2025-12-28,https://www.inaturalist.org/observations/332964377,"© Debra Baker, some rights reserved (CC-BY)",9d6b4fff9f826b71ca30ced93bf13e7ec4181e9746365f123dd2b7787cec7c2a
Bodianus axillaris,246114302,https://inaturalist-open-data.s3.amazonaws.com/photos/246114302/medium.jpeg,CC-BY 4.0,Michael Bakker Paiva,michaelbakkerpaiva,2022-11-22,https://www.inaturalist.org/observations/143503385,"© Michael Bakker Paiva, some rights reserved (CC-BY)",906c964ef91e8a3d461fcae79108a7123b0ac39ef42c564c6df0ff7512f276b4
Bodianus axillaris,32213016,https://inaturalist-open-data.s3.amazonaws.com/photos/32213016/medium.jpeg,CC-BY 4.0,Roger Rittmaster,rogerritt,1981-05-10,https://www.inaturalist.org/observations/20877932,"© Roger Rittmaster, some rights reserved (CC-BY)",09e28512e15de41830750b2ce1e49ebe110314704d16042a741a510602bf5d1a
Bodianus axillaris,538896588,https://inaturalist-open-data.s3.amazonaws.com/photos/538896588/medium.jpg,CC-BY 4.0,Debra Baker,quokka2,2025-07-17,https://www.inaturalist.org/observations/299135087,"© Debra Baker, some rights reserved (CC-BY)",d056785e606559de8b70b579ada47ee826e05c6b0b1b0933f877d5038d708c0f
Bodianus axillaris,300657793,https://inaturalist-open-data.s3.amazonaws.com/photos/300657793/medium.jpg,CC-BY 4.0,Debra Baker,quokka2,2023-07-07,https://www.inaturalist.org/observations/173151341,"© Debra Baker, some rights reserved (CC-BY)",7e950edd4e81ef1cd1cd6dafa5b17607f8bee7428e14c52828c4538aceea2ea9
Bodianus axillaris,250970915,https://inaturalist-open-data.s3.amazonaws.com/photos/250970915/medium.jpeg,CC-BY 4.0,Jan Ebr &amp; Ivana Ebrová,opisska,2022-12-29,https://www.inaturalist.org/observations/146031612,"© Jan Ebr &amp; Ivana Ebrová, some rights reserved (CC-BY)",30d3d1a11aee5d3e99cae722ea4c328ecdb10bd56b06900b0b2cd34a2ce755ad
Bodianus axillaris,212399341,https://inaturalist-open-data.s3.amazonaws.com/photos/212399341/medium.jpeg,CC-BY 4.0,Debra Baker,quokka2,2022-07-02,https://www.inaturalist.org/observations/125260499,"© Debra Baker, some rights reserved (CC-BY)",205d87c291d7de3b1defc54d8d38d7d510a180e91f22dfd95ca6aca89549bbc4
Bodianus axillaris,463661868,https://inaturalist-open-data.s3.amazonaws.com/photos/463661868/medium.jpeg,CC-BY 4.0,Zara,zara_n,2024-09-24,https://www.inaturalist.org/observations/258443710,"© Zara, some rights reserved (CC-BY)",828a877298f4810e492176140374f15d60fbd1fa0fdf73133976d1e381bf9ae9
Bodianus axillaris,340746056,https://inaturalist-open-data.s3.amazonaws.com/photos/340746056/medium.jpg,CC-BY 4.0,Debra Baker,quokka2,2023-12-12,https://www.inaturalist.org/observations/193928430,"© Debra Baker, some rights reserved (CC-BY)",06ee9c961c9fb0c137127d223d5e841378eb8760bb32ab3f4ccbd97b4a44bede
Bodianus axillaris,426284446,https://inaturalist-open-data.s3.amazonaws.com/photos/426284446/medium.jpeg,CC-BY 4.0,許慶棠Ray,ray378,2024-09-02,https://www.inaturalist.org/observations/239355335,"© 許慶棠Ray, some rights reserved (CC-BY)",0822fd607388d3dc0429a260b3ade459c9d811930a21dd13ffa7bf7c41fd9715
Bodianus axillaris,426284467,https://inaturalist-open-data.s3.amazonaws.com/photos/426284467/medium.jpeg,CC-BY 4.0,許慶棠Ray,ray378,2024-09-02,https://www.inaturalist.org/observations/239355335,"© 許慶棠Ray, some rights reserved (CC-BY)",6f62b71b77f66b69ed3c2f5af90bc2a52fe892dcc62e5254f3358507d848b521
Bodianus axillaris,329121842,https://inaturalist-open-data.s3.amazonaws.com/photos/329121842/medium.jpeg,CC-BY 4.0,Debra Baker,quokka2,2021-08-06,https://www.inaturalist.org/observations/188107769,"© Debra Baker, some rights reserved (CC-BY)",9c81430471952de6377afc0cb3f3f9dea0b363979e68c2e4323b0079211e326c
Bodianus axillaris,341706347,https://inaturalist-open-data.s3.amazonaws.com/photos/341706347/medium.jpg,CC-BY 4.0,Debra Baker,quokka2,2023-12-15,https://www.inaturalist.org/observations/194401170,"© Debra Baker, some rights reserved (CC-BY)",e26391e44184df22723f31ea39f8c02b977a5e2500e33ec598e8b2721091e199
Bodianus axillaris,296668560,https://inaturalist-open-data.s3.amazonaws.com/photos/296668560/medium.jpg,CC-BY 4.0,Storm Martin,storm,2022-07-05,https://www.inaturalist.org/observations/171032633,"© Storm Martin, some rights reserved (CC-BY)",79415d2fc7212cbd2314d70614a3581b658f252f3154c1b5bfcf1c286e2495b3
Novaculichthys taeniourus,204786257,https://inaturalist-open-data.s3.amazonaws.com/photos/204786257/medium.jpg,CC-BY 4.0,Don Loarie,dloarie,2022-05-28,https://www.inaturalist.org/observations/121041343,"© Don Loarie, some rights reserved (CC-BY)",db19ce34b050842ef8cd3b4a46d1e007e2885d756d1b406951f306c0d15fbf22
Novaculichthys taeniourus,622415164,https://inaturalist-open-data.s3.amazonaws.com/photos/622415164/medium.jpg,CC-BY 4.0,PampaSorro,pampasorro,2026-03-07,https://www.inaturalist.org/observations/341851823,"© PampaSorro, some rights reserved (CC-BY)",7cd1b4413adce83bd01bb06e2de08db36a6bd4ce56850b510b0e8e085a2808c5
Novaculichthys taeniourus,471627938,https://inaturalist-open-data.s3.amazonaws.com/photos/471627938/medium.jpeg,CC-BY 4.0,CaracalShan,caracalshan,2024-02-24,https://www.inaturalist.org/observations/262597681,"© CaracalShan, some rights reserved (CC-BY)",7119bb6edc7086e4b0e2f2a3c0192e5b8c0d7af53c06d4cd0be9faabc7c279a2
Novaculichthys taeniourus,346363507,https://inaturalist-open-data.s3.amazonaws.com/photos/346363507/medium.jpeg,CC-BY 4.0,keesgroenendijk,keesgroenendijk,2024-01-03,https://www.inaturalist.org/observations/196756167,"© keesgroenendijk, some rights reserved (CC-BY)",a79b44b1107280ee3e02a19c051ce13fe5d4c664188612a6a6bc4cc4154e36e3
Novaculichthys taeniourus,487310897,https://inaturalist-open-data.s3.amazonaws.com/photos/487310897/medium.jpeg,CC-BY 4.0,keesgroenendijk,keesgroenendijk,2025-03-16,https://www.inaturalist.org/observations/270941008,"© keesgroenendijk, some rights reserved (CC-BY)",76dddf02b827f333ba32d5bd32a83adf47fbc06cfd2458559f186f8569e9a565
Novaculichthys taeniourus,353495614,https://inaturalist-open-data.s3.amazonaws.com/photos/353495614/medium.jpg,CC-BY 4.0,Debra Baker,quokka2,2024-02-01,https://www.inaturalist.org/observations/200368184,"© Debra Baker, some rights reserved (CC-BY)",ebd1e934371f04ed6b83c371ca09caa60882b9e157d2d05d0eeb9f2e7ef4d2ac
Novaculichthys taeniourus,352992099,https://inaturalist-open-data.s3.amazonaws.com/photos/352992099/medium.jpg,CC-BY 4.0,cello caruso-turiello,celllo,2024-02-21,https://www.inaturalist.org/observations/200109608,"© cello caruso-turiello, some rights reserved (CC-BY)",5ed63e8b80b80e9fdb26a33dbafa377a8f9c958fcad0c75d0266f48e53d3af2d
Novaculichthys taeniourus,644693366,https://inaturalist-open-data.s3.amazonaws.com/photos/644693366/medium.jpg,CC-BY 4.0,Ben Costamagna,bencostamagna,2026-04-22,https://www.inaturalist.org/observations/353311179,"© Ben Costamagna, some rights reserved (CC-BY)",50aa100cae97abe7920e66d7403d6bf2d69ec59042bb2d375a5eceef37f722c7
Novaculichthys taeniourus,644693503,https://inaturalist-open-data.s3.amazonaws.com/photos/644693503/medium.jpg,CC-BY 4.0,Ben Costamagna,bencostamagna,2026-04-22,https://www.inaturalist.org/observations/353311179,"© Ben Costamagna, some rights reserved (CC-BY)",add1def38d2577762dd493918793bbad07af3a28243e12b39ee1856e44f3e780
Novaculichthys taeniourus,605714622,https://inaturalist-open-data.s3.amazonaws.com/photos/605714622/medium.jpg,CC-BY 4.0,keesgroenendijk,keesgroenendijk,2025-12-27,https://www.inaturalist.org/observations/333643929,"© keesgroenendijk, some rights reserved (CC-BY)",6dbb22f6f1d60112200b08170cdee38aedeb4d8fd4e19caa80e1e0cc078b97cf
Novaculichthys taeniourus,605721517,https://inaturalist-open-data.s3.amazonaws.com/photos/605721517/medium.jpg,CC-BY 4.0,keesgroenendijk,keesgroenendijk,2025-12-28,https://www.inaturalist.org/observations/333648673,"© keesgroenendijk, some rights reserved (CC-BY)",295e591df7a773fa8eaf022cb9456f1f4a262ed78b2df2e2e2ae1bdd6ca86d2d
Novaculichthys taeniourus,62114802,https://inaturalist-open-data.s3.amazonaws.com/photos/62114802/medium.jpg,CC-BY 4.0,keesgroenendijk,keesgroenendijk,2019-12-18,https://www.inaturalist.org/observations/39174612,"© keesgroenendijk, some rights reserved (CC-BY)",c57724eba1eb5b7f9f5606d42e1c78df51def14d81f37735768321ac9d8a90d6
Novaculichthys taeniourus,180452690,https://inaturalist-open-data.s3.amazonaws.com/photos/180452690/medium.jpeg,CC-BY 4.0,John Hepburn,john_hepburn,2022-02-03,https://www.inaturalist.org/observations/107307483,"© John Hepburn, some rights reserved (CC-BY)",c73cd0df90c8ee4f6bcebee097a77b36a2f587cba7696755fa3128e1e1f826cc
Novaculichthys taeniourus,263836238,https://inaturalist-open-data.s3.amazonaws.com/photos/263836238/medium.jpeg,CC-BY 4.0,norcalmc,norcalmc,2021-07-24,https://www.inaturalist.org/observations/152807365,"© norcalmc, some rights reserved (CC-BY)",fe802dc620fb590d80413e477b70db90167c53f113b710ce4350bbe5b6e8ed78
Novaculichthys taeniourus,263836234,https://inaturalist-open-data.s3.amazonaws.com/photos/263836234/medium.jpeg,CC-BY 4.0,norcalmc,norcalmc,2021-07-24,https://www.inaturalist.org/observations/152807365,"© norcalmc, some rights reserved (CC-BY)",f9117d205d3c7c88096a81adeac0a5980684f8d8495a373cfe0945a0c3c1fad3
Novaculichthys taeniourus,263836223,https://inaturalist-open-data.s3.amazonaws.com/photos/263836223/medium.jpeg,CC-BY 4.0,norcalmc,norcalmc,2021-07-24,https://www.inaturalist.org/observations/152807365,"© norcalmc, some rights reserved (CC-BY)",17ace326497a2492f45c2ab781653065a1f496f0230e84c1f0475bf78648c59f
Novaculichthys taeniourus,263836222,https://inaturalist-open-data.s3.amazonaws.com/photos/263836222/medium.jpeg,CC-BY 4.0,norcalmc,norcalmc,2021-07-24,https://www.inaturalist.org/observations/152807365,"© norcalmc, some rights reserved (CC-BY)",e4cad97f05d0e1c4ab91cdd6295c72bacf52c65389aff3b9f3ef05fb586e2e1d
Novaculichthys taeniourus,263836239,https://inaturalist-open-data.s3.amazonaws.com/photos/263836239/medium.jpeg,CC-BY 4.0,norcalmc,norcalmc,2021-07-24,https://www.inaturalist.org/observations/152807365,"© norcalmc, some rights reserved (CC-BY)",6d2586322799a8795472ef08bb3dd855c8626d772c1928ab6f0042460ddc152a
Novaculichthys taeniourus,263836243,https://inaturalist-open-data.s3.amazonaws.com/photos/263836243/medium.jpeg,CC-BY 4.0,norcalmc,norcalmc,2021-07-24,https://www.inaturalist.org/observations/152807365,"© norcalmc, some rights reserved (CC-BY)",a8b59fdba0c735b2d1e267f950898e90568038c32f56835f39162e84399ca7f3
Novaculichthys taeniourus,263836247,https://inaturalist-open-data.s3.amazonaws.com/photos/263836247/medium.jpeg,CC-BY 4.0,norcalmc,norcalmc,2021-07-24,https://www.inaturalist.org/observations/152807365,"© norcalmc, some rights reserved (CC-BY)",82453e3573a5294d699324d4af4880ad843d40850f3359c77c835af60d9e7bb3
Novaculichthys taeniourus,263836252,https://inaturalist-open-data.s3.amazonaws.com/photos/263836252/medium.jpeg,CC-BY 4.0,norcalmc,norcalmc,2021-07-24,https://www.inaturalist.org/observations/152807365,"© norcalmc, some rights reserved (CC-BY)",fd80cbbddfce2356d4384a9900121b0b0eb186aa2d0bed23b637281d5aab1632
Novaculichthys taeniourus,403419458,https://inaturalist-open-data.s3.amazonaws.com/photos/403419458/medium.jpg,CC-BY 4.0,Lexi Amico,ajamico,2024-06-23,https://www.inaturalist.org/observations/227409110,"© Lexi Amico, some rights reserved (CC-BY)",faa76e2f91f582dc2d8f7b7678218a0a4cb8c46d528027912193d55fd7bc2ece
Novaculichthys taeniourus,403419432,https://inaturalist-open-data.s3.amazonaws.com/photos/403419432/medium.jpg,CC-BY 4.0,Lexi Amico,ajamico,2024-06-23,https://www.inaturalist.org/observations/227409110,"© Lexi Amico, some rights reserved (CC-BY)",392e1568a4650c43fe4dcdd582bb8eb756a5e070692970045651c78b44053383
Novaculichthys taeniourus,403419495,https://inaturalist-open-data.s3.amazonaws.com/photos/403419495/medium.jpg,CC-BY 4.0,Lexi Amico,ajamico,2024-06-23,https://www.inaturalist.org/observations/227409110,"© Lexi Amico, some rights reserved (CC-BY)",86e0a56d5ad3bd37864e404456e5a8487cfd3ee3c2a07337a9b0e465f609cdb1
Novaculichthys taeniourus,256962230,https://inaturalist-open-data.s3.amazonaws.com/photos/256962230/medium.jpeg,CC-BY 4.0,keesgroenendijk,keesgroenendijk,2022-12-23,https://www.inaturalist.org/observations/149148806,"© keesgroenendijk, some rights reserved (CC-BY)",f295acce5ea3bab61ecab34086bca2c12eb6c460a862646fd1db52cd75bdcc2f
Novaculichthys taeniourus,438372151,https://inaturalist-open-data.s3.amazonaws.com/photos/438372151/medium.jpeg,CC-BY 4.0,Zach Earl,zacharyearl08,2016-05-10,https://www.inaturalist.org/observations/245639721,"© Zach Earl, some rights reserved (CC-BY)",949b5499a09686bafb44ef101e6ebae2f6b15ce9390aa3e5db9635f08f9456fb
Novaculichthys taeniourus,132972691,https://inaturalist-open-data.s3.amazonaws.com/photos/132972691/medium.jpg,CC-BY 4.0,jeyre,jeyre,2021-04-15,https://www.inaturalist.org/observations/81094425,"© jeyre, some rights reserved (CC-BY)",6106e72f4dd98e432c424e9143f426c08e9836005bbc018579c688cc3f811033
Cephalopholis argus,335158096,https://inaturalist-open-data.s3.amazonaws.com/photos/335158096/medium.jpeg,CC-BY 4.0,Gergely Nigg,naturebynigg,2023-11-09,https://www.inaturalist.org/observations/191099454,"© Gergely Nigg, some rights reserved (CC-BY)",9f9032a77a14249cbe854791a42d1d82a03b6dc7aa8de5491f2199c1cec4e2be
Cephalopholis argus,335158127,https://inaturalist-open-data.s3.amazonaws.com/photos/335158127/medium.jpeg,CC-BY 4.0,Gergely Nigg,naturebynigg,2023-11-09,https://www.inaturalist.org/observations/191099454,"© Gergely Nigg, some rights reserved (CC-BY)",2bb45ff4ffe15137cdf47c2872fc159746ff62a82d150b08325c4a16c5f03a09
Cephalopholis argus,185329646,https://inaturalist-open-data.s3.amazonaws.com/photos/185329646/medium.jpg,CC-BY 4.0,Debra Baker,quokka2,2020-10-19,https://www.inaturalist.org/observations/109909192,"© Debra Baker, some rights reserved (CC-BY)",c632e601462af0628ab632ac9a6b81651e2113f1abc9ef4f14479f92f0934e41
Cephalopholis argus,352372953,https://inaturalist-open-data.s3.amazonaws.com/photos/352372953/medium.jpeg,CC-BY 4.0,John Hepburn,john_hepburn,2024-01-29,https://www.inaturalist.org/observations/199779428,"© John Hepburn, some rights reserved (CC-BY)",07133bacdb0b04decb1ddc5cf3ba75109969fe836108cebd8e32ca78031a20c7
Cephalopholis argus,595064897,https://inaturalist-open-data.s3.amazonaws.com/photos/595064897/medium.jpg,CC-BY 4.0,Jacek Pietruszewski,hyacinthus,2025-11-26,https://www.inaturalist.org/observations/328396422,"© Jacek Pietruszewski, some rights reserved (CC-BY)",9028be0dc87915f4a9a4267f6ad9fa65897c7848ce2d97dccb87a338adad6cd8
Cephalopholis argus,596954835,https://inaturalist-open-data.s3.amazonaws.com/photos/596954835/medium.jpg,CC-BY 4.0,Jacek Pietruszewski,hyacinthus,2025-12-02,https://www.inaturalist.org/observations/329334185,"© Jacek Pietruszewski, some rights reserved (CC-BY)",0269c79e3f53ba254a359e17ffd3b648df084beac069cb1ca9a86cb98860f611
Cephalopholis argus,333025915,https://inaturalist-open-data.s3.amazonaws.com/photos/333025915/medium.jpeg,CC-BY 4.0,desertnaturalist,desertnaturalist,2023-10-17,https://www.inaturalist.org/observations/190024835,"© desertnaturalist, some rights reserved (CC-BY)",ad8eb2c67eda522322d845f1e6f93cda21e01188d2f6feb0bb898a7373cbbc28
Cephalopholis argus,333305863,https://inaturalist-open-data.s3.amazonaws.com/photos/333305863/medium.jpg,CC-BY 4.0,Debra Baker,quokka2,2023-11-01,https://www.inaturalist.org/observations/190179284,"© Debra Baker, some rights reserved (CC-BY)",a42d5568fca8ce9d186f68a4c3fe7eb6e26d1b7dc195236a228adbc8089a5b41
Cephalopholis argus,458992910,https://inaturalist-open-data.s3.amazonaws.com/photos/458992910/medium.jpg,CC-BY 4.0,keesgroenendijk,keesgroenendijk,2004-04-17,https://www.inaturalist.org/observations/256054039,"© keesgroenendijk, some rights reserved (CC-BY)",572cdc7bd5cfa649428082d1efaeb58595d66060a6630b8178aa313657b6e9b7
Cephalopholis argus,555517581,https://inaturalist-open-data.s3.amazonaws.com/photos/555517581/medium.jpg,CC-BY 4.0,Bernard DUPONT,berniedup,2025-06-26,https://www.inaturalist.org/observations/307943154,"© Bernard DUPONT, some rights reserved (CC-BY)",2ab512b01407adbca4b58f146173ea7a2237c0d2221762f0cc14eeed2fc27b5c
Cephalopholis argus,615460019,https://inaturalist-open-data.s3.amazonaws.com/photos/615460019/medium.jpg,CC-BY 4.0,Jan Ebr &amp; Ivana Ebrová,opisska,2026-01-26,https://www.inaturalist.org/observations/338430843,"© Jan Ebr &amp; Ivana Ebrová, some rights reserved (CC-BY)",4cf8a17ad0a196909d399e0a2577d975b85269d777fc17a0a6e0a6684cfa4459
Cephalopholis argus,615990405,https://inaturalist-open-data.s3.amazonaws.com/photos/615990405/medium.jpg,CC-BY 4.0,Egor Dyukarev,egor_dyukarev,2026-01-24,https://www.inaturalist.org/observations/338699160,"© Egor Dyukarev, some rights reserved (CC-BY)",c6dbf2c5df3cdbf9fd7ebaa2daf14259414082653d1b56ed20f07fd29af27563
Cephalopholis argus,615990401,https://inaturalist-open-data.s3.amazonaws.com/photos/615990401/medium.jpg,CC-BY 4.0,Egor Dyukarev,egor_dyukarev,2026-01-24,https://www.inaturalist.org/observations/338699160,"© Egor Dyukarev, some rights reserved (CC-BY)",2f19f87840ff62bd98bdc5732f3d1f7808b5653849cfa4350558aa0e294a1cdb
Cephalopholis argus,615990404,https://inaturalist-open-data.s3.amazonaws.com/photos/615990404/medium.jpg,CC-BY 4.0,Egor Dyukarev,egor_dyukarev,2026-01-24,https://www.inaturalist.org/observations/338699160,"© Egor Dyukarev, some rights reserved (CC-BY)",d67b32dcd0e2d964d9e47801ccd94faf59b159676a7cbe234b921d61404db1ef
Cephalopholis argus,615990406,https://inaturalist-open-data.s3.amazonaws.com/photos/615990406/medium.jpg,CC-BY 4.0,Egor Dyukarev,egor_dyukarev,2026-01-24,https://www.inaturalist.org/observations/338699160,"© Egor Dyukarev, some rights reserved (CC-BY)",221076fce72618abdaed18f33046ba83c689c1ef28303dd67f53d48f8dacbd31
Cephalopholis argus,615990397,https://inaturalist-open-data.s3.amazonaws.com/photos/615990397/medium.jpg,CC-BY 4.0,Egor Dyukarev,egor_dyukarev,2026-01-24,https://www.inaturalist.org/observations/338699160,"© Egor Dyukarev, some rights reserved (CC-BY)",da205ca81e8090458b202fb7f15f1ce309f376a1ac6966d826d5583f9a45d703
Cephalopholis argus,701379478,https://inaturalist-open-data.s3.amazonaws.com/photos/701379478/medium.jpg,CC-BY 4.0,Jan Ebr &amp; Ivana Ebrová,opisska,2026-07-04,https://www.inaturalist.org/observations/383221976,"© Jan Ebr &amp; Ivana Ebrová, some rights reserved (CC-BY)",2c043907ad2fcae5eb1a687a38351556de329846d47ff1403cbd4adb8cdd7c88
Cephalopholis argus,106408477,https://inaturalist-open-data.s3.amazonaws.com/photos/106408477/medium.jpg,CC-BY 4.0,ajott,ajott,2020-10-26,https://www.inaturalist.org/observations/66056394,"© ajott, some rights reserved (CC-BY)",0ee708f05202fb8624498a265ebd7e725e876702a230612a2b2f95131f168b44
Cephalopholis argus,106408469,https://inaturalist-open-data.s3.amazonaws.com/photos/106408469/medium.jpg,CC-BY 4.0,ajott,ajott,2020-10-26,https://www.inaturalist.org/observations/66056394,"© ajott, some rights reserved (CC-BY)",2a4c3d3e4ef61670d89e3ef4d7c5409dc319da5b7f0dbc95395dbbfe54c9a134
Cephalopholis argus,246255102,https://inaturalist-open-data.s3.amazonaws.com/photos/246255102/medium.jpeg,CC-BY 4.0,Michael Bakker Paiva,michaelbakkerpaiva,2022-11-23,https://www.inaturalist.org/observations/143582171,"© Michael Bakker Paiva, some rights reserved (CC-BY)",792b752a88bd5d7a19c5fb684adae8829edefa446d8593124b3b1861fab71632
Cephalopholis miniata,603774355,https://inaturalist-open-data.s3.amazonaws.com/photos/603774355/medium.jpg,CC-BY 4.0,Ben Costamagna,bencostamagna,2025-12-26,https://www.inaturalist.org/observations/332664308,"© Ben Costamagna, some rights reserved (CC-BY)",1d1e1acedb7c70c4aa62db10d5deb5a02993ed3d917ebf86e5b57bd1d36db9bf
Cephalopholis miniata,615041693,https://inaturalist-open-data.s3.amazonaws.com/photos/615041693/medium.jpg,CC-BY 4.0,Jan Ebr &amp; Ivana Ebrová,opisska,2026-01-26,https://www.inaturalist.org/observations/338232235,"© Jan Ebr &amp; Ivana Ebrová, some rights reserved (CC-BY)",e7e278cf9e257dbf659284ad28f83182fc9e13ae89e65061e3bf9c87495360ab
Cephalopholis miniata,81558829,https://inaturalist-open-data.s3.amazonaws.com/photos/81558829/medium.jpeg,CC-BY 4.0,呂一起(Lyu yi-chi),pchi45,2020-06-26,https://www.inaturalist.org/observations/51339159,"© 呂一起(Lyu yi-chi), some rights reserved (CC-BY)",17be06472dfe7b5365595aee84fe1770ba65036fb95f64d236fdc6aacb54db14
Cephalopholis miniata,557200395,https://inaturalist-open-data.s3.amazonaws.com/photos/557200395/medium.jpg,CC-BY 4.0,Bernard DUPONT,berniedup,2025-06-17,https://www.inaturalist.org/observations/308822402,"© Bernard DUPONT, some rights reserved (CC-BY)",c382170e1b921ff40580297ca9bee685dbae84aaefe2b9c4e8bfdc55db8763cf
Cephalopholis miniata,602131118,https://inaturalist-open-data.s3.amazonaws.com/photos/602131118/medium.jpg,CC-BY 4.0,Borja Fierro,borjitaaa,2025-09-10,https://www.inaturalist.org/observations/331864531,"© Borja Fierro, some rights reserved (CC-BY)",12cdf06f47138ba260dac87df4c91c44859cdef9440f532e9dbce4f016d2fb76
Cephalopholis miniata,121483144,https://inaturalist-open-data.s3.amazonaws.com/photos/121483144/medium.jpeg,CC-BY 4.0,Dan Schofield,djscho,2021-04-02,https://www.inaturalist.org/observations/74337690,"© Dan Schofield, some rights reserved (CC-BY)",9a378d6ba9c0b40de3f4f9adfc22e5daa8a4b864d2412f7b6bb762ecb1a1ac7a
Cephalopholis miniata,460924239,https://inaturalist-open-data.s3.amazonaws.com/photos/460924239/medium.jpg,CC-BY 4.0,Debra Baker,quokka2,2024-08-04,https://www.inaturalist.org/observations/256998707,"© Debra Baker, some rights reserved (CC-BY)",d57b621ebfd0431bd1349720c49c01745f0e0e68cb13131489b3f23415bbc31e
Cephalopholis miniata,605007010,https://inaturalist-open-data.s3.amazonaws.com/photos/605007010/medium.jpg,CC-BY 4.0,Debra Baker,quokka2,2025-12-29,https://www.inaturalist.org/observations/333269309,"© Debra Baker, some rights reserved (CC-BY)",be11124a6602f42b46e81a8d9c957aa5887f33ec7e20b3592721cddc204e8de9
Cephalopholis miniata,207296281,https://inaturalist-open-data.s3.amazonaws.com/photos/207296281/medium.jpeg,CC-BY 4.0,Debra Baker,quokka2,2022-06-10,https://www.inaturalist.org/observations/122436061,"© Debra Baker, some rights reserved (CC-BY)",94948669aa11329017607e62198c2df114bf32240a7287d306518d42f54227c3
Cephalopholis miniata,282339197,https://inaturalist-open-data.s3.amazonaws.com/photos/282339197/medium.jpeg,CC-BY 4.0,desertnaturalist,desertnaturalist,2023-05-22,https://www.inaturalist.org/observations/163249316,"© desertnaturalist, some rights reserved (CC-BY)",82be6da9cfe71584bd1c812c35d16b2e8bdcacc33e83e1da4b365f7a85108288
Cephalopholis miniata,455357414,https://inaturalist-open-data.s3.amazonaws.com/photos/455357414/medium.jpeg,CC-BY 4.0,Michael Bakker Paiva,michaelbakkerpaiva,2024-11-20,https://www.inaturalist.org/observations/254245364,"© Michael Bakker Paiva, some rights reserved (CC-BY)",348401eb4e79320a3f975e0c867e2c4638310528c7c1b67d765a61eab612be2d
Cephalopholis miniata,270167862,https://inaturalist-open-data.s3.amazonaws.com/photos/270167862/medium.jpg,CC-BY 4.0,Rohan Arthur,rohanarthur,2023-04-21,https://www.inaturalist.org/observations/156252442,"© Rohan Arthur, some rights reserved (CC-BY)",8c5aaff96a46ad9b1245f5afeb95104475516f8e80486650f145dfd33cd7e746
Cephalopholis miniata,43094865,https://inaturalist-open-data.s3.amazonaws.com/photos/43094865/medium.jpg,CC-BY 4.0,desertnaturalist,desertnaturalist,2019-06-16,https://www.inaturalist.org/observations/27681352,"© desertnaturalist, some rights reserved (CC-BY)",52e1835123e88fbaca05cd1c9538e025029eed07b5e143e4d1176af0f30b7ddb
Cephalopholis miniata,568876388,https://inaturalist-open-data.s3.amazonaws.com/photos/568876388/medium.jpg,CC-BY 4.0,Borja Fierro,borjitaaa,2025-09-10,https://www.inaturalist.org/observations/314936024,"© Borja Fierro, some rights reserved (CC-BY)",8e4e6b9d3b16783dd3a11b336bcf0396185014c2d90ff17c5e2d4ce37e227f9a
Cephalopholis miniata,568876419,https://inaturalist-open-data.s3.amazonaws.com/photos/568876419/medium.jpg,CC-BY 4.0,Borja Fierro,borjitaaa,2025-09-10,https://www.inaturalist.org/observations/314936024,"© Borja Fierro, some rights reserved (CC-BY)",63e778531b84a512afef047f3229e2884a71210164a1bb423c3732b806071e1a
Cephalopholis miniata,615559556,https://inaturalist-open-data.s3.amazonaws.com/photos/615559556/medium.jpg,CC-BY 4.0,Jan Ebr &amp; Ivana Ebrová,opisska,2026-01-27,https://www.inaturalist.org/observations/338479804,"© Jan Ebr &amp; Ivana Ebrová, some rights reserved (CC-BY)",872c87baa01ea13cce496ee3d56d9ed63ec64185ceb3fec6f0f26a19cb2c496d
Cephalopholis miniata,707690515,https://inaturalist-open-data.s3.amazonaws.com/photos/707690515/medium.jpg,CC-BY 4.0,Martin Scheidleder,headlounge,2026-07-30,https://www.inaturalist.org/observations/386511226,"© Martin Scheidleder, some rights reserved (CC-BY)",0adebed91df2c62cc04a1d1eb1a8900165e9682a51db05dcaa01d54cf871e427
Cephalopholis miniata,682680372,https://inaturalist-open-data.s3.amazonaws.com/photos/682680372/medium.jpg,CC-BY 4.0,呂一起(Lyu yi-chi),pchi45,2026-06-12,https://www.inaturalist.org/observations/373556779,"© 呂一起(Lyu yi-chi), some rights reserved (CC-BY)",4eebdd08bd7d0a16c69a483ef29b70627cffb8f96e6b666831aababac16ee5e7
Epinephelus merra,510465552,https://inaturalist-open-data.s3.amazonaws.com/photos/510465552/medium.jpg,CC-BY 4.0,Attila Oláh,attilaolah,2025-04-11,https://www.inaturalist.org/observations/284063137,"© Attila Oláh, some rights reserved (CC-BY)",f25d1872bebb8e655d7dbc735998934c1764ff103be8867aaeb14752b65b6d37
Epinephelus merra,328734524,https://inaturalist-open-data.s3.amazonaws.com/photos/328734524/medium.jpg,CC-BY 4.0,Donald Davesne,donalddavesne,2023-08-04,https://www.inaturalist.org/observations/187920700,"© Donald Davesne, some rights reserved (CC-BY)",f27a6f8cf72883b87a8b6e1394a0700c974e0690b3532564e4386a0c844252c0
Epinephelus merra,482464293,https://inaturalist-open-data.s3.amazonaws.com/photos/482464293/medium.jpeg,CC-BY 4.0,Jan Ebr &amp; Ivana Ebrová,opisska,2025-03-15,https://www.inaturalist.org/observations/268427004,"© Jan Ebr &amp; Ivana Ebrová, some rights reserved (CC-BY)",23f188258040aa792dcebf7584de495b127e5907b39b32c348266e87266cefd4
Epinephelus merra,211855110,https://inaturalist-open-data.s3.amazonaws.com/photos/211855110/medium.jpeg,CC-BY 4.0,Debra Baker,quokka2,2022-06-27,https://www.inaturalist.org/observations/124958420,"© Debra Baker, some rights reserved (CC-BY)",03fe257c2b0d1096bfa2c27ea18882fc0af1c4451922724fd9475bc8b442acf9
Epinephelus merra,348830552,https://inaturalist-open-data.s3.amazonaws.com/photos/348830552/medium.jpg,CC-BY 4.0,Egor Dyukarev,egor_dyukarev,2023-03-22,https://www.inaturalist.org/observations/197976590,"© Egor Dyukarev, some rights reserved (CC-BY)",42c2a572f5118b21927930fab5ea0e91fcf2f751d6f8fe90849946259d209be6
Epinephelus merra,348830551,https://inaturalist-open-data.s3.amazonaws.com/photos/348830551/medium.jpg,CC-BY 4.0,Egor Dyukarev,egor_dyukarev,2023-03-22,https://www.inaturalist.org/observations/197976590,"© Egor Dyukarev, some rights reserved (CC-BY)",831b6c35986fedc42b26a3b3f56387e35bfe85eb26e5bf92e31aec250414ce81
Epinephelus merra,348830555,https://inaturalist-open-data.s3.amazonaws.com/photos/348830555/medium.jpg,CC-BY 4.0,Egor Dyukarev,egor_dyukarev,2023-03-22,https://www.inaturalist.org/observations/197976590,"© Egor Dyukarev, some rights reserved (CC-BY)",18d34a95680ed1f89a41d353ad1b6e19ea8ab6b023f130ffad51c26ce89352a9
Epinephelus merra,344747211,https://inaturalist-open-data.s3.amazonaws.com/photos/344747211/medium.jpeg,CC-BY 4.0,Debra Baker,quokka2,2023-12-28,https://www.inaturalist.org/observations/195896982,"© Debra Baker, some rights reserved (CC-BY)",7b1e8d11d8d040d90e86c63af4cf8123406d320f3ea48d76722c84a27a9bc5b8
Epinephelus merra,206451607,https://inaturalist-open-data.s3.amazonaws.com/photos/206451607/medium.png,CC-BY 4.0,Kristof Zyskowski,kristofz,2022-03-29,https://www.inaturalist.org/observations/121967010,"© Kristof Zyskowski, some rights reserved (CC-BY)",76152b0e6787f32418864b89a95a0140ed7a64d9045a40f2430c95cf5f6f8448
Epinephelus merra,206451621,https://inaturalist-open-data.s3.amazonaws.com/photos/206451621/medium.png,CC-BY 4.0,Kristof Zyskowski,kristofz,2022-03-29,https://www.inaturalist.org/observations/121967010,"© Kristof Zyskowski, some rights reserved (CC-BY)",7b7d1f190a6508a155917a60086f7c42b231c37e7c566b9db195eea39c94c2fc
Epinephelus merra,206451662,https://inaturalist-open-data.s3.amazonaws.com/photos/206451662/medium.png,CC-BY 4.0,Kristof Zyskowski,kristofz,2022-03-29,https://www.inaturalist.org/observations/121967010,"© Kristof Zyskowski, some rights reserved (CC-BY)",8b117e5aeed18ec86c5c2e069df83c2868755db26209a8d4677ea79decf64007
Epinephelus merra,206451681,https://inaturalist-open-data.s3.amazonaws.com/photos/206451681/medium.png,CC-BY 4.0,Kristof Zyskowski,kristofz,2022-03-29,https://www.inaturalist.org/observations/121967010,"© Kristof Zyskowski, some rights reserved (CC-BY)",14e9f66966e7200ec6e2a1fda00a803032069f2687565dd0676888091e83d47d
Epinephelus merra,206451687,https://inaturalist-open-data.s3.amazonaws.com/photos/206451687/medium.png,CC-BY 4.0,Kristof Zyskowski,kristofz,2022-03-29,https://www.inaturalist.org/observations/121967010,"© Kristof Zyskowski, some rights reserved (CC-BY)",9b2b0bc28dc3c82c8e4fdd6b7c5aa31766fa733cb502c15a294b257f4fa19999
Epinephelus merra,455057716,https://inaturalist-open-data.s3.amazonaws.com/photos/455057716/medium.jpeg,CC-BY 4.0,Michael Bakker Paiva,michaelbakkerpaiva,2024-11-15,https://www.inaturalist.org/observations/254092735,"© Michael Bakker Paiva, some rights reserved (CC-BY)",50fe72621839b1093f9101e57be756ff44b30be1f2e19b1115beff0dda81fd47
Epinephelus merra,564398783,https://inaturalist-open-data.s3.amazonaws.com/photos/564398783/medium.jpg,CC-BY 4.0,Borja Fierro,borjitaaa,2025-09-08,https://www.inaturalist.org/observations/312589294,"© Borja Fierro, some rights reserved (CC-BY)",4dee6c107f5ea526195adcfd4120b7f90832dc864d24ea52c15fa03361321303
Epinephelus merra,564398823,https://inaturalist-open-data.s3.amazonaws.com/photos/564398823/medium.jpg,CC-BY 4.0,Borja Fierro,borjitaaa,2025-09-08,https://www.inaturalist.org/observations/312589294,"© Borja Fierro, some rights reserved (CC-BY)",7988bf97820fa6f615830baacfdad4fa9698f6a4942297ad7201c9af8850743a
Epinephelus merra,564398874,https://inaturalist-open-data.s3.amazonaws.com/photos/564398874/medium.jpg,CC-BY 4.0,Borja Fierro,borjitaaa,2025-09-08,https://www.inaturalist.org/observations/312589294,"© Borja Fierro, some rights reserved (CC-BY)",8710ce77a0fa1c40afdd637bfb61fb5124bd165b65753b84a72890af82a50cb6
Epinephelus merra,496876521,https://inaturalist-open-data.s3.amazonaws.com/photos/496876521/medium.jpeg,CC-BY 4.0,Attila Oláh,attilaolah,2025-04-13,https://www.inaturalist.org/observations/276708214,"© Attila Oláh, some rights reserved (CC-BY)",30a0ad6346203438909962b16ea03d3282c9c278b03a86e70d66377f04f8039b
Epinephelus merra,496876479,https://inaturalist-open-data.s3.amazonaws.com/photos/496876479/medium.jpeg,CC-BY 4.0,Attila Oláh,attilaolah,2025-04-13,https://www.inaturalist.org/observations/276708214,"© Attila Oláh, some rights reserved (CC-BY)",ec4bb3dcd56c3f1f5c123afcd72fa6d9b996d35da8152ad65ea8da11afcd8e4d
Epinephelus merra,496876495,https://inaturalist-open-data.s3.amazonaws.com/photos/496876495/medium.jpeg,CC-BY 4.0,Attila Oláh,attilaolah,2025-04-13,https://www.inaturalist.org/observations/276708214,"© Attila Oláh, some rights reserved (CC-BY)",4e88772c6b371e89d0230828dec4b5f4c1f0c2da10e01ae8c658f74d7eb1365e
Epinephelus merra,496876558,https://inaturalist-open-data.s3.amazonaws.com/photos/496876558/medium.jpeg,CC-BY 4.0,Attila Oláh,attilaolah,2025-04-13,https://www.inaturalist.org/observations/276708214,"© Attila Oláh, some rights reserved (CC-BY)",9e05a190e21e5432f4985bae32591f0cc639a855b4a364ae9e43fdabdcc14693
Epinephelus merra,496876552,https://inaturalist-open-data.s3.amazonaws.com/photos/496876552/medium.jpeg,CC-BY 4.0,Attila Oláh,attilaolah,2025-04-13,https://www.inaturalist.org/observations/276708214,"© Attila Oláh, some rights reserved (CC-BY)",da537a7b95e6338efd7e338c6fb8c42fe0eea8554612da4e8b2f26b88ce483c5
Epinephelus merra,497079355,https://inaturalist-open-data.s3.amazonaws.com/photos/497079355/medium.jpeg,CC-BY 4.0,Cricket Raspet,chilipossum,2025-04-12,https://www.inaturalist.org/observations/276823083,"© Cricket Raspet, some rights reserved (CC-BY)",0a47312f8ef3b8a71ef5ae34d36a687c467bf66077194dd7c654971d9f536fba
Epinephelus merra,505649624,https://inaturalist-open-data.s3.amazonaws.com/photos/505649624/medium.jpg,CC-BY 4.0,Debra Baker,quokka2,2024-08-17,https://www.inaturalist.org/observations/281487336,"© Debra Baker, some rights reserved (CC-BY)",f06ab0739914ea57351cff1c8a2435d74ddd5650c3bb3e46044dc16f45c44f25
Epinephelus merra,616625028,https://inaturalist-open-data.s3.amazonaws.com/photos/616625028/medium.jpg,CC-BY 4.0,PampaSorro,pampasorro,2026-02-15,https://www.inaturalist.org/observations/339017163,"© PampaSorro, some rights reserved (CC-BY)",225b660feece304a363f284d273096c5dcf0a8e65735e8d008a157278bfd16dc
Epinephelus merra,256710197,https://inaturalist-open-data.s3.amazonaws.com/photos/256710197/medium.jpeg,CC-BY 4.0,Debra Baker,quokka2,2021-07-27,https://www.inaturalist.org/observations/149013639,"© Debra Baker, some rights reserved (CC-BY)",7de99a089147cc509240cbf9606713deabe22340e3dc6aabd67c917a1cc95316
Epinephelus merra,256710625,https://inaturalist-open-data.s3.amazonaws.com/photos/256710625/medium.jpeg,CC-BY 4.0,Debra Baker,quokka2,2021-07-27,https://www.inaturalist.org/observations/149013639,"© Debra Baker, some rights reserved (CC-BY)",eba881ef438ff2daee26b42aa567cc9b23fcd35399f517971ae14d1348cc050e
Epinephelus merra,381193858,https://inaturalist-open-data.s3.amazonaws.com/photos/381193858/medium.jpeg,CC-BY 4.0,Nicola Crockford,nicolacrockford,2024-04-20,https://www.inaturalist.org/observations/215597146,"© Nicola Crockford, some rights reserved (CC-BY)",a8ae9f41186b5e917a58bce7256bc2e87545531a6a1c00b34d6d561c30dfda5b
Epinephelus merra,417830014,https://inaturalist-open-data.s3.amazonaws.com/photos/417830014/medium.jpeg,CC-BY 4.0,Debra Baker,quokka2,2024-07-18,https://www.inaturalist.org/observations/234989938,"© Debra Baker, some rights reserved (CC-BY)",7f13f81f6a69faf85ce9a2b803275a65eae5be9469066c6001cb97e39d675e19
Variola louti,633848041,https://inaturalist-open-data.s3.amazonaws.com/photos/633848041/medium.jpg,CC-BY 4.0,Chris Chucholl,astacoides,2012-11-03,https://www.inaturalist.org/observations/347620465,"© Chris Chucholl, some rights reserved (CC-BY)",2fb034a550f9f6c4e2f2316cf8d4d7b51376dac57fb4f14c5a294533e9c7a206
Variola louti,449866451,https://inaturalist-open-data.s3.amazonaws.com/photos/449866451/medium.jpg,CC-BY 4.0,Ben Costamagna,bencostamagna,2024-10-28,https://www.inaturalist.org/observations/251420861,"© Ben Costamagna, some rights reserved (CC-BY)",81d590e6408a3c04318d8192a03dcabd3826201147ed837704ee96858f6409cc
Variola louti,246255261,https://inaturalist-open-data.s3.amazonaws.com/photos/246255261/medium.jpeg,CC-BY 4.0,Michael Bakker Paiva,michaelbakkerpaiva,2022-11-23,https://www.inaturalist.org/observations/143582184,"© Michael Bakker Paiva, some rights reserved (CC-BY)",5c8c898e104fbb61b6b7659757ea6c40ce621156a66e3d5a4db2253ad87d94d0
Variola louti,246255248,https://inaturalist-open-data.s3.amazonaws.com/photos/246255248/medium.jpeg,CC-BY 4.0,Michael Bakker Paiva,michaelbakkerpaiva,2022-11-23,https://www.inaturalist.org/observations/143582184,"© Michael Bakker Paiva, some rights reserved (CC-BY)",35d1afde7ba1feb24e7ad3edf2552a60759640af23f1790ac4567daf51c668e0
Variola louti,611474870,https://inaturalist-open-data.s3.amazonaws.com/photos/611474870/medium.jpg,CC-BY 4.0,Rui Ribeiro,ruir1963,2025-12-29,https://www.inaturalist.org/observations/336486242,"© Rui Ribeiro, some rights reserved (CC-BY)",e466d375f217ee19d25202f692ab4e04e2ca5c0fedeb1fef16cd32b70f819aef
Variola louti,8798932,https://inaturalist-open-data.s3.amazonaws.com/photos/8798932/medium.jpg,CC-BY 4.0,Rose Zappa,gonodactylus,2017-06-24,https://www.inaturalist.org/observations/6896140,"© Rose Zappa, some rights reserved (CC-BY)",fc15870022e3002c1ad53ba966f1fce4c0771b5cdb0d1db4947071058ac57647
Variola louti,449470519,https://inaturalist-open-data.s3.amazonaws.com/photos/449470519/medium.jpg,CC-BY 4.0,Ben Costamagna,bencostamagna,2024-10-18,https://www.inaturalist.org/observations/251223443,"© Ben Costamagna, some rights reserved (CC-BY)",c453058a1ac1a4238bbcbda88cda19237e4af928b9b6018475e56489483ee1a1
Variola louti,331705260,https://inaturalist-open-data.s3.amazonaws.com/photos/331705260/medium.jpeg,CC-BY 4.0,Edmundas Greimas,grey_moss,2023-10-28,https://www.inaturalist.org/observations/189363872,"© Edmundas Greimas, some rights reserved (CC-BY)",bbc24dbed9cf39d2def330d22e61acc5d8962a95e9ffc800c3803b6a4e5a193a
Variola louti,331705459,https://inaturalist-open-data.s3.amazonaws.com/photos/331705459/medium.jpeg,CC-BY 4.0,Edmundas Greimas,grey_moss,2023-10-28,https://www.inaturalist.org/observations/189363872,"© Edmundas Greimas, some rights reserved (CC-BY)",4156c48005c45db2fcc5d8973b5c3be71506438a0af89eacf9da91befa84cd97
Variola louti,560909034,https://inaturalist-open-data.s3.amazonaws.com/photos/560909034/medium.jpg,CC-BY 4.0,Selim Türeli,selimtureli,2025-08-15,https://www.inaturalist.org/observations/310764450,"© Selim Türeli, some rights reserved (CC-BY)",8750f8db66549d6af90b8924d09eb2bbd232b19c40fd737d28eb3f1b2946103f
Variola louti,560909075,https://inaturalist-open-data.s3.amazonaws.com/photos/560909075/medium.jpg,CC-BY 4.0,Selim Türeli,selimtureli,2025-08-15,https://www.inaturalist.org/observations/310764450,"© Selim Türeli, some rights reserved (CC-BY)",4f44dbcea085b2de77b473e2ba5741efda44f1aabf8fde8060775c1fbd3df663
Variola louti,560909095,https://inaturalist-open-data.s3.amazonaws.com/photos/560909095/medium.jpg,CC-BY 4.0,Selim Türeli,selimtureli,2025-08-15,https://www.inaturalist.org/observations/310764450,"© Selim Türeli, some rights reserved (CC-BY)",309abbea90eacb714426f7db2f017fc1ae4631387a5c0fd9095dc341f7f7db58
Variola louti,560909114,https://inaturalist-open-data.s3.amazonaws.com/photos/560909114/medium.jpg,CC-BY 4.0,Selim Türeli,selimtureli,2025-08-15,https://www.inaturalist.org/observations/310764450,"© Selim Türeli, some rights reserved (CC-BY)",09d9c74f744ac18ebc15047b1ea99827bcdae3bed89853bc784ca7160943019a
Variola louti,103432413,https://inaturalist-open-data.s3.amazonaws.com/photos/103432413/medium.jpg,CC-BY 4.0,ajott,ajott,2020-10-26,https://www.inaturalist.org/observations/64344811,"© ajott, some rights reserved (CC-BY)",6b4137cb4b40fa8519096a2ee32c33ddbde9dfa1ae313e498d42a43389078b94
Variola louti,3023054,https://inaturalist-open-data.s3.amazonaws.com/photos/3023054/medium.JPG,CC-BY 4.0,Julien Renoult,jujurenoult,2015-04-28,https://www.inaturalist.org/observations/2688413,"© Julien Renoult, some rights reserved (CC-BY)",811351fd65374c4ab84ed92930266a0be6818d4c0cf3d30862cda39d66fac366
Variola louti,33333850,https://inaturalist-open-data.s3.amazonaws.com/photos/33333850/medium.jpeg,CC-BY 4.0,Roger Rittmaster,rogerritt,1981-05-10,https://www.inaturalist.org/observations/21539118,"© Roger Rittmaster, some rights reserved (CC-BY)",9f9de737f3a93d1e502fa2b6a0afb39cb9bb9df56323a77a74683f9597db7452
Variola louti,590796367,https://inaturalist-open-data.s3.amazonaws.com/photos/590796367/medium.jpg,CC-BY 4.0,R Vasconcellos,rvasconcellos,2025-11-12,https://www.inaturalist.org/observations/326226270,"© R Vasconcellos, some rights reserved (CC-BY)",7d954d3c00ae1fcd30c12753c34b714114068a8103e852b5bdaab20cd3ebea3e
Variola louti,257687390,https://inaturalist-open-data.s3.amazonaws.com/photos/257687390/medium.jpeg,CC-BY 4.0,shahar chaikin,shaharchaikin,2020-10-15,https://www.inaturalist.org/observations/149533211,"© shahar chaikin, some rights reserved (CC-BY)",5c9d45e146cf60c31e56240f661aa988fe7d47273d85f16bac7882e917638f96
Variola louti,589547749,https://inaturalist-open-data.s3.amazonaws.com/photos/589547749/medium.jpg,CC-BY 4.0,Debra Baker,quokka2,2025-11-07,https://www.inaturalist.org/observations/325602829,"© Debra Baker, some rights reserved (CC-BY)",bb4c24ea408121004d0bef292caef65c8baa9e6c85c4fd9b9cb0b88cc0553075
Variola louti,589547758,https://inaturalist-open-data.s3.amazonaws.com/photos/589547758/medium.jpg,CC-BY 4.0,Debra Baker,quokka2,2025-11-07,https://www.inaturalist.org/observations/325602829,"© Debra Baker, some rights reserved (CC-BY)",8a70958d6af8ae417024ab24fe49e1f0cddd477898ac8c7aae8d8fa36553057b
Variola louti,596495857,https://inaturalist-open-data.s3.amazonaws.com/photos/596495857/medium.jpg,CC-BY 4.0,Jacek Pietruszewski,hyacinthus,2025-12-01,https://www.inaturalist.org/observations/329104955,"© Jacek Pietruszewski, some rights reserved (CC-BY)",aa8cbb7211a2c852d1bd4702fa1b57944f8db1c03ccba7b5532dfdf28e4155e0
Variola louti,615556724,https://inaturalist-open-data.s3.amazonaws.com/photos/615556724/medium.jpg,CC-BY 4.0,Jan Ebr &amp; Ivana Ebrová,opisska,2026-01-27,https://www.inaturalist.org/observations/338478667,"© Jan Ebr &amp; Ivana Ebrová, some rights reserved (CC-BY)",09a3830876ee4fc5e11779fdeb527ef412f109e925586a3c0dfb590593ffccc2
Variola louti,615556726,https://inaturalist-open-data.s3.amazonaws.com/photos/615556726/medium.jpg,CC-BY 4.0,Jan Ebr &amp; Ivana Ebrová,opisska,2026-01-27,https://www.inaturalist.org/observations/338478667,"© Jan Ebr &amp; Ivana Ebrová, some rights reserved (CC-BY)",
Chlorurus sordidus,536565318,https://inaturalist-open-data.s3.amazonaws.com/photos/536565318/medium.jpg,CC-BY 4.0,Selim Türeli,selimtureli,2025-07-14,https://www.inaturalist.org/observations/297911793,"© Selim Türeli, some rights reserved (CC-BY)",678a9b24f229cfec163563c7fecbdb2dde3df2678aa5aa0a349b6750d7a75f74
Chlorurus sordidus,536565374,https://inaturalist-open-data.s3.amazonaws.com/photos/536565374/medium.jpg,CC-BY 4.0,Selim Türeli,selimtureli,2025-07-14,https://www.inaturalist.org/observations/297911793,"© Selim Türeli, some rights reserved (CC-BY)",8e61dc73d41aa1710a40a5fab5899c9d7d7e8101ece387612fb4cda5ae3ca192
Chlorurus sordidus,245342454,https://inaturalist-open-data.s3.amazonaws.com/photos/245342454/medium.jpg,CC-BY 4.0,Juraj Ahel,xeniorn,2022-11-26,https://www.inaturalist.org/observations/143089491,"© Juraj Ahel, some rights reserved (CC-BY)",0e8ba51f11621e793450304c47586e897d1a565ae94669ea3e807d203743442b
Chlorurus sordidus,245342534,https://inaturalist-open-data.s3.amazonaws.com/photos/245342534/medium.jpg,CC-BY 4.0,Juraj Ahel,xeniorn,2022-11-26,https://www.inaturalist.org/observations/143089491,"© Juraj Ahel, some rights reserved (CC-BY)",a6aac7fc40862e15ebb18180322e0515f4d17812967dc9f04ff98d2cac62e711
Chlorurus sordidus,158409247,https://inaturalist-open-data.s3.amazonaws.com/photos/158409247/medium.jpeg,CC-BY 4.0,Michal Honskus,jolinarm,2021-09-18,https://www.inaturalist.org/observations/95420540,"© Michal Honskus, some rights reserved (CC-BY)",80877315a6ddf4e627b31306779db3cdf95a988f9157d165f0ec0bbe04c5be6d
Chlorurus sordidus,158409328,https://inaturalist-open-data.s3.amazonaws.com/photos/158409328/medium.jpeg,CC-BY 4.0,Michal Honskus,jolinarm,2021-09-18,https://www.inaturalist.org/observations/95420540,"© Michal Honskus, some rights reserved (CC-BY)",ec1b5d9ee5ca58d6ec32d2db186939477282ae7283695c4f61c7f26150c3a6ec
Chlorurus sordidus,158409414,https://inaturalist-open-data.s3.amazonaws.com/photos/158409414/medium.jpeg,CC-BY 4.0,Michal Honskus,jolinarm,2021-09-18,https://www.inaturalist.org/observations/95420540,"© Michal Honskus, some rights reserved (CC-BY)",0eb6ffd9565e7f7533db029350ea96940d6c242082fcf1b2b9165d7540b51b65
Chlorurus sordidus,158409533,https://inaturalist-open-data.s3.amazonaws.com/photos/158409533/medium.jpeg,CC-BY 4.0,Michal Honskus,jolinarm,2021-09-18,https://www.inaturalist.org/observations/95420540,"© Michal Honskus, some rights reserved (CC-BY)",a73e6481f75e77203bf0057401e3b1208ac991b79015d0a853d8e6bd806fb2da
Chlorurus sordidus,158409710,https://inaturalist-open-data.s3.amazonaws.com/photos/158409710/medium.jpeg,CC-BY 4.0,Michal Honskus,jolinarm,2021-09-18,https://www.inaturalist.org/observations/95420540,"© Michal Honskus, some rights reserved (CC-BY)",f1010275f5e5cadda6e1f403d8b7e32000a6ba9be6db4d320818cde08f0a0d5b
Chlorurus sordidus,158409875,https://inaturalist-open-data.s3.amazonaws.com/photos/158409875/medium.jpeg,CC-BY 4.0,Michal Honskus,jolinarm,2021-09-18,https://www.inaturalist.org/observations/95420540,"© Michal Honskus, some rights reserved (CC-BY)",bbdbd1eca9dbcc0f1fb4d490d5809279b51a68ddbf2949ceb09505665bb6f6d7
Chlorurus sordidus,158409951,https://inaturalist-open-data.s3.amazonaws.com/photos/158409951/medium.jpeg,CC-BY 4.0,Michal Honskus,jolinarm,2021-09-18,https://www.inaturalist.org/observations/95420540,"© Michal Honskus, some rights reserved (CC-BY)",5665709f123c09b97f8fe7c9c7139a9f5d5fbfa2a55f67411e9417b89c1f47c5
Chlorurus sordidus,158410057,https://inaturalist-open-data.s3.amazonaws.com/photos/158410057/medium.jpeg,CC-BY 4.0,Michal Honskus,jolinarm,2021-09-18,https://www.inaturalist.org/observations/95420540,"© Michal Honskus, some rights reserved (CC-BY)",e51b63db2608de2c382f8f4da279dba9aea727a9422a9381de72805f4441bd41
Chlorurus sordidus,158410130,https://inaturalist-open-data.s3.amazonaws.com/photos/158410130/medium.jpeg,CC-BY 4.0,Michal Honskus,jolinarm,2021-09-18,https://www.inaturalist.org/observations/95420540,"© Michal Honskus, some rights reserved (CC-BY)",9a131555b9f59f3fafa71353be8bbc87069c41d749044752af9971f5736a06d3
Chlorurus sordidus,455352542,https://inaturalist-open-data.s3.amazonaws.com/photos/455352542/medium.jpeg,CC-BY 4.0,Michael Bakker Paiva,michaelbakkerpaiva,2024-11-20,https://www.inaturalist.org/observations/254243572,"© Michael Bakker Paiva, some rights reserved (CC-BY)",2cf14182d1c69f96cd501f62458602de2ddc1b3e11d49ffd550582d9c73275b9
Chlorurus sordidus,485863453,https://inaturalist-open-data.s3.amazonaws.com/photos/485863453/medium.jpeg,CC-BY 4.0,Jan Ebr &amp; Ivana Ebrová,opisska,2025-03-12,https://www.inaturalist.org/observations/270180029,"© Jan Ebr &amp; Ivana Ebrová, some rights reserved (CC-BY)",4897b6b34a33c95058a26cb2a03658023ea16e0d6913196638c542b8f53573f0
Chlorurus sordidus,105164003,https://inaturalist-open-data.s3.amazonaws.com/photos/105164003/medium.jpg,CC-BY 4.0,ajott,ajott,2020-10-25,https://www.inaturalist.org/observations/65349366,"© ajott, some rights reserved (CC-BY)",d69474d0cac711504e39a7f5af2cb5c2a3d22f36b256f06c3fc69dda3fba92c1
Chlorurus sordidus,105163988,https://inaturalist-open-data.s3.amazonaws.com/photos/105163988/medium.jpg,CC-BY 4.0,ajott,ajott,2020-10-25,https://www.inaturalist.org/observations/65349366,"© ajott, some rights reserved (CC-BY)",25861b686bcd41d03703d0e9585c122b1e1829d4fc087ff09a84dd2f3d77ecbf
Chlorurus sordidus,105164021,https://inaturalist-open-data.s3.amazonaws.com/photos/105164021/medium.jpg,CC-BY 4.0,ajott,ajott,2020-10-25,https://www.inaturalist.org/observations/65349367,"© ajott, some rights reserved (CC-BY)",e2cd4352817269de6602a12408ab10555e7a8865b2d3987fb1a3bdcf2a83c157
Chlorurus sordidus,105164016,https://inaturalist-open-data.s3.amazonaws.com/photos/105164016/medium.jpg,CC-BY 4.0,ajott,ajott,2020-10-25,https://www.inaturalist.org/observations/65349367,"© ajott, some rights reserved (CC-BY)",b689bd672a402a12f07e077960446b9f6d025e916ca94d5a702524d10989193f
Chlorurus sordidus,260751765,https://inaturalist-open-data.s3.amazonaws.com/photos/260751765/medium.jpg,CC-BY 4.0,Jan Ebr &amp; Ivana Ebrová,opisska,2023-02-27,https://www.inaturalist.org/observations/151150626,"© Jan Ebr &amp; Ivana Ebrová, some rights reserved (CC-BY)",9b884aaf026bfdff1dda44c776e3b142a6e74c47f733e0fbf8d5aa5eeb60093c
Chlorurus sordidus,260751772,https://inaturalist-open-data.s3.amazonaws.com/photos/260751772/medium.jpg,CC-BY 4.0,Jan Ebr &amp; Ivana Ebrová,opisska,2023-02-27,https://www.inaturalist.org/observations/151150627,"© Jan Ebr &amp; Ivana Ebrová, some rights reserved (CC-BY)",
Chlorurus sordidus,260751775,https://inaturalist-open-data.s3.amazonaws.com/photos/260751775/medium.jpg,CC-BY 4.0,Jan Ebr &amp; Ivana Ebrová,opisska,2023-02-27,https://www.inaturalist.org/observations/151150628,"© Jan Ebr &amp; Ivana Ebrová, some rights reserved (CC-BY)",2d323ca5b207fb45ecae6c98eec7e6cb9341f062ba6dc0d5c96c21ee54b535c0
Scarus niger,558390611,https://inaturalist-open-data.s3.amazonaws.com/photos/558390611/medium.jpg,CC-BY 4.0,Bernard DUPONT,berniedup,2025-06-14,https://www.inaturalist.org/observations/309438061,"© Bernard DUPONT, some rights reserved (CC-BY)",132ac83c2d4fc6e3fe1315eb94b41d33d1dd73bada619645757a4af16a24a22b
Scarus niger,690836970,https://inaturalist-open-data.s3.amazonaws.com/photos/690836970/medium.jpg,CC-BY 4.0,Roger Rittmaster,rogerritt,2026-06-15,https://www.inaturalist.org/observations/377797603,"© Roger Rittmaster, some rights reserved (CC-BY)",98374a616a825bf95acb394c2ae05a5654218e77ce4186db86bda5a4e58fdc1f
Scarus niger,6976671,https://inaturalist-open-data.s3.amazonaws.com/photos/6976671/medium.jpg,CC-BY 4.0,Ryan McMinds,rmcminds,2015-03-25,https://www.inaturalist.org/observations/5638742,"© Ryan McMinds, some rights reserved (CC-BY)",dde81ad9a7eb5c6e1fb31a694c11b39125cbe1a22f0b139fb55fa31dc103139a
Scarus niger,6976673,https://inaturalist-open-data.s3.amazonaws.com/photos/6976673/medium.jpg,CC-BY 4.0,Ryan McMinds,rmcminds,2015-03-25,https://www.inaturalist.org/observations/5638742,"© Ryan McMinds, some rights reserved (CC-BY)",d0afa639051465bc9516f1de0c2aae7db323f520801d7c9d97e631fac6cb2315
Scarus niger,327049578,https://inaturalist-open-data.s3.amazonaws.com/photos/327049578/medium.jpg,CC-BY 4.0,Debra Baker,quokka2,2023-09-16,https://www.inaturalist.org/observations/187062057,"© Debra Baker, some rights reserved (CC-BY)",b36b04e4490acbeaf579d5efa9646819ec154fce4387675620991cc4069c365b
Scarus niger,455061439,https://inaturalist-open-data.s3.amazonaws.com/photos/455061439/medium.jpeg,CC-BY 4.0,Michael Bakker Paiva,michaelbakkerpaiva,2024-11-17,https://www.inaturalist.org/observations/254095040,"© Michael Bakker Paiva, some rights reserved (CC-BY)",e5a6ec71b227fe91f83899055f719e9ca4be3ab86752043a89ad02e85b63c442
Scarus niger,447539758,https://inaturalist-open-data.s3.amazonaws.com/photos/447539758/medium.jpg,CC-BY 4.0,Debra Baker,quokka2,2024-10-08,https://www.inaturalist.org/observations/250260261,"© Debra Baker, some rights reserved (CC-BY)",35110e1cdd6601481de194d849d57fb7083fa964fe367635d5d3648fb48c2ec8
Scarus niger,447539762,https://inaturalist-open-data.s3.amazonaws.com/photos/447539762/medium.jpg,CC-BY 4.0,Debra Baker,quokka2,2024-10-08,https://www.inaturalist.org/observations/250260261,"© Debra Baker, some rights reserved (CC-BY)",5bca29f2932b3f3d764e44cdaa800afdbe4dde14a954fa79b9c6fd41132ef9bb
Scarus niger,634081050,https://inaturalist-open-data.s3.amazonaws.com/photos/634081050/medium.jpg,CC-BY 4.0,Chris Chucholl,astacoides,2012-11-04,https://www.inaturalist.org/observations/347735023,"© Chris Chucholl, some rights reserved (CC-BY)",0cd14e933cd9ba70cd0d473bec7004af0ae949290903d490ebf79558d70a5732
Scarus niger,349632778,https://inaturalist-open-data.s3.amazonaws.com/photos/349632778/medium.jpg,CC-BY 4.0,portioid,portioid,2024-02-03,https://www.inaturalist.org/observations/198376361,"© portioid, some rights reserved (CC-BY)",33995f828d0fa72ea59417a59431a3cd754169b7a3fb1ca82036def1c316d315
Scarus niger,105689387,https://inaturalist-open-data.s3.amazonaws.com/photos/105689387/medium.jpg,CC-BY 4.0,ajott,ajott,2020-10-25,https://www.inaturalist.org/observations/65643352,"© ajott, some rights reserved (CC-BY)",5e82ae2f02c986a54034d92e3392d1265206a8d6309a529fc3f1576586a46d36
Scarus niger,625637592,https://inaturalist-open-data.s3.amazonaws.com/photos/625637592/medium.jpg,CC-BY 4.0,PampaSorro,pampasorro,2026-03-13,https://www.inaturalist.org/observations/343453473,"© PampaSorro, some rights reserved (CC-BY)",6fa8e693231c1737bcd5b3938330c460257e2f781a4d8526ec0980856c1db65f
Scarus niger,245998229,https://inaturalist-open-data.s3.amazonaws.com/photos/245998229/medium.jpeg,CC-BY 4.0,Michael Bakker Paiva,michaelbakkerpaiva,2022-11-20,https://www.inaturalist.org/observations/143445440,"© Michael Bakker Paiva, some rights reserved (CC-BY)",548884fe20f1493d7ca5cba144a2828076ddecf6e4db3cffc694079dcd20d5d9
Scarus niger,245998257,https://inaturalist-open-data.s3.amazonaws.com/photos/245998257/medium.jpeg,CC-BY 4.0,Michael Bakker Paiva,michaelbakkerpaiva,2022-11-20,https://www.inaturalist.org/observations/143445440,"© Michael Bakker Paiva, some rights reserved (CC-BY)",77911ae93d22d5af098dd7adcd4344dca4e350284e5906b49e03f6fe60a2ef9f
Scarus niger,251176589,https://inaturalist-open-data.s3.amazonaws.com/photos/251176589/medium.jpg,CC-BY 4.0,Donald Davesne,donalddavesne,2022-11-15,https://www.inaturalist.org/observations/146136174,"© Donald Davesne, some rights reserved (CC-BY)",2b70003f970a0fec4ebcb916bdec299cd554691f16c627fd74eee96227d25d33
Scarus niger,292126747,https://inaturalist-open-data.s3.amazonaws.com/photos/292126747/medium.jpeg,CC-BY 4.0,Julien Renoult,jujurenoult,2023-05-20,https://www.inaturalist.org/observations/168553908,"© Julien Renoult, some rights reserved (CC-BY)",db50a515dc30c4f6d5de0115aa65c2ee959206dfcf49fb63771c85cbf956dd80
Scarus frenatus,291833318,https://inaturalist-open-data.s3.amazonaws.com/photos/291833318/medium.jpg,CC-BY 4.0,Debra Baker,quokka2,2023-06-11,https://www.inaturalist.org/observations/168611061,"© Debra Baker, some rights reserved (CC-BY)",1c6e6926bf95fcf3f313a9be08a6c03bb06bd2f1b1cc570b8a78dfc97e2845aa
Scarus frenatus,291833802,https://inaturalist-open-data.s3.amazonaws.com/photos/291833802/medium.jpg,CC-BY 4.0,Debra Baker,quokka2,2023-06-11,https://www.inaturalist.org/observations/168611061,"© Debra Baker, some rights reserved (CC-BY)",f345e0d8e899dc244bb34899f8ad8bfa9c08d11d1cee80e44840e652ca3a8e52
Scarus frenatus,485863738,https://inaturalist-open-data.s3.amazonaws.com/photos/485863738/medium.jpeg,CC-BY 4.0,Jan Ebr &amp; Ivana Ebrová,opisska,2025-03-12,https://www.inaturalist.org/observations/270180080,"© Jan Ebr &amp; Ivana Ebrová, some rights reserved (CC-BY)",f8baee531b7e7b3ea31c4aecf10a110aabed83681cce429fd2713f061c6128b4
Scarus frenatus,485863765,https://inaturalist-open-data.s3.amazonaws.com/photos/485863765/medium.jpeg,CC-BY 4.0,Jan Ebr &amp; Ivana Ebrová,opisska,2025-03-12,https://www.inaturalist.org/observations/270180080,"© Jan Ebr &amp; Ivana Ebrová, some rights reserved (CC-BY)",d370f98496389443d57a5ae13048cf605ae7fb5b4b00df2867b136b4788ed924
Scarus frenatus,331413053,https://inaturalist-open-data.s3.amazonaws.com/photos/331413053/medium.jpg,CC-BY 4.0,Donald Davesne,donalddavesne,2023-08-04,https://www.inaturalist.org/observations/189222535,"© Donald Davesne, some rights reserved (CC-BY)",7ec32995e41301395682eb86d034a0159a45d7f8fd9dea812e55d6ec45a7422c
Scarus frenatus,331413056,https://inaturalist-open-data.s3.amazonaws.com/photos/331413056/medium.jpg,CC-BY 4.0,Donald Davesne,donalddavesne,2023-08-04,https://www.inaturalist.org/observations/189222535,"© Donald Davesne, some rights reserved (CC-BY)",f539e244f8c8f5fc4e23b7396284abd20a7a46f555dd77458b7cda7006f766ad
Scarus frenatus,331413074,https://inaturalist-open-data.s3.amazonaws.com/photos/331413074/medium.jpg,CC-BY 4.0,Donald Davesne,donalddavesne,2023-08-04,https://www.inaturalist.org/observations/189222535,"© Donald Davesne, some rights reserved (CC-BY)",b63ccd4b384c8be4cf62239a891364594187968aa5b4c8b2cbb6212d5597cc25
Scarus frenatus,331413075,https://inaturalist-open-data.s3.amazonaws.com/photos/331413075/medium.jpg,CC-BY 4.0,Donald Davesne,donalddavesne,2023-08-04,https://www.inaturalist.org/observations/189222535,"© Donald Davesne, some rights reserved (CC-BY)",5b90a9e3ea0b9289cf65a65477cc42145b42dd5159033efb34ff841c30a8f33c
Scarus frenatus,482347699,https://inaturalist-open-data.s3.amazonaws.com/photos/482347699/medium.jpg,CC-BY 4.0,Debra Baker,quokka2,2024-08-10,https://www.inaturalist.org/observations/268348817,"© Debra Baker, some rights reserved (CC-BY)",6574e23d51d59118b2679089b1d03b192b46f6323c130ca8a3cf889c94364968
Scarus frenatus,512323991,https://inaturalist-open-data.s3.amazonaws.com/photos/512323991/medium.jpg,CC-BY 4.0,Debra Baker,quokka2,2024-08-21,https://www.inaturalist.org/observations/285045730,"© Debra Baker, some rights reserved (CC-BY)",f3a15a1d5e5a4dc94dddc79a8ad0b8eb069db70bcf10f1fb8de52f867971268c
Scarus frenatus,314885347,https://inaturalist-open-data.s3.amazonaws.com/photos/314885347/medium.jpg,CC-BY 4.0,Rolf Lawrenz,rlawrenz,2023-08-22,https://www.inaturalist.org/observations/180738744,"© Rolf Lawrenz, some rights reserved (CC-BY)",2d9eef22724ed01e09cbaf2f2adaaaab09b4b4f2b01a4349871b6632565470a8
Scarus frenatus,24136912,https://inaturalist-open-data.s3.amazonaws.com/photos/24136912/medium.png,CC-BY 4.0,Leonel Roget,carancho,2018-07-02,https://www.inaturalist.org/observations/16110908,"© Leonel Roget, some rights reserved (CC-BY)",c8a80db30fded838a9d7f2f1d0d4cbd11d6444128ac37fcbd3ce55d3ec41f178
Scarus frenatus,24136891,https://inaturalist-open-data.s3.amazonaws.com/photos/24136891/medium.png,CC-BY 4.0,Leonel Roget,carancho,2018-07-02,https://www.inaturalist.org/observations/16110908,"© Leonel Roget, some rights reserved (CC-BY)",15fa3a225148f58593df7bd8ab78d986a965f19ba822291fed7030a5c45bdcb4
Scarus frenatus,362475131,https://inaturalist-open-data.s3.amazonaws.com/photos/362475131/medium.jpeg,CC-BY 4.0,Hugo Innes,hugo_innes,2024-03-23,https://www.inaturalist.org/observations/205035252,"© Hugo Innes, some rights reserved (CC-BY)",c823ca44ca0453de817c066bbee322b2a7a0fcf09a40a8304c75cd95c30ea564
Scarus frenatus,362476160,https://inaturalist-open-data.s3.amazonaws.com/photos/362476160/medium.jpeg,CC-BY 4.0,Hugo Innes,hugo_innes,2024-03-23,https://www.inaturalist.org/observations/205035252,"© Hugo Innes, some rights reserved (CC-BY)",e8b7d0b756a2acd1a52b584bf260480775380cebdb9acc6edd1905f943d2ebca
Scarus frenatus,411293849,https://inaturalist-open-data.s3.amazonaws.com/photos/411293849/medium.jpeg,CC-BY 4.0,Belinda Forbes,gemfyre713,2024-07-18,https://www.inaturalist.org/observations/231563318,"© Belinda Forbes, some rights reserved (CC-BY)",109066b15bc6ede2bce5f44446627e4d61a36cff92599e5e731f2107346ba378
Scarus frenatus,631720194,https://inaturalist-open-data.s3.amazonaws.com/photos/631720194/medium.jpg,CC-BY 4.0,Mike Burnett,m1burnett,2026-03-27,https://www.inaturalist.org/observations/346883472,"© Mike Burnett, some rights reserved (CC-BY)",fa5f3a2665ec08797d88b163e9dc820f73b1257eae1af3cb78b82953917d3637
Scarus frenatus,615559608,https://inaturalist-open-data.s3.amazonaws.com/photos/615559608/medium.jpg,CC-BY 4.0,Jan Ebr &amp; Ivana Ebrová,opisska,2026-01-27,https://www.inaturalist.org/observations/338479812,"© Jan Ebr &amp; Ivana Ebrová, some rights reserved (CC-BY)",25252c7b4c278309497101f7913a40b22209a7f4dbb758ca5e8db9ebfcf0d737
Scarus frenatus,637575458,https://inaturalist-open-data.s3.amazonaws.com/photos/637575458/medium.jpg,CC-BY 4.0,PampaSorro,pampasorro,2026-04-11,https://www.inaturalist.org/observations/349502737,"© PampaSorro, some rights reserved (CC-BY)",6345d2e3d2ff7296162df5141f49e7a5717468f87b9b1b0d3e804c04d8fcf672
Scarus frenatus,610948942,https://inaturalist-open-data.s3.amazonaws.com/photos/610948942/medium.jpg,CC-BY 4.0,Tim,twan3253,2025-08-19,https://www.inaturalist.org/observations/336226017,"© Tim, some rights reserved (CC-BY)",880559ec9c077f29c45742b8ccd489dc7ffcc943b980fe3d587a5a417f64b9a8
Scarus frenatus,58266216,https://inaturalist-open-data.s3.amazonaws.com/photos/58266216/medium.jpeg,CC-BY 4.0,datadan,datadan,2019-12-20,https://www.inaturalist.org/observations/36819699,"© datadan, some rights reserved (CC-BY)",b19ad797abf4659ac05719ac256e6a9f76ec3005480e57a36a3d929bccef7d99
Scarus frenatus,185657891,https://inaturalist-open-data.s3.amazonaws.com/photos/185657891/medium.jpg,CC-BY 4.0,Andrew Parker,parkera80,2017-02-21,https://www.inaturalist.org/observations/110090564,"© Andrew Parker, some rights reserved (CC-BY)",3e9644ba683dd41ab1711f5941a10592fd05fb41d94afc5b693e70aff435b040
Scarus frenatus,348041760,https://inaturalist-open-data.s3.amazonaws.com/photos/348041760/medium.jpg,CC-BY 4.0,Debra Baker,quokka2,2024-01-23,https://www.inaturalist.org/observations/197586250,"© Debra Baker, some rights reserved (CC-BY)",9fb2f7688cb7137895de30bdd9063c09939ae3eb1e2b5d0afb9562fd3a5197d0
Scarus frenatus,348041684,https://inaturalist-open-data.s3.amazonaws.com/photos/348041684/medium.jpg,CC-BY 4.0,Debra Baker,quokka2,2024-01-23,https://www.inaturalist.org/observations/197586250,"© Debra Baker, some rights reserved (CC-BY)",baa8f8c0eca59c68e58d2eac31112e984f84393b1e15dc500dc997ec9d8a3602
Scarus frenatus,619310866,https://inaturalist-open-data.s3.amazonaws.com/photos/619310866/medium.jpg,CC-BY 4.0,Nicola Crockford,nicolacrockford,2026-02-03,https://www.inaturalist.org/observations/340332248,"© Nicola Crockford, some rights reserved (CC-BY)",3a1ddda3e8c5e9f63157fe68fd4a508209b7160992b09e702eb9a410a8a64d30
Scarus frenatus,619117310,https://inaturalist-open-data.s3.amazonaws.com/photos/619117310/medium.jpg,CC-BY 4.0,Nicola Crockford,nicolacrockford,2026-02-02,https://www.inaturalist.org/observations/340234816,"© Nicola Crockford, some rights reserved (CC-BY)",f66ff7439b46ee059235d5ce53fd132da3cf423ea524b937105077fdbf43c3ad
Scarus frenatus,314885234,https://inaturalist-open-data.s3.amazonaws.com/photos/314885234/medium.jpg,CC-BY 4.0,Rolf Lawrenz,rlawrenz,2023-08-22,https://www.inaturalist.org/observations/180738720,"© Rolf Lawrenz, some rights reserved (CC-BY)",c2344abc96df0c9a01b8265ca255e87848f5c12199c90e004162495dcbcca40a
Scarus frenatus,314885228,https://inaturalist-open-data.s3.amazonaws.com/photos/314885228/medium.jpg,CC-BY 4.0,Rolf Lawrenz,rlawrenz,2023-08-22,https://www.inaturalist.org/observations/180738720,"© Rolf Lawrenz, some rights reserved (CC-BY)",ac535346e9536e34deab2b914acd14cee6fc7d90f45d977f5b38bf6a8594979d
Scarus frenatus,314885221,https://inaturalist-open-data.s3.amazonaws.com/photos/314885221/medium.jpg,CC-BY 4.0,Rolf Lawrenz,rlawrenz,2023-08-22,https://www.inaturalist.org/observations/180738720,"© Rolf Lawrenz, some rights reserved (CC-BY)",8ec2219f9918ff6f017e1d156e2f823d1c01a855c4e6b5911ab54c82663a1340
Centropyge bispinosa,603707128,https://inaturalist-open-data.s3.amazonaws.com/photos/603707128/medium.jpg,CC-BY 4.0,Luke Lythgoe,lukelythgoe,2025-12-13,https://www.inaturalist.org/observations/332630732,"© Luke Lythgoe, some rights reserved (CC-BY)",0b796952188bc52ad3b1413d5dffe9b997e1ed58ca194d7342d69702e33b6608
Centropyge bispinosa,26679771,https://inaturalist-open-data.s3.amazonaws.com/photos/26679771/medium.jpg,CC-BY 4.0,desertnaturalist,desertnaturalist,2018-10-02,https://www.inaturalist.org/observations/17528661,"© desertnaturalist, some rights reserved (CC-BY)",9c8c1cbf23fe98e41c872659d80640a3fec78fdae0768a86f3068c7cc38b7d13
Centropyge bispinosa,32922569,https://inaturalist-open-data.s3.amazonaws.com/photos/32922569/medium.jpeg,CC-BY 4.0,Roger Rittmaster,rogerritt,1980-09-10,https://www.inaturalist.org/observations/21291871,"© Roger Rittmaster, some rights reserved (CC-BY)",fde52d5d52a7079873e5660c839db8c68b2d8d7f37e7a55a9baca5982519dd81
Centropyge bispinosa,259173736,https://inaturalist-open-data.s3.amazonaws.com/photos/259173736/medium.jpg,CC-BY 4.0,Pauline Walsh Jacobson,coralreefdreams,2008-09-28,https://www.inaturalist.org/observations/150319397,"© Pauline Walsh Jacobson, some rights reserved (CC-BY)",2f7c8164eba1375f6483a184af40b8382bda67c1aae36e732ea86519a863928d
Centropyge bispinosa,303758799,https://inaturalist-open-data.s3.amazonaws.com/photos/303758799/medium.jpeg,CC-BY 4.0,呂一起(Lyu yi-chi),pchi45,2023-07-23,https://www.inaturalist.org/observations/174823275,"© 呂一起(Lyu yi-chi), some rights reserved (CC-BY)",4e1b4b1c39339a4eeee61e089ab197b1efd688afa921e5c9847057dcb3ba6c17
Centropyge bispinosa,505643441,https://inaturalist-open-data.s3.amazonaws.com/photos/505643441/medium.jpg,CC-BY 4.0,Debra Baker,quokka2,2024-08-17,https://www.inaturalist.org/observations/281487268,"© Debra Baker, some rights reserved (CC-BY)",0a3f70155214ca1897f09e33fca3c8d690d8e96a532ab0b93b3718ae6d1fe19b
Centropyge bispinosa,239271714,https://inaturalist-open-data.s3.amazonaws.com/photos/239271714/medium.png,CC-BY 4.0,Tim,twan3253,2021-10-28,https://www.inaturalist.org/observations/139847243,"© Tim, some rights reserved (CC-BY)",39d6a35f99806195bfc5bc313e581a5e298fa4ddcb81564cd36f4240695176af
Centropyge bispinosa,239271720,https://inaturalist-open-data.s3.amazonaws.com/photos/239271720/medium.png,CC-BY 4.0,Tim,twan3253,2021-10-28,https://www.inaturalist.org/observations/139847243,"© Tim, some rights reserved (CC-BY)",3687685900082a90594adc6d422de01d13408cc10a0accb9edca8b8b67d6b8a4
Centropyge bispinosa,239271727,https://inaturalist-open-data.s3.amazonaws.com/photos/239271727/medium.png,CC-BY 4.0,Tim,twan3253,2021-10-28,https://www.inaturalist.org/observations/139847243,"© Tim, some rights reserved (CC-BY)",46d424e6fbff9f6413f0c6c5080c3894cefd0c493cba4b81d92b2271113ac4ae
Centropyge bispinosa,625886183,https://inaturalist-open-data.s3.amazonaws.com/photos/625886183/medium.jpg,CC-BY 4.0,Jay Brasher,jbrasher,2025-03-07,https://www.inaturalist.org/observations/343576796,"© Jay Brasher, some rights reserved (CC-BY)",41aa93c9aad88728af3258cf9d2bb232e4499aa735af7f4ad8c567d05b28637a
Centropyge bispinosa,625482810,https://inaturalist-open-data.s3.amazonaws.com/photos/625482810/medium.jpg,CC-BY 4.0,Jay Brasher,jbrasher,2025-03-07,https://www.inaturalist.org/observations/343381609,"© Jay Brasher, some rights reserved (CC-BY)",054c925674a1429b0750d3fbc32383b98bce6c7f7d572abc1704b48c44a4969a
Centropyge bispinosa,607054245,https://inaturalist-open-data.s3.amazonaws.com/photos/607054245/medium.jpg,CC-BY 4.0,cello caruso-turiello,celllo,2025-12-30,https://www.inaturalist.org/observations/334305306,"© cello caruso-turiello, some rights reserved (CC-BY)",4bf7bb8b329b95f25018a3cf2d222a076d8c9ba2f240efa2eed3199d4c0cfd0d
Centropyge bispinosa,417827738,https://inaturalist-open-data.s3.amazonaws.com/photos/417827738/medium.jpg,CC-BY 4.0,Debra Baker,quokka2,2024-07-18,https://www.inaturalist.org/observations/234989916,"© Debra Baker, some rights reserved (CC-BY)",c53f99ae068221f8f27bdf3b67dde7dc4667ce11cf9af3c1e85b522172d1f018
Centropyge bispinosa,606992755,https://inaturalist-open-data.s3.amazonaws.com/photos/606992755/medium.jpg,CC-BY 4.0,cello caruso-turiello,celllo,2025-12-30,https://www.inaturalist.org/observations/334271052,"© cello caruso-turiello, some rights reserved (CC-BY)",e79143f994e9251932ab7ac8ac4f5417808392b5d3f82ad3b0c64b4eabd3d597
Centropyge bispinosa,626491641,https://inaturalist-open-data.s3.amazonaws.com/photos/626491641/medium.jpg,CC-BY 4.0,Debra Baker,quokka2,2026-03-17,https://www.inaturalist.org/observations/343884341,"© Debra Baker, some rights reserved (CC-BY)",16cb0b53af61f65fd5364a76624528a8852753467917d667fb48a945a190dc97
Centropyge bispinosa,626491821,https://inaturalist-open-data.s3.amazonaws.com/photos/626491821/medium.jpg,CC-BY 4.0,Debra Baker,quokka2,2026-03-17,https://www.inaturalist.org/observations/343884341,"© Debra Baker, some rights reserved (CC-BY)",d985320280be793d4ec6e9ba5a33d68e33bca30eb515f50bc72c86633d579032
Centropyge bispinosa,537856113,https://inaturalist-open-data.s3.amazonaws.com/photos/537856113/medium.jpg,CC-BY 4.0,Pierre Pericard,ppericard,2025-07-11,https://www.inaturalist.org/observations/298588500,"© Pierre Pericard, some rights reserved (CC-BY)",2ceb450d1b12fc2507e4d4f4362fae9d1003c85eec561077f1a68528986d1afa
Centropyge bispinosa,537856130,https://inaturalist-open-data.s3.amazonaws.com/photos/537856130/medium.jpg,CC-BY 4.0,Pierre Pericard,ppericard,2025-07-11,https://www.inaturalist.org/observations/298588500,"© Pierre Pericard, some rights reserved (CC-BY)",1f7651f905a551772ccbeb044d37198f23170d2efe6b1e3b865d0808f69e97f0
Centropyge bispinosa,447936996,https://inaturalist-open-data.s3.amazonaws.com/photos/447936996/medium.png,CC-BY 4.0,Rachel Crane,rachelonthereef,2024-03-16,https://www.inaturalist.org/observations/250457658,"© Rachel Crane, some rights reserved (CC-BY)",47ff95264955c479a6bd5e3913c9b66d6927836458548892b734c7482713cd08
Centropyge bispinosa,447936992,https://inaturalist-open-data.s3.amazonaws.com/photos/447936992/medium.png,CC-BY 4.0,Rachel Crane,rachelonthereef,2024-03-16,https://www.inaturalist.org/observations/250457658,"© Rachel Crane, some rights reserved (CC-BY)",2397de9fb78df91ba9603d72a84a7fca8c44af70ee5f57afdb582d2d7845db17
Centropyge bispinosa,341487688,https://inaturalist-open-data.s3.amazonaws.com/photos/341487688/medium.jpg,CC-BY 4.0,Donald Davesne,donalddavesne,2023-08-04,https://www.inaturalist.org/observations/194294912,"© Donald Davesne, some rights reserved (CC-BY)",b0597a6c0cd90ad10b72bc52dc5eeec5febcb20b57b0016963fc28ee5ea7bba1
Centropyge bispinosa,341487687,https://inaturalist-open-data.s3.amazonaws.com/photos/341487687/medium.jpg,CC-BY 4.0,Donald Davesne,donalddavesne,2023-08-04,https://www.inaturalist.org/observations/194294912,"© Donald Davesne, some rights reserved (CC-BY)",eb5713764848bfcef2cc59763a236545cde7504bac1b7dd6af02fea36e2618f1
Centropyge bispinosa,207907938,https://inaturalist-open-data.s3.amazonaws.com/photos/207907938/medium.jpeg,CC-BY 4.0,Debra Baker,quokka2,2022-06-11,https://www.inaturalist.org/observations/122771236,"© Debra Baker, some rights reserved (CC-BY)",daa31fce1ccbf1a13632757fb5a7a9cf4c1333b81e89640abdfb068b40f0008c
Centropyge bispinosa,207907950,https://inaturalist-open-data.s3.amazonaws.com/photos/207907950/medium.jpeg,CC-BY 4.0,Debra Baker,quokka2,2022-06-11,https://www.inaturalist.org/observations/122771236,"© Debra Baker, some rights reserved (CC-BY)",6339efc3dac122c5a6add158efbc8098ebda6db5dfd2a4f70e47ae5d6c6c6489
Centropyge bispinosa,444181425,https://inaturalist-open-data.s3.amazonaws.com/photos/444181425/medium.jpg,CC-BY 4.0,Debra Baker,quokka2,2024-10-02,https://www.inaturalist.org/observations/248578265,"© Debra Baker, some rights reserved (CC-BY)",29c8144390074128732cd4974d3fd074262c07aaeb314b4978e06de1655bfa43
Centropyge bispinosa,528774299,https://inaturalist-open-data.s3.amazonaws.com/photos/528774299/medium.jpg,CC-BY 4.0,Jay Brasher,jbrasher,2025-03-03,https://www.inaturalist.org/observations/293812951,"© Jay Brasher, some rights reserved (CC-BY)",d1e789091afee45becef56103b84032d3b4d43bebfbe25d9978de812abf9d6f2
Balistapus undulatus,607523850,https://inaturalist-open-data.s3.amazonaws.com/photos/607523850/medium.jpg,CC-BY 4.0,cello caruso-turiello,celllo,2026-01-01,https://www.inaturalist.org/observations/334530477,"© cello caruso-turiello, some rights reserved (CC-BY)",2a38042af99f7359f5b4e2e4c7041461d0a530df3ccf7c9fb0d770d13f400065
Balistapus undulatus,614893583,https://inaturalist-open-data.s3.amazonaws.com/photos/614893583/medium.jpg,CC-BY 4.0,Jay Brasher,jbrasher,2025-03-07,https://www.inaturalist.org/observations/338157195,"© Jay Brasher, some rights reserved (CC-BY)",842e1df50f17df2763148f13b91cd27e9af3c9ceb9a50ac34d23c1d1409e0b23
Balistapus undulatus,614893562,https://inaturalist-open-data.s3.amazonaws.com/photos/614893562/medium.jpg,CC-BY 4.0,Jay Brasher,jbrasher,2025-03-07,https://www.inaturalist.org/observations/338157195,"© Jay Brasher, some rights reserved (CC-BY)",9a25850dc653447fd01340c18524f70b82bdc9b7611c20908223d5c1d9b00f71
Balistapus undulatus,249025258,https://inaturalist-open-data.s3.amazonaws.com/photos/249025258/medium.jpg,CC-BY 4.0,Donald Davesne,donalddavesne,2022-11-14,https://www.inaturalist.org/observations/145018527,"© Donald Davesne, some rights reserved (CC-BY)",40b6d8385bdcd7e171138c909281f385b2df7e0fd992085c75dbd58a55187d2b
Balistapus undulatus,249025276,https://inaturalist-open-data.s3.amazonaws.com/photos/249025276/medium.jpg,CC-BY 4.0,Donald Davesne,donalddavesne,2022-11-14,https://www.inaturalist.org/observations/145018527,"© Donald Davesne, some rights reserved (CC-BY)",e1054d98da74f02691703eb959e0cb49e1d1b1a07daa3d8b1beb1da928ac9379
Balistapus undulatus,249025282,https://inaturalist-open-data.s3.amazonaws.com/photos/249025282/medium.jpg,CC-BY 4.0,Donald Davesne,donalddavesne,2022-11-14,https://www.inaturalist.org/observations/145018527,"© Donald Davesne, some rights reserved (CC-BY)",e918725989cd7286133df68583640ae6731992296b0226d4985fdd4929eae78e
Balistapus undulatus,556391813,https://inaturalist-open-data.s3.amazonaws.com/photos/556391813/medium.jpg,CC-BY 4.0,Tim,twan3253,2025-02-08,https://www.inaturalist.org/observations/308400713,"© Tim, some rights reserved (CC-BY)",0d1cb390109085ecf2565b61930e89b029f727d3e49d8b589ef57ae737e1eaf7
Balistapus undulatus,409099341,https://inaturalist-open-data.s3.amazonaws.com/photos/409099341/medium.jpeg,CC-BY 4.0,fletchermoore,fletchermoore,2024-07-20,https://www.inaturalist.org/observations/230400151,"© fletchermoore, some rights reserved (CC-BY)",3d0d73f44543e22aae66b931b96491d0d40f4289b2fdc0ded27778c182c207fd
Balistapus undulatus,283706673,https://inaturalist-open-data.s3.amazonaws.com/photos/283706673/medium.jpg,CC-BY 4.0,portioid,portioid,2023-05-26,https://www.inaturalist.org/observations/163999190,"© portioid, some rights reserved (CC-BY)",0c8460381c451d39f6d39110acdbb0e2610aa4dd9f5abcdda362b92753933fac
Balistapus undulatus,245353454,https://inaturalist-open-data.s3.amazonaws.com/photos/245353454/medium.jpg,CC-BY 4.0,Juraj Ahel,xeniorn,2022-11-26,https://www.inaturalist.org/observations/143089621,"© Juraj Ahel, some rights reserved (CC-BY)",9cf0666021adc818a82bacf57386d8291c3f4c86773783c4454e90a560ace7ba
Balistapus undulatus,245353614,https://inaturalist-open-data.s3.amazonaws.com/photos/245353614/medium.jpg,CC-BY 4.0,Juraj Ahel,xeniorn,2022-11-26,https://www.inaturalist.org/observations/143089621,"© Juraj Ahel, some rights reserved (CC-BY)",9ebc909450e5b12470d0ffbc6bb1cf3d24c77aa0d98679742f01a142dcf0c817
Balistapus undulatus,388959888,https://inaturalist-open-data.s3.amazonaws.com/photos/388959888/medium.jpg,CC-BY 4.0,portioid,portioid,2024-06-01,https://www.inaturalist.org/observations/219736199,"© portioid, some rights reserved (CC-BY)",b00a76f6e352a92f607de0083ed306ce0f36f9f26ebc90a349f5d0907af9a7b8
Balistapus undulatus,246114678,https://inaturalist-open-data.s3.amazonaws.com/photos/246114678/medium.jpeg,CC-BY 4.0,Michael Bakker Paiva,michaelbakkerpaiva,2022-11-22,https://www.inaturalist.org/observations/143503402,"© Michael Bakker Paiva, some rights reserved (CC-BY)",602c31422784b890bdc76b181c54b4fb74f983ec8fa9691da498fe0ddc94dd31
Balistapus undulatus,270470732,https://inaturalist-open-data.s3.amazonaws.com/photos/270470732/medium.jpeg,CC-BY 4.0,Jan Ebr &amp; Ivana Ebrová,opisska,2023-04-16,https://www.inaturalist.org/observations/156415368,"© Jan Ebr &amp; Ivana Ebrová, some rights reserved (CC-BY)",c3691a9024b93a7e2e4ac9aafc65d38a3c5706f989ba1eb29157f54c3b45bd2e
Balistapus undulatus,632928102,https://inaturalist-open-data.s3.amazonaws.com/photos/632928102/medium.jpg,CC-BY 4.0,Mike Burnett,m1burnett,2026-03-27,https://www.inaturalist.org/observations/347156280,"© Mike Burnett, some rights reserved (CC-BY)",516c8002753d5e487cc0f35f463f66254bc772a6faa46963758fbbc08e00e779
Balistapus undulatus,632928174,https://inaturalist-open-data.s3.amazonaws.com/photos/632928174/medium.jpg,CC-BY 4.0,Mike Burnett,m1burnett,2026-03-27,https://www.inaturalist.org/observations/347156280,"© Mike Burnett, some rights reserved (CC-BY)",661a8775450928bd6e2748d322d5e4ed6504c8d523e0846fb7f3bf65e66af0c7
Balistapus undulatus,632928109,https://inaturalist-open-data.s3.amazonaws.com/photos/632928109/medium.jpg,CC-BY 4.0,Mike Burnett,m1burnett,2026-03-27,https://www.inaturalist.org/observations/347156280,"© Mike Burnett, some rights reserved (CC-BY)",eb72ec766e272e6b283934df7892ae80263a348834a55836f665009d1cd2f6ad
Balistapus undulatus,632928135,https://inaturalist-open-data.s3.amazonaws.com/photos/632928135/medium.jpg,CC-BY 4.0,Mike Burnett,m1burnett,2026-03-27,https://www.inaturalist.org/observations/347156280,"© Mike Burnett, some rights reserved (CC-BY)",724eeb3a15000c05189e172cb9c5d6610aba10e504eee3bd7560ebdeea96e884
Balistapus undulatus,632928134,https://inaturalist-open-data.s3.amazonaws.com/photos/632928134/medium.jpg,CC-BY 4.0,Mike Burnett,m1burnett,2026-03-27,https://www.inaturalist.org/observations/347156280,"© Mike Burnett, some rights reserved (CC-BY)",66b0f3273b839071c019aa698ae73ae3c76c56ea493362f505ea707c343cae04
Balistapus undulatus,632928142,https://inaturalist-open-data.s3.amazonaws.com/photos/632928142/medium.jpg,CC-BY 4.0,Mike Burnett,m1burnett,2026-03-27,https://www.inaturalist.org/observations/347156280,"© Mike Burnett, some rights reserved (CC-BY)",2b333002a5b3d021e6d664532712ee0f02d26abb335ca30f5051956bb6d95536
Balistapus undulatus,632928168,https://inaturalist-open-data.s3.amazonaws.com/photos/632928168/medium.jpg,CC-BY 4.0,Mike Burnett,m1burnett,2026-03-27,https://www.inaturalist.org/observations/347156280,"© Mike Burnett, some rights reserved (CC-BY)",de7eed0c584ef8045f9d6e6d48480b8a7f4266a7cd089e611092c98f45d7e644
Balistapus undulatus,464958187,https://inaturalist-open-data.s3.amazonaws.com/photos/464958187/medium.jpeg,CC-BY 4.0,Mike Burnett,m1burnett,2025-01-17,https://www.inaturalist.org/observations/259064918,"© Mike Burnett, some rights reserved (CC-BY)",91487b6cef3bba649a490c172c610bf15a8e07e0b79a9c2704b924af5b2f1b86
Balistapus undulatus,464958196,https://inaturalist-open-data.s3.amazonaws.com/photos/464958196/medium.jpeg,CC-BY 4.0,Mike Burnett,m1burnett,2025-01-17,https://www.inaturalist.org/observations/259064918,"© Mike Burnett, some rights reserved (CC-BY)",52eb40d4b8c16c9677ed3f76a404147085364ff05d1f7184a94a7fa8140f349d
Balistapus undulatus,464958198,https://inaturalist-open-data.s3.amazonaws.com/photos/464958198/medium.jpeg,CC-BY 4.0,Mike Burnett,m1burnett,2025-01-17,https://www.inaturalist.org/observations/259064918,"© Mike Burnett, some rights reserved (CC-BY)",c486814a4ab3d5e9caaa7144b1f4f04764d5702c028eb873414db5b32a21ded0
Balistapus undulatus,217072382,https://inaturalist-open-data.s3.amazonaws.com/photos/217072382/medium.jpg,CC-BY 4.0,River Ahlquist,riverahlquist,2022-07-25,https://www.inaturalist.org/observations/127837894,"© River Ahlquist, some rights reserved (CC-BY)",a366d6359685d34073874608e003324c4c9daf8fea0de1dc71e8b4dadcba509a
Balistapus undulatus,229212104,https://inaturalist-open-data.s3.amazonaws.com/photos/229212104/medium.jpg,CC-BY 4.0,Daniel Benák,benake,2021-05-17,https://www.inaturalist.org/observations/134478193,"© Daniel Benák, some rights reserved (CC-BY)",69408d09c2b3b6af14db074bafe7e37af1aa68d35afa5d7b50f118e391686961
Zebrasoma scopas,10307828,https://inaturalist-open-data.s3.amazonaws.com/photos/10307828/medium.jpeg,CC-BY 4.0,Lisa Bennett,lisa_bennett,2017-08-07,https://www.inaturalist.org/observations/7831178,"© Lisa Bennett, some rights reserved (CC-BY)",5aa1aa866af782b96f321959e23678c80a8326dab175f9a277ad95660573b849
Zebrasoma scopas,119784520,https://inaturalist-open-data.s3.amazonaws.com/photos/119784520/medium.jpeg,CC-BY 4.0,Dan Schofield,djscho,2021-04-01,https://www.inaturalist.org/observations/73375166,"© Dan Schofield, some rights reserved (CC-BY)",0ff1f75a8cb7f559c047b3f9229fd239c75c236f28cbe9735ca62e6f5d951232
Zebrasoma scopas,348649435,https://inaturalist-open-data.s3.amazonaws.com/photos/348649435/medium.jpg,CC-BY 4.0,portioid,portioid,2024-01-29,https://www.inaturalist.org/observations/197889307,"© portioid, some rights reserved (CC-BY)",ccbac3804524e35bfb75efbb5d9bcb2209292b483be144b8a9602926429b7777
Zebrasoma scopas,25577973,https://inaturalist-open-data.s3.amazonaws.com/photos/25577973/medium.jpeg,CC-BY 4.0,Mike Bowie,ecoman,2018-09-03,https://www.inaturalist.org/observations/16926742,"© Mike Bowie, some rights reserved (CC-BY)",1c2797e7a1c7fb8d4e3cf3bb85c9eb87e3add462f55c2516302d05daa938f9f3
Zebrasoma scopas,342022902,https://inaturalist-open-data.s3.amazonaws.com/photos/342022902/medium.jpg,CC-BY 4.0,Debra Baker,quokka2,2023-12-17,https://www.inaturalist.org/observations/194556832,"© Debra Baker, some rights reserved (CC-BY)",d9492cf81a9a659264b87e076d407dac884d89fe32fc933842a4328a72383369
Zebrasoma scopas,484927571,https://inaturalist-open-data.s3.amazonaws.com/photos/484927571/medium.jpeg,CC-BY 4.0,Jan Ebr &amp; Ivana Ebrová,opisska,2025-03-13,https://www.inaturalist.org/observations/269689354,"© Jan Ebr &amp; Ivana Ebrová, some rights reserved (CC-BY)",640233b93cd0718792f3eebf50b2dae2091a9e2c045a057ea28528e8d899dafb
Zebrasoma scopas,385357046,https://inaturalist-open-data.s3.amazonaws.com/photos/385357046/medium.jpeg,CC-BY 4.0,Mike Bowie,ecoman,2024-05-18,https://www.inaturalist.org/observations/217809847,"© Mike Bowie, some rights reserved (CC-BY)",1a3b6860d6e14c333e16bf525cd9ebb6fe0ecb151d15796ccd7e96f7fe63c8ed
Zebrasoma scopas,332524596,https://inaturalist-open-data.s3.amazonaws.com/photos/332524596/medium.jpeg,CC-BY 4.0,Nicola Crockford,nicolacrockford,2023-09-28,https://www.inaturalist.org/observations/189767858,"© Nicola Crockford, some rights reserved (CC-BY)",ede4b0c212d907b3008728f9497304818ea67020d0c12413cdb57dd0c847f0bd
Zebrasoma scopas,332303175,https://inaturalist-open-data.s3.amazonaws.com/photos/332303175/medium.jpeg,CC-BY 4.0,Nicola Crockford,nicolacrockford,2017-11-01,https://www.inaturalist.org/observations/189658730,"© Nicola Crockford, some rights reserved (CC-BY)",c4a4f6aae69d8384a79298d936ce5d07c512f3ae13841f613cddd7d5582e790f
Zebrasoma scopas,270180094,https://inaturalist-open-data.s3.amazonaws.com/photos/270180094/medium.jpeg,CC-BY 4.0,Jan Ebr &amp; Ivana Ebrová,opisska,2023-04-10,https://www.inaturalist.org/observations/156258765,"© Jan Ebr &amp; Ivana Ebrová, some rights reserved (CC-BY)",5d2d7bbb4a6100fdd7f927cfcabbd29b9ba1020796d41fce8e762612806166a2
Zebrasoma scopas,411368336,https://inaturalist-open-data.s3.amazonaws.com/photos/411368336/medium.jpeg,CC-BY 4.0,Belinda Forbes,gemfyre713,2024-07-19,https://www.inaturalist.org/observations/231609463,"© Belinda Forbes, some rights reserved (CC-BY)",00ecad8be50dd22973feacbd4d6e02f9ffd948dd350a73015990368b3d6a0e84
Zebrasoma scopas,525978689,https://inaturalist-open-data.s3.amazonaws.com/photos/525978689/medium.jpg,CC-BY 4.0,libby hepburn,libbyhepburn,2025-06-18,https://www.inaturalist.org/observations/292287621,"© libby hepburn, some rights reserved (CC-BY)",251ca56911dbdf010aaeaf143623b1c066916178bd98a1c716859962b517bd68
Zebrasoma scopas,626262644,https://inaturalist-open-data.s3.amazonaws.com/photos/626262644/medium.jpg,CC-BY 4.0,Debra Baker,quokka2,2026-03-16,https://www.inaturalist.org/observations/343762017,"© Debra Baker, some rights reserved (CC-BY)",49fb0bc6f143f3d3cf49daa3dc3a73b834f1197e36e7b82e618278f37f3412d0
Zebrasoma scopas,540149875,https://inaturalist-open-data.s3.amazonaws.com/photos/540149875/medium.jpg,CC-BY 4.0,Nick Tobler (Cowturtle),cowturtle,2025-07-21,https://www.inaturalist.org/observations/299806772,"© Nick Tobler (Cowturtle), some rights reserved (CC-BY)",1c1ed0247de1adad83e245a2a1fcb4a168a065a01c1d4b943c7f94be841b638c
Zebrasoma scopas,181388950,https://inaturalist-open-data.s3.amazonaws.com/photos/181388950/medium.png,CC-BY 4.0,Tim,twan3253,2021-07-06,https://www.inaturalist.org/observations/107807114,"© Tim, some rights reserved (CC-BY)",006d8a23419d04a07640d117d0fb1263d8c8437cd0226f41601aa0d0d1249790
Zebrasoma scopas,181388952,https://inaturalist-open-data.s3.amazonaws.com/photos/181388952/medium.png,CC-BY 4.0,Tim,twan3253,2021-07-06,https://www.inaturalist.org/observations/107807114,"© Tim, some rights reserved (CC-BY)",17673b0f284c03a2e9fe14a9c19ca7d73107b14c5e985816e929812634a6d388
Zebrasoma scopas,181388959,https://inaturalist-open-data.s3.amazonaws.com/photos/181388959/medium.png,CC-BY 4.0,Tim,twan3253,2021-07-06,https://www.inaturalist.org/observations/107807114,"© Tim, some rights reserved (CC-BY)",a0f606916e57c8e857ccbed4b0f52fa5a02c97c87bfea178d2dd4c3965357b44
Zebrasoma scopas,181388960,https://inaturalist-open-data.s3.amazonaws.com/photos/181388960/medium.png,CC-BY 4.0,Tim,twan3253,2021-07-06,https://www.inaturalist.org/observations/107807114,"© Tim, some rights reserved (CC-BY)",3c902e0a43068c5de8f62da53dc5f0b56e531590930d8a20bdc055992346f2b2
Zebrasoma scopas,181388963,https://inaturalist-open-data.s3.amazonaws.com/photos/181388963/medium.png,CC-BY 4.0,Tim,twan3253,2021-07-06,https://www.inaturalist.org/observations/107807114,"© Tim, some rights reserved (CC-BY)",baef8eae6dcc19cdc9b39a8ffa9ae494c01235cb394a71e9bc46e0d113852964
Zebrasoma scopas,185016354,https://inaturalist-open-data.s3.amazonaws.com/photos/185016354/medium.png,CC-BY 4.0,Tim,twan3253,2021-10-09,https://www.inaturalist.org/observations/109743677,"© Tim, some rights reserved (CC-BY)",066da398eca957db1f7fbdc5444bcf491ade49fe6095946f10db23e4b9373bb0
Zebrasoma scopas,185016473,https://inaturalist-open-data.s3.amazonaws.com/photos/185016473/medium.png,CC-BY 4.0,Tim,twan3253,2021-10-09,https://www.inaturalist.org/observations/109743677,"© Tim, some rights reserved (CC-BY)",d038c1c4895254106d75c71bb5adaa56e48dba788b8e8afd9d60c25657ea5bcf
Zebrasoma scopas,286113793,https://inaturalist-open-data.s3.amazonaws.com/photos/286113793/medium.jpeg,CC-BY 4.0,desertnaturalist,desertnaturalist,2023-05-22,https://www.inaturalist.org/observations/165294009,"© desertnaturalist, some rights reserved (CC-BY)",bcf8eb404810da235d95891a20b58c8e4567902cf948bd4bd49e72c4dab72a85
Zebrasoma scopas,435454124,https://inaturalist-open-data.s3.amazonaws.com/photos/435454124/medium.jpeg,CC-BY 4.0,Matthew Morgan,mcmorgan06,2024-09-26,https://www.inaturalist.org/observations/244143924,"© Matthew Morgan, some rights reserved (CC-BY)",c66c6e1216976617dce380537f48290df33aa0744bed0e70b7a43da9ef5421cc
Zebrasoma scopas,345482219,https://inaturalist-open-data.s3.amazonaws.com/photos/345482219/medium.jpg,CC-BY 4.0,Ashwin Srinivasan,ash2016,2023-07-15,https://www.inaturalist.org/observations/196259837,"© Ashwin Srinivasan, some rights reserved (CC-BY)",00fc1cf8fd24ef1f75876f5a4194e0c7bb35702ef46e3cc81caf063bdf1a3af8
Ctenochaetus striatus,335338680,https://inaturalist-open-data.s3.amazonaws.com/photos/335338680/medium.jpeg,CC-BY 4.0,Gergely Nigg,naturebynigg,2023-11-10,https://www.inaturalist.org/observations/191190103,"© Gergely Nigg, some rights reserved (CC-BY)",ea1b6a1c1d5455ee05ced881dc4b10f9e82791beb57bc2f559ef89661fb67d77
Ctenochaetus striatus,335339123,https://inaturalist-open-data.s3.amazonaws.com/photos/335339123/medium.jpeg,CC-BY 4.0,Gergely Nigg,naturebynigg,2023-11-10,https://www.inaturalist.org/observations/191190152,"© Gergely Nigg, some rights reserved (CC-BY)",c41430923cec3140718127ee101a65f92cde4de095fd207e5b58173f2a75a6f8
Ctenochaetus striatus,485863793,https://inaturalist-open-data.s3.amazonaws.com/photos/485863793/medium.jpeg,CC-BY 4.0,Jan Ebr &amp; Ivana Ebrová,opisska,2025-03-12,https://www.inaturalist.org/observations/270180087,"© Jan Ebr &amp; Ivana Ebrová, some rights reserved (CC-BY)",504c6fed00cd5ad6c2270a0be699d2acb4113c3e6d7e4fd189e8efe44944aaa0
Ctenochaetus striatus,290443805,https://inaturalist-open-data.s3.amazonaws.com/photos/290443805/medium.jpeg,CC-BY 4.0,Debra Baker,quokka2,2023-05-05,https://www.inaturalist.org/observations/167648956,"© Debra Baker, some rights reserved (CC-BY)",
Ctenochaetus striatus,281620091,https://inaturalist-open-data.s3.amazonaws.com/photos/281620091/medium.jpg,CC-BY 4.0,portioid,portioid,2023-05-21,https://www.inaturalist.org/observations/162869247,"© portioid, some rights reserved (CC-BY)",b15db8ba1d6dd12ea2534b18ce33e39df35e79d176810bd867e6ee9c3ebd4551
Ctenochaetus striatus,247400166,https://inaturalist-open-data.s3.amazonaws.com/photos/247400166/medium.png,CC-BY 4.0,agujaceratops,agujaceratops,2022-12-04,https://www.inaturalist.org/observations/144175913,"© agujaceratops, some rights reserved (CC-BY)",f510eac048fdfe9a27e13908f89f23eed13c437c6ea6e76cdc7f989606e31fa9
Ctenochaetus striatus,247400878,https://inaturalist-open-data.s3.amazonaws.com/photos/247400878/medium.png,CC-BY 4.0,agujaceratops,agujaceratops,2022-12-04,https://www.inaturalist.org/observations/144175913,"© agujaceratops, some rights reserved (CC-BY)",2059753b692096165a385a99a208d38250fa30858f68425ed2f32266e9952242
Ctenochaetus striatus,258645591,https://inaturalist-open-data.s3.amazonaws.com/photos/258645591/medium.png,CC-BY 4.0,Alex Sosnovshchenko,alex_sosn,2018-12-27,https://www.inaturalist.org/observations/150043414,"© Alex Sosnovshchenko, some rights reserved (CC-BY)",dda2886de00179d8102e566e14c144c655533ea2fd04081b0568d5cd6ba19ace
Ctenochaetus striatus,258645576,https://inaturalist-open-data.s3.amazonaws.com/photos/258645576/medium.png,CC-BY 4.0,Alex Sosnovshchenko,alex_sosn,2018-12-27,https://www.inaturalist.org/observations/150043414,"© Alex Sosnovshchenko, some rights reserved (CC-BY)",d214abbc82adcc81e970c9bd524d7cd5a3d391584081029d597c671375268d94
Ctenochaetus striatus,258645584,https://inaturalist-open-data.s3.amazonaws.com/photos/258645584/medium.png,CC-BY 4.0,Alex Sosnovshchenko,alex_sosn,2018-12-27,https://www.inaturalist.org/observations/150043414,"© Alex Sosnovshchenko, some rights reserved (CC-BY)",5969772b144b026cbb0b8a677e8138af5fa10998a5e4eca32b16e4d1ee0a2e08
Ctenochaetus striatus,258645596,https://inaturalist-open-data.s3.amazonaws.com/photos/258645596/medium.png,CC-BY 4.0,Alex Sosnovshchenko,alex_sosn,2018-12-27,https://www.inaturalist.org/observations/150043414,"© Alex Sosnovshchenko, some rights reserved (CC-BY)",39d667a96b0b6fb0d5f5fef26ca76ff295f2391c3bdba4b973366e6777f0c9a2
Ctenochaetus striatus,258645607,https://inaturalist-open-data.s3.amazonaws.com/photos/258645607/medium.png,CC-BY 4.0,Alex Sosnovshchenko,alex_sosn,2018-12-27,https://www.inaturalist.org/observations/150043414,"© Alex Sosnovshchenko, some rights reserved (CC-BY)",2925d149347cd605ba0bb925e95c1235ad763bfb467eec706b51d79957d000ae
Ctenochaetus striatus,258645618,https://inaturalist-open-data.s3.amazonaws.com/photos/258645618/medium.png,CC-BY 4.0,Alex Sosnovshchenko,alex_sosn,2018-12-27,https://www.inaturalist.org/observations/150043414,"© Alex Sosnovshchenko, some rights reserved (CC-BY)",0228df8957d05a46150da7f98739bafaf1a81204835749ea9b1a1222eff798b5
Ctenochaetus striatus,258645622,https://inaturalist-open-data.s3.amazonaws.com/photos/258645622/medium.png,CC-BY 4.0,Alex Sosnovshchenko,alex_sosn,2018-12-27,https://www.inaturalist.org/observations/150043414,"© Alex Sosnovshchenko, some rights reserved (CC-BY)",e8c4caf10ae17a7789d07c6f9e5db4f70a120b336bda4ff1964220e1e7100ed4
Ctenochaetus striatus,258645631,https://inaturalist-open-data.s3.amazonaws.com/photos/258645631/medium.png,CC-BY 4.0,Alex Sosnovshchenko,alex_sosn,2018-12-27,https://www.inaturalist.org/observations/150043414,"© Alex Sosnovshchenko, some rights reserved (CC-BY)",53b4ae8716fc0d2fecdb07924f71e0cb043dcd8ab60de711e3882ec9ca54b063
Ctenochaetus striatus,258645636,https://inaturalist-open-data.s3.amazonaws.com/photos/258645636/medium.png,CC-BY 4.0,Alex Sosnovshchenko,alex_sosn,2018-12-27,https://www.inaturalist.org/observations/150043414,"© Alex Sosnovshchenko, some rights reserved (CC-BY)",9bc186682a858689d832b8ebcbf80080e7b119a6e7e11254c1a81e707cf8fe16
Ctenochaetus striatus,258645643,https://inaturalist-open-data.s3.amazonaws.com/photos/258645643/medium.png,CC-BY 4.0,Alex Sosnovshchenko,alex_sosn,2018-12-27,https://www.inaturalist.org/observations/150043414,"© Alex Sosnovshchenko, some rights reserved (CC-BY)",f3f14dbfd8f209049203f92fb37c098d5d19055a8f404d7f6ec9919daf991803
Ctenochaetus striatus,258645654,https://inaturalist-open-data.s3.amazonaws.com/photos/258645654/medium.png,CC-BY 4.0,Alex Sosnovshchenko,alex_sosn,2018-12-27,https://www.inaturalist.org/observations/150043414,"© Alex Sosnovshchenko, some rights reserved (CC-BY)",59f726ba4fb769e25ae57571d9a07cd773eed8a8c6856eb97914436af4969338
Ctenochaetus striatus,258645663,https://inaturalist-open-data.s3.amazonaws.com/photos/258645663/medium.png,CC-BY 4.0,Alex Sosnovshchenko,alex_sosn,2018-12-27,https://www.inaturalist.org/observations/150043414,"© Alex Sosnovshchenko, some rights reserved (CC-BY)",1a0d7fd347f7c68367f2c8a11ba735909586c371c0ab5e5e214b4264c0fbe61f
Ctenochaetus striatus,270158242,https://inaturalist-open-data.s3.amazonaws.com/photos/270158242/medium.jpeg,CC-BY 4.0,Jan Ebr &amp; Ivana Ebrová,opisska,2023-04-09,https://www.inaturalist.org/observations/156247744,"© Jan Ebr &amp; Ivana Ebrová, some rights reserved (CC-BY)",ff1a49f34e9926c290d865fc7fcd31d0225fd3676df08b5b2d4ccb9fb3886eff
Ctenochaetus striatus,525879378,https://inaturalist-open-data.s3.amazonaws.com/photos/525879378/medium.jpg,CC-BY 4.0,Solomon Islands Fish ID Project,solomonislandsproject,2023-01-05,https://www.inaturalist.org/observations/292238063,"© Solomon Islands Fish ID Project, some rights reserved (CC-BY)",
Ctenochaetus striatus,474998305,https://inaturalist-open-data.s3.amazonaws.com/photos/474998305/medium.jpeg,CC-BY 4.0,Darren Obbard,darren_j_obbard,2025-02-25,https://www.inaturalist.org/observations/264527827,"© Darren Obbard, some rights reserved (CC-BY)",d6a45c8a4211f4050da9be695976031399337072e507bb87ff9d4ff1241a3d74
Ctenochaetus striatus,601097674,https://inaturalist-open-data.s3.amazonaws.com/photos/601097674/medium.jpg,CC-BY 4.0,Nick Tobler (Cowturtle),cowturtle,2025-07-21,https://www.inaturalist.org/observations/331358160,"© Nick Tobler (Cowturtle), some rights reserved (CC-BY)",619e015c57f649f454a54145aaef304482c1caebf546b7a0fa581691980edbaa
Ctenochaetus striatus,330670175,https://inaturalist-open-data.s3.amazonaws.com/photos/330670175/medium.jpg,CC-BY 4.0,libby hepburn,libbyhepburn,2023-10-21,https://www.inaturalist.org/observations/188860321,"© libby hepburn, some rights reserved (CC-BY)",90da7d13556e007f8b652ad789f43a64ab70d3d8d1682087714f651dbfb43ac0
Ctenochaetus striatus,463658942,https://inaturalist-open-data.s3.amazonaws.com/photos/463658942/medium.jpeg,CC-BY 4.0,Zara,zara_n,2024-09-24,https://www.inaturalist.org/observations/258443547,"© Zara, some rights reserved (CC-BY)",b81fa6ac2a2024c1556247eba0a814292870d9bfc1726e7a4e42f98d52b2254a
Ctenochaetus striatus,458358156,https://inaturalist-open-data.s3.amazonaws.com/photos/458358156/medium.jpeg,CC-BY 4.0,Zara,zara_n,2024-09-23,https://www.inaturalist.org/observations/255752127,"© Zara, some rights reserved (CC-BY)",2a8436ad82eef491f0e89054e113ecc69be84793e275ed73849f9518db792271
Ctenochaetus striatus,458358157,https://inaturalist-open-data.s3.amazonaws.com/photos/458358157/medium.jpeg,CC-BY 4.0,Zara,zara_n,2024-09-23,https://www.inaturalist.org/observations/255752127,"© Zara, some rights reserved (CC-BY)",549a3c3b492aa2c9c3782f4056d2156ba8f3eff35bd5c7c47a9e44dd81d91f61
Ctenochaetus striatus,458358163,https://inaturalist-open-data.s3.amazonaws.com/photos/458358163/medium.jpeg,CC-BY 4.0,Zara,zara_n,2024-09-23,https://www.inaturalist.org/observations/255752127,"© Zara, some rights reserved (CC-BY)",dc7d48b29ab25ccdc2734a3b489f1ea8ed9d53dc8dd9965ea11469fa08eed14a
Acanthurus lineatus,537358025,https://inaturalist-open-data.s3.amazonaws.com/photos/537358025/medium.jpg,CC-BY 4.0,Debra Baker,quokka2,2025-07-15,https://www.inaturalist.org/observations/298332783,"© Debra Baker, some rights reserved (CC-BY)",ca669f11a3393767110bfa6990eb68ac3c84dad4141a7f207d86fd9ee0751392
Acanthurus lineatus,325723594,https://inaturalist-open-data.s3.amazonaws.com/photos/325723594/medium.jpeg,CC-BY 4.0,Petr Knotek,mallomonas,2023-10-06,https://www.inaturalist.org/observations/186387796,"© Petr Knotek, some rights reserved (CC-BY)",55dcacb4ba97618e3f8775d6671ef3c6b8f2317534c7d7bda9f4bde804a28836
Acanthurus lineatus,325720665,https://inaturalist-open-data.s3.amazonaws.com/photos/325720665/medium.jpeg,CC-BY 4.0,Petr Knotek,mallomonas,2023-10-06,https://www.inaturalist.org/observations/186387796,"© Petr Knotek, some rights reserved (CC-BY)",c8a9f8012c437c2998ea837190aeff6dc9e65c8dc6542b2ea4e88c2854955f6c
Acanthurus lineatus,325720734,https://inaturalist-open-data.s3.amazonaws.com/photos/325720734/medium.jpeg,CC-BY 4.0,Petr Knotek,mallomonas,2023-10-06,https://www.inaturalist.org/observations/186387796,"© Petr Knotek, some rights reserved (CC-BY)",10977dc80f2660a45826ec4282ab6f44b584257f25d68424eadd254b91c0c6e4
Acanthurus lineatus,325720749,https://inaturalist-open-data.s3.amazonaws.com/photos/325720749/medium.jpeg,CC-BY 4.0,Petr Knotek,mallomonas,2023-10-06,https://www.inaturalist.org/observations/186387796,"© Petr Knotek, some rights reserved (CC-BY)",7423ccb7876ba9dfbd4d59d2cfcb235e8456b222041b4a03e42896730a4dbf8d
Acanthurus lineatus,602372698,https://inaturalist-open-data.s3.amazonaws.com/photos/602372698/medium.jpg,CC-BY 4.0,TonyT,tongks22,2020-12-22,https://www.inaturalist.org/observations/331929633,"© TonyT, some rights reserved (CC-BY)",92653ad2999c4c8e6992fefac258ac6c16902a8c37cbe4f7643ad5c4dba5b4b4
Acanthurus lineatus,602265920,https://inaturalist-open-data.s3.amazonaws.com/photos/602265920/medium.jpg,CC-BY 4.0,TonyT,tongks22,2020-12-22,https://www.inaturalist.org/observations/331929633,"© TonyT, some rights reserved (CC-BY)",b9bcb55d0339da24f5613126ca1b8590be1fe0f29e3080fb8b9fdea0216e8418
Acanthurus lineatus,252588348,https://inaturalist-open-data.s3.amazonaws.com/photos/252588348/medium.jpg,CC-BY 4.0,Donald Davesne,donalddavesne,2022-11-15,https://www.inaturalist.org/observations/146859457,"© Donald Davesne, some rights reserved (CC-BY)",af2dbd5b58c677778a11c0d2b8af1d7f057e0fa11108a592ae28abddb0d9a183
Acanthurus lineatus,497730798,https://inaturalist-open-data.s3.amazonaws.com/photos/497730798/medium.png,CC-BY 4.0,Solomon Islands Fish ID Project,solomonislandsproject,2023-01-05,https://www.inaturalist.org/observations/277189030,"© Solomon Islands Fish ID Project, some rights reserved (CC-BY)",050146134204d178089bb09e2dcc4af64ee4fd01bd14cdd97395326ffc566bb5
Acanthurus lineatus,366258285,https://inaturalist-open-data.s3.amazonaws.com/photos/366258285/medium.jpg,CC-BY 4.0,Debra Baker,quokka2,2024-03-31,https://www.inaturalist.org/observations/207088032,"© Debra Baker, some rights reserved (CC-BY)",e2514e3f738120691b79f708431f7464c809d3b41dcc224e9b2c3b0db4c64a03
Acanthurus lineatus,28378113,https://inaturalist-open-data.s3.amazonaws.com/photos/28378113/medium.jpeg,CC-BY 4.0,Valentin Moser,vmoser,2018-11-21,https://www.inaturalist.org/observations/18549580,"© Valentin Moser, some rights reserved (CC-BY)",ea685748ae663fa0a498968f1c74e2797a319e808b299501397699697952763a
Acanthurus lineatus,473651706,https://inaturalist-open-data.s3.amazonaws.com/photos/473651706/medium.jpeg,CC-BY 4.0,Darren Obbard,darren_j_obbard,2025-02-21,https://www.inaturalist.org/observations/263636694,"© Darren Obbard, some rights reserved (CC-BY)",587924ce5cb99750ef204ebc2f3ef720ad55d291bb0be0f3e926234befd949df
Acanthurus lineatus,455046611,https://inaturalist-open-data.s3.amazonaws.com/photos/455046611/medium.jpeg,CC-BY 4.0,Michael Bakker Paiva,michaelbakkerpaiva,2018-01-04,https://www.inaturalist.org/observations/254088079,"© Michael Bakker Paiva, some rights reserved (CC-BY)",5ef5e5284202f99bd6ff73fffaf5e5389e51f8b4e5a33c87990b005c403a9c9a
Acanthurus lineatus,455047942,https://inaturalist-open-data.s3.amazonaws.com/photos/455047942/medium.jpeg,CC-BY 4.0,Michael Bakker Paiva,michaelbakkerpaiva,2024-11-14,https://www.inaturalist.org/observations/254088449,"© Michael Bakker Paiva, some rights reserved (CC-BY)",4e8b05220e4248ec076da2854e4b07de3f4062d03033c519a155ddd444c4e8c4
Acanthurus lineatus,467757624,https://inaturalist-open-data.s3.amazonaws.com/photos/467757624/medium.jpg,CC-BY 4.0,Pierre Pericard,ppericard,2025-01-22,https://www.inaturalist.org/observations/260463328,"© Pierre Pericard, some rights reserved (CC-BY)",0ccb7f7641e245e87f619f5c8967f7e52da17e8c624770ff8e31153a47c91ddd
Acanthurus lineatus,329855916,https://inaturalist-open-data.s3.amazonaws.com/photos/329855916/medium.jpg,CC-BY 4.0,libby hepburn,libbyhepburn,2023-10-09,https://www.inaturalist.org/observations/188466438,"© libby hepburn, some rights reserved (CC-BY)",430fe0d5a03e7858ceb95d629f20d485d93213c918c969e6c33ec4749a12cb2f
Acanthurus lineatus,483494222,https://inaturalist-open-data.s3.amazonaws.com/photos/483494222/medium.jpeg,CC-BY 4.0,Jan Ebr &amp; Ivana Ebrová,opisska,2025-03-14,https://www.inaturalist.org/observations/268955185,"© Jan Ebr &amp; Ivana Ebrová, some rights reserved (CC-BY)",b3fcf3a3742f241ed391360e895323fcdcfb341ee4126aa8220e2897366f421f
Acanthurus lineatus,384765600,https://inaturalist-open-data.s3.amazonaws.com/photos/384765600/medium.jpg,CC-BY 4.0,portioid,portioid,2024-05-14,https://www.inaturalist.org/observations/217495311,"© portioid, some rights reserved (CC-BY)",eaecf96ea780f7327ecc120f9b4ee2ac9c0c51c176274d7299d0ff479df47b60
Acanthurus lineatus,384765564,https://inaturalist-open-data.s3.amazonaws.com/photos/384765564/medium.jpg,CC-BY 4.0,portioid,portioid,2024-05-14,https://www.inaturalist.org/observations/217495311,"© portioid, some rights reserved (CC-BY)",d1639950c73841a5d4c706c9b4e9e7241bfc438a9549916ae9261d76da49566c
Acanthurus lineatus,94641540,https://inaturalist-open-data.s3.amazonaws.com/photos/94641540/medium.jpeg,CC-BY 4.0,Yves Bas,yvesbas,2010-12-24,https://www.inaturalist.org/observations/59239299,"© Yves Bas, some rights reserved (CC-BY)",550721c87f69f80ca81dde3c45b25cf3064b5cd3835515a044b71be335eeae7b
Siganus vulpinus,559191155,https://inaturalist-open-data.s3.amazonaws.com/photos/559191155/medium.jpg,CC-BY 4.0,Debra Baker,quokka2,2025-08-11,https://www.inaturalist.org/observations/309867066,"© Debra Baker, some rights reserved (CC-BY)",6cc10a9abcdccd8c8787117eaa34407df1e89860201ede32bd6d717e7e5b37be
Siganus vulpinus,349969103,https://inaturalist-open-data.s3.amazonaws.com/photos/349969103/medium.jpeg,CC-BY 4.0,Oscar Dove,oscar_dove,2023-09-17,https://www.inaturalist.org/observations/198545308,"© Oscar Dove, some rights reserved (CC-BY)",e7ce49fd4e3eab5f2df1292cf2209e9489e1dd61306c26ea83e9ec7ab1ec2bbc
Siganus vulpinus,715645527,https://inaturalist-open-data.s3.amazonaws.com/photos/715645527/medium.jpg,CC-BY 4.0,Jonathan Curley,curleycurlew,2026-08-01,https://www.inaturalist.org/observations/390615099,"© Jonathan Curley, some rights reserved (CC-BY)",448ec38ecdcd5920834fd1240b57f55bd8fbe734e343d5c3dff9e56bb51d2a6a
Siganus vulpinus,128388467,https://inaturalist-open-data.s3.amazonaws.com/photos/128388467/medium.jpeg,CC-BY 4.0,Bruce Deagle,brucedeagle,2021-04-28,https://www.inaturalist.org/observations/78452469,"© Bruce Deagle, some rights reserved (CC-BY)",1d9a22edf37f7361489cb2587021b2501bff7cb8ca455e5add1e94df22ca8983
Siganus vulpinus,128388434,https://inaturalist-open-data.s3.amazonaws.com/photos/128388434/medium.jpeg,CC-BY 4.0,Bruce Deagle,brucedeagle,2021-04-28,https://www.inaturalist.org/observations/78452469,"© Bruce Deagle, some rights reserved (CC-BY)",812fa6529adf44fd6a07748fc72c37cb2ebdaeff382448b27c02500d3fccf99e
Siganus vulpinus,432974267,https://inaturalist-open-data.s3.amazonaws.com/photos/432974267/medium.jpg,CC-BY 4.0,Bernard DUPONT,berniedup,2024-09-20,https://www.inaturalist.org/observations/242850034,"© Bernard DUPONT, some rights reserved (CC-BY)",5a5bc9bb1aefba12e96313493119738fad4102e6b719f60ff19c4c2b2c39be1c
Siganus vulpinus,444243642,https://inaturalist-open-data.s3.amazonaws.com/photos/444243642/medium.jpeg,CC-BY 4.0,Tim,twan3253,2024-06-14,https://www.inaturalist.org/observations/248608058,"© Tim, some rights reserved (CC-BY)",e1a4269b3604ef37c7cf94ffdb8c501e39236905d4d798364afc9fd6d178589e
Siganus vulpinus,184866223,https://inaturalist-open-data.s3.amazonaws.com/photos/184866223/medium.jpg,CC-BY 4.0,Andrew Parker,parkera80,2017-02-20,https://www.inaturalist.org/observations/109663629,"© Andrew Parker, some rights reserved (CC-BY)",a3cd0526f06bb1e6e6eef092495cd6eda58c4eaa04735fabad01b69f0f35dfa8
Siganus vulpinus,624652909,https://inaturalist-open-data.s3.amazonaws.com/photos/624652909/medium.jpg,CC-BY 4.0,Nicola Crockford,nicolacrockford,2026-01-30,https://www.inaturalist.org/observations/342969931,"© Nicola Crockford, some rights reserved (CC-BY)",0d2ac46e5e73a20d5534a5f2752e129de3e89201660442f0bb37445bf8b2677e
Siganus vulpinus,697735090,https://inaturalist-open-data.s3.amazonaws.com/photos/697735090/medium.jpg,CC-BY 4.0,Charlotte Sutton,charlotte_sutton1,2026-07-14,https://www.inaturalist.org/observations/381331847,"© Charlotte Sutton, some rights reserved (CC-BY)",55fc74a20108ae5af4a30539be862b8bf783a49877cc6518a033603e234bd5e3
Siganus vulpinus,697735099,https://inaturalist-open-data.s3.amazonaws.com/photos/697735099/medium.jpg,CC-BY 4.0,Charlotte Sutton,charlotte_sutton1,2026-07-14,https://www.inaturalist.org/observations/381331847,"© Charlotte Sutton, some rights reserved (CC-BY)",3f4ead91a884e0f6f7aa6a68a0e7e6c79de46cf16803f25cd6c75e2f44b18815
Siganus vulpinus,697735034,https://inaturalist-open-data.s3.amazonaws.com/photos/697735034/medium.jpg,CC-BY 4.0,Charlotte Sutton,charlotte_sutton1,2026-07-14,https://www.inaturalist.org/observations/381331847,"© Charlotte Sutton, some rights reserved (CC-BY)",6ec82b4e0fd8242480235c9324f85e215d77502913ecd639ca05a58c6d0c17fe
Siganus vulpinus,463479706,https://inaturalist-open-data.s3.amazonaws.com/photos/463479706/medium.jpg,CC-BY 4.0,Piotr Lukasik,sympiotr,2024-12-30,https://www.inaturalist.org/observations/258341358,"© Piotr Lukasik, some rights reserved (CC-BY)",04f9d13fef042d3952a9ae20e3d47eca926f493e43cadb17b3b5c680022eb0f9
Siganus vulpinus,708880183,https://inaturalist-open-data.s3.amazonaws.com/photos/708880183/medium.jpg,CC-BY 4.0,Neal Kelso,nealkelso,2026-07-30,https://www.inaturalist.org/observations/387135509,"© Neal Kelso, some rights reserved (CC-BY)",10c05a5435aa5a01210d57bb75a3713f62c4136caf5e7212b5f34bc8d5880735
Siganus vulpinus,556928228,https://inaturalist-open-data.s3.amazonaws.com/photos/556928228/medium.jpg,CC-BY 4.0,Bernard DUPONT,berniedup,2025-06-20,https://www.inaturalist.org/observations/308680569,"© Bernard DUPONT, some rights reserved (CC-BY)",5d360790516e86251677df9898632acdc165d8284451d416e07d4a57a3ffb999
Siganus vulpinus,564067243,https://inaturalist-open-data.s3.amazonaws.com/photos/564067243/medium.jpg,CC-BY 4.0,Debra Baker,quokka2,2025-09-05,https://www.inaturalist.org/observations/312420590,"© Debra Baker, some rights reserved (CC-BY)",8b22705fe465f755aa28eb321ed47f9391d688db515cc21ea95a8548124a8343
Siganus vulpinus,485350726,https://inaturalist-open-data.s3.amazonaws.com/photos/485350726/medium.jpeg,CC-BY 4.0,呂一起(Lyu yi-chi),pchi45,2025-04-02,https://www.inaturalist.org/observations/269908352,"© 呂一起(Lyu yi-chi), some rights reserved (CC-BY)",bcaadee297e67c30461edf23d485344a1316317be4cc11a377c0411299b71da4
Siganus vulpinus,485350735,https://inaturalist-open-data.s3.amazonaws.com/photos/485350735/medium.jpeg,CC-BY 4.0,呂一起(Lyu yi-chi),pchi45,2025-04-02,https://www.inaturalist.org/observations/269908352,"© 呂一起(Lyu yi-chi), some rights reserved (CC-BY)",b5fad00afd0c153c4849dd888979768b4919208b82ff05592e3ac94abf9731fd
Siganus vulpinus,485350715,https://inaturalist-open-data.s3.amazonaws.com/photos/485350715/medium.jpeg,CC-BY 4.0,呂一起(Lyu yi-chi),pchi45,2025-04-02,https://www.inaturalist.org/observations/269908352,"© 呂一起(Lyu yi-chi), some rights reserved (CC-BY)",3dddfce975b7fd525b189bc2c7ba5bc0a7d7003f2a6a1f04b660bbdede3a5553
Siganus vulpinus,661094561,https://inaturalist-open-data.s3.amazonaws.com/photos/661094561/medium.jpg,CC-BY 4.0,Ben Costamagna,bencostamagna,2026-05-15,https://www.inaturalist.org/observations/362216513,"© Ben Costamagna, some rights reserved (CC-BY)",847f3b405ef4208a0d70d253ef5dd426f2c94f19fb278860bb65d25a7a6c2a6e
Siganus vulpinus,661392576,https://inaturalist-open-data.s3.amazonaws.com/photos/661392576/medium.jpg,CC-BY 4.0,Ben Costamagna,bencostamagna,2026-05-15,https://www.inaturalist.org/observations/362374924,"© Ben Costamagna, some rights reserved (CC-BY)",5ec04f69b62d5d7f324708cc3cee020cdca51126a3c64e3592904f443fc8f28c
Siganus vulpinus,703825318,https://inaturalist-open-data.s3.amazonaws.com/photos/703825318/medium.jpg,CC-BY 4.0,Hugh Chan,nugn,2026-07-24,https://www.inaturalist.org/observations/384489499,"© Hugh Chan, some rights reserved (CC-BY)",c64aee6ac7e14b002c50228bf4a86af88ac972499bf30c94aed6e66f770fd89a
Siganus vulpinus,624652913,https://inaturalist-open-data.s3.amazonaws.com/photos/624652913/medium.jpg,CC-BY 4.0,Nicola Crockford,nicolacrockford,2026-01-31,https://www.inaturalist.org/observations/342969934,"© Nicola Crockford, some rights reserved (CC-BY)",3df5c6c1d4b822687ba7a1060260a4fdc466e3dbdf75618f64117ebe785403ba
Siganus vulpinus,28378008,https://inaturalist-open-data.s3.amazonaws.com/photos/28378008/medium.jpeg,CC-BY 4.0,Valentin Moser,vmoser,2018-11-21,https://www.inaturalist.org/observations/18549556,"© Valentin Moser, some rights reserved (CC-BY)",0ea483036fd622d887189ad833502a914d26bc0cc95241f872a751d16dc52c9d
Siganus vulpinus,329855726,https://inaturalist-open-data.s3.amazonaws.com/photos/329855726/medium.jpg,CC-BY 4.0,libby hepburn,libbyhepburn,2023-10-09,https://www.inaturalist.org/observations/188466407,"© libby hepburn, some rights reserved (CC-BY)",9de203ded51e9e8ce3abe0e6aad07d84f1a8ba8dee5f77655f7d5fc0b0ba2def
Siganus vulpinus,701369647,https://inaturalist-open-data.s3.amazonaws.com/photos/701369647/medium.jpg,CC-BY 4.0,Jan Ebr &amp; Ivana Ebrová,opisska,2026-07-04,https://www.inaturalist.org/observations/383218400,"© Jan Ebr &amp; Ivana Ebrová, some rights reserved (CC-BY)",45a310f6f166438048462975196dc390e003a9e7b2a543213951a5576a508947
