species,photo_id,url,license,author,author_login,observed_on,source_page,attribution,sha256
Epinephelus marginatus,74787632,https://inaturalist-open-data.s3.amazonaws.com/photos/74787632/medium.jpeg,CC-BY 4.0,Fábio Olmos,fabio_olmos,2014-07-06,https://www.inaturalist.org/observations/47162116,"© Fábio Olmos, some rights reserved (CC-BY)",4ac626522334a021782e2ad5a3df2bfe7de48ac10ea3c6d7711cf3844479b6b0
Epinephelus marginatus,524405508,https://inaturalist-open-data.s3.amazonaws.com/photos/524405508/medium.jpg,CC-BY 4.0,Donald Davesne,donalddavesne,2025-06-09,https://www.inaturalist.org/observations/291461540,"© Donald Davesne, some rights reserved (CC-BY)",46a0b76583f90f44b1e49cf33c5d0abb1c107941459afc431ad0ab56230d774c
Epinephelus marginatus,524405465,https://inaturalist-open-data.s3.amazonaws.com/photos/524405465/medium.jpg,CC-BY 4.0,Donald Davesne,donalddavesne,2025-06-09,https://www.inaturalist.org/observations/291461540,"© Donald Davesne, some rights reserved (CC-BY)",343eaacf419d256ac013d1b9b41de4f84fb69ef8015c67baeb99b124cbcacdaa
Epinephelus marginatus,135730263,https://inaturalist-open-data.s3.amazonaws.com/photos/135730263/medium.jpg,CC-BY 4.0,jeyre,jeyre,2016-08-03,https://www.inaturalist.org/observations/82684867,"© jeyre, some rights reserved (CC-BY)",09aae8e57e5158784dc475ff1b3aa01242970a7941ded2971ef1b5ba6ff0458a
Epinephelus marginatus,445888480,https://inaturalist-open-data.s3.amazonaws.com/photos/445888480/medium.jpeg,CC-BY 4.0,Michael Bommerer,michael_bommerer,2024-10-28,https://www.inaturalist.org/observations/249435648,"© Michael Bommerer, some rights reserved (CC-BY)",8d947058fbed0281e76b5fc71b981d9128f2a4b94b95f57e1c242ba06c56e655
Epinephelus marginatus,445888519,https://inaturalist-open-data.s3.amazonaws.com/photos/445888519/medium.jpeg,CC-BY 4.0,Michael Bommerer,michael_bommerer,2024-10-28,https://www.inaturalist.org/observations/249435648,"© Michael Bommerer, some rights reserved (CC-BY)",d9e040a83bf700317c3bb92cdbd3bb180f1cfc3d25e5829ce2f07f8876b83a20
Epinephelus marginatus,445888559,https://inaturalist-open-data.s3.amazonaws.com/photos/445888559/medium.jpeg,CC-BY 4.0,Michael Bommerer,michael_bommerer,2024-10-28,https://www.inaturalist.org/observations/249435648,"© Michael Bommerer, some rights reserved (CC-BY)",1db626c732d2cc740cdee8c96d8f48063ebad69ec1db47aaa21b5511debc1084
Epinephelus marginatus,379479814,https://inaturalist-open-data.s3.amazonaws.com/photos/379479814/medium.jpg,CC-BY 4.0,Michael Bommerer,michael_bommerer,2024-05-08,https://www.inaturalist.org/observations/214679131,"© Michael Bommerer, some rights reserved (CC-BY)",62cd2134b4d2b8e68256ce53e40f639fafad773322317254356f86a2918c526e
Epinephelus marginatus,379479841,https://inaturalist-open-data.s3.amazonaws.com/photos/379479841/medium.jpg,CC-BY 4.0,Michael Bommerer,michael_bommerer,2024-05-08,https://www.inaturalist.org/observations/214679131,"© Michael Bommerer, some rights reserved (CC-BY)",6770eafd3fd7104eada69fec5986d5be8d2e3a4be4568817895d735d698b2415
Epinephelus marginatus,91422527,https://inaturalist-open-data.s3.amazonaws.com/photos/91422527/medium.jpeg,CC-BY 4.0,Katerina Kalogerini,katerinakalogerini,2020-08-23,https://www.inaturalist.org/observations/57322066,"© Katerina Kalogerini, some rights reserved (CC-BY)",c83f614b96c80e0352733a23eecf7a02994341592cd9afd5b0ba14fc3e0390e4
Epinephelus marginatus,91422549,https://inaturalist-open-data.s3.amazonaws.com/photos/91422549/medium.jpeg,CC-BY 4.0,Katerina Kalogerini,katerinakalogerini,2020-08-23,https://www.inaturalist.org/observations/57322066,"© Katerina Kalogerini, some rights reserved (CC-BY)",5a1d36dfbeb2236e92642339796b1fb45defdc4e69598ef0a9c06468f652a575
Epinephelus marginatus,91422586,https://inaturalist-open-data.s3.amazonaws.com/photos/91422586/medium.jpeg,CC-BY 4.0,Katerina Kalogerini,katerinakalogerini,2020-08-23,https://www.inaturalist.org/observations/57322066,"© Katerina Kalogerini, some rights reserved (CC-BY)",3dbd410d82c0cee781b1cb4331bc8b5b4d99a42f7d04d062dec88d805202ad0c
Epinephelus marginatus,91422603,https://inaturalist-open-data.s3.amazonaws.com/photos/91422603/medium.jpeg,CC-BY 4.0,Katerina Kalogerini,katerinakalogerini,2020-08-23,https://www.inaturalist.org/observations/57322066,"© Katerina Kalogerini, some rights reserved (CC-BY)",4ae27256d62afad7efc729e007aea8ce3ce5fa7138644d79aa49e4108ddf79fa
Epinephelus marginatus,424453413,https://inaturalist-open-data.s3.amazonaws.com/photos/424453413/medium.jpeg,CC-BY 4.0,Michael Bommerer,michael_bommerer,2024-08-27,https://www.inaturalist.org/observations/238413618,"© Michael Bommerer, some rights reserved (CC-BY)",c4998bbaae7c79e47e2a1252a5d2c8f0d39046e1a69e970a55aee8fbb25809b5
Epinephelus marginatus,424453539,https://inaturalist-open-data.s3.amazonaws.com/photos/424453539/medium.jpeg,CC-BY 4.0,Michael Bommerer,michael_bommerer,2024-08-27,https://www.inaturalist.org/observations/238413618,"© Michael Bommerer, some rights reserved (CC-BY)",b8fd5520ec47deb59eb0b211e76783814ee43d444e539b5b2d4a44b0528ec20f
Epinephelus marginatus,393156623,https://inaturalist-open-data.s3.amazonaws.com/photos/393156623/medium.jpeg,CC-BY 4.0,Chris Taklis,ctaklis,2024-06-09,https://www.inaturalist.org/observations/221976400,"© Chris Taklis, some rights reserved (CC-BY)",e538aa082fa06d9cdcbed20f47c02657b93803b3fbaa0496ba2c1380a8d7b9d9
Epinephelus marginatus,393156479,https://inaturalist-open-data.s3.amazonaws.com/photos/393156479/medium.jpeg,CC-BY 4.0,Chris Taklis,ctaklis,2024-06-09,https://www.inaturalist.org/observations/221976400,"© Chris Taklis, some rights reserved (CC-BY)",9213e69a299567529e2feed054a11c5172712259d8a04f44f3493b6d6f555c8e
Epinephelus marginatus,393156473,https://inaturalist-open-data.s3.amazonaws.com/photos/393156473/medium.jpeg,CC-BY 4.0,Chris Taklis,ctaklis,2024-06-09,https://www.inaturalist.org/observations/221976400,"© Chris Taklis, some rights reserved (CC-BY)",7f46eb0ef45063bc149095b9ecf45be89fb92c1bf2a266284d55107dc1461207
Epinephelus marginatus,555245209,https://inaturalist-open-data.s3.amazonaws.com/photos/555245209/medium.jpg,CC-BY 4.0,Sergio Garrido Villa,sergiogarrido,2025-08-18,https://www.inaturalist.org/observations/307822122,"© Sergio Garrido Villa, some rights reserved (CC-BY)",bc637d312bd0c232aa61dabdb94dd19a3ef38a903857805c3bfd6fce445faa0f
Epinephelus marginatus,555245208,https://inaturalist-open-data.s3.amazonaws.com/photos/555245208/medium.jpg,CC-BY 4.0,Sergio Garrido Villa,sergiogarrido,2025-08-18,https://www.inaturalist.org/observations/307822122,"© Sergio Garrido Villa, some rights reserved (CC-BY)",9dc10eefb567b0d3e54e57656e59a47facbbfa63da17c139b376d0c9adf804b0
Epinephelus marginatus,555245225,https://inaturalist-open-data.s3.amazonaws.com/photos/555245225/medium.jpg,CC-BY 4.0,Sergio Garrido Villa,sergiogarrido,2025-08-18,https://www.inaturalist.org/observations/307822122,"© Sergio Garrido Villa, some rights reserved (CC-BY)",31020010a80475ffe0d64e7b9b21a87c12a409a2c20cfd42d98225a202c07431
Epinephelus marginatus,546019352,https://inaturalist-open-data.s3.amazonaws.com/photos/546019352/medium.jpg,CC-BY 4.0,Dan Wrench,dantn,2025-08-01,https://www.inaturalist.org/observations/302958338,"© Dan Wrench, some rights reserved (CC-BY)",a1aa3c9ff4a9b8284d7d6a620425018e007ac7a1ea8d60b6dfa62e3904f66c26
Epinephelus marginatus,520337400,https://inaturalist-open-data.s3.amazonaws.com/photos/520337400/medium.jpg,CC-BY 4.0,Charlotte Kirchner,charlottekirchner,2025-06-13,https://www.inaturalist.org/observations/289304075,"© Charlotte Kirchner, some rights reserved (CC-BY)",5711e4d745ad5b193806abcb7e4c0bb0abe403df27976bca757a899d49ca4573
Epinephelus marginatus,222485532,https://inaturalist-open-data.s3.amazonaws.com/photos/222485532/medium.jpg,CC-BY 4.0,Sarah Faulwetter,sarahfaulwetter,2007-06-23,https://www.inaturalist.org/observations/130796312,"© Sarah Faulwetter, some rights reserved (CC-BY)",a40de972caedf7c02975bac6bbba4136274fe391a13ac8d2c44da4a5a7d91624
Epinephelus marginatus,546281917,https://inaturalist-open-data.s3.amazonaws.com/photos/546281917/medium.jpg,CC-BY 4.0,Sarah Faulwetter,sarahfaulwetter,2025-08-02,https://www.inaturalist.org/observations/303101928,"© Sarah Faulwetter, some rights reserved (CC-BY)",5ab010fcbbe4809ed068ca68f95bdb5014e6fecbd5019bc810979596be3063e2
Epinephelus marginatus,261072999,https://inaturalist-open-data.s3.amazonaws.com/photos/261072999/medium.jpg,CC-BY 4.0,Donald Davesne,donalddavesne,2022-12-23,https://www.inaturalist.org/observations/151321547,"© Donald Davesne, some rights reserved (CC-BY)",7e3f04deb34b51cc9c92e28d7073a372d2bc6fbdaca0a6fc5f2df93b4b25c7f0
Epinephelus marginatus,261072987,https://inaturalist-open-data.s3.amazonaws.com/photos/261072987/medium.jpg,CC-BY 4.0,Donald Davesne,donalddavesne,2022-12-23,https://www.inaturalist.org/observations/151321547,"© Donald Davesne, some rights reserved (CC-BY)",38680c09aea23a40acd35daa7f9a9d176d7934bc830494f0df76564ce1eb32ff
Epinephelus marginatus,261073048,https://inaturalist-open-data.s3.amazonaws.com/photos/261073048/medium.jpg,CC-BY 4.0,Donald Davesne,donalddavesne,2022-12-23,https://www.inaturalist.org/observations/151321547,"© Donald Davesne, some rights reserved (CC-BY)",fa6ed897ecb16a36a31f9efbb8b4a19d0a1c08b4f336f2f70d947f16657c311a
Epinephelus marginatus,524405357,https://inaturalist-open-data.s3.amazonaws.com/photos/524405357/medium.jpg,CC-BY 4.0,Donald Davesne,donalddavesne,2025-06-09,https://www.inaturalist.org/observations/291461532,"© Donald Davesne, some rights reserved (CC-BY)",d1ae0f06bf4c85cb705f777523ed7d00ec9a4cce7cbe9c8f9565a9c62507045d
Epinephelus marginatus,524405369,https://inaturalist-open-data.s3.amazonaws.com/photos/524405369/medium.jpg,CC-BY 4.0,Donald Davesne,donalddavesne,2025-06-09,https://www.inaturalist.org/observations/291461532,"© Donald Davesne, some rights reserved (CC-BY)",c852ca5396f8a295583fa0efc76f02a7a5e5a56a9efc1231fe049bd5143156c4
Coris julis,508415688,https://inaturalist-open-data.s3.amazonaws.com/photos/508415688/medium.jpg,CC-BY 4.0,Selim Türeli,selimtureli,2025-05-19,https://www.inaturalist.org/observations/282965904,"© Selim Türeli, some rights reserved (CC-BY)",de8c69fecde98ab6a43926c997c95bb5490438233647caab49c5218738188af3
Coris julis,508415760,https://inaturalist-open-data.s3.amazonaws.com/photos/508415760/medium.jpg,CC-BY 4.0,Selim Türeli,selimtureli,2025-05-19,https://www.inaturalist.org/observations/282965904,"© Selim Türeli, some rights reserved (CC-BY)",411bf6de2b3b519bbae6382aa14051d90397f0b099f977795050e6cbcdca07ca
Coris julis,150634644,https://inaturalist-open-data.s3.amazonaws.com/photos/150634644/medium.jpeg,CC-BY 4.0,Thomas Dreux,thomtom,2021-07-30,https://www.inaturalist.org/observations/91101796,"© Thomas Dreux, some rights reserved (CC-BY)",fd3b58130ada3eca9ca6c8cc7c2f1ff5d9ae59185a980caf0d17b4077c752123
Coris julis,150634652,https://inaturalist-open-data.s3.amazonaws.com/photos/150634652/medium.jpeg,CC-BY 4.0,Thomas Dreux,thomtom,2021-07-30,https://www.inaturalist.org/observations/91101796,"© Thomas Dreux, some rights reserved (CC-BY)",fbaa25988ba81da9206a7ee3dc4db6bb533550b9cb2c811ab51f558a09b451cf
Coris julis,150634674,https://inaturalist-open-data.s3.amazonaws.com/photos/150634674/medium.jpeg,CC-BY 4.0,Thomas Dreux,thomtom,2021-07-30,https://www.inaturalist.org/observations/91101796,"© Thomas Dreux, some rights reserved (CC-BY)",97c52324d4ba5d9e40e0bd4a2a1f9bf74fb3c5a7113aa45604fa36aa0dceaf4c
Coris julis,364881584,https://inaturalist-open-data.s3.amazonaws.com/photos/364881584/medium.jpeg,CC-BY 4.0,Nicola Crockford,nicolacrockford,2021-09-13,https://www.inaturalist.org/observations/206307897,"© Nicola Crockford, some rights reserved (CC-BY)",4490dd4841424abc19967d0e8b2a705e1696779f2c43327311f0f8e08e5b54b2
Coris julis,427879056,https://inaturalist-open-data.s3.amazonaws.com/photos/427879056/medium.jpeg,CC-BY 4.0,Sarah Faulwetter,sarahfaulwetter,2024-09-06,https://www.inaturalist.org/observations/240189337,"© Sarah Faulwetter, some rights reserved (CC-BY)",3fc4775809b8b67ed2bee4ef3fa80ee0ae61994b685d039278b13aaf62104096
Coris julis,334218347,https://inaturalist-open-data.s3.amazonaws.com/photos/334218347/medium.jpeg,CC-BY 4.0,Yannick Brenz,pirminfly,2023-10-14,https://www.inaturalist.org/observations/190625949,"© Yannick Brenz, some rights reserved (CC-BY)",8b7c6521ac7cd935e3eebaed0e7cc1c2df6aae343ae3fbf48947a826d86c4f74
Coris julis,314380081,https://inaturalist-open-data.s3.amazonaws.com/photos/314380081/medium.jpeg,CC-BY 4.0,Sarah Faulwetter,sarahfaulwetter,2023-08-27,https://www.inaturalist.org/observations/180477737,"© Sarah Faulwetter, some rights reserved (CC-BY)",cb704f28c12cc764eb5389238f26bac1f67db7bb8c84fa08e5920b4b3a7b3019
Coris julis,359529390,https://inaturalist-open-data.s3.amazonaws.com/photos/359529390/medium.jpeg,CC-BY 4.0,Tim Parker,n0xas,2005-07-22,https://www.inaturalist.org/observations/203486808,"© Tim Parker, some rights reserved (CC-BY)",04d643e894b5a6d4ccc5ef8086963b2346e248b138c4c8763609f3a92eb7bc13
Coris julis,465775832,https://inaturalist-open-data.s3.amazonaws.com/photos/465775832/medium.jpg,CC-BY 4.0,Selim Türeli,selimtureli,2022-06-25,https://www.inaturalist.org/observations/259467032,"© Selim Türeli, some rights reserved (CC-BY)",146ee2dbc93889dcf91c70cd9983b8a782f01443cfe03e454bee3db53b0bcd28
Coris julis,696549412,https://inaturalist-open-data.s3.amazonaws.com/photos/696549412/medium.jpg,CC-BY 4.0,Gonzalo Colomer,gonzalocolomer2,2026-07-12,https://www.inaturalist.org/observations/380718566,"© Gonzalo Colomer, some rights reserved (CC-BY)",17fe7fddfb0b32c3a1fffb623877a5c6b3f45dcade938debf51e7b31edca6ab8
Coris julis,553355926,https://inaturalist-open-data.s3.amazonaws.com/photos/553355926/medium.jpg,CC-BY 4.0,Davide,dedde,2025-08-16,https://www.inaturalist.org/observations/306825826,"© Davide, some rights reserved (CC-BY)",8501f926d22bb43c25455c1862896e0efe83e265c4e74039149bfe40d94204d8
Coris julis,553356058,https://inaturalist-open-data.s3.amazonaws.com/photos/553356058/medium.jpg,CC-BY 4.0,Davide,dedde,2025-08-16,https://www.inaturalist.org/observations/306825826,"© Davide, some rights reserved (CC-BY)",7f995afe69c36936c91bd22546287569a8ae6d82ce525b7b7ca9ee830df2aec1
Coris julis,553355937,https://inaturalist-open-data.s3.amazonaws.com/photos/553355937/medium.jpg,CC-BY 4.0,Davide,dedde,2025-08-16,https://www.inaturalist.org/observations/306825826,"© Davide, some rights reserved (CC-BY)",f12cad040e1ed98a7bff07b56675ebafdea5305ee77a7ad689560c1ade053c24
Coris julis,133106401,https://inaturalist-open-data.s3.amazonaws.com/photos/133106401/medium.jpg,CC-BY 4.0,Donald Davesne,donalddavesne,2021-05-17,https://www.inaturalist.org/observations/81170173,"© Donald Davesne, some rights reserved (CC-BY)",b7632cd4d789e7613a7d277c1902dcd0b97943cf4bee0b62e05d34924d30cb55
Coris julis,151781216,https://inaturalist-open-data.s3.amazonaws.com/photos/151781216/medium.jpg,CC-BY 4.0,Ernesto Fernandez Polcuch,efpolcuch,2021-08-18,https://www.inaturalist.org/observations/91731223,"© Ernesto Fernandez Polcuch, some rights reserved (CC-BY)",e67ebab34774d2d9f6a138270c26dfbbd22663ac5fdf93a8e3149f610792e5da
Coris julis,151781224,https://inaturalist-open-data.s3.amazonaws.com/photos/151781224/medium.jpg,CC-BY 4.0,Ernesto Fernandez Polcuch,efpolcuch,2021-08-18,https://www.inaturalist.org/observations/91731223,"© Ernesto Fernandez Polcuch, some rights reserved (CC-BY)",fb7b436077399e418389976f7a8928aad88711672d3dc6d67a9cbe89bc00a8d4
Coris julis,151781231,https://inaturalist-open-data.s3.amazonaws.com/photos/151781231/medium.jpg,CC-BY 4.0,Ernesto Fernandez Polcuch,efpolcuch,2021-08-18,https://www.inaturalist.org/observations/91731223,"© Ernesto Fernandez Polcuch, some rights reserved (CC-BY)",2fbdc7b43545cd8711d9a76936625f846af6e0725928d6ddddd24e8a79b5f37e
Coris julis,314600827,https://inaturalist-open-data.s3.amazonaws.com/photos/314600827/medium.jpeg,CC-BY 4.0,Gabriele Pradelli,gabriele_pradelli,2023-08-26,https://www.inaturalist.org/observations/180589394,"© Gabriele Pradelli, some rights reserved (CC-BY)",ad596f25156e85d2c9ea1e4e1ee210f85b4d0ad3e93395bbb789a34ed8f9ec1d
Coris julis,314600851,https://inaturalist-open-data.s3.amazonaws.com/photos/314600851/medium.jpeg,CC-BY 4.0,Gabriele Pradelli,gabriele_pradelli,2023-08-26,https://www.inaturalist.org/observations/180589394,"© Gabriele Pradelli, some rights reserved (CC-BY)",1a76ba9e8d715d0fc716275ecc9a4afd6357af981bb76084d0a8dd71bd4dd3f7
Coris julis,353812755,https://inaturalist-open-data.s3.amazonaws.com/photos/353812755/medium.jpeg,CC-BY 4.0,Gabriele Pradelli,gabriele_pradelli,2023-08-26,https://www.inaturalist.org/observations/180589394,"© Gabriele Pradelli, some rights reserved (CC-BY)",c12000baaf0d591d6be10f0381606060569f926246baf83d8991634a8fb2a02c
Coris julis,353812754,https://inaturalist-open-data.s3.amazonaws.com/photos/353812754/medium.jpeg,CC-BY 4.0,Gabriele Pradelli,gabriele_pradelli,2023-08-26,https://www.inaturalist.org/observations/180589394,"© Gabriele Pradelli, some rights reserved (CC-BY)",393bb5f2f9353ef8149043a5cf82acb28d7eee564f4872293788b37ea1cbd592
Coris julis,353812752,https://inaturalist-open-data.s3.amazonaws.com/photos/353812752/medium.jpeg,CC-BY 4.0,Gabriele Pradelli,gabriele_pradelli,2023-08-26,https://www.inaturalist.org/observations/180589394,"© Gabriele Pradelli, some rights reserved (CC-BY)",8748f6c6e40a05050e67194f0e48542d71f51b4f51f8b4111440d82c70fc4a0a
Coris julis,353812753,https://inaturalist-open-data.s3.amazonaws.com/photos/353812753/medium.jpeg,CC-BY 4.0,Gabriele Pradelli,gabriele_pradelli,2023-08-26,https://www.inaturalist.org/observations/180589394,"© Gabriele Pradelli, some rights reserved (CC-BY)",3c558a71e9bd99d574c3a7ab988cbeac36d7aebaa74f76628a1ffb9403c8c770
Coris julis,712390865,https://inaturalist-open-data.s3.amazonaws.com/photos/712390865/medium.jpg,CC-BY 4.0,Gavin Skeen,gavin_skeen,2026-07-27,https://www.inaturalist.org/observations/388963598,"© Gavin Skeen, some rights reserved (CC-BY)",fd00669634cace88a0e2b9a23006498391acff87aa5d6dbc1db2c66965695ea6
Coris julis,564044069,https://inaturalist-open-data.s3.amazonaws.com/photos/564044069/medium.jpg,CC-BY 4.0,Chris Taklis,ctaklis,2025-09-07,https://www.inaturalist.org/observations/312408466,"© Chris Taklis, some rights reserved (CC-BY)",a722cc6e1ae10d3fc2754434ae500f1b65ff6965049c6c5c0a11e89bc6bba6e3
Thalassoma pavo,2379956,https://inaturalist-open-data.s3.amazonaws.com/photos/2379956/medium.jpg,CC-BY 4.0,Nicholas Moray Williams,nicholas_williams,2010-08-27,https://www.inaturalist.org/observations/1943424,"© Nicholas Moray Williams, some rights reserved (CC-BY)",b76230a1c5b34d214a435b3e293a35fedd8dfe72a5003b20bc9d60aa07f0d55b
Thalassoma pavo,365804331,https://inaturalist-open-data.s3.amazonaws.com/photos/365804331/medium.jpeg,CC-BY 4.0,Nicola Crockford,nicolacrockford,2021-09-17,https://www.inaturalist.org/observations/206844391,"© Nicola Crockford, some rights reserved (CC-BY)",d0a4b04d74fcbc67de7948935503b36364fa32d120ea0010cd5ac8fe0ea2b493
Thalassoma pavo,456750425,https://inaturalist-open-data.s3.amazonaws.com/photos/456750425/medium.jpg,CC-BY 4.0,Donald Davesne,donalddavesne,2024-09-03,https://www.inaturalist.org/observations/254934360,"© Donald Davesne, some rights reserved (CC-BY)",6d851fd3e490617ea8e641788c8101f09ed8311b1cdb4f6d3887dd83be6df100
Thalassoma pavo,456750429,https://inaturalist-open-data.s3.amazonaws.com/photos/456750429/medium.jpg,CC-BY 4.0,Donald Davesne,donalddavesne,2024-09-03,https://www.inaturalist.org/observations/254934360,"© Donald Davesne, some rights reserved (CC-BY)",97a867a502eda4097c228069f8961b61ad5d5fb929f6fbf78bd818f2a7b29309
Thalassoma pavo,398619268,https://inaturalist-open-data.s3.amazonaws.com/photos/398619268/medium.jpg,CC-BY 4.0,Kai Murphy,kaimurphy,2024-06-24,https://www.inaturalist.org/observations/224875538,"© Kai Murphy, some rights reserved (CC-BY)",2b0a8e297d741b4ce4cf782a62b83108a9a87f6e1354f4baa736d1188503543a
Thalassoma pavo,398619297,https://inaturalist-open-data.s3.amazonaws.com/photos/398619297/medium.jpg,CC-BY 4.0,Kai Murphy,kaimurphy,2024-06-24,https://www.inaturalist.org/observations/224875538,"© Kai Murphy, some rights reserved (CC-BY)",6dd382c85298a1346673b3a244c63c5736353483482c1f4820c7534a193c3ec9
Thalassoma pavo,281766740,https://inaturalist-open-data.s3.amazonaws.com/photos/281766740/medium.jpeg,CC-BY 4.0,etrusko25,etrusko25,2023-05-21,https://www.inaturalist.org/observations/162936771,"© etrusko25, some rights reserved (CC-BY)",5c7f78a50c4160c5466b93a9badaf58a82b617a8adf62c1829a072acf8b45892
Thalassoma pavo,155985315,https://inaturalist-open-data.s3.amazonaws.com/photos/155985315/medium.jpeg,CC-BY 4.0,Jacek Pietruszewski,hyacinthus,2021-09-07,https://www.inaturalist.org/observations/94061941,"© Jacek Pietruszewski, some rights reserved (CC-BY)",2962a4af0fdfb392d99d7559945836720dd65eab6de8fdf6eb608f2cb1b0d630
Thalassoma pavo,155985328,https://inaturalist-open-data.s3.amazonaws.com/photos/155985328/medium.jpeg,CC-BY 4.0,Jacek Pietruszewski,hyacinthus,2021-09-07,https://www.inaturalist.org/observations/94061941,"© Jacek Pietruszewski, some rights reserved (CC-BY)",38ac0561b7eed87416a544d1a609898fbff9c329be7004fcab54ed399249cba8
Thalassoma pavo,155985344,https://inaturalist-open-data.s3.amazonaws.com/photos/155985344/medium.jpeg,CC-BY 4.0,Jacek Pietruszewski,hyacinthus,2021-09-07,https://www.inaturalist.org/observations/94061941,"© Jacek Pietruszewski, some rights reserved (CC-BY)",9fba9fddbfcf9b20584bd827d81d9cdaa0339ff12c02b758edbab664170e8ac2
Thalassoma pavo,155985353,https://inaturalist-open-data.s3.amazonaws.com/photos/155985353/medium.jpeg,CC-BY 4.0,Jacek Pietruszewski,hyacinthus,2021-09-07,https://www.inaturalist.org/observations/94061941,"© Jacek Pietruszewski, some rights reserved (CC-BY)",427468e831e0bf9d67b7f589becba4cfc1f41862a913216c6580bc50b0a98e26
Thalassoma pavo,155985369,https://inaturalist-open-data.s3.amazonaws.com/photos/155985369/medium.jpeg,CC-BY 4.0,Jacek Pietruszewski,hyacinthus,2021-09-07,https://www.inaturalist.org/observations/94061941,"© Jacek Pietruszewski, some rights reserved (CC-BY)",3a8f262f97662aac98e38064e6ac35f0428516199d872a1b0df9bb1381866cd2
Thalassoma pavo,155985385,https://inaturalist-open-data.s3.amazonaws.com/photos/155985385/medium.jpeg,CC-BY 4.0,Jacek Pietruszewski,hyacinthus,2021-09-07,https://www.inaturalist.org/observations/94061941,"© Jacek Pietruszewski, some rights reserved (CC-BY)",968138cbd0def0b93ad36be04bbd10c17ce8ea2f05108451fa6d5ff4177426bc
Thalassoma pavo,336209694,https://inaturalist-open-data.s3.amazonaws.com/photos/336209694/medium.jpeg,CC-BY 4.0,Charlotte Kirchner,charlottekirchner,2023-11-20,https://www.inaturalist.org/observations/191624099,"© Charlotte Kirchner, some rights reserved (CC-BY)",7e44e9843ff7e1daa8c7eef36d51e4ca0958f4058065b422469187b41735eb06
Thalassoma pavo,336209763,https://inaturalist-open-data.s3.amazonaws.com/photos/336209763/medium.jpeg,CC-BY 4.0,Charlotte Kirchner,charlottekirchner,2023-11-20,https://www.inaturalist.org/observations/191624099,"© Charlotte Kirchner, some rights reserved (CC-BY)",fa897c902c49a3970feca47d6f9dbf3367cbd7909263fb1e9a73b1a1f7d7f5f8
Thalassoma pavo,541301810,https://inaturalist-open-data.s3.amazonaws.com/photos/541301810/medium.jpg,CC-BY 4.0,Sofia Palini,sofia044,2025-07-23,https://www.inaturalist.org/observations/300424190,"© Sofia Palini, some rights reserved (CC-BY)",b3c93792769964fdb4e1bee24627ec506c5857a70c7437cb715a5c67b000b8ce
Thalassoma pavo,541301862,https://inaturalist-open-data.s3.amazonaws.com/photos/541301862/medium.jpg,CC-BY 4.0,Sofia Palini,sofia044,2025-07-23,https://www.inaturalist.org/observations/300424190,"© Sofia Palini, some rights reserved (CC-BY)",7fd067abb97e22e39178e9f0224257734c6857b7d358164eab14dcd748372c85
Thalassoma pavo,541303560,https://inaturalist-open-data.s3.amazonaws.com/photos/541303560/medium.jpg,CC-BY 4.0,Sofia Palini,sofia044,2025-07-23,https://www.inaturalist.org/observations/300424190,"© Sofia Palini, some rights reserved (CC-BY)",d3a929283721f11fcf56f87620c7cb96f4a64b61f515f6e9af5b7660bbedf074
Thalassoma pavo,541303593,https://inaturalist-open-data.s3.amazonaws.com/photos/541303593/medium.jpg,CC-BY 4.0,Sofia Palini,sofia044,2025-07-23,https://www.inaturalist.org/observations/300424190,"© Sofia Palini, some rights reserved (CC-BY)",55a03401a48c98d8d93f4e3c06c0a5553ad72d2cf2f8e6f8fc15b87da21ee6e6
Thalassoma pavo,541303627,https://inaturalist-open-data.s3.amazonaws.com/photos/541303627/medium.jpg,CC-BY 4.0,Sofia Palini,sofia044,2025-07-23,https://www.inaturalist.org/observations/300424190,"© Sofia Palini, some rights reserved (CC-BY)",3b5b6aec6c8e6e63719d29972b4e22cf5f6fe1afbd36c95a30060c014db0f5b2
Thalassoma pavo,425305821,https://inaturalist-open-data.s3.amazonaws.com/photos/425305821/medium.jpg,CC-BY 4.0,Eleftherios Katsillis,eleftherioskats,2024-08-30,https://www.inaturalist.org/observations/238857255,"© Eleftherios Katsillis, some rights reserved (CC-BY)",64fb75f4fd5781d5175d0036e97b4adb2926a6f8400a3cc0e565717bc583c730
Thalassoma pavo,425305775,https://inaturalist-open-data.s3.amazonaws.com/photos/425305775/medium.jpg,CC-BY 4.0,Eleftherios Katsillis,eleftherioskats,2024-08-30,https://www.inaturalist.org/observations/238857255,"© Eleftherios Katsillis, some rights reserved (CC-BY)",d07748827439ace729286e900cc313037c729bd43779a95919dcde658d2f4bdc
Thalassoma pavo,425305776,https://inaturalist-open-data.s3.amazonaws.com/photos/425305776/medium.jpg,CC-BY 4.0,Eleftherios Katsillis,eleftherioskats,2024-08-30,https://www.inaturalist.org/observations/238857255,"© Eleftherios Katsillis, some rights reserved (CC-BY)",8e84293a828c83051da34662db9739448d126b5995cc37bd78d71ceeefa345cc
Thalassoma pavo,425305788,https://inaturalist-open-data.s3.amazonaws.com/photos/425305788/medium.jpg,CC-BY 4.0,Eleftherios Katsillis,eleftherioskats,2024-08-30,https://www.inaturalist.org/observations/238857255,"© Eleftherios Katsillis, some rights reserved (CC-BY)",1eef9980ab5fc3fff57a323662e1b558ed5be8dd7b4943c72ef67c4148f0d689
Thalassoma pavo,111104711,https://inaturalist-open-data.s3.amazonaws.com/photos/111104711/medium.jpeg,CC-BY 4.0,Yves Bas,yvesbas,2007-12-11,https://www.inaturalist.org/observations/68590709,"© Yves Bas, some rights reserved (CC-BY)",260f8ec4a20dc67d0e3697ab7efdf0d751ec94b104f26d29f8f88979e05f2013
Thalassoma pavo,111104713,https://inaturalist-open-data.s3.amazonaws.com/photos/111104713/medium.jpeg,CC-BY 4.0,Yves Bas,yvesbas,2007-12-11,https://www.inaturalist.org/observations/68590709,"© Yves Bas, some rights reserved (CC-BY)",b17f4f9ca8c04d91611a0cb219491d3a9dee28632eae50934fb13c96bf3eb178
Serranus scriba,312811408,https://inaturalist-open-data.s3.amazonaws.com/photos/312811408/medium.jpeg,CC-BY 4.0,etrusko25,etrusko25,2023-08-22,https://www.inaturalist.org/observations/179655515,"© etrusko25, some rights reserved (CC-BY)",acfb89a4524636b4d1b0adf76db9f7e3d5bab7f7ea4a1e747ef1d375be0bee9f
Serranus scriba,267427430,https://inaturalist-open-data.s3.amazonaws.com/photos/267427430/medium.jpg,CC-BY 4.0,Donald Davesne,donalddavesne,2023-04-09,https://www.inaturalist.org/observations/154755047,"© Donald Davesne, some rights reserved (CC-BY)",84329343a4b1e6c41552d4dfb407c642219d0fb96af2e47fb2ffa34da4517112
Serranus scriba,555245200,https://inaturalist-open-data.s3.amazonaws.com/photos/555245200/medium.jpg,CC-BY 4.0,Sergio Garrido Villa,sergiogarrido,2025-08-18,https://www.inaturalist.org/observations/307822117,"© Sergio Garrido Villa, some rights reserved (CC-BY)",9fb7237d688d9bb05d990531d7b581e360a640bf5aa7fc11d1160daae79a1d2d
Serranus scriba,700731246,https://inaturalist-open-data.s3.amazonaws.com/photos/700731246/medium.jpg,CC-BY 4.0,Vsevolod Rudyi,ruseva,2026-07-16,https://www.inaturalist.org/observations/382886770,"© Vsevolod Rudyi, some rights reserved (CC-BY)",05402886bbb1bd39023b781408e7ca742b2f2f9b7f6c39dc612f2ccc5641883c
Serranus scriba,548020093,https://inaturalist-open-data.s3.amazonaws.com/photos/548020093/medium.jpg,CC-BY 4.0,thomas_oswald,thomas_oswald,2025-08-04,https://www.inaturalist.org/observations/304018141,"© thomas_oswald, some rights reserved (CC-BY)",973eb0cd2b7bdaeb5a5885f38859d3c3f4a6555b52c7690688aca484d23a5b8c
Serranus scriba,150633714,https://inaturalist-open-data.s3.amazonaws.com/photos/150633714/medium.jpeg,CC-BY 4.0,Thomas Dreux,thomtom,2021-07-30,https://www.inaturalist.org/observations/91101741,"© Thomas Dreux, some rights reserved (CC-BY)",e2e22acda480d0d865ae01d8e8a5eac3f28d732c8fa94516458afb2106f4c43b
Serranus scriba,150633718,https://inaturalist-open-data.s3.amazonaws.com/photos/150633718/medium.jpeg,CC-BY 4.0,Thomas Dreux,thomtom,2021-07-30,https://www.inaturalist.org/observations/91101741,"© Thomas Dreux, some rights reserved (CC-BY)",0b513280066c3ce9fa614485e4284d6ee141e921d23f9f91b2e15d0dfe24aa68
Serranus scriba,266884577,https://inaturalist-open-data.s3.amazonaws.com/photos/266884577/medium.jpg,CC-BY 4.0,Donald Davesne,donalddavesne,2023-04-08,https://www.inaturalist.org/observations/154460468,"© Donald Davesne, some rights reserved (CC-BY)",7180c82eefe871d88eb469561935b746533ac98d9fd74bdb9bd241cb559d7960
Serranus scriba,222534115,https://inaturalist-open-data.s3.amazonaws.com/photos/222534115/medium.jpeg,CC-BY 4.0,bemma,bemma,2022-08-04,https://www.inaturalist.org/observations/130821477,"© bemma, some rights reserved (CC-BY)",e8d534fcd2519fd1810753157a4a59d656785993d3191252510095dab05a5105
Serranus scriba,222534153,https://inaturalist-open-data.s3.amazonaws.com/photos/222534153/medium.jpeg,CC-BY 4.0,bemma,bemma,2022-08-04,https://www.inaturalist.org/observations/130821477,"© bemma, some rights reserved (CC-BY)",e862912fc263fa40c57a6868de172ad4c75a2178fb274ce6b609ecf21fe36e32
Serranus scriba,222534199,https://inaturalist-open-data.s3.amazonaws.com/photos/222534199/medium.jpeg,CC-BY 4.0,bemma,bemma,2022-08-04,https://www.inaturalist.org/observations/130821477,"© bemma, some rights reserved (CC-BY)",36ea33df55ca9517ffc613525094106cfb997c058ea8515eb39b4c562eea00d8
Serranus scriba,222534239,https://inaturalist-open-data.s3.amazonaws.com/photos/222534239/medium.jpeg,CC-BY 4.0,bemma,bemma,2022-08-04,https://www.inaturalist.org/observations/130821477,"© bemma, some rights reserved (CC-BY)",2991aeebe23281d53eac95f41d0be37ff7bc4b7f4e6899f61ce010fdb015fd8e
Serranus scriba,222534277,https://inaturalist-open-data.s3.amazonaws.com/photos/222534277/medium.jpeg,CC-BY 4.0,bemma,bemma,2022-08-04,https://www.inaturalist.org/observations/130821477,"© bemma, some rights reserved (CC-BY)",9cd40fceeaba79dd5eebc48a9fd191faceb2f7248d3bd87beb5714415926feef
Serranus scriba,268612538,https://inaturalist-open-data.s3.amazonaws.com/photos/268612538/medium.jpg,CC-BY 4.0,Donald Davesne,donalddavesne,2023-04-09,https://www.inaturalist.org/observations/155397614,"© Donald Davesne, some rights reserved (CC-BY)",b05295923c4d64865bb70c3acacf6adbe38415ff9512cff3ccfb77bfd9567d77
Serranus scriba,268612544,https://inaturalist-open-data.s3.amazonaws.com/photos/268612544/medium.jpg,CC-BY 4.0,Donald Davesne,donalddavesne,2023-04-09,https://www.inaturalist.org/observations/155397614,"© Donald Davesne, some rights reserved (CC-BY)",74ff4cbf5447f9c25a36b859c6c62dfcb65c73b877aa6339b417cfa72510b4d9
Serranus scriba,400670192,https://inaturalist-open-data.s3.amazonaws.com/photos/400670192/medium.jpeg,CC-BY 4.0,Sarah Faulwetter,sarahfaulwetter,2024-06-29,https://www.inaturalist.org/observations/225957217,"© Sarah Faulwetter, some rights reserved (CC-BY)",bc77dc6ec146215334e8cbc7a85cb29f2e109b975c0d12a3d3db3f3e0b8fc5a2
Serranus scriba,421310524,https://inaturalist-open-data.s3.amazonaws.com/photos/421310524/medium.jpeg,CC-BY 4.0,Dan Wrench,dantn,2024-08-14,https://www.inaturalist.org/observations/236787082,"© Dan Wrench, some rights reserved (CC-BY)",da8d969b9aa9acea1392beee3762e3367e67b9c9bf4b708e210ecad2bff99865
Serranus scriba,577342340,https://inaturalist-open-data.s3.amazonaws.com/photos/577342340/medium.jpg,CC-BY 4.0,Rory Wilson,rorywilson,2025-10-06,https://www.inaturalist.org/observations/319391238,"© Rory Wilson, some rights reserved (CC-BY)",b7b49d17511a3213073594a880c28d8d2742720364c434b19bb9bc6cc413a491
Serranus scriba,536211008,https://inaturalist-open-data.s3.amazonaws.com/photos/536211008/medium.jpg,CC-BY 4.0,Vasileia Sef,vasileiasef,2025-07-13,https://www.inaturalist.org/observations/297726488,"© Vasileia Sef, some rights reserved (CC-BY)",948a18e460b8b46736ccdbd16749e3c62eedb96372560105c4830fc910fae1eb
Serranus scriba,422933499,https://inaturalist-open-data.s3.amazonaws.com/photos/422933499/medium.jpg,CC-BY 4.0,Ioannis Magouras,ioannis_magouras,2013-05-11,https://www.inaturalist.org/observations/237627137,"© Ioannis Magouras, some rights reserved (CC-BY)",d78acaaefd6e7e2808d3c87408401375d25db9ce65c0fa1fd72ab81cb273a576
Serranus scriba,424293218,https://inaturalist-open-data.s3.amazonaws.com/photos/424293218/medium.jpeg,CC-BY 4.0,Vasileia Sef,vasileiasef,2024-08-26,https://www.inaturalist.org/observations/238332062,"© Vasileia Sef, some rights reserved (CC-BY)",6b86340ddc8620064bb42814bb994c2c142440e66dee2776c72d28bf2867ffad
Serranus scriba,437559263,https://inaturalist-open-data.s3.amazonaws.com/photos/437559263/medium.jpeg,CC-BY 4.0,Joss Carr,josscarr,2024-08-24,https://www.inaturalist.org/observations/245226291,"© Joss Carr, some rights reserved (CC-BY)",e978b22e659a8b85690c2f0bd130fe9eb339b1b2754f535f76236bb23fca66ff
Serranus scriba,437559287,https://inaturalist-open-data.s3.amazonaws.com/photos/437559287/medium.jpeg,CC-BY 4.0,Joss Carr,josscarr,2024-08-24,https://www.inaturalist.org/observations/245226291,"© Joss Carr, some rights reserved (CC-BY)",95a8256dcf4aa2b596b4d7ec1d02bd3c80f3e3b32f954347e4595a1b2769c72b
Diplodus vulgaris,107933224,https://inaturalist-open-data.s3.amazonaws.com/photos/107933224/medium.jpg,CC-BY 4.0,Michel Frisch,michelfrisch,2013-09-26,https://www.inaturalist.org/observations/66888671,"© Michel Frisch, some rights reserved (CC-BY)",32d62d9211280e8a317d50cf9bd83253ce1ef8532e21ff90edab78009d0c7b67
Diplodus vulgaris,155986106,https://inaturalist-open-data.s3.amazonaws.com/photos/155986106/medium.jpeg,CC-BY 4.0,Jacek Pietruszewski,hyacinthus,2021-09-07,https://www.inaturalist.org/observations/94062277,"© Jacek Pietruszewski, some rights reserved (CC-BY)",c3a6143f375534bb8a082ecde6f47cca9bb8d34dc87c6f2ebdd6fa7d805fb566
Diplodus vulgaris,155986121,https://inaturalist-open-data.s3.amazonaws.com/photos/155986121/medium.jpeg,CC-BY 4.0,Jacek Pietruszewski,hyacinthus,2021-09-07,https://www.inaturalist.org/observations/94062277,"© Jacek Pietruszewski, some rights reserved (CC-BY)",3330059b3be697c1bac88b68b0cde478306a8be6ee0b7d9bb035b1d696dc7b47
Diplodus vulgaris,155986135,https://inaturalist-open-data.s3.amazonaws.com/photos/155986135/medium.jpeg,CC-BY 4.0,Jacek Pietruszewski,hyacinthus,2021-09-07,https://www.inaturalist.org/observations/94062277,"© Jacek Pietruszewski, some rights reserved (CC-BY)",85a335aeeec267049fd54f7e0b10916e1ed61e0e8ad0491f2473631342cdc70d
Diplodus vulgaris,2025921,https://inaturalist-open-data.s3.amazonaws.com/photos/2025921/medium.JPG,CC-BY 4.0,Duarte Frade,duarte,2015-06-20,https://www.inaturalist.org/observations/1651499,"© Duarte Frade, some rights reserved (CC-BY)",15a87d319baf92cf77f8de38c129e12bf3f07e7c84b7601455a2ab268ffa454d
Diplodus vulgaris,541624262,https://inaturalist-open-data.s3.amazonaws.com/photos/541624262/medium.gif,CC-BY 4.0,Golfopolikayak,golfopolikayakl,2025-07-20,https://www.inaturalist.org/observations/300594499,"© Golfopolikayak, some rights reserved (CC-BY)",10ff159740522f8b5507389a447d74c6930b9d6b00f59092c51909a0712b7690
Diplodus vulgaris,136804197,https://inaturalist-open-data.s3.amazonaws.com/photos/136804197/medium.jpg,CC-BY 4.0,Donald Davesne,donalddavesne,2021-06-07,https://www.inaturalist.org/observations/83306261,"© Donald Davesne, some rights reserved (CC-BY)",391ef01b0ea37697b25b2d56a561c0570facfa03f47dedebf837149336753e86
Diplodus vulgaris,135714950,https://inaturalist-open-data.s3.amazonaws.com/photos/135714950/medium.jpg,CC-BY 4.0,jeyre,jeyre,2016-08-01,https://www.inaturalist.org/observations/82676275,"© jeyre, some rights reserved (CC-BY)",a14258a981a680dc97a8c27ea8a630126592962a8f6fbe4e8469b4d7b5e25517
Diplodus vulgaris,564045937,https://inaturalist-open-data.s3.amazonaws.com/photos/564045937/medium.jpg,CC-BY 4.0,Chris Taklis,ctaklis,2025-09-07,https://www.inaturalist.org/observations/312408481,"© Chris Taklis, some rights reserved (CC-BY)",bd563526ac119b612c48cd275151c99c122ec7ab19ecd11b858628ce332a965a
Diplodus vulgaris,557695541,https://inaturalist-open-data.s3.amazonaws.com/photos/557695541/medium.jpg,CC-BY 4.0,Davide,dedde,2025-08-25,https://www.inaturalist.org/observations/309079286,"© Davide, some rights reserved (CC-BY)",f2bef1eab3dbdf406fd1bd771260d9b0f0e889180adf1203805aa470e5da3867
Diplodus vulgaris,557695550,https://inaturalist-open-data.s3.amazonaws.com/photos/557695550/medium.jpg,CC-BY 4.0,Davide,dedde,2025-08-25,https://www.inaturalist.org/observations/309079286,"© Davide, some rights reserved (CC-BY)",7e6660faa2dc26a6afa51e9c212e537e01faf0509ac33d67fb47ab570d80ef4a
Diplodus vulgaris,557695557,https://inaturalist-open-data.s3.amazonaws.com/photos/557695557/medium.jpg,CC-BY 4.0,Davide,dedde,2025-08-25,https://www.inaturalist.org/observations/309079286,"© Davide, some rights reserved (CC-BY)",a3dab1df0cbe83293b74c5fdf88d2c7cf00dd21a9cc8e63f1ddb944bfaa81c4b
Diplodus vulgaris,555233089,https://inaturalist-open-data.s3.amazonaws.com/photos/555233089/medium.jpg,CC-BY 4.0,Sergio Garrido Villa,sergiogarrido,2025-08-17,https://www.inaturalist.org/observations/307822055,"© Sergio Garrido Villa, some rights reserved (CC-BY)",54812bdac8bbc8ea4cea85eecb710d18c04fdbc861f4a0e009a32de7565a9f22
Diplodus vulgaris,413452074,https://inaturalist-open-data.s3.amazonaws.com/photos/413452074/medium.jpeg,CC-BY 4.0,Sergio Garrido Villa,sergiogarrido,2024-07-27,https://www.inaturalist.org/observations/232708728,"© Sergio Garrido Villa, some rights reserved (CC-BY)",a60dc9926e3ec51dd0278ca8975d6aef4e8d35920e269432dfddabc037eae9b7
Diplodus vulgaris,413452085,https://inaturalist-open-data.s3.amazonaws.com/photos/413452085/medium.jpeg,CC-BY 4.0,Sergio Garrido Villa,sergiogarrido,2024-07-27,https://www.inaturalist.org/observations/232708728,"© Sergio Garrido Villa, some rights reserved (CC-BY)",b5b5ee573f71e83fed41ff4b703cb333c2aecc4e6aa8ea0502be80ea02118db7
Diplodus vulgaris,444120586,https://inaturalist-open-data.s3.amazonaws.com/photos/444120586/medium.jpeg,CC-BY 4.0,Michael Bommerer,michael_bommerer,2024-10-22,https://www.inaturalist.org/observations/248545673,"© Michael Bommerer, some rights reserved (CC-BY)",5be32ded223681c648901cd770ff57f2fcebf26b150590b26362f3d124d079f6
Diplodus vulgaris,468217929,https://inaturalist-open-data.s3.amazonaws.com/photos/468217929/medium.jpeg,CC-BY 4.0,Adrien &amp; Lise,adrien-lise,2025-01-09,https://www.inaturalist.org/observations/260695880,"© Adrien &amp; Lise, some rights reserved (CC-BY)",ccf8314c61a7358be379785474bc25128b57da50a93fdbae734116e5673b8a1b
Diplodus vulgaris,450069980,https://inaturalist-open-data.s3.amazonaws.com/photos/450069980/medium.jpeg,CC-BY 4.0,Selim Türeli,selimtureli,2024-11-13,https://www.inaturalist.org/observations/251524851,"© Selim Türeli, some rights reserved (CC-BY)",4bd32860da08b7184518434f318ad22ee0e1427b9faf939782ce374082f09f15
Diplodus vulgaris,325592115,https://inaturalist-open-data.s3.amazonaws.com/photos/325592115/medium.jpeg,CC-BY 4.0,Lisa Bennett,lisa_bennett,2023-10-01,https://www.inaturalist.org/observations/186324478,"© Lisa Bennett, some rights reserved (CC-BY)",2c78f4570dd5c7a4966c8b9b0f025f23af441d819ab0b79067fd6c906b809dbe
Diplodus vulgaris,573943379,https://inaturalist-open-data.s3.amazonaws.com/photos/573943379/medium.jpg,CC-BY 4.0,Sylvain Eichhorn,sylvain_eichhorn,2025-09-24,https://www.inaturalist.org/observations/317614907,"© Sylvain Eichhorn, some rights reserved (CC-BY)",7e007a26f42aa3c530f73ef345e472aea1095471645fed7416be4d14d2afeb6e
Sarpa salpa,267794511,https://inaturalist-open-data.s3.amazonaws.com/photos/267794511/medium.jpg,CC-BY 4.0,Donald Davesne,donalddavesne,2023-04-09,https://www.inaturalist.org/observations/154953822,"© Donald Davesne, some rights reserved (CC-BY)",96b40b8af01508cb7bbc220fd6de9b41fb91a13dc0895c6922f3614986268374
Sarpa salpa,267794527,https://inaturalist-open-data.s3.amazonaws.com/photos/267794527/medium.jpg,CC-BY 4.0,Donald Davesne,donalddavesne,2023-04-09,https://www.inaturalist.org/observations/154953822,"© Donald Davesne, some rights reserved (CC-BY)",331de645d1a7715b7b406bb5508eb5d4bc6784779c0d1a28c2c0e70f346d71ee
Sarpa salpa,314631570,https://inaturalist-open-data.s3.amazonaws.com/photos/314631570/medium.jpeg,CC-BY 4.0,Charlotte Kirchner,charlottekirchner,2023-08-28,https://www.inaturalist.org/observations/180605156,"© Charlotte Kirchner, some rights reserved (CC-BY)",672c0c5213ecfe43e2aae99aac4fe2e4a006f5097971e55cca37ef6124fdd248
Sarpa salpa,563228381,https://inaturalist-open-data.s3.amazonaws.com/photos/563228381/medium.jpg,CC-BY 4.0,Christophe,chrismoss,2025-09-06,https://www.inaturalist.org/observations/311896981,"© Christophe, some rights reserved (CC-BY)",3ee322c430d944cdd1a22a3a1efebd02e6bc3885ec04a5f50b16442c2af15dbd
Sarpa salpa,267908104,https://inaturalist-open-data.s3.amazonaws.com/photos/267908104/medium.jpg,CC-BY 4.0,Donald Davesne,donalddavesne,2023-04-09,https://www.inaturalist.org/observations/155020772,"© Donald Davesne, some rights reserved (CC-BY)",e8252ecdc9a27698667963093829d81090b2fafc1d71088f5e7601fe49f35661
Sarpa salpa,267908101,https://inaturalist-open-data.s3.amazonaws.com/photos/267908101/medium.jpg,CC-BY 4.0,Donald Davesne,donalddavesne,2023-04-09,https://www.inaturalist.org/observations/155020772,"© Donald Davesne, some rights reserved (CC-BY)",da6c6e9bed6cc6285e06ffd9ed46be56e2386655e102141dc4f42bb1fdc03ebd
Sarpa salpa,404598714,https://inaturalist-open-data.s3.amazonaws.com/photos/404598714/medium.jpeg,CC-BY 4.0,Peter Eriksen,petereriksen,2024-07-08,https://www.inaturalist.org/observations/228028735,"© Peter Eriksen, some rights reserved (CC-BY)",2b2799962b83085b518d0d29c8e9e43f4a799beb281bd8432a8b4ada50ff44fb
Sarpa salpa,404598896,https://inaturalist-open-data.s3.amazonaws.com/photos/404598896/medium.jpeg,CC-BY 4.0,Peter Eriksen,petereriksen,2024-07-08,https://www.inaturalist.org/observations/228028735,"© Peter Eriksen, some rights reserved (CC-BY)",c01f686088532b3a00fd3e2ffb1608df27756a2bcebbff812b7ded1507629d4e
Sarpa salpa,282892923,https://inaturalist-open-data.s3.amazonaws.com/photos/282892923/medium.jpg,CC-BY 4.0,Martin Gutewort,martingutewort,2021-10-22,https://www.inaturalist.org/observations/163555095,"© Martin Gutewort, some rights reserved (CC-BY)",bc4d70c9faaf69058cff051dc4e6517e346c17e2b29a2a25d2b6957f5ab172fe
Sarpa salpa,458297398,https://inaturalist-open-data.s3.amazonaws.com/photos/458297398/medium.jpg,CC-BY 4.0,Donald Davesne,donalddavesne,2024-09-05,https://www.inaturalist.org/observations/255705135,"© Donald Davesne, some rights reserved (CC-BY)",6d59d30d3494c1787d4b8a5829b3688f8269ac625d8d1e9f29f25fa7e37782f4
Sarpa salpa,155985603,https://inaturalist-open-data.s3.amazonaws.com/photos/155985603/medium.jpeg,CC-BY 4.0,Jacek Pietruszewski,hyacinthus,2021-09-07,https://www.inaturalist.org/observations/94062061,"© Jacek Pietruszewski, some rights reserved (CC-BY)",9a1df0aed98f8e62a99ad5120a229969b559ca0386884e2afde9a23f41f971ad
Sarpa salpa,155985620,https://inaturalist-open-data.s3.amazonaws.com/photos/155985620/medium.jpeg,CC-BY 4.0,Jacek Pietruszewski,hyacinthus,2021-09-07,https://www.inaturalist.org/observations/94062061,"© Jacek Pietruszewski, some rights reserved (CC-BY)",6d1f93fed14c26b8e76747b99f5c93bad10539cc7403d53b5e825f9fa6ad54ef
Sarpa salpa,155985640,https://inaturalist-open-data.s3.amazonaws.com/photos/155985640/medium.jpeg,CC-BY 4.0,Jacek Pietruszewski,hyacinthus,2021-09-07,https://www.inaturalist.org/observations/94062061,"© Jacek Pietruszewski, some rights reserved (CC-BY)",c492f8289a0292445a04df7a49925f93bba162eb76f75bac1983c02dad4e8000
Sarpa salpa,155985656,https://inaturalist-open-data.s3.amazonaws.com/photos/155985656/medium.jpeg,CC-BY 4.0,Jacek Pietruszewski,hyacinthus,2021-09-07,https://www.inaturalist.org/observations/94062061,"© Jacek Pietruszewski, some rights reserved (CC-BY)",aefdeff8b9961f3ea4d4243a0fce84feca220755d2c0da6f0c4aa52b1064d851
Sarpa salpa,155985674,https://inaturalist-open-data.s3.amazonaws.com/photos/155985674/medium.jpeg,CC-BY 4.0,Jacek Pietruszewski,hyacinthus,2021-09-07,https://www.inaturalist.org/observations/94062061,"© Jacek Pietruszewski, some rights reserved (CC-BY)",26543016140f181baa05408f836c2f02e293264f5ff7bd44fb19e525d2f1dc5b
Sarpa salpa,155985688,https://inaturalist-open-data.s3.amazonaws.com/photos/155985688/medium.jpeg,CC-BY 4.0,Jacek Pietruszewski,hyacinthus,2021-09-07,https://www.inaturalist.org/observations/94062061,"© Jacek Pietruszewski, some rights reserved (CC-BY)",8f0540c5bd76e7b956b1d0342e9875fe680bd6110be2167cb97a741286aef20c
Sarpa salpa,48964566,https://inaturalist-open-data.s3.amazonaws.com/photos/48964566/medium.jpg,CC-BY 4.0,Andrea Quadrio,andreaq,2019-08-22,https://www.inaturalist.org/observations/31293196,"© Andrea Quadrio, some rights reserved (CC-BY)",24bc4f46925f4008610c1fa2b79466268e24dc51cc9769cabf6e85a07bcdf65d
Sarpa salpa,711712153,https://inaturalist-open-data.s3.amazonaws.com/photos/711712153/medium.jpg,CC-BY 4.0,shahar chaikin,shaharchaikin,2026-08-05,https://www.inaturalist.org/observations/388588122,"© shahar chaikin, some rights reserved (CC-BY)",784a1a67981c4a127bcd71c803416daa44faea3639534308e8877444126cfdc7
Sarpa salpa,47240644,https://inaturalist-open-data.s3.amazonaws.com/photos/47240644/medium.jpg,CC-BY 4.0,Ryan McMinds,rmcminds,2019-07-20,https://www.inaturalist.org/observations/30244251,"© Ryan McMinds, some rights reserved (CC-BY)",5bba40378638bef7fa890eaf14e25c470b8c8d021a3c63be26c5fa8a2e1c8f92
Sarpa salpa,61454329,https://inaturalist-open-data.s3.amazonaws.com/photos/61454329/medium.jpeg,CC-BY 4.0,Yves Bas,yvesbas,2019-05-11,https://www.inaturalist.org/observations/38647773,"© Yves Bas, some rights reserved (CC-BY)",38b61e6f759b288e8ec2855c8b0bff9f6443c09514c25af4a90d4c85d0315445
Sarpa salpa,130262694,https://inaturalist-open-data.s3.amazonaws.com/photos/130262694/medium.jpg,CC-BY 4.0,Donald Davesne,donalddavesne,2021-05-14,https://www.inaturalist.org/observations/79526601,"© Donald Davesne, some rights reserved (CC-BY)",a21dd0185a6a8f4f74743c24ca9fea002e0dc3d6c604b61cf741d094fbe0c10e
Sarpa salpa,317119592,https://inaturalist-open-data.s3.amazonaws.com/photos/317119592/medium.jpg,CC-BY 4.0,Pavel Kacl,pavel_kacl,2023-09-01,https://www.inaturalist.org/observations/181934325,"© Pavel Kacl, some rights reserved (CC-BY)",ed99d8839ba0486cbb02a3d2bca4f5e11bb00b8b5a4a8819df9b9a17ac858bd3
Sarpa salpa,317120012,https://inaturalist-open-data.s3.amazonaws.com/photos/317120012/medium.jpg,CC-BY 4.0,Pavel Kacl,pavel_kacl,2023-09-01,https://www.inaturalist.org/observations/181934325,"© Pavel Kacl, some rights reserved (CC-BY)",d6de49513e45a2b4b4b4a5c3c6c0be571aa0100e42e7949e91ac65a88bfbc383
Sarpa salpa,317120098,https://inaturalist-open-data.s3.amazonaws.com/photos/317120098/medium.jpg,CC-BY 4.0,Pavel Kacl,pavel_kacl,2023-09-01,https://www.inaturalist.org/observations/181934325,"© Pavel Kacl, some rights reserved (CC-BY)",9ec4e118e3127b9b21b5299d38200b023586e1dc16d4a0acaa8cc171dad9b28c
Sarpa salpa,317120499,https://inaturalist-open-data.s3.amazonaws.com/photos/317120499/medium.jpg,CC-BY 4.0,Pavel Kacl,pavel_kacl,2023-09-01,https://www.inaturalist.org/observations/181934325,"© Pavel Kacl, some rights reserved (CC-BY)",08be39fa8f51b04697aec41892cf4825baa1205c5d631a7207f1579edc2c598c
Sarpa salpa,317120670,https://inaturalist-open-data.s3.amazonaws.com/photos/317120670/medium.jpg,CC-BY 4.0,Pavel Kacl,pavel_kacl,2023-09-01,https://www.inaturalist.org/observations/181934325,"© Pavel Kacl, some rights reserved (CC-BY)",9ff88b7a5a9a7a7d63df98dbab6c0cdd0b5fb7195ae37c3251e27b24fe99e7c2
Sarpa salpa,316833777,https://inaturalist-open-data.s3.amazonaws.com/photos/316833777/medium.jpg,CC-BY 4.0,Juraj Ahel,xeniorn,2023-08-18,https://www.inaturalist.org/observations/181799210,"© Juraj Ahel, some rights reserved (CC-BY)",83af215773c25dec4aeda14d0eb6977215aa05814f47824ff4b3ecded1b3a956
Sciaena umbra,711710980,https://inaturalist-open-data.s3.amazonaws.com/photos/711710980/medium.jpg,CC-BY 4.0,shahar chaikin,shaharchaikin,2026-08-05,https://www.inaturalist.org/observations/388587494,"© shahar chaikin, some rights reserved (CC-BY)",4105d6f4d5fa5daba0c396ddd02e345dcb4402b9bbdb0a1885ddd7970dfbde94
Sciaena umbra,711711022,https://inaturalist-open-data.s3.amazonaws.com/photos/711711022/medium.jpg,CC-BY 4.0,shahar chaikin,shaharchaikin,2026-08-05,https://www.inaturalist.org/observations/388587494,"© shahar chaikin, some rights reserved (CC-BY)",1bc09bfa2d82731809d0643232255e19bdf6a0a1623db6e18fe0b68a87ad382a
Sciaena umbra,523990759,https://inaturalist-open-data.s3.amazonaws.com/photos/523990759/medium.jpg,CC-BY 4.0,Donald Davesne,donalddavesne,2025-06-09,https://www.inaturalist.org/observations/291247812,"© Donald Davesne, some rights reserved (CC-BY)",25635def376d7c639161df1b9cdbc9568fbc4254521935859b3258ff45a29aaf
Sciaena umbra,523990895,https://inaturalist-open-data.s3.amazonaws.com/photos/523990895/medium.jpg,CC-BY 4.0,Donald Davesne,donalddavesne,2025-06-09,https://www.inaturalist.org/observations/291247812,"© Donald Davesne, some rights reserved (CC-BY)",de25023ef029d9ae4d862317826556e7166244068235faa37983acf72f75ae51
Sciaena umbra,523990899,https://inaturalist-open-data.s3.amazonaws.com/photos/523990899/medium.jpg,CC-BY 4.0,Donald Davesne,donalddavesne,2025-06-09,https://www.inaturalist.org/observations/291247812,"© Donald Davesne, some rights reserved (CC-BY)",3c69e58fe8c33fbe3429f9445ef5bf77077f954a857fd7579a40da3255dda7d1
Sciaena umbra,523991143,https://inaturalist-open-data.s3.amazonaws.com/photos/523991143/medium.jpg,CC-BY 4.0,Donald Davesne,donalddavesne,2025-06-09,https://www.inaturalist.org/observations/291247816,"© Donald Davesne, some rights reserved (CC-BY)",94c9382459ad32d4dcb4f4d65c501637d3e0fe3ccf62576e34d3420ce65e1d8b
Sciaena umbra,523991169,https://inaturalist-open-data.s3.amazonaws.com/photos/523991169/medium.jpg,CC-BY 4.0,Donald Davesne,donalddavesne,2025-06-09,https://www.inaturalist.org/observations/291247816,"© Donald Davesne, some rights reserved (CC-BY)",069d626148d08e89cba4a64d4614fa65c317cf9ca4f8134193dcb7dbebfa5056
Sciaena umbra,140194832,https://inaturalist-open-data.s3.amazonaws.com/photos/140194832/medium.jpeg,CC-BY 4.0,Valentin Moser,vmoser,2021-06-17,https://www.inaturalist.org/observations/85228912,"© Valentin Moser, some rights reserved (CC-BY)",06c53bf9eb60e15e6891ff600deeaeb6d43a84d58bbfe36ff435429c82aee852
Sciaena umbra,241645803,https://inaturalist-open-data.s3.amazonaws.com/photos/241645803/medium.jpeg,CC-BY 4.0,shahar chaikin,shaharchaikin,2019-06-09,https://www.inaturalist.org/observations/141102383,"© shahar chaikin, some rights reserved (CC-BY)",813899a3a053cf990c7d1e33a13ef7e2c50867f249f082f512ca50c7700ab970
Sciaena umbra,243633941,https://inaturalist-open-data.s3.amazonaws.com/photos/243633941/medium.jpeg,CC-BY 4.0,Fish and Dive,jean-vincentvieux-ingrassia,2022-06-11,https://www.inaturalist.org/observations/142133491,"© Fish and Dive, some rights reserved (CC-BY)",9b00c1d290455956a7be25324c1228118e4821eb4b5ea10cb45b270918832f8d
Sciaena umbra,713154513,https://inaturalist-open-data.s3.amazonaws.com/photos/713154513/medium.jpg,CC-BY 4.0,Andrea Adelfio,andreaadelfio,2026-08-06,https://www.inaturalist.org/observations/389342764,"© Andrea Adelfio, some rights reserved (CC-BY)",ee7998695f8b175fd9b66d00b1d5c61241141581741b23e857065b2e262a8920
Sciaena umbra,713154659,https://inaturalist-open-data.s3.amazonaws.com/photos/713154659/medium.jpg,CC-BY 4.0,Andrea Adelfio,andreaadelfio,2026-08-06,https://www.inaturalist.org/observations/389342764,"© Andrea Adelfio, some rights reserved (CC-BY)",efe2f31bc83f85e1812b143f90eb57f7f0ead5b316780df03a4a496ce9da5db9
Sciaena umbra,713154661,https://inaturalist-open-data.s3.amazonaws.com/photos/713154661/medium.jpg,CC-BY 4.0,Andrea Adelfio,andreaadelfio,2026-08-06,https://www.inaturalist.org/observations/389342764,"© Andrea Adelfio, some rights reserved (CC-BY)",1095d4ada2514f7dbb9fdec0e8811fe7dfdfcf773c13da8551c3dd9bebfd7fa7
Sciaena umbra,222407929,https://inaturalist-open-data.s3.amazonaws.com/photos/222407929/medium.jpg,CC-BY 4.0,Sarah Faulwetter,sarahfaulwetter,2008-07-13,https://www.inaturalist.org/observations/130751486,"© Sarah Faulwetter, some rights reserved (CC-BY)",8b3c978cef212c85ab00c11d44f6f9b829ea027e98d55c92090c14260171165a
Sciaena umbra,44818094,https://inaturalist-open-data.s3.amazonaws.com/photos/44818094/medium.jpeg,CC-BY 4.0,Valentin Moser,vmoser,2019-06-25,https://www.inaturalist.org/observations/28739837,"© Valentin Moser, some rights reserved (CC-BY)",4115b92d4be2dfd6f186513caa2704427bbe1b22c3ff32ecd3183ea892bf80b2
Sciaena umbra,243633946,https://inaturalist-open-data.s3.amazonaws.com/photos/243633946/medium.jpeg,CC-BY 4.0,Fish and Dive,jean-vincentvieux-ingrassia,2022-06-11,https://www.inaturalist.org/observations/142133493,"© Fish and Dive, some rights reserved (CC-BY)",c8001e7733816d6e8dc3314a9d9332c59eb3fb756bfbc6c5de3d37ac925aa654
Sciaena umbra,41589064,https://inaturalist-open-data.s3.amazonaws.com/photos/41589064/medium.jpg,CC-BY 4.0,Julien Renoult,jujurenoult,2019-06-08,https://www.inaturalist.org/observations/26771587,"© Julien Renoult, some rights reserved (CC-BY)",0c07a66591756cf2cb70e6792549c4673c17a4c378f5365117c33471ec271a9b
Sciaena umbra,715993893,https://inaturalist-open-data.s3.amazonaws.com/photos/715993893/medium.jpg,CC-BY 4.0,shahar chaikin,shaharchaikin,2026-08-13,https://www.inaturalist.org/observations/390792353,"© shahar chaikin, some rights reserved (CC-BY)",779dc60836edfa98a105505e7e5f811094740ccb37306a3092482eb3aa8e9e38
Muraena helena,266774528,https://inaturalist-open-data.s3.amazonaws.com/photos/266774528/medium.gif,CC-BY 4.0,Alex Sosnovshchenko,alex_sosn,2021-08-02,https://www.inaturalist.org/observations/154395514,"© Alex Sosnovshchenko, some rights reserved (CC-BY)",a3c633900f4392058274c262d0732859f96726fc5592c775daabae0b1516d191
Muraena helena,224770376,https://inaturalist-open-data.s3.amazonaws.com/photos/224770376/medium.gif,CC-BY 4.0,Golfopolikayak,golfopolikayakl,2022-07-17,https://www.inaturalist.org/observations/132025399,"© Golfopolikayak, some rights reserved (CC-BY)",562fd85beaf2f7eedbb54828bd29f22ffddefc536e31952c7f1a192d5bea0923
Muraena helena,135714913,https://inaturalist-open-data.s3.amazonaws.com/photos/135714913/medium.jpg,CC-BY 4.0,jeyre,jeyre,2016-08-01,https://www.inaturalist.org/observations/82676285,"© jeyre, some rights reserved (CC-BY)",77f5fefe55710d6c8b8e6879d040e320d4107daf7e118e9e299e08f046e1cb5d
Muraena helena,156119607,https://inaturalist-open-data.s3.amazonaws.com/photos/156119607/medium.png,CC-BY 4.0,Jack Byrley,lbyrley,2021-07-16,https://www.inaturalist.org/observations/94135616,"© Jack Byrley, some rights reserved (CC-BY)",0080e50d8640b91ade9177cc4f997a802b86d5198de5fe925e8886f46673eb58
Muraena helena,699453360,https://inaturalist-open-data.s3.amazonaws.com/photos/699453360/medium.jpg,CC-BY 4.0,shahar chaikin,shaharchaikin,2026-06-29,https://www.inaturalist.org/observations/376552645,"© shahar chaikin, some rights reserved (CC-BY)",c96742418e9a6da10b564e234f9c6651717249a05eca45505aaf93cbc812030a
Muraena helena,688495919,https://inaturalist-open-data.s3.amazonaws.com/photos/688495919/medium.jpg,CC-BY 4.0,shahar chaikin,shaharchaikin,2026-06-29,https://www.inaturalist.org/observations/376552645,"© shahar chaikin, some rights reserved (CC-BY)",50e2b11e37bf6aff2111395e57757d88c751c96710d29ebb4ae3cad8434ae374
Muraena helena,230188021,https://inaturalist-open-data.s3.amazonaws.com/photos/230188021/medium.jpg,CC-BY 4.0,Juraj Ahel,xeniorn,2022-09-14,https://www.inaturalist.org/observations/135000888,"© Juraj Ahel, some rights reserved (CC-BY)",c86f92ec1024a29344c63cc53cb2e347b3f758c86cbf86b1080760109c07ec42
Muraena helena,230188197,https://inaturalist-open-data.s3.amazonaws.com/photos/230188197/medium.jpg,CC-BY 4.0,Juraj Ahel,xeniorn,2022-09-14,https://www.inaturalist.org/observations/135000888,"© Juraj Ahel, some rights reserved (CC-BY)",02938b0af79c0c121ffe74c5cddbcec9c898f8698e04ed7dcc3c3e7757aa86de
Muraena helena,230188813,https://inaturalist-open-data.s3.amazonaws.com/photos/230188813/medium.jpg,CC-BY 4.0,Juraj Ahel,xeniorn,2022-09-14,https://www.inaturalist.org/observations/135000888,"© Juraj Ahel, some rights reserved (CC-BY)",575b1abdc6e19c3d5e67185b7ce7a03667963805ff00e435bd3e4227b84baa9e
Muraena helena,230189013,https://inaturalist-open-data.s3.amazonaws.com/photos/230189013/medium.jpg,CC-BY 4.0,Juraj Ahel,xeniorn,2022-09-14,https://www.inaturalist.org/observations/135000888,"© Juraj Ahel, some rights reserved (CC-BY)",70357e4ac73995b761b61badc79ff870c785145f48eda6204073f9402cd648c8
Muraena helena,230189205,https://inaturalist-open-data.s3.amazonaws.com/photos/230189205/medium.jpg,CC-BY 4.0,Juraj Ahel,xeniorn,2022-09-14,https://www.inaturalist.org/observations/135000888,"© Juraj Ahel, some rights reserved (CC-BY)",3a66963bace1f2ce9ae3d8c67a54596f8d94c9b0d034285272650df4c22efa3e
Muraena helena,266786092,https://inaturalist-open-data.s3.amazonaws.com/photos/266786092/medium.jpg,CC-BY 4.0,Donald Davesne,donalddavesne,2023-04-08,https://www.inaturalist.org/observations/154402891,"© Donald Davesne, some rights reserved (CC-BY)",0c0ac698078d99628b9463e713c2b74ac621c609b3fa53035ae2bf0a73af5c22
Muraena helena,266786091,https://inaturalist-open-data.s3.amazonaws.com/photos/266786091/medium.jpg,CC-BY 4.0,Donald Davesne,donalddavesne,2023-04-08,https://www.inaturalist.org/observations/154402891,"© Donald Davesne, some rights reserved (CC-BY)",a23777876b2ecf8d2282a952f6898c934d2278bc71a636e388b8543a4b2bf5e1
Muraena helena,345685150,https://inaturalist-open-data.s3.amazonaws.com/photos/345685150/medium.jpg,CC-BY 4.0,Jacob Weston,bonesigh,2024-01-11,https://www.inaturalist.org/observations/196360453,"© Jacob Weston, some rights reserved (CC-BY)",5d1c9dde07cf3125553b318c157016487a637db6bae67199aa776170dd5fc71d
Muraena helena,345685156,https://inaturalist-open-data.s3.amazonaws.com/photos/345685156/medium.jpg,CC-BY 4.0,Jacob Weston,bonesigh,2024-01-11,https://www.inaturalist.org/observations/196360453,"© Jacob Weston, some rights reserved (CC-BY)",2a60004653ce03b94a735730189b3625aeb6785ae26e1c944bbe0c83b65e7950
Muraena helena,23624060,https://inaturalist-open-data.s3.amazonaws.com/photos/23624060/medium.jpg,CC-BY 4.0,Julien Renoult,jujurenoult,2018-08-19,https://www.inaturalist.org/observations/15805160,"© Julien Renoult, some rights reserved (CC-BY)",15b5a8d02a16161ca5610901b2a805a3454e29f015783c8b77e1822707690b1d
Muraena helena,240129205,https://inaturalist-open-data.s3.amazonaws.com/photos/240129205/medium.jpeg,CC-BY 4.0,shahar chaikin,shaharchaikin,2019-10-20,https://www.inaturalist.org/observations/140293642,"© shahar chaikin, some rights reserved (CC-BY)",5cc2b6dc4e29c3162790a0bd2aaf4eaf9decc1debf4eafed97537e7b5931990e
Muraena helena,470568909,https://inaturalist-open-data.s3.amazonaws.com/photos/470568909/medium.jpg,CC-BY 4.0,BJ Smit,bjsmit,2024-07-31,https://www.inaturalist.org/observations/261877304,"© BJ Smit, some rights reserved (CC-BY)",69716c99d79062943a97c786791d36a2a68766616b6b7e0ff0daa91bf4093761
Muraena helena,62866280,https://inaturalist-open-data.s3.amazonaws.com/photos/62866280/medium.jpeg,CC-BY 4.0,Dan Wrench,dantn,2016-08-08,https://www.inaturalist.org/observations/39614707,"© Dan Wrench, some rights reserved (CC-BY)",b2df4172cfed8f262c29b92d6716233d9af42bed1e2a7bf113b0f57890ee9545
Muraena helena,58117262,https://inaturalist-open-data.s3.amazonaws.com/photos/58117262/medium.jpeg,CC-BY 4.0,mister_bumble,mister_bumble,2016-07-17,https://www.inaturalist.org/observations/36735896,"© mister_bumble, some rights reserved (CC-BY)",e7fd6dafeea729535a357e39bb2e1950160f2f3f10e26f37a1a328cd4c2767f1
Muraena helena,451150339,https://inaturalist-open-data.s3.amazonaws.com/photos/451150339/medium.jpg,CC-BY 4.0,nbasargin,nbasargin,2024-09-18,https://www.inaturalist.org/observations/252067892,"© nbasargin, some rights reserved (CC-BY)",49743e742e044ab8ffd1ba289949a8b09304b8ee3c6b2040d4a4a9d5481e6e4a
Muraena helena,451150337,https://inaturalist-open-data.s3.amazonaws.com/photos/451150337/medium.jpg,CC-BY 4.0,nbasargin,nbasargin,2024-09-18,https://www.inaturalist.org/observations/252067892,"© nbasargin, some rights reserved (CC-BY)",fb9f221522a3fd381541e03cf211fe3c4302b50ab6742f689dfd515701165409
Muraena helena,538987484,https://inaturalist-open-data.s3.amazonaws.com/photos/538987484/medium.jpg,CC-BY 4.0,Klemens Gusenbauer,klemens1,2025-07-17,https://www.inaturalist.org/observations/299178252,"© Klemens Gusenbauer, some rights reserved (CC-BY)",a82ba61d8052eccaed4de39f4972e38245ad0ab9b627a82a3b6ede5f4b4b4159
Muraena helena,538987513,https://inaturalist-open-data.s3.amazonaws.com/photos/538987513/medium.jpg,CC-BY 4.0,Klemens Gusenbauer,klemens1,2025-07-17,https://www.inaturalist.org/observations/299178252,"© Klemens Gusenbauer, some rights reserved (CC-BY)",79d22274e4a091d7f52da850f380314040a297c5d3829536a32ae89ab49989de
Muraena helena,538987537,https://inaturalist-open-data.s3.amazonaws.com/photos/538987537/medium.jpg,CC-BY 4.0,Klemens Gusenbauer,klemens1,2025-07-17,https://www.inaturalist.org/observations/299178252,"© Klemens Gusenbauer, some rights reserved (CC-BY)",fc842422f102b4732f1587cb3096a33535e1b71bc5878efa30a2270972dc4a20
Muraena helena,538987557,https://inaturalist-open-data.s3.amazonaws.com/photos/538987557/medium.jpg,CC-BY 4.0,Klemens Gusenbauer,klemens1,2025-07-17,https://www.inaturalist.org/observations/299178252,"© Klemens Gusenbauer, some rights reserved (CC-BY)",e4e2095b5d50f6fda8342735f39a2b2fff0e7359c0f94e3800dac3c02d5feb9e
Muraena helena,547353033,https://inaturalist-open-data.s3.amazonaws.com/photos/547353033/medium.jpg,CC-BY 4.0,Dan Wrench,dantn,2025-08-03,https://www.inaturalist.org/observations/303666717,"© Dan Wrench, some rights reserved (CC-BY)",1c3d5387099c7952cc3d36e37c1f1e02fa675bf3c909bb2c2cf1acf0c18b8e31
Muraena helena,293826646,https://inaturalist-open-data.s3.amazonaws.com/photos/293826646/medium.jpeg,CC-BY 4.0,shahar chaikin,shaharchaikin,2023-06-25,https://www.inaturalist.org/observations/169479209,"© shahar chaikin, some rights reserved (CC-BY)",792db1f313b5e4cce0baa260b6a35b356e1df25f4eaf38e302e6fd39e17d7cf6
Muraena helena,266786188,https://inaturalist-open-data.s3.amazonaws.com/photos/266786188/medium.jpg,CC-BY 4.0,Donald Davesne,donalddavesne,2023-04-08,https://www.inaturalist.org/observations/154402898,"© Donald Davesne, some rights reserved (CC-BY)",1a4b104b51a0adf943a95e19735d6efdba976a87132d07f91ba49bc096a23b2d
Symphodus tinca,298219674,https://inaturalist-open-data.s3.amazonaws.com/photos/298219674/medium.jpg,CC-BY 4.0,Daniel Benák,benake,2023-07-08,https://www.inaturalist.org/observations/171836334,"© Daniel Benák, some rights reserved (CC-BY)",d81e432421662b6a7a9c34b5596b0121117f4c53da9503a2770e42b365bb0812
Symphodus tinca,281767147,https://inaturalist-open-data.s3.amazonaws.com/photos/281767147/medium.jpeg,CC-BY 4.0,etrusko25,etrusko25,2023-05-21,https://www.inaturalist.org/observations/162936967,"© etrusko25, some rights reserved (CC-BY)",8f68cad42da19306e1fe911b8a1dd496c74f1f64b530ab8c5705e06512542d35
Symphodus tinca,267382219,https://inaturalist-open-data.s3.amazonaws.com/photos/267382219/medium.jpg,CC-BY 4.0,Donald Davesne,donalddavesne,2023-04-09,https://www.inaturalist.org/observations/154729581,"© Donald Davesne, some rights reserved (CC-BY)",1cc8b5ec899638c6738d00065d2522e8b8bf8097c95cf3c1fca1651452f97a0d
Symphodus tinca,267382213,https://inaturalist-open-data.s3.amazonaws.com/photos/267382213/medium.jpg,CC-BY 4.0,Donald Davesne,donalddavesne,2023-04-09,https://www.inaturalist.org/observations/154729581,"© Donald Davesne, some rights reserved (CC-BY)",70d18adaa50d609b705810c130dd6472771a55397debc8d416d959094f49328d
Symphodus tinca,267382241,https://inaturalist-open-data.s3.amazonaws.com/photos/267382241/medium.jpg,CC-BY 4.0,Donald Davesne,donalddavesne,2023-04-09,https://www.inaturalist.org/observations/154729581,"© Donald Davesne, some rights reserved (CC-BY)",b2adbca1f256277916a8f17e4ffac0e96220dc894d207f29a2feda814d392d08
Symphodus tinca,585350792,https://inaturalist-open-data.s3.amazonaws.com/photos/585350792/medium.jpg,CC-BY 4.0,amfstocker,amfstocker,2025-10-26,https://www.inaturalist.org/observations/323496465,"© amfstocker, some rights reserved (CC-BY)",9998553d4749c655253b37a8eda9dd0ab128439638882eaf223c04626d01bc8a
Symphodus tinca,585352312,https://inaturalist-open-data.s3.amazonaws.com/photos/585352312/medium.jpg,CC-BY 4.0,amfstocker,amfstocker,2025-10-26,https://www.inaturalist.org/observations/323496465,"© amfstocker, some rights reserved (CC-BY)",51201b5650033183d1a6431abc6535060559791cf77f79c9f94e3a379ff54b46
Symphodus tinca,585352314,https://inaturalist-open-data.s3.amazonaws.com/photos/585352314/medium.jpg,CC-BY 4.0,amfstocker,amfstocker,2025-10-26,https://www.inaturalist.org/observations/323496465,"© amfstocker, some rights reserved (CC-BY)",3e42078624b58e20d3b81749a4ac7d8872a8cb9da1e0fdaf60c13c4e94cf748c
Symphodus tinca,150633691,https://inaturalist-open-data.s3.amazonaws.com/photos/150633691/medium.jpeg,CC-BY 4.0,Thomas Dreux,thomtom,2021-07-30,https://www.inaturalist.org/observations/91101737,"© Thomas Dreux, some rights reserved (CC-BY)",e379e3cad70d68acba11406dc141b3a3fab7140923a2abc96e4644d7bd98a1ab
Symphodus tinca,281765951,https://inaturalist-open-data.s3.amazonaws.com/photos/281765951/medium.jpeg,CC-BY 4.0,etrusko25,etrusko25,2023-05-21,https://www.inaturalist.org/observations/162936398,"© etrusko25, some rights reserved (CC-BY)",58d119043819dccaaa5ea8a2ea1a9cbaa948373bd4d82d7477e22643cb4a65d2
Symphodus tinca,331194294,https://inaturalist-open-data.s3.amazonaws.com/photos/331194294/medium.jpeg,CC-BY 4.0,Yves Bas,yvesbas,2023-05-04,https://www.inaturalist.org/observations/189114174,"© Yves Bas, some rights reserved (CC-BY)",e5a2dde3787d4a2fc86553486c1673a86bdd2117f1e48d1963880b530dc41e97
Symphodus tinca,331194310,https://inaturalist-open-data.s3.amazonaws.com/photos/331194310/medium.jpeg,CC-BY 4.0,Yves Bas,yvesbas,2023-05-04,https://www.inaturalist.org/observations/189114174,"© Yves Bas, some rights reserved (CC-BY)",0b874007951e5d41e0f849b50346992f94799a482146868187445ee27e7f2515
Symphodus tinca,331194347,https://inaturalist-open-data.s3.amazonaws.com/photos/331194347/medium.jpeg,CC-BY 4.0,Yves Bas,yvesbas,2023-05-04,https://www.inaturalist.org/observations/189114174,"© Yves Bas, some rights reserved (CC-BY)",15c7a6f1e9f82d131ca51f46f7f10d45139934def2ecd3d84c4cc989edd72032
Symphodus tinca,331194332,https://inaturalist-open-data.s3.amazonaws.com/photos/331194332/medium.jpeg,CC-BY 4.0,Yves Bas,yvesbas,2023-05-04,https://www.inaturalist.org/observations/189114174,"© Yves Bas, some rights reserved (CC-BY)",8523d836d4e5f9d57dcd4b5954f691bc50c21d43a129844536f1b46d75cb6e9f
Symphodus tinca,331194342,https://inaturalist-open-data.s3.amazonaws.com/photos/331194342/medium.jpeg,CC-BY 4.0,Yves Bas,yvesbas,2023-05-04,https://www.inaturalist.org/observations/189114174,"© Yves Bas, some rights reserved (CC-BY)",b9e68cf20c8e489c730ba13b8be97c0e8263a97c2f5c1ab7540da0b40e922f7a
Symphodus tinca,331194290,https://inaturalist-open-data.s3.amazonaws.com/photos/331194290/medium.jpeg,CC-BY 4.0,Yves Bas,yvesbas,2023-05-04,https://www.inaturalist.org/observations/189114174,"© Yves Bas, some rights reserved (CC-BY)",6d7f9272b02b488ad3e1b580171ccd919e8624ea43ed8d1a53362fbc39d1ba4f
Symphodus tinca,331194287,https://inaturalist-open-data.s3.amazonaws.com/photos/331194287/medium.jpeg,CC-BY 4.0,Yves Bas,yvesbas,2023-05-04,https://www.inaturalist.org/observations/189114174,"© Yves Bas, some rights reserved (CC-BY)",eaa8936f146b7fd00d1addb8078c2b346e1d735c2e25b098e096bfaef7ba159d
Symphodus tinca,659493692,https://inaturalist-open-data.s3.amazonaws.com/photos/659493692/medium.jpg,CC-BY 4.0,Robin Fokker,robinfokker,2015-01-16,https://www.inaturalist.org/observations/361368791,"© Robin Fokker, some rights reserved (CC-BY)",5692477c6afd6cc94c497d22d7f64f74476a8bd49842c78cf06bab81a6f50e2d
Symphodus tinca,120640107,https://inaturalist-open-data.s3.amazonaws.com/photos/120640107/medium.jpeg,CC-BY 4.0,Karim Haddad,karimhaddad,2021-04-13,https://www.inaturalist.org/observations/73858041,"© Karim Haddad, some rights reserved (CC-BY)",e2047a90ed76b1e77b67e43d4ec90a80b09dc3860b98fdce490bbc4ba384b041
Symphodus tinca,120640166,https://inaturalist-open-data.s3.amazonaws.com/photos/120640166/medium.jpeg,CC-BY 4.0,Karim Haddad,karimhaddad,2021-04-13,https://www.inaturalist.org/observations/73858041,"© Karim Haddad, some rights reserved (CC-BY)",bce6dce9cb3343d28941678ccbe1cd0b147b1cfbbc45f5c121e3b2d740b61950
Symphodus tinca,120640212,https://inaturalist-open-data.s3.amazonaws.com/photos/120640212/medium.jpeg,CC-BY 4.0,Karim Haddad,karimhaddad,2021-04-13,https://www.inaturalist.org/observations/73858041,"© Karim Haddad, some rights reserved (CC-BY)",b1ec96d5588d41ef9e096ef2e9741a63947ef4bc322988c473bc92fe303199fc
Symphodus tinca,120640273,https://inaturalist-open-data.s3.amazonaws.com/photos/120640273/medium.jpeg,CC-BY 4.0,Karim Haddad,karimhaddad,2021-04-13,https://www.inaturalist.org/observations/73858041,"© Karim Haddad, some rights reserved (CC-BY)",210ebe99766d21c8e3143c3cb11a2d04c5cafdc5078ec3990f9304aa469693c0
Symphodus tinca,120640339,https://inaturalist-open-data.s3.amazonaws.com/photos/120640339/medium.jpeg,CC-BY 4.0,Karim Haddad,karimhaddad,2021-04-13,https://www.inaturalist.org/observations/73858041,"© Karim Haddad, some rights reserved (CC-BY)",338e44b892fcf68a1cc9f5f561c37d4529feb79e5834a8ab0662cee1c5467141
Symphodus tinca,4086514,https://inaturalist-open-data.s3.amazonaws.com/photos/4086514/medium.jpg,CC-BY 4.0,Julien Renoult,jujurenoult,2016-06-19,https://www.inaturalist.org/observations/3510395,"© Julien Renoult, some rights reserved (CC-BY)",bd3dbf63826b91f86a05321d17b98e51dd195d4e7956d5ed74b8e6a90d35537f
Symphodus tinca,10046705,https://inaturalist-open-data.s3.amazonaws.com/photos/10046705/medium.jpeg,CC-BY 4.0,Luca Fornasari,fornaeffe,2017-08-03,https://www.inaturalist.org/observations/7672080,"© Luca Fornasari, some rights reserved (CC-BY)",08bcba7ab7d855a414051d3d37b9bb5ca39cde9ef99c79009819db19c0ae26fa
Symphodus tinca,140209314,https://inaturalist-open-data.s3.amazonaws.com/photos/140209314/medium.jpeg,CC-BY 4.0,Katerina Kalogerini,katerinakalogerini,2021-07-01,https://www.inaturalist.org/observations/85236670,"© Katerina Kalogerini, some rights reserved (CC-BY)",779f01f3be4c5f26df1782982de8447e4239fd841e47888706cf69f46ab335f2
Symphodus tinca,140209335,https://inaturalist-open-data.s3.amazonaws.com/photos/140209335/medium.jpeg,CC-BY 4.0,Katerina Kalogerini,katerinakalogerini,2021-07-01,https://www.inaturalist.org/observations/85236670,"© Katerina Kalogerini, some rights reserved (CC-BY)",5ae55af159272aa0d92439ed37343a03eba9ae58e703202fe057bdc5634d848b
Symphodus tinca,140209375,https://inaturalist-open-data.s3.amazonaws.com/photos/140209375/medium.jpeg,CC-BY 4.0,Katerina Kalogerini,katerinakalogerini,2021-07-01,https://www.inaturalist.org/observations/85236670,"© Katerina Kalogerini, some rights reserved (CC-BY)",5ee051b926a4f24cafc4ac8495fc1fb74b008c9c246b05fd053f3a51ab251247
Chromis chromis,140362915,https://inaturalist-open-data.s3.amazonaws.com/photos/140362915/medium.jpg,CC-BY 4.0,Golfopolikayak,golfopolikayakl,2021-06-30,https://www.inaturalist.org/observations/85320605,"© Golfopolikayak, some rights reserved (CC-BY)",c3a3ee06f9b6d970c85c33ab0b5459b9330f05dfc8df09539f19da8e4928c8fa
Chromis chromis,660966472,https://inaturalist-open-data.s3.amazonaws.com/photos/660966472/medium.jpg,CC-BY 4.0,jeyre,jeyre,2026-02-08,https://www.inaturalist.org/observations/362152156,"© jeyre, some rights reserved (CC-BY)",d880372ad07e6cfab6d5349a4b18502769c213c8165df965f1d13059c82289cd
Chromis chromis,340635744,https://inaturalist-open-data.s3.amazonaws.com/photos/340635744/medium.jpg,CC-BY 4.0,Donald Davesne,donalddavesne,2023-08-04,https://www.inaturalist.org/observations/193870677,"© Donald Davesne, some rights reserved (CC-BY)",ecd8e420effb165e155e846ab6747cc7b653031a9048fe5feec010f69299e413
Chromis chromis,340635762,https://inaturalist-open-data.s3.amazonaws.com/photos/340635762/medium.jpg,CC-BY 4.0,Donald Davesne,donalddavesne,2023-08-04,https://www.inaturalist.org/observations/193870677,"© Donald Davesne, some rights reserved (CC-BY)",6a45518b3510842cd73dbb1fe1bd01b42be2ab4002c01e7a1ad28fcc305c037f
Chromis chromis,2969681,https://inaturalist-open-data.s3.amazonaws.com/photos/2969681/medium.JPG,CC-BY 4.0,Annika Lindqvist,annikaml,2016-01-13,https://www.inaturalist.org/observations/2645822,"© Annika Lindqvist, some rights reserved (CC-BY)",2f93a581fca3ffb97b430112a45b314c3f7e6ab4d40ad3eb0c09f8a5ac1fd9fd
Chromis chromis,450199795,https://inaturalist-open-data.s3.amazonaws.com/photos/450199795/medium.jpg,CC-BY 4.0,Susan Prior,susanprior,2024-11-13,https://www.inaturalist.org/observations/251593212,"© Susan Prior, some rights reserved (CC-BY)",8fad6b56abe52ea4aedc9d66a55ba49cc6431886bfc3576c3272412dddcb4c5f
Chromis chromis,270437593,https://inaturalist-open-data.s3.amazonaws.com/photos/270437593/medium.jpg,CC-BY 4.0,Donald Davesne,donalddavesne,2023-04-09,https://www.inaturalist.org/observations/155020802,"© Donald Davesne, some rights reserved (CC-BY)",e579c69f8dd444024cb93264acb53e9bdc2d19088317b0278b2253886b8f3b5a
Chromis chromis,267910101,https://inaturalist-open-data.s3.amazonaws.com/photos/267910101/medium.jpg,CC-BY 4.0,Donald Davesne,donalddavesne,2023-04-09,https://www.inaturalist.org/observations/155020802,"© Donald Davesne, some rights reserved (CC-BY)",1f8e3c9630268fefe9f07c6a65b05ee3516e0f679e7ac2b361be4645e4fe4748
Chromis chromis,237366321,https://inaturalist-open-data.s3.amazonaws.com/photos/237366321/medium.jpeg,CC-BY 4.0,Roland Godon,rolandgodon,2022-09-16,https://www.inaturalist.org/observations/138845070,"© Roland Godon, some rights reserved (CC-BY)",99f04e203419f19e624578b93074da382177483f384a951361bf3261c62b6ef4
Chromis chromis,119528138,https://inaturalist-open-data.s3.amazonaws.com/photos/119528138/medium.jpg,CC-BY 4.0,Grete Pasch,gpasch,2012-10-12,https://www.inaturalist.org/observations/73230326,"© Grete Pasch, some rights reserved (CC-BY)",e74b6d683cf57c1d6f5de7849eddf52cc111b964e79662b3f401eba9598584a6
Chromis chromis,247663700,https://inaturalist-open-data.s3.amazonaws.com/photos/247663700/medium.jpg,CC-BY 4.0,Pauline Walsh Jacobson,coralreefdreams,1996-08-27,https://www.inaturalist.org/observations/144314597,"© Pauline Walsh Jacobson, some rights reserved (CC-BY)",0d0c632408c04a352a7d0f8b34e8346e287de468beeb21e0a0c2ba7b3a5747b2
Chromis chromis,218416287,https://inaturalist-open-data.s3.amazonaws.com/photos/218416287/medium.jpeg,CC-BY 4.0,Debra Baker,quokka2,2022-07-09,https://www.inaturalist.org/observations/128578791,"© Debra Baker, some rights reserved (CC-BY)",ea4567d0f733ba1c8c3254c8ab1c0f511e0466e92fa6cf35fd23d32764dcd827
Chromis chromis,456306385,https://inaturalist-open-data.s3.amazonaws.com/photos/456306385/medium.jpg,CC-BY 4.0,Donald Davesne,donalddavesne,2024-09-03,https://www.inaturalist.org/observations/254714962,"© Donald Davesne, some rights reserved (CC-BY)",78abed6c41d6dc0a99c39b16e050a299fe2f940de61e6410fb9baef3b6726670
Chromis chromis,260158720,https://inaturalist-open-data.s3.amazonaws.com/photos/260158720/medium.jpg,CC-BY 4.0,Donald Davesne,donalddavesne,2022-12-23,https://www.inaturalist.org/observations/150834288,"© Donald Davesne, some rights reserved (CC-BY)",3ab654b7c5c53b6815b641db0d1cd673d2a1db2023ca00537666d6e657109790
Chromis chromis,91425048,https://inaturalist-open-data.s3.amazonaws.com/photos/91425048/medium.jpg,CC-BY 4.0,Ryan McMinds,rmcminds,2016-07-20,https://www.inaturalist.org/observations/57326378,"© Ryan McMinds, some rights reserved (CC-BY)",5879eb5f7e69f2b097646701ad27e9d62ce4107bb15667a15f17118b1d240e6e
Chromis chromis,685870887,https://inaturalist-open-data.s3.amazonaws.com/photos/685870887/medium.jpg,CC-BY 4.0,shahar chaikin,shaharchaikin,2026-06-24,https://www.inaturalist.org/observations/375197070,"© shahar chaikin, some rights reserved (CC-BY)",18353a3a4e4f8e3da3ed267caa83320f47e0a9381f790a30bcf0071819b71150
Chromis chromis,660969326,https://inaturalist-open-data.s3.amazonaws.com/photos/660969326/medium.jpg,CC-BY 4.0,jeyre,jeyre,2026-02-08,https://www.inaturalist.org/observations/362153290,"© jeyre, some rights reserved (CC-BY)",6f13cf3f4c55cba7b301364aaa40a54f8f5b6466c441e0f1ac7bdc5cfe724d0b
Chromis chromis,345774429,https://inaturalist-open-data.s3.amazonaws.com/photos/345774429/medium.jpg,CC-BY 4.0,amfstocker,amfstocker,2023-02-13,https://www.inaturalist.org/observations/196403220,"© amfstocker, some rights reserved (CC-BY)",a2bed3cc4853b69170b531bf640caf17629ec176818cd154e5da8515996f7e81
Chromis chromis,345774794,https://inaturalist-open-data.s3.amazonaws.com/photos/345774794/medium.jpg,CC-BY 4.0,amfstocker,amfstocker,2023-02-13,https://www.inaturalist.org/observations/196403220,"© amfstocker, some rights reserved (CC-BY)",7280d3cfa4bc70ce92449da84b428ef7a6b77815c42862431a83755f110bb2df
Chromis chromis,299015800,https://inaturalist-open-data.s3.amazonaws.com/photos/299015800/medium.jpeg,CC-BY 4.0,Carlos Domínguez-Rodríguez,blakesito,2023-07-10,https://www.inaturalist.org/observations/172260877,"© Carlos Domínguez-Rodríguez, some rights reserved (CC-BY)",c43ab2db648cfbf90551db2edc5cd79662d6b3cd85ea309b088ef8707987a324
Chromis chromis,297793133,https://inaturalist-open-data.s3.amazonaws.com/photos/297793133/medium.jpeg,CC-BY 4.0,Carlos Domínguez-Rodríguez,blakesito,2023-07-07,https://www.inaturalist.org/observations/171604060,"© Carlos Domínguez-Rodríguez, some rights reserved (CC-BY)",2f18c44b39dd01c91cef71f0658186f0390320d6c554517913cdba9f7a9ffe00
Chromis chromis,632939335,https://inaturalist-open-data.s3.amazonaws.com/photos/632939335/medium.jpg,CC-BY 4.0,Mike Burnett,m1burnett,2026-03-28,https://www.inaturalist.org/observations/347162069,"© Mike Burnett, some rights reserved (CC-BY)",3eac9bda56dfd61033fa270e3072d797a99b4157be6ab7e050bce2878ce04f47
Chromis chromis,704018397,https://inaturalist-open-data.s3.amazonaws.com/photos/704018397/medium.jpg,CC-BY 4.0,Gavin Skeen,gavin_skeen,2026-07-23,https://www.inaturalist.org/observations/384600322,"© Gavin Skeen, some rights reserved (CC-BY)",a3162c9cecb0f112ca098db5e85f0f30661429670911546aafa799bc3f302dd1
Chromis chromis,119096789,https://inaturalist-open-data.s3.amazonaws.com/photos/119096789/medium.jpg,CC-BY 4.0,Susan Prior,susanprior,2021-01-11,https://www.inaturalist.org/observations/72984319,"© Susan Prior, some rights reserved (CC-BY)",8f76f7feea78ef8b4f3142e7094624e89add1ce9e6dd75a5828d01f0678c8abb
Chromis chromis,3222266,https://inaturalist-open-data.s3.amazonaws.com/photos/3222266/medium.jpg,CC-BY 4.0,Julien Renoult,jujurenoult,2016-03-04,https://www.inaturalist.org/observations/2829881,"© Julien Renoult, some rights reserved (CC-BY)",421fc45ef2c7474534115b1b980a4fe93de1668a10ab2a41459f08c9ad1a1bd7
Chromis chromis,120112157,https://inaturalist-open-data.s3.amazonaws.com/photos/120112157/medium.jpg,CC-BY 4.0,Richard Poort,rpoort,2007-03-26,https://www.inaturalist.org/observations/73568420,"© Richard Poort, some rights reserved (CC-BY)",83d03e36517301d8346f2b836ffbe51e545a75465ace46b246858132d57893b4
Chromis chromis,117476530,https://inaturalist-open-data.s3.amazonaws.com/photos/117476530/medium.jpeg,CC-BY 4.0,Carlos Domínguez-Rodríguez,blakesito,2021-03-22,https://www.inaturalist.org/observations/72089911,"© Carlos Domínguez-Rodríguez, some rights reserved (CC-BY)",d8faadcd3d7ce2006d79e50d9f08c4b78b90a5bc1305b04692919b32eea059eb
Chromis chromis,12862750,https://inaturalist-open-data.s3.amazonaws.com/photos/12862750/medium.jpg,CC-BY 4.0,Michael Bakker Paiva,michaelbakkerpaiva,2017-12-24,https://www.inaturalist.org/observations/9456340,"© Michael Bakker Paiva, some rights reserved (CC-BY)",9b3a626e90c905e210d83b56439bae5066f1a37ca09fffc32de65b59fca86fab
Chromis chromis,123108880,https://inaturalist-open-data.s3.amazonaws.com/photos/123108880/medium.jpg,CC-BY 4.0,jeyre,jeyre,2021-04-11,https://www.inaturalist.org/observations/75268356,"© jeyre, some rights reserved (CC-BY)",00efd28b3c927ede2b9cd038538a466bfdbf32f0dd72bdcf1b2bb76d6b6ec714
Mullus surmuletus,122342321,https://inaturalist-open-data.s3.amazonaws.com/photos/122342321/medium.jpeg,CC-BY 4.0,Karim Haddad,karimhaddad,2021-04-22,https://www.inaturalist.org/observations/74824841,"© Karim Haddad, some rights reserved (CC-BY)",528ea302b937ed045f74fabc02aedfe974ef7932c69bcbb6c0b773811f1bbd82
Mullus surmuletus,122342341,https://inaturalist-open-data.s3.amazonaws.com/photos/122342341/medium.jpeg,CC-BY 4.0,Karim Haddad,karimhaddad,2021-04-22,https://www.inaturalist.org/observations/74824841,"© Karim Haddad, some rights reserved (CC-BY)",abe25327f803901851d70b90741653f099f6be0e50872d00f88e442d1d2e947b
Mullus surmuletus,122342351,https://inaturalist-open-data.s3.amazonaws.com/photos/122342351/medium.jpeg,CC-BY 4.0,Karim Haddad,karimhaddad,2021-04-22,https://www.inaturalist.org/observations/74824841,"© Karim Haddad, some rights reserved (CC-BY)",f75fbbadba0544ea3009ea9a2fbda40965f33456b6ccdb3971ae61d29f46ea92
Mullus surmuletus,122342361,https://inaturalist-open-data.s3.amazonaws.com/photos/122342361/medium.jpeg,CC-BY 4.0,Karim Haddad,karimhaddad,2021-04-22,https://www.inaturalist.org/observations/74824841,"© Karim Haddad, some rights reserved (CC-BY)",49735f59f0602936ab180701f6542172464da3edb1d51f57f54428d75aba426b
Mullus surmuletus,299031695,https://inaturalist-open-data.s3.amazonaws.com/photos/299031695/medium.jpeg,CC-BY 4.0,Attila Oláh,attilaolah,2022-07-26,https://www.inaturalist.org/observations/172268187,"© Attila Oláh, some rights reserved (CC-BY)",cc8a778658d4c18d06f35dab9158223eab57ca494d4f0568b45baf286bba1bf1
Mullus surmuletus,111201316,https://inaturalist-open-data.s3.amazonaws.com/photos/111201316/medium.jpg,CC-BY 4.0,Bernard Picton,bernardpicton,2019-08-21,https://www.inaturalist.org/observations/68641746,"© Bernard Picton, some rights reserved (CC-BY)",29ec789884a35f57d6a766bdf1410cace2bc16801de89519410000a528d37113
Mullus surmuletus,111201312,https://inaturalist-open-data.s3.amazonaws.com/photos/111201312/medium.jpg,CC-BY 4.0,Bernard Picton,bernardpicton,2019-08-21,https://www.inaturalist.org/observations/68641746,"© Bernard Picton, some rights reserved (CC-BY)",cb164c37b13c03af592b48729216c597ecf7cd1d6314b16e23a25180c9d162b1
Mullus surmuletus,150634044,https://inaturalist-open-data.s3.amazonaws.com/photos/150634044/medium.jpeg,CC-BY 4.0,Thomas Dreux,thomtom,2021-07-30,https://www.inaturalist.org/observations/91101764,"© Thomas Dreux, some rights reserved (CC-BY)",541749ebf05c62aa22ae8a6f036b88cf8186a77f8634085d6d8902475a9664a7
Mullus surmuletus,150634125,https://inaturalist-open-data.s3.amazonaws.com/photos/150634125/medium.jpeg,CC-BY 4.0,Thomas Dreux,thomtom,2021-07-30,https://www.inaturalist.org/observations/91101764,"© Thomas Dreux, some rights reserved (CC-BY)",41717d5a3d4027364060bb061aea07df8901e15b4dd6eb39d61290d3e822483e
Mullus surmuletus,4783077,https://inaturalist-open-data.s3.amazonaws.com/photos/4783077/medium.jpeg,CC-BY 4.0,Julien Renoult,jujurenoult,2016-09-02,https://www.inaturalist.org/observations/4042432,"© Julien Renoult, some rights reserved (CC-BY)",5d2b90f098a4b6467b23672028f8e304446c110656a276861a7af35e8032def1
Mullus surmuletus,260158572,https://inaturalist-open-data.s3.amazonaws.com/photos/260158572/medium.jpg,CC-BY 4.0,Donald Davesne,donalddavesne,2022-12-23,https://www.inaturalist.org/observations/150834277,"© Donald Davesne, some rights reserved (CC-BY)",c2b08cbee0470c199c77405d32d8f1e70590b55ae72b8cad94c1fb82402c49e4
Mullus surmuletus,260158518,https://inaturalist-open-data.s3.amazonaws.com/photos/260158518/medium.jpg,CC-BY 4.0,Donald Davesne,donalddavesne,2022-12-23,https://www.inaturalist.org/observations/150834277,"© Donald Davesne, some rights reserved (CC-BY)",6d3c385c8174611721f1a94ec5aefc781a7a93e27bd4047f2b46cc8ac3620ebd
Mullus surmuletus,260158533,https://inaturalist-open-data.s3.amazonaws.com/photos/260158533/medium.jpg,CC-BY 4.0,Donald Davesne,donalddavesne,2022-12-23,https://www.inaturalist.org/observations/150834277,"© Donald Davesne, some rights reserved (CC-BY)",6a3dc86ef7bf08c9b8fd4f7e4eca83bc2c03fe3809e0a6e98aebf6dd3314c16a
Mullus surmuletus,541908585,https://inaturalist-open-data.s3.amazonaws.com/photos/541908585/medium.jpg,CC-BY 4.0,Diederik,dsmollo,2025-07-24,https://www.inaturalist.org/observations/300752008,"© Diederik, some rights reserved (CC-BY)",aeb9635c26e39b5f051b1f1d84b04313850ba6c7af2065e35b7bd1b669311108
Mullus surmuletus,541908662,https://inaturalist-open-data.s3.amazonaws.com/photos/541908662/medium.jpg,CC-BY 4.0,Diederik,dsmollo,2025-07-24,https://www.inaturalist.org/observations/300752008,"© Diederik, some rights reserved (CC-BY)",cb2d840e730d28fb8634c40859aeb4f0684306b5a7ac453b0d23230f04ec2a82
Mullus surmuletus,544114537,https://inaturalist-open-data.s3.amazonaws.com/photos/544114537/medium.jpg,CC-BY 4.0,Diederik,dsmollo,2025-07-28,https://www.inaturalist.org/observations/301933288,"© Diederik, some rights reserved (CC-BY)",9b8e853157b5588b21bcd540aa58d84790219a76120b76c0ba1e19dcd70a120b
Mullus surmuletus,560843498,https://inaturalist-open-data.s3.amazonaws.com/photos/560843498/medium.jpg,CC-BY 4.0,Radu Teodoreanu,ra_teo,2025-09-01,https://www.inaturalist.org/observations/310728967,"© Radu Teodoreanu, some rights reserved (CC-BY)",2ce1118a4a22546b72bd9d9c073b9ee3e6a17cf3b391906b0dc13d4be605b779
Mullus surmuletus,65416843,https://inaturalist-open-data.s3.amazonaws.com/photos/65416843/medium.jpeg,CC-BY 4.0,Yves Bas,yvesbas,2018-05-13,https://www.inaturalist.org/observations/41247666,"© Yves Bas, some rights reserved (CC-BY)",bf3ef236d38467b7a49d1d0762873ceefc4ac29a5c8ccab2f45d6056faf3547d
Mullus surmuletus,53982721,https://inaturalist-open-data.s3.amazonaws.com/photos/53982721/medium.jpeg,CC-BY 4.0,Chris Taklis,ctaklis,2019-10-13,https://www.inaturalist.org/observations/34311841,"© Chris Taklis, some rights reserved (CC-BY)",c4f43f553de52360cfe75e6f7cdc8d753273a08f275ab876e52ba34ee00d8055
Mullus surmuletus,412131707,https://inaturalist-open-data.s3.amazonaws.com/photos/412131707/medium.jpeg,CC-BY 4.0,Sergio Garrido Villa,sergiogarrido,2024-07-26,https://www.inaturalist.org/observations/232008349,"© Sergio Garrido Villa, some rights reserved (CC-BY)",7cce38945ee11021d09a2723deff5dcebf788ba796d80e640e971e1f1754eb43
Mullus surmuletus,412131731,https://inaturalist-open-data.s3.amazonaws.com/photos/412131731/medium.jpeg,CC-BY 4.0,Sergio Garrido Villa,sergiogarrido,2024-07-26,https://www.inaturalist.org/observations/232008349,"© Sergio Garrido Villa, some rights reserved (CC-BY)",5d3f07e7ddfb4e0cf8aa0cb483bab48c54459674c98c267a074efc995ce68255
Mullus surmuletus,314267865,https://inaturalist-open-data.s3.amazonaws.com/photos/314267865/medium.jpeg,CC-BY 4.0,Phill Robinson,phill-robinson,2023-08-21,https://www.inaturalist.org/observations/180416775,"© Phill Robinson, some rights reserved (CC-BY)",99eae822722429a0aadebdec9f254097ad0737ef7438ba33d78f51a409da9817
Mullus surmuletus,314267892,https://inaturalist-open-data.s3.amazonaws.com/photos/314267892/medium.jpeg,CC-BY 4.0,Phill Robinson,phill-robinson,2023-08-21,https://www.inaturalist.org/observations/180416775,"© Phill Robinson, some rights reserved (CC-BY)",ee45a16bc02a4c5e19d2439230ce53c3d414969aab33bbeebd7e5485cf2cf400
Scorpaena porcus,469363811,https://inaturalist-open-data.s3.amazonaws.com/photos/469363811/medium.jpeg,CC-BY 4.0,Adrien &amp; Lise,adrien-lise,2024-02-20,https://www.inaturalist.org/observations/261109696,"© Adrien &amp; Lise, some rights reserved (CC-BY)",a9a870a4052a6e0f8da85fecf1516c4da203b6872c7a6b32a78617f24df4a77f
Scorpaena porcus,365370923,https://inaturalist-open-data.s3.amazonaws.com/photos/365370923/medium.jpeg,CC-BY 4.0,Roman A. Lagazyuk (Роман А. Лагазюк),ro_ko,2024-04-11,https://www.inaturalist.org/observations/206611297,"© Roman A. Lagazyuk (Роман А. Лагазюк), some rights reserved (CC-BY)",f11ee1610087239640c5b486b9e117a3c02ade9c29f194c4581ccdc3515f57ac
Scorpaena porcus,365370996,https://inaturalist-open-data.s3.amazonaws.com/photos/365370996/medium.jpeg,CC-BY 4.0,Roman A. Lagazyuk (Роман А. Лагазюк),ro_ko,2024-04-11,https://www.inaturalist.org/observations/206611297,"© Roman A. Lagazyuk (Роман А. Лагазюк), some rights reserved (CC-BY)",04090326221e259c5b3c75670d19ef5b492b69c7f5e9823313035636036535f8
Scorpaena porcus,489601069,https://inaturalist-open-data.s3.amazonaws.com/photos/489601069/medium.jpg,CC-BY 4.0,Donald Davesne,donalddavesne,2025-04-19,https://www.inaturalist.org/observations/272146496,"© Donald Davesne, some rights reserved (CC-BY)",7d77a6d8fb06a10ffe32fb7870cdc0bdfc44efefaec57ee81ec125bf8ab43216
Scorpaena porcus,489601079,https://inaturalist-open-data.s3.amazonaws.com/photos/489601079/medium.jpg,CC-BY 4.0,Donald Davesne,donalddavesne,2025-04-19,https://www.inaturalist.org/observations/272146496,"© Donald Davesne, some rights reserved (CC-BY)",094d44b25f278850159369683deb9f38b7536572cca6a8fe6ec662c66779a06f
Scorpaena porcus,331756301,https://inaturalist-open-data.s3.amazonaws.com/photos/331756301/medium.jpeg,CC-BY 4.0,Yves Bas,yvesbas,2023-05-06,https://www.inaturalist.org/observations/189389585,"© Yves Bas, some rights reserved (CC-BY)",c5e23a3b7906cb3e7647b2970e805242c4f15420aacd700a68f4e913eb6d2678
Scorpaena porcus,331756306,https://inaturalist-open-data.s3.amazonaws.com/photos/331756306/medium.jpeg,CC-BY 4.0,Yves Bas,yvesbas,2023-05-06,https://www.inaturalist.org/observations/189389585,"© Yves Bas, some rights reserved (CC-BY)",b0c5327eae02e31be16bf1cddede25867e5db7f1fcb06dba300c2cf9df826848
Scorpaena porcus,331756234,https://inaturalist-open-data.s3.amazonaws.com/photos/331756234/medium.jpeg,CC-BY 4.0,Yves Bas,yvesbas,2023-05-06,https://www.inaturalist.org/observations/189389585,"© Yves Bas, some rights reserved (CC-BY)",84681b4c4d5aea7598e72823fdd9bb5b614c05fcfea5bf1ad24b42bd3e4b98a5
Scorpaena porcus,331756232,https://inaturalist-open-data.s3.amazonaws.com/photos/331756232/medium.jpeg,CC-BY 4.0,Yves Bas,yvesbas,2023-05-06,https://www.inaturalist.org/observations/189389585,"© Yves Bas, some rights reserved (CC-BY)",af47a578b1280a54c87b94bb7e8346159db132106d12f694c56bd1e1a4b4212d
Scorpaena porcus,331756213,https://inaturalist-open-data.s3.amazonaws.com/photos/331756213/medium.jpeg,CC-BY 4.0,Yves Bas,yvesbas,2023-05-06,https://www.inaturalist.org/observations/189389585,"© Yves Bas, some rights reserved (CC-BY)",850a1bc67a89230a1f823c193626f45cb3d676d8f5ae25891b5ac826c9be4424
Scorpaena porcus,306689119,https://inaturalist-open-data.s3.amazonaws.com/photos/306689119/medium.jpeg,CC-BY 4.0,Виктория Билоус,viktoriabilous,2023-08-03,https://www.inaturalist.org/observations/176404289,"© Виктория Билоус, some rights reserved (CC-BY)",000f5b0704f134d38d04ad4e541f952c1f295f54a16f54e58de74b46311c2910
Scorpaena porcus,267855922,https://inaturalist-open-data.s3.amazonaws.com/photos/267855922/medium.jpeg,CC-BY 4.0,Anna Shuliko,southcat,2023-04-15,https://www.inaturalist.org/observations/154988619,"© Anna Shuliko, some rights reserved (CC-BY)",b443abe475f89096d29ce98855e30d49ef0be68c8d662950965c418e8c414835
Scorpaena porcus,267855955,https://inaturalist-open-data.s3.amazonaws.com/photos/267855955/medium.jpeg,CC-BY 4.0,Anna Shuliko,southcat,2023-04-15,https://www.inaturalist.org/observations/154988619,"© Anna Shuliko, some rights reserved (CC-BY)",73f96dfed041ac8e3b3f3713b0135daf839db97fbd3096fec0d9788b1222778a
Scorpaena porcus,423330997,https://inaturalist-open-data.s3.amazonaws.com/photos/423330997/medium.jpeg,CC-BY 4.0,Michael Bommerer,michael_bommerer,2024-08-25,https://www.inaturalist.org/observations/237833471,"© Michael Bommerer, some rights reserved (CC-BY)",283e180f34a622b84fa31a55dd43aa46463fdb86343499e0fd1b12341ba3ccd4
Scorpaena porcus,423331046,https://inaturalist-open-data.s3.amazonaws.com/photos/423331046/medium.jpeg,CC-BY 4.0,Michael Bommerer,michael_bommerer,2024-08-25,https://www.inaturalist.org/observations/237833471,"© Michael Bommerer, some rights reserved (CC-BY)",a88e496617fc8d4762eca8b165ec49f2fdf30b69d883638c04be67eeaa6c0633
Scorpaena porcus,423331090,https://inaturalist-open-data.s3.amazonaws.com/photos/423331090/medium.jpeg,CC-BY 4.0,Michael Bommerer,michael_bommerer,2024-08-25,https://www.inaturalist.org/observations/237833471,"© Michael Bommerer, some rights reserved (CC-BY)",1a3e840b465233036e4fa68ec9c85e4569f569978876adcf4be1ca68ff7c8aef
Scorpaena porcus,427336464,https://inaturalist-open-data.s3.amazonaws.com/photos/427336464/medium.jpeg,CC-BY 4.0,Michael Bommerer,michael_bommerer,2024-09-04,https://www.inaturalist.org/observations/239901848,"© Michael Bommerer, some rights reserved (CC-BY)",8c9ff6129de1a4f74faaed02e8f8e0d06e2eb37f29c772ab6ed8f0368b8bb75a
Scorpaena porcus,427336498,https://inaturalist-open-data.s3.amazonaws.com/photos/427336498/medium.jpeg,CC-BY 4.0,Michael Bommerer,michael_bommerer,2024-09-04,https://www.inaturalist.org/observations/239901848,"© Michael Bommerer, some rights reserved (CC-BY)",5c3768278f0b215cb716ce165cb4f0e3b4d8e7dca9100b3e18dbd4a24e07aafa
Scorpaena porcus,343068670,https://inaturalist-open-data.s3.amazonaws.com/photos/343068670/medium.jpg,CC-BY 4.0,Nicola Faulks,nicola35,2023-12-25,https://www.inaturalist.org/observations/195066298,"© Nicola Faulks, some rights reserved (CC-BY)",f6819c4481e9232c44abe775a37eb6df68fa67f6d1ec4ad497beec886310fd12
Scorpaena porcus,560334356,https://inaturalist-open-data.s3.amazonaws.com/photos/560334356/medium.jpg,CC-BY 4.0,Fish and Dive,jean-vincentvieux-ingrassia,2025-08-26,https://www.inaturalist.org/observations/310464972,"© Fish and Dive, some rights reserved (CC-BY)",cd33f29a17a24e153a2f567c01e93c80466dc89069a718bcfe96b3f7ec8bb945
Scorpaena porcus,365802854,https://inaturalist-open-data.s3.amazonaws.com/photos/365802854/medium.jpeg,CC-BY 4.0,Nicola Crockford,nicolacrockford,2021-09-17,https://www.inaturalist.org/observations/206843476,"© Nicola Crockford, some rights reserved (CC-BY)",bbfb3275cf2171e2acabb10508bee719504ef56dd7df7ba697c26d0ff27663c1
Scorpaena porcus,387951543,https://inaturalist-open-data.s3.amazonaws.com/photos/387951543/medium.jpeg,CC-BY 4.0,Julien Renoult,jujurenoult,2024-05-25,https://www.inaturalist.org/observations/219195258,"© Julien Renoult, some rights reserved (CC-BY)",7fdec9dcf7735d871d35f9eff53efe9ed423448cd2a8c68be3a7e21d825e48bd
Scorpaena porcus,463421355,https://inaturalist-open-data.s3.amazonaws.com/photos/463421355/medium.jpg,CC-BY 4.0,Julien Renoult,jujurenoult,2025-01-12,https://www.inaturalist.org/observations/258316325,"© Julien Renoult, some rights reserved (CC-BY)",62ecc5e89c6b6ff55392bb6fb913be166950f21b7634f88c67b4707ea845ddc8
Scorpaena porcus,467190074,https://inaturalist-open-data.s3.amazonaws.com/photos/467190074/medium.jpg,CC-BY 4.0,Michael Bommerer,michael_bommerer,2025-01-31,https://www.inaturalist.org/observations/260179213,"© Michael Bommerer, some rights reserved (CC-BY)",a86a51a74230ed3d8ba3b6206249cfd041bcfa42c9b03845341fef43ef4d3a2a
Scorpaena porcus,467190093,https://inaturalist-open-data.s3.amazonaws.com/photos/467190093/medium.jpg,CC-BY 4.0,Michael Bommerer,michael_bommerer,2025-01-31,https://www.inaturalist.org/observations/260179213,"© Michael Bommerer, some rights reserved (CC-BY)",b90b06d1d8862220cd62fbd2576cdefb1de1fe7c13f7ae1ce52f0e86e09e3c20
Scorpaena porcus,4562412,https://inaturalist-open-data.s3.amazonaws.com/photos/4562412/medium.jpeg,CC-BY 4.0,Julien Renoult,jujurenoult,2016-08-13,https://www.inaturalist.org/observations/3887008,"© Julien Renoult, some rights reserved (CC-BY)",e38a3ef2b3579017c91de37f7ec0cf239d1b47b120f76fd9edc3f476a0d118be
Scorpaena porcus,348140314,https://inaturalist-open-data.s3.amazonaws.com/photos/348140314/medium.jpg,CC-BY 4.0,Gabriele Pradelli,gabriele_pradelli,2012-08-20,https://www.inaturalist.org/observations/197613101,"© Gabriele Pradelli, some rights reserved (CC-BY)",f7664429f89dadda2a28d0e491510fffe3955f6ee97774b1b06341aa8e3c0d46
Scorpaena porcus,348140316,https://inaturalist-open-data.s3.amazonaws.com/photos/348140316/medium.jpg,CC-BY 4.0,Gabriele Pradelli,gabriele_pradelli,2012-08-20,https://www.inaturalist.org/observations/197613101,"© Gabriele Pradelli, some rights reserved (CC-BY)",dce2cc614113aeeae7e80e69402043a39721aef3f0f3ee44e79287e489f46710
Scorpaena porcus,104349526,https://inaturalist-open-data.s3.amazonaws.com/photos/104349526/medium.jpeg,CC-BY 4.0,Chris Taklis,ctaklis,2020-11-14,https://www.inaturalist.org/observations/64868090,"© Chris Taklis, some rights reserved (CC-BY)",1d66e38a91aed62a601a692948bfe690e3bfb3cabbd34e6845ca6dade6d033f2
Scorpaena porcus,104349681,https://inaturalist-open-data.s3.amazonaws.com/photos/104349681/medium.jpeg,CC-BY 4.0,Chris Taklis,ctaklis,2020-11-14,https://www.inaturalist.org/observations/64868090,"© Chris Taklis, some rights reserved (CC-BY)",36759f26797d73f149a521fbddebe32f7102eabc1f87c85ad4a8af8217a0a4d6
Chromodoris annae,90424672,https://inaturalist-open-data.s3.amazonaws.com/photos/90424672/medium.jpg,CC-BY 4.0,Dan Schofield,djscho,2020-07-20,https://www.inaturalist.org/observations/56729520,"© Dan Schofield, some rights reserved (CC-BY)",a31314be37989d5afbe9a63fcae98495c2112f2bbb17f0216bfb26b923d43b7f
Chromodoris annae,367511667,https://inaturalist-open-data.s3.amazonaws.com/photos/367511667/medium.jpg,CC-BY 4.0,Pauline Walsh Jacobson,coralreefdreams,2019-11-13,https://www.inaturalist.org/observations/207751970,"© Pauline Walsh Jacobson, some rights reserved (CC-BY)",1ec188e4c393f2911c080fce02ed970ea6ba48e3546e75464ea2442fcb544add
Chromodoris annae,367513409,https://inaturalist-open-data.s3.amazonaws.com/photos/367513409/medium.jpg,CC-BY 4.0,Pauline Walsh Jacobson,coralreefdreams,2019-11-13,https://www.inaturalist.org/observations/207751970,"© Pauline Walsh Jacobson, some rights reserved (CC-BY)",25e90f75913b87a70eec6091316c53c1ba2908d13899faafeb0be3c3677a8d30
Chromodoris annae,367513412,https://inaturalist-open-data.s3.amazonaws.com/photos/367513412/medium.jpg,CC-BY 4.0,Pauline Walsh Jacobson,coralreefdreams,2019-11-13,https://www.inaturalist.org/observations/207751970,"© Pauline Walsh Jacobson, some rights reserved (CC-BY)",a6149b65353ce5c47dd98c8bb3571abb6def928cecf14b92805a2136565e0bad
Chromodoris annae,367513415,https://inaturalist-open-data.s3.amazonaws.com/photos/367513415/medium.jpg,CC-BY 4.0,Pauline Walsh Jacobson,coralreefdreams,2019-11-13,https://www.inaturalist.org/observations/207751970,"© Pauline Walsh Jacobson, some rights reserved (CC-BY)",17fc7e02551c205be6d5b68a7b031f032151a9e474dc64e5d9eef712dde52338
Chromodoris annae,393050011,https://inaturalist-open-data.s3.amazonaws.com/photos/393050011/medium.jpeg,CC-BY 4.0,Alicia Christman,aliciachristman,2024-02-28,https://www.inaturalist.org/observations/221921941,"© Alicia Christman, some rights reserved (CC-BY)",c266f4bdcf967d27f4497522aed04f4042b2a59177b1f0f9b2069fc83506a8a9
Chromodoris annae,190642848,https://inaturalist-open-data.s3.amazonaws.com/photos/190642848/medium.jpeg,CC-BY 4.0,呂一起(Lyu yi-chi),pchi45,2022-04-23,https://www.inaturalist.org/observations/112849116,"© 呂一起(Lyu yi-chi), some rights reserved (CC-BY)",25c6f069cefe7476e0126aca97df626025af071e63266b3db794279b7d483549
Chromodoris annae,190642828,https://inaturalist-open-data.s3.amazonaws.com/photos/190642828/medium.jpeg,CC-BY 4.0,呂一起(Lyu yi-chi),pchi45,2022-04-23,https://www.inaturalist.org/observations/112849116,"© 呂一起(Lyu yi-chi), some rights reserved (CC-BY)",e4d70edcda740b36bcc0b7f56fd04734bc4224d40c67c4d9d25d199ccd1b8bd4
Chromodoris annae,190642833,https://inaturalist-open-data.s3.amazonaws.com/photos/190642833/medium.jpeg,CC-BY 4.0,呂一起(Lyu yi-chi),pchi45,2022-04-23,https://www.inaturalist.org/observations/112849116,"© 呂一起(Lyu yi-chi), some rights reserved (CC-BY)",ba651dfe9d4cb7f37314b2b48a262d20f2b46bd21e892f3ec27febb221a931da
Chromodoris annae,57200131,https://inaturalist-open-data.s3.amazonaws.com/photos/57200131/medium.jpeg,CC-BY 4.0,Dan Schofield,djscho,2019-11-15,https://www.inaturalist.org/observations/36203691,"© Dan Schofield, some rights reserved (CC-BY)",0aedc938fc955b9cb9adc3ca523917e94678341137e83094781aa2fbdb0d1f3a
Chromodoris annae,58616601,https://inaturalist-open-data.s3.amazonaws.com/photos/58616601/medium.jpg,CC-BY 4.0,Dan Schofield,djscho,2019-12-14,https://www.inaturalist.org/observations/37020225,"© Dan Schofield, some rights reserved (CC-BY)",913e42e6eac5f5eb604d8a32e829677222615069865607063a3fae73f69f5e8d
Chromodoris annae,485838051,https://inaturalist-open-data.s3.amazonaws.com/photos/485838051/medium.jpeg,CC-BY 4.0,Wiljam Eklund,wiljame,2024-05-22,https://www.inaturalist.org/observations/270165278,"© Wiljam Eklund, some rights reserved (CC-BY)",d5a5bd60068d4a6dcd03bd59f6d5f74f9713f15ff2229c0c37d158f7c6c9fa20
Chromodoris annae,485838110,https://inaturalist-open-data.s3.amazonaws.com/photos/485838110/medium.jpeg,CC-BY 4.0,Wiljam Eklund,wiljame,2024-05-22,https://www.inaturalist.org/observations/270165278,"© Wiljam Eklund, some rights reserved (CC-BY)",8269732e72768887257339d21b75d502a829425e623466f5760948a7f16f7a76
Chromodoris annae,485838463,https://inaturalist-open-data.s3.amazonaws.com/photos/485838463/medium.jpeg,CC-BY 4.0,Wiljam Eklund,wiljame,2024-05-22,https://www.inaturalist.org/observations/270165278,"© Wiljam Eklund, some rights reserved (CC-BY)",2570dcd9aeec8e8f8162f1f210a86244124049e9b04fc923c8ea5e5c7423c185
Chromodoris annae,682573442,https://inaturalist-open-data.s3.amazonaws.com/photos/682573442/medium.jpg,CC-BY 4.0,呂一起(Lyu yi-chi),pchi45,2026-06-11,https://www.inaturalist.org/observations/373492598,"© 呂一起(Lyu yi-chi), some rights reserved (CC-BY)",4ee614101f2abb2e6ceeff5c6bdf73a35187712cc8ab20c783316a76a7281eb9
Chromodoris annae,682573475,https://inaturalist-open-data.s3.amazonaws.com/photos/682573475/medium.jpg,CC-BY 4.0,呂一起(Lyu yi-chi),pchi45,2026-06-11,https://www.inaturalist.org/observations/373492598,"© 呂一起(Lyu yi-chi), some rights reserved (CC-BY)",db0ba19e6cc03a1ec6b29829079359650c4a2618757a70d6c12ae5aef137e123
Chromodoris annae,250693177,https://inaturalist-open-data.s3.amazonaws.com/photos/250693177/medium.jpg,CC-BY 4.0,Bernard Picton,bernardpicton,2015-09-15,https://www.inaturalist.org/observations/145890070,"© Bernard Picton, some rights reserved (CC-BY)",682d34b08a9aecb185eaa8db2fee13ff9b2e0aadc967066778b5b607648f2a96
Chromodoris annae,650009688,https://inaturalist-open-data.s3.amazonaws.com/photos/650009688/medium.jpg,CC-BY 4.0,Ben Costamagna,bencostamagna,2026-04-23,https://www.inaturalist.org/observations/356434965,"© Ben Costamagna, some rights reserved (CC-BY)",eee57bbe89685863b9bc7aaf4a874902ec11b6f626c2159eb1c1ea1ce33b66e7
Chromodoris annae,457988462,https://inaturalist-open-data.s3.amazonaws.com/photos/457988462/medium.jpeg,CC-BY 4.0,My-Lan Le,mylan,2023-04-13,https://www.inaturalist.org/observations/255553822,"© My-Lan Le, some rights reserved (CC-BY)",98f8d6cde9ab61b6161bf63b4a8ed45e60d3df375a3a606aa35de853a2d29b21
Chromodoris annae,2667322,https://inaturalist-open-data.s3.amazonaws.com/photos/2667322/medium.jpg,CC-BY 4.0,BJ Smit,bjsmit,2013-01-20,https://www.inaturalist.org/observations/2394102,"© BJ Smit, some rights reserved (CC-BY)",d4cca4b1f6ff6c1e86c958626066b0e2cef3b75f278dddbeeecaf066d83d722f
Chromodoris annae,692710014,https://inaturalist-open-data.s3.amazonaws.com/photos/692710014/medium.jpg,CC-BY 4.0,Jay Paroline,jayparoline,2026-06-16,https://www.inaturalist.org/observations/378739753,"© Jay Paroline, some rights reserved (CC-BY)",4a86254b37c7c3c31c85a2532c2c543b4d92454fe9ce74405deb6dd1ccb04dd8
Chromodoris annae,82805548,https://inaturalist-open-data.s3.amazonaws.com/photos/82805548/medium.jpg,CC-BY 4.0,Dan Schofield,djscho,2020-06-21,https://www.inaturalist.org/observations/52102213,"© Dan Schofield, some rights reserved (CC-BY)",7ebabed13d18e67f9c3ee0788dfb8aa476dcdc712d1a80aa23289c4aff92f9dd
Chromodoris annae,85964885,https://inaturalist-open-data.s3.amazonaws.com/photos/85964885/medium.jpg,CC-BY 4.0,Dan Schofield,djscho,2020-07-16,https://www.inaturalist.org/observations/54037232,"© Dan Schofield, some rights reserved (CC-BY)",5f8ae9cac1f0c356cc5ce57cb2ad4b817f4af2865f94b228e151087714aafb85
Chromodoris annae,90760714,https://inaturalist-open-data.s3.amazonaws.com/photos/90760714/medium.jpg,CC-BY 4.0,Dan Schofield,djscho,2020-07-22,https://www.inaturalist.org/observations/56929084,"© Dan Schofield, some rights reserved (CC-BY)",430fd79cab539c76b817eb2bdacccab4b9f561e6056d254102e9567b9d8e1572
Chromodoris annae,95480235,https://inaturalist-open-data.s3.amazonaws.com/photos/95480235/medium.jpg,CC-BY 4.0,Dan Schofield,djscho,2020-08-13,https://www.inaturalist.org/observations/59743209,"© Dan Schofield, some rights reserved (CC-BY)",9969e93142999ac17cf598366438498b6ca8b93d6827356c791bd67765ff0378
Chromodoris annae,111764314,https://inaturalist-open-data.s3.amazonaws.com/photos/111764314/medium.jpeg,CC-BY 4.0,Dan Schofield,djscho,2020-09-23,https://www.inaturalist.org/observations/68945291,"© Dan Schofield, some rights reserved (CC-BY)",ecf75723e561917d5f40b41d1b46111668fb94165529e5bf188b4b73321c79e3
Chromodoris annae,109830886,https://inaturalist-open-data.s3.amazonaws.com/photos/109830886/medium.jpeg,CC-BY 4.0,Dan Schofield,djscho,2020-09-15,https://www.inaturalist.org/observations/67904567,"© Dan Schofield, some rights reserved (CC-BY)",1b4b6a998acf3a568af88dfe7fb5ba11f5b50e5d8817f06b9eec1dd17357f88c
Chromodoris annae,650002838,https://inaturalist-open-data.s3.amazonaws.com/photos/650002838/medium.jpg,CC-BY 4.0,Pierre Pericard,ppericard,2026-04-28,https://www.inaturalist.org/observations/356431451,"© Pierre Pericard, some rights reserved (CC-BY)",d6d40c611e9fc4bcc5a59f7ef7146b052f23258aaf7015d79a9dd381ff578a4b
Chromodoris willani,70668245,https://inaturalist-open-data.s3.amazonaws.com/photos/70668245/medium.jpg,CC-BY 4.0,Dan Schofield,djscho,2020-04-03,https://www.inaturalist.org/observations/44572941,"© Dan Schofield, some rights reserved (CC-BY)",f6f143987250d4ed0416471658141fd8189110be4896ce07eedb5ae9a5b08bd2
Chromodoris willani,310394377,https://inaturalist-open-data.s3.amazonaws.com/photos/310394377/medium.jpg,CC-BY 4.0,Pauline Walsh Jacobson,coralreefdreams,2014-01-13,https://www.inaturalist.org/observations/178382854,"© Pauline Walsh Jacobson, some rights reserved (CC-BY)",3abe742a4735a1344690587be28c73a6ae74566511e5e9cf93aba2c27af90f4b
Chromodoris willani,693417430,https://inaturalist-open-data.s3.amazonaws.com/photos/693417430/medium.jpg,CC-BY 4.0,Jay Paroline,jayparoline,2026-06-17,https://www.inaturalist.org/observations/379107252,"© Jay Paroline, some rights reserved (CC-BY)",eab440dec58d0f5b784d9ea0e7e91cf9016e1719d077c92cd7e7411d3d72155a
Chromodoris willani,693417415,https://inaturalist-open-data.s3.amazonaws.com/photos/693417415/medium.jpg,CC-BY 4.0,Jay Paroline,jayparoline,2026-06-17,https://www.inaturalist.org/observations/379107252,"© Jay Paroline, some rights reserved (CC-BY)",976668097a82aa110f9032d292746917b9e11d11d55a1ee0ed59ddcd1a4e87de
Chromodoris willani,693417394,https://inaturalist-open-data.s3.amazonaws.com/photos/693417394/medium.jpg,CC-BY 4.0,Jay Paroline,jayparoline,2026-06-17,https://www.inaturalist.org/observations/379107252,"© Jay Paroline, some rights reserved (CC-BY)",cfb8dd22d8d5dfac8606206da9c02c4e6dfed653a8b86e03fa92f3323686476f
Chromodoris willani,693417436,https://inaturalist-open-data.s3.amazonaws.com/photos/693417436/medium.jpg,CC-BY 4.0,Jay Paroline,jayparoline,2026-06-17,https://www.inaturalist.org/observations/379107252,"© Jay Paroline, some rights reserved (CC-BY)",22aa494dfdd22854e5cb0af02219a6d0b2c88a4c607fac4c397ea7c58ff4b982
Chromodoris willani,469858440,https://inaturalist-open-data.s3.amazonaws.com/photos/469858440/medium.jpeg,CC-BY 4.0,Paolo Co,paocolo,2024-12-01,https://www.inaturalist.org/observations/261533262,"© Paolo Co, some rights reserved (CC-BY)",b3ea4f9d4528900181c22bc15c284a2ec025e9980dfee942d76a1ebcb3229124
Chromodoris willani,469858448,https://inaturalist-open-data.s3.amazonaws.com/photos/469858448/medium.jpeg,CC-BY 4.0,Paolo Co,paocolo,2024-12-01,https://www.inaturalist.org/observations/261533262,"© Paolo Co, some rights reserved (CC-BY)",040d8c323cb82e1b149d5d259014bfc40361d0be6b450162ae8e533ce9c96bbf
Chromodoris willani,469858447,https://inaturalist-open-data.s3.amazonaws.com/photos/469858447/medium.jpeg,CC-BY 4.0,Paolo Co,paocolo,2024-12-01,https://www.inaturalist.org/observations/261533262,"© Paolo Co, some rights reserved (CC-BY)",dd24ae55c91b274a8e93b1ef41538855e83ccebb67d31c986ce6d1d91f99cb1d
Chromodoris willani,469858439,https://inaturalist-open-data.s3.amazonaws.com/photos/469858439/medium.jpeg,CC-BY 4.0,Paolo Co,paocolo,2024-12-01,https://www.inaturalist.org/observations/261533262,"© Paolo Co, some rights reserved (CC-BY)",8c4582b482e2aeda24b6db5a401545f60d6eda601270b673012a9ace84cca82f
Chromodoris willani,469858453,https://inaturalist-open-data.s3.amazonaws.com/photos/469858453/medium.jpeg,CC-BY 4.0,Paolo Co,paocolo,2024-12-01,https://www.inaturalist.org/observations/261533262,"© Paolo Co, some rights reserved (CC-BY)",e08280b22d9ede79fde31020b6531495d61b7b89e71adff3cb85db7df771a768
Chromodoris willani,469858454,https://inaturalist-open-data.s3.amazonaws.com/photos/469858454/medium.jpeg,CC-BY 4.0,Paolo Co,paocolo,2024-12-01,https://www.inaturalist.org/observations/261533262,"© Paolo Co, some rights reserved (CC-BY)",b57e3f9c974d3152e97ab21613cf729239d5f110ff2158bb89f5d195bda85df1
Chromodoris willani,469858449,https://inaturalist-open-data.s3.amazonaws.com/photos/469858449/medium.jpeg,CC-BY 4.0,Paolo Co,paocolo,2024-12-01,https://www.inaturalist.org/observations/261533262,"© Paolo Co, some rights reserved (CC-BY)",ec94ad3ea3ed472347d8aee63f1879f535bfe8502101a744262a9a6014e2b2eb
Chromodoris willani,469858441,https://inaturalist-open-data.s3.amazonaws.com/photos/469858441/medium.jpeg,CC-BY 4.0,Paolo Co,paocolo,2024-12-01,https://www.inaturalist.org/observations/261533262,"© Paolo Co, some rights reserved (CC-BY)",8127025f23c329256abafe76457a5ff5d24ec245ee023c5e07f910d7ac24493d
Chromodoris willani,310394438,https://inaturalist-open-data.s3.amazonaws.com/photos/310394438/medium.jpg,CC-BY 4.0,Pauline Walsh Jacobson,coralreefdreams,2014-01-13,https://www.inaturalist.org/observations/178382870,"© Pauline Walsh Jacobson, some rights reserved (CC-BY)",acc628154d22d35558c65bc51b04f8641d5ef4e52b9599c9ba60cf8eb0e9abee
Chromodoris willani,309326802,https://inaturalist-open-data.s3.amazonaws.com/photos/309326802/medium.jpeg,CC-BY 4.0,呂一起(Lyu yi-chi),pchi45,2023-08-11,https://www.inaturalist.org/observations/177823308,"© 呂一起(Lyu yi-chi), some rights reserved (CC-BY)",35d58b965ecd52aa0ddda3df29aee7956b65e13efc45cd212197cef43f76ddd0
Chromodoris willani,309326803,https://inaturalist-open-data.s3.amazonaws.com/photos/309326803/medium.jpeg,CC-BY 4.0,呂一起(Lyu yi-chi),pchi45,2023-08-11,https://www.inaturalist.org/observations/177823308,"© 呂一起(Lyu yi-chi), some rights reserved (CC-BY)",fa6006c5435173b2664a7be46010785296c0268312da3f01e9410f94aae35f45
Chromodoris willani,711055266,https://inaturalist-open-data.s3.amazonaws.com/photos/711055266/medium.jpg,CC-BY 4.0,Gregor Bailar,gregorbailar,2025-04-01,https://www.inaturalist.org/observations/388253617,"© Gregor Bailar, some rights reserved (CC-BY)",fa129decfd3840d03f8ec7988f4d14e3b4ac4055347ad3fceb37680bd22ded06
Chromodoris willani,399822889,https://inaturalist-open-data.s3.amazonaws.com/photos/399822889/medium.jpg,CC-BY 4.0,portioid,portioid,2024-06-27,https://www.inaturalist.org/observations/225508233,"© portioid, some rights reserved (CC-BY)",2c07799f9a9e6b82e0da064f8e1b4fc00c14732d33ae716ea6d08fe6b77c4759
Chromodoris willani,399822873,https://inaturalist-open-data.s3.amazonaws.com/photos/399822873/medium.jpg,CC-BY 4.0,portioid,portioid,2024-06-27,https://www.inaturalist.org/observations/225508233,"© portioid, some rights reserved (CC-BY)",4b8d538d42949b7be85dfb97729c22d0e177f73113714ffde7ed1c3c8658ddfb
Chromodoris willani,295649427,https://inaturalist-open-data.s3.amazonaws.com/photos/295649427/medium.jpg,CC-BY 4.0,Pauline Walsh Jacobson,coralreefdreams,2013-02-13,https://www.inaturalist.org/observations/170457714,"© Pauline Walsh Jacobson, some rights reserved (CC-BY)",61795827534d8b6195921965a968f6fd33d30d9a7b54d5b90c3df0fe9aa61143
Chromodoris willani,228018436,https://inaturalist-open-data.s3.amazonaws.com/photos/228018436/medium.jpg,CC-BY 4.0,desertnaturalist,desertnaturalist,2022-07-25,https://www.inaturalist.org/observations/133830874,"© desertnaturalist, some rights reserved (CC-BY)",e752899dcf7d6f8c7415236cbbfd593ecbdede81db65106485bea370c11ee152
Chromodoris willani,693349896,https://inaturalist-open-data.s3.amazonaws.com/photos/693349896/medium.jpg,CC-BY 4.0,Roger Rittmaster,rogerritt,2026-06-19,https://www.inaturalist.org/observations/379079660,"© Roger Rittmaster, some rights reserved (CC-BY)",52e9923550fdd543e6bf788002fd1dc02c3ef5c291dee93f8214599f13c3ec6a
Chromodoris willani,602305418,https://inaturalist-open-data.s3.amazonaws.com/photos/602305418/medium.jpg,CC-BY 4.0,desertnaturalist,desertnaturalist,2023-05-19,https://www.inaturalist.org/observations/331949354,"© desertnaturalist, some rights reserved (CC-BY)",13017df77d28242635e8654c13b02d812b7a2c829399d03bd14719a883f75b22
Chromodoris willani,602306002,https://inaturalist-open-data.s3.amazonaws.com/photos/602306002/medium.jpg,CC-BY 4.0,desertnaturalist,desertnaturalist,2023-05-19,https://www.inaturalist.org/observations/331949354,"© desertnaturalist, some rights reserved (CC-BY)",b65506cf7383931502810fef788db342b2548fedbb35c1c14b67959ff5bc1c29
Chromodoris willani,118827989,https://inaturalist-open-data.s3.amazonaws.com/photos/118827989/medium.jpeg,CC-BY 4.0,Dan Schofield,djscho,2021-03-31,https://www.inaturalist.org/observations/72836278,"© Dan Schofield, some rights reserved (CC-BY)",2792bdf7705b9769c3db28ae414ba1e3b7a2083855a11a8ef5aed16c1f10f4b3
Chromodoris willani,293545532,https://inaturalist-open-data.s3.amazonaws.com/photos/293545532/medium.jpg,CC-BY 4.0,portioid,portioid,2023-06-24,https://www.inaturalist.org/observations/169328856,"© portioid, some rights reserved (CC-BY)",de585931a5906693e03563416ab58a868f7a7c3ebe5873362782e89788e70a89
Chromodoris willani,293545538,https://inaturalist-open-data.s3.amazonaws.com/photos/293545538/medium.jpg,CC-BY 4.0,portioid,portioid,2023-06-24,https://www.inaturalist.org/observations/169328856,"© portioid, some rights reserved (CC-BY)",082e45c03f3b2a42a66d789701b746a4f26857880e5043d5a6a4734076949998
Chromodoris willani,293545542,https://inaturalist-open-data.s3.amazonaws.com/photos/293545542/medium.jpg,CC-BY 4.0,portioid,portioid,2023-06-24,https://www.inaturalist.org/observations/169328856,"© portioid, some rights reserved (CC-BY)",0550986318ae128e4ba144f2be3a881d85eb6ca96c00a998235dfb9f8d59ed68
Chromodoris willani,309940692,https://inaturalist-open-data.s3.amazonaws.com/photos/309940692/medium.jpeg,CC-BY 4.0,呂一起(Lyu yi-chi),pchi45,2023-08-11,https://www.inaturalist.org/observations/178145717,"© 呂一起(Lyu yi-chi), some rights reserved (CC-BY)",4cb4917743348abc7b92ad6ae39eafb26038e96874335b7b34d1ab67e4c4a9f8
Hypselodoris apolegma,57993266,https://inaturalist-open-data.s3.amazonaws.com/photos/57993266/medium.jpg,CC-BY 4.0,Dan Schofield,djscho,2019-12-12,https://www.inaturalist.org/observations/36667304,"© Dan Schofield, some rights reserved (CC-BY)",89b2b5124bb823bae9e4c849840fbecd63091881672c94a0d14cb5e15469398a
Hypselodoris apolegma,73525146,https://inaturalist-open-data.s3.amazonaws.com/photos/73525146/medium.jpg,CC-BY 4.0,Dan Schofield,djscho,2020-04-30,https://www.inaturalist.org/observations/46356854,"© Dan Schofield, some rights reserved (CC-BY)",69464ec3f79b0463167733c2a825571dcde04c0b86333defdceaef07cd1b8d0b
Hypselodoris apolegma,82454651,https://inaturalist-open-data.s3.amazonaws.com/photos/82454651/medium.jpg,CC-BY 4.0,Dan Schofield,djscho,2020-05-13,https://www.inaturalist.org/observations/51882226,"© Dan Schofield, some rights reserved (CC-BY)",9773318d4cfce20c9f4756b94b50cb02dea6f22db199d027657a4b29599824d9
Hypselodoris apolegma,72274826,https://inaturalist-open-data.s3.amazonaws.com/photos/72274826/medium.jpg,CC-BY 4.0,Dan Schofield,djscho,2020-04-18,https://www.inaturalist.org/observations/45576911,"© Dan Schofield, some rights reserved (CC-BY)",c4842cd87c4e6f362ea9c50f4e1062daeb17abb3309008047768b2454fcd3892
Hypselodoris apolegma,73525234,https://inaturalist-open-data.s3.amazonaws.com/photos/73525234/medium.jpg,CC-BY 4.0,Dan Schofield,djscho,2020-04-30,https://www.inaturalist.org/observations/46356855,"© Dan Schofield, some rights reserved (CC-BY)",97b3e1594a743a2bc31a4f52209387513b57e3f77304a5edee8ae0255e866b0b
Hypselodoris apolegma,95479724,https://inaturalist-open-data.s3.amazonaws.com/photos/95479724/medium.jpg,CC-BY 4.0,Dan Schofield,djscho,2020-08-13,https://www.inaturalist.org/observations/59743204,"© Dan Schofield, some rights reserved (CC-BY)",7f34d191bac80fcbe213a1aedcaf3ad5b97ff6a17f1c7347b6e6fe03fb424e3e
Hypselodoris apolegma,57993270,https://inaturalist-open-data.s3.amazonaws.com/photos/57993270/medium.jpg,CC-BY 4.0,Dan Schofield,djscho,2019-12-12,https://www.inaturalist.org/observations/36667305,"© Dan Schofield, some rights reserved (CC-BY)",c225e9aaa37ab052f22664c294d789c97a570205730bf2146fcf96010a63340d
Hypselodoris apolegma,73308267,https://inaturalist-open-data.s3.amazonaws.com/photos/73308267/medium.jpg,CC-BY 4.0,Dan Schofield,djscho,2020-04-26,https://www.inaturalist.org/observations/46222427,"© Dan Schofield, some rights reserved (CC-BY)",294872979ebe74cc798732a7ce31147a2364f061c5013036048361847ff1e6b6
Hypselodoris apolegma,32333091,https://inaturalist-open-data.s3.amazonaws.com/photos/32333091/medium.jpg,CC-BY 4.0,desertnaturalist,desertnaturalist,2019-01-29,https://www.inaturalist.org/observations/20945000,"© desertnaturalist, some rights reserved (CC-BY)",14965d0994458cdc9d1e113d1b1c20b3d23e1285cfcec7d7bf1e7b8888f1611b
Hypselodoris apolegma,114421727,https://inaturalist-open-data.s3.amazonaws.com/photos/114421727/medium.jpeg,CC-BY 4.0,Dan Schofield,djscho,2021-02-11,https://www.inaturalist.org/observations/70389538,"© Dan Schofield, some rights reserved (CC-BY)",a4afa77d3f3f1df3b1dc5fb92dd68bfdce9d9024c6cb522837b522d2610b5ce6
Hypselodoris apolegma,331956950,https://inaturalist-open-data.s3.amazonaws.com/photos/331956950/medium.jpg,CC-BY 4.0,desertnaturalist,desertnaturalist,2023-10-21,https://www.inaturalist.org/observations/189486337,"© desertnaturalist, some rights reserved (CC-BY)",ee630ee8a4d78eac179051ee565d0271f380b67cc6667b7062dc4124da71aa63
Hypselodoris apolegma,331956952,https://inaturalist-open-data.s3.amazonaws.com/photos/331956952/medium.jpg,CC-BY 4.0,desertnaturalist,desertnaturalist,2023-10-21,https://www.inaturalist.org/observations/189486337,"© desertnaturalist, some rights reserved (CC-BY)",46241e494a876ecf4be98082a0c855735f5f447fb9a2f9281490bb5e314e7a6f
Hypselodoris apolegma,331957209,https://inaturalist-open-data.s3.amazonaws.com/photos/331957209/medium.jpg,CC-BY 4.0,desertnaturalist,desertnaturalist,2023-10-21,https://www.inaturalist.org/observations/189486337,"© desertnaturalist, some rights reserved (CC-BY)",0e21ec6a3b88bd5e9fd38a5dc548e043ab7802ad050af151894a3083160bb053
Hypselodoris apolegma,107560278,https://inaturalist-open-data.s3.amazonaws.com/photos/107560278/medium.jpeg,CC-BY 4.0,呂一起(Lyu yi-chi),pchi45,2020-12-13,https://www.inaturalist.org/observations/66687345,"© 呂一起(Lyu yi-chi), some rights reserved (CC-BY)",8017d2228e866b630ba416013101abf3bd9927fa4b9e718ed503ddf083c2806d
Hypselodoris apolegma,107560312,https://inaturalist-open-data.s3.amazonaws.com/photos/107560312/medium.jpeg,CC-BY 4.0,呂一起(Lyu yi-chi),pchi45,2020-12-13,https://www.inaturalist.org/observations/66687345,"© 呂一起(Lyu yi-chi), some rights reserved (CC-BY)",519138f5eaee42bc57f559e5911136a4f2defe09250a9484a9492372acb50cbd
Hypselodoris apolegma,107560316,https://inaturalist-open-data.s3.amazonaws.com/photos/107560316/medium.jpeg,CC-BY 4.0,呂一起(Lyu yi-chi),pchi45,2020-12-13,https://www.inaturalist.org/observations/66687345,"© 呂一起(Lyu yi-chi), some rights reserved (CC-BY)",75373ca5fc6d313fe8c423210564f3f3215f21c73171c87f04b21b3f55e264f1
Hypselodoris apolegma,107560320,https://inaturalist-open-data.s3.amazonaws.com/photos/107560320/medium.jpeg,CC-BY 4.0,呂一起(Lyu yi-chi),pchi45,2020-12-13,https://www.inaturalist.org/observations/66687345,"© 呂一起(Lyu yi-chi), some rights reserved (CC-BY)",1d2ff2cb6c2562977afd34d4be4fd2ad9f76660e84ab8ea2c396177e5ed742de
Hypselodoris apolegma,73525076,https://inaturalist-open-data.s3.amazonaws.com/photos/73525076/medium.jpg,CC-BY 4.0,Dan Schofield,djscho,2020-04-30,https://www.inaturalist.org/observations/46356853,"© Dan Schofield, some rights reserved (CC-BY)",39915e74aea7d97c3b15c20ef021f927b512f01259fbc9f651a58c11dd011407
Hypselodoris apolegma,72274954,https://inaturalist-open-data.s3.amazonaws.com/photos/72274954/medium.jpg,CC-BY 4.0,Dan Schofield,djscho,2020-04-18,https://www.inaturalist.org/observations/45576913,"© Dan Schofield, some rights reserved (CC-BY)",7f26badbfb0be508d42b666752614abaf0fa5f8e52bdffd36c275e6ad95fd04f
Hypselodoris apolegma,61367638,https://inaturalist-open-data.s3.amazonaws.com/photos/61367638/medium.jpeg,CC-BY 4.0,Dan Schofield,djscho,2020-01-12,https://www.inaturalist.org/observations/38599123,"© Dan Schofield, some rights reserved (CC-BY)",650e1b192340fc92a1c6bfb2a58a604f730ee023b7e2b907999a440db0ed795f
Hypselodoris apolegma,693418042,https://inaturalist-open-data.s3.amazonaws.com/photos/693418042/medium.jpg,CC-BY 4.0,Jay Paroline,jayparoline,2026-06-17,https://www.inaturalist.org/observations/379107321,"© Jay Paroline, some rights reserved (CC-BY)",e9379b422016806525799bcdb27e5d6bbf01257b15e47a639a711bde82239c4a
Hypselodoris apolegma,60997649,https://inaturalist-open-data.s3.amazonaws.com/photos/60997649/medium.jpeg,CC-BY 4.0,Dan Schofield,djscho,2020-01-12,https://www.inaturalist.org/observations/38384358,"© Dan Schofield, some rights reserved (CC-BY)",5657a7bdb699d6265e0f87fff4347f13b0e32a4e8b308b50413d530e6494ccf9
Hypselodoris apolegma,59488675,https://inaturalist-open-data.s3.amazonaws.com/photos/59488675/medium.jpeg,CC-BY 4.0,Dan Schofield,djscho,2020-01-06,https://www.inaturalist.org/observations/37516940,"© Dan Schofield, some rights reserved (CC-BY)",e928253634f7f1833b13750a34bfed49d81cc15da4cddf85122932cc4b997b15
Hypselodoris apolegma,66915663,https://inaturalist-open-data.s3.amazonaws.com/photos/66915663/medium.jpeg,CC-BY 4.0,Dan Schofield,djscho,2020-02-19,https://www.inaturalist.org/observations/42153787,"© Dan Schofield, some rights reserved (CC-BY)",f3eb8d23b1cfb332277fdccd9cb128efbcb424bd6a5363c6c7eea74d6fa79a8c
Hypselodoris apolegma,82454694,https://inaturalist-open-data.s3.amazonaws.com/photos/82454694/medium.jpg,CC-BY 4.0,Dan Schofield,djscho,2020-05-13,https://www.inaturalist.org/observations/51882227,"© Dan Schofield, some rights reserved (CC-BY)",0a5429ab2666d8e17656aa709822e02ff5b430c0edab044be1fef39ed110fe95
Hypselodoris apolegma,82454707,https://inaturalist-open-data.s3.amazonaws.com/photos/82454707/medium.jpg,CC-BY 4.0,Dan Schofield,djscho,2020-05-13,https://www.inaturalist.org/observations/51882228,"© Dan Schofield, some rights reserved (CC-BY)",f2f6415a2f3a442388b8c115ca3b4b70d4a7b27cb02b1971e58d6e6ec1158328
Hypselodoris apolegma,82454846,https://inaturalist-open-data.s3.amazonaws.com/photos/82454846/medium.jpg,CC-BY 4.0,Dan Schofield,djscho,2020-05-13,https://www.inaturalist.org/observations/51882245,"© Dan Schofield, some rights reserved (CC-BY)",e3a42c370e5aacf071cabf291312ddc57fdb83a566b90c9b49ebf703303817df
Phyllidia varicosa,341451362,https://inaturalist-open-data.s3.amazonaws.com/photos/341451362/medium.jpg,CC-BY 4.0,portioid,portioid,2023-12-18,https://www.inaturalist.org/observations/194276395,"© portioid, some rights reserved (CC-BY)",7f8be689b52fdac42c0970198438f667ea6737ec27a70996742ce8dfbddd9c17
Phyllidia varicosa,341451373,https://inaturalist-open-data.s3.amazonaws.com/photos/341451373/medium.jpg,CC-BY 4.0,portioid,portioid,2023-12-18,https://www.inaturalist.org/observations/194276395,"© portioid, some rights reserved (CC-BY)",9be8f3433309c73c18a4ea6a8658fd1d6293368537da2d9395d40925a9e4b6b2
Phyllidia varicosa,249635477,https://inaturalist-open-data.s3.amazonaws.com/photos/249635477/medium.jpg,CC-BY 4.0,Donald Davesne,donalddavesne,2022-11-14,https://www.inaturalist.org/observations/145347915,"© Donald Davesne, some rights reserved (CC-BY)",b8876c41c164cfe65d44d323b5b45f2a7b3c166e5e02969c2a23f92ecd0f5281
Phyllidia varicosa,343604197,https://inaturalist-open-data.s3.amazonaws.com/photos/343604197/medium.jpg,CC-BY 4.0,cello caruso-turiello,celllo,2023-12-30,https://www.inaturalist.org/observations/195331016,"© cello caruso-turiello, some rights reserved (CC-BY)",bb8bf48a8d29e10b4d1913e79b1aa29e205ad9d18d9698aefddf7ff44bc27488
Phyllidia varicosa,61692768,https://inaturalist-open-data.s3.amazonaws.com/photos/61692768/medium.jpg,CC-BY 4.0,Kai Squires,squiresk,2011-03-20,https://www.inaturalist.org/observations/38783149,"© Kai Squires, some rights reserved (CC-BY)",d51aff6dfb121dc39947bb0d1cc9e1bb37f91c0bd04ae9133ff0a40187925b58
Phyllidia varicosa,350171244,https://inaturalist-open-data.s3.amazonaws.com/photos/350171244/medium.jpg,CC-BY 4.0,Donald Davesne,donalddavesne,2023-08-04,https://www.inaturalist.org/observations/198649725,"© Donald Davesne, some rights reserved (CC-BY)",563537c081182ae795d36388f8c1666158636d5c464a3fd8b6e37d7f497c52d8
Phyllidia varicosa,596495561,https://inaturalist-open-data.s3.amazonaws.com/photos/596495561/medium.jpg,CC-BY 4.0,Jacek Pietruszewski,hyacinthus,2025-12-01,https://www.inaturalist.org/observations/329103270,"© Jacek Pietruszewski, some rights reserved (CC-BY)",0c4d6dd59d8a77447f5ba7369e51b06c0b85649629cddb349049535c0803b2b2
Phyllidia varicosa,596495726,https://inaturalist-open-data.s3.amazonaws.com/photos/596495726/medium.jpg,CC-BY 4.0,Jacek Pietruszewski,hyacinthus,2025-12-01,https://www.inaturalist.org/observations/329103270,"© Jacek Pietruszewski, some rights reserved (CC-BY)",eccb09621a1f815ce27e16ba2d0dcfb60642432e210c0a57f3df9b2f55008349
Phyllidia varicosa,10997167,https://inaturalist-open-data.s3.amazonaws.com/photos/10997167/medium.jpeg,CC-BY 4.0,Tine Kinn Kvamme,tinekk,2012-05-13,https://www.inaturalist.org/observations/8289083,"© Tine Kinn Kvamme, some rights reserved (CC-BY)",a62d8e5fe3ab347938ccd062502a74ff9fcd3d1f58425142bb2fa1157a9646c2
Phyllidia varicosa,606574547,https://inaturalist-open-data.s3.amazonaws.com/photos/606574547/medium.jpg,CC-BY 4.0,Robin White,robin_dive_diva,2026-01-08,https://www.inaturalist.org/observations/334062259,"© Robin White, some rights reserved (CC-BY)",98378dafb346fa3fd04f28d4319bcc3943b76a73e1349d69697bec77682cb03a
Phyllidia varicosa,606574558,https://inaturalist-open-data.s3.amazonaws.com/photos/606574558/medium.jpg,CC-BY 4.0,Robin White,robin_dive_diva,2026-01-08,https://www.inaturalist.org/observations/334062259,"© Robin White, some rights reserved (CC-BY)",7e098f8fb3eb1298b0bb43b714604caff671dc5a02a0c7e57da2ab466a9893bf
Phyllidia varicosa,606574563,https://inaturalist-open-data.s3.amazonaws.com/photos/606574563/medium.jpg,CC-BY 4.0,Robin White,robin_dive_diva,2026-01-08,https://www.inaturalist.org/observations/334062259,"© Robin White, some rights reserved (CC-BY)",5052c0a04fe1c7eb71f5eb269600963ee90d6dff3f897f2085a642e4ba28cb99
Phyllidia varicosa,582089267,https://inaturalist-open-data.s3.amazonaws.com/photos/582089267/medium.jpg,CC-BY 4.0,liam1294,liam1294,2025-10-19,https://www.inaturalist.org/observations/321831571,"© liam1294, some rights reserved (CC-BY)",f4a7f35f22591b9a0fa87984fef577e2e6980a6f474ea7b158e2d80dfb431fbc
Phyllidia varicosa,607686436,https://inaturalist-open-data.s3.amazonaws.com/photos/607686436/medium.jpg,CC-BY 4.0,Ben Costamagna,bencostamagna,2025-12-30,https://www.inaturalist.org/observations/334607793,"© Ben Costamagna, some rights reserved (CC-BY)",5d9b59efe2b24d9909e69393bdf83354f4719333ff3372917f0fa359e862cdc5
Phyllidia varicosa,607685430,https://inaturalist-open-data.s3.amazonaws.com/photos/607685430/medium.jpg,CC-BY 4.0,Ben Costamagna,bencostamagna,2025-12-30,https://www.inaturalist.org/observations/334607324,"© Ben Costamagna, some rights reserved (CC-BY)",ebdc07cec81dfb5eae0e04b8b0ae47718677bdfaeae3d83fb2e94f06638ccdb1
Phyllidia varicosa,48919038,https://inaturalist-open-data.s3.amazonaws.com/photos/48919038/medium.jpeg,CC-BY 4.0,Dan Schofield,djscho,2019-08-18,https://www.inaturalist.org/observations/31265247,"© Dan Schofield, some rights reserved (CC-BY)",4774402c0420d5d44f4a309787f10fa498593dd39cef7c63fe03dd08d01788ef
Phyllidia varicosa,53947146,https://inaturalist-open-data.s3.amazonaws.com/photos/53947146/medium.jpeg,CC-BY 4.0,Dan Schofield,djscho,2019-09-28,https://www.inaturalist.org/observations/34289629,"© Dan Schofield, some rights reserved (CC-BY)",53d5f5d8a80d9b9190ea69763fb2ebb1b2d2946a2b4802cdfee30a43299fd241
Phyllidia varicosa,334087972,https://inaturalist-open-data.s3.amazonaws.com/photos/334087972/medium.jpg,CC-BY 4.0,portioid,portioid,2023-11-10,https://www.inaturalist.org/observations/190557641,"© portioid, some rights reserved (CC-BY)",3dc6d17b8dadceff1d669845ec434b1e15ecacf1798be2bc75fabc2ec1f5cb0c
Phyllidia varicosa,565250163,https://inaturalist-open-data.s3.amazonaws.com/photos/565250163/medium.jpg,CC-BY 4.0,Ian Dugdale,ian_dugdale,2007-03-18,https://www.inaturalist.org/observations/313032932,"© Ian Dugdale, some rights reserved (CC-BY)",3b87472bfef7b51fa8fe618a7cb0669cdb8c25d1008bdc5c8242dd9da1c23e25
Phyllidia varicosa,565250160,https://inaturalist-open-data.s3.amazonaws.com/photos/565250160/medium.jpg,CC-BY 4.0,Ian Dugdale,ian_dugdale,2007-03-18,https://www.inaturalist.org/observations/313032932,"© Ian Dugdale, some rights reserved (CC-BY)",be9ee8e10c1980cd6157b7096d4225b7bc3a417b1597a14a923edeb26c42d59c
Phyllidia varicosa,565250147,https://inaturalist-open-data.s3.amazonaws.com/photos/565250147/medium.jpg,CC-BY 4.0,Ian Dugdale,ian_dugdale,2007-03-18,https://www.inaturalist.org/observations/313032932,"© Ian Dugdale, some rights reserved (CC-BY)",5f443e42f84e49a3aba4017b5dbb59118ce5d9251acb792865f3d1fe0727e926
Phyllidia varicosa,184151880,https://inaturalist-open-data.s3.amazonaws.com/photos/184151880/medium.jpeg,CC-BY 4.0,luluchouette,luluchouette,2022-01-18,https://www.inaturalist.org/observations/109280520,"© luluchouette, some rights reserved (CC-BY)",302ae1826dff404ecc0af35b6082ea55e70f798067a0eef4713303447c37c6f1
Phyllidia varicosa,184151898,https://inaturalist-open-data.s3.amazonaws.com/photos/184151898/medium.jpeg,CC-BY 4.0,luluchouette,luluchouette,2022-01-18,https://www.inaturalist.org/observations/109280520,"© luluchouette, some rights reserved (CC-BY)",3f181175a272c19a5734b247695d3db437e1425f3d825e2826a30243bd20357a
Phyllidia varicosa,229212561,https://inaturalist-open-data.s3.amazonaws.com/photos/229212561/medium.jpg,CC-BY 4.0,Daniel Benák,benake,2021-05-19,https://www.inaturalist.org/observations/134478227,"© Daniel Benák, some rights reserved (CC-BY)",9a4a255f45e5601b6fe37dc6832066098dc661aab78942750d6f3365ac9dcc3d
Phyllidia varicosa,556001623,https://inaturalist-open-data.s3.amazonaws.com/photos/556001623/medium.jpg,CC-BY 4.0,Bernard DUPONT,berniedup,2025-06-21,https://www.inaturalist.org/observations/308195342,"© Bernard DUPONT, some rights reserved (CC-BY)",f11c3a3266eee9c3d27d912c292eccab2d25ea290b22039a135ff270dc1a33fd
Phyllidia varicosa,72087400,https://inaturalist-open-data.s3.amazonaws.com/photos/72087400/medium.jpg,CC-BY 4.0,Dan Schofield,djscho,2020-04-17,https://www.inaturalist.org/observations/45459207,"© Dan Schofield, some rights reserved (CC-BY)",26dfa6ce7d2d8f975071a4d7d24e71e3a3160115a396967371518f577a4abd99
Phyllidia varicosa,73334075,https://inaturalist-open-data.s3.amazonaws.com/photos/73334075/medium.jpeg,CC-BY 4.0,呂一起(Lyu yi-chi),pchi45,2020-05-17,https://www.inaturalist.org/observations/46238861,"© 呂一起(Lyu yi-chi), some rights reserved (CC-BY)",4787963d14386b00698af9fb118814c331cfc9455cadf9e3b3250b6540d83c02
Phyllidia varicosa,294998205,https://inaturalist-open-data.s3.amazonaws.com/photos/294998205/medium.jpg,CC-BY 4.0,Pauline Walsh Jacobson,coralreefdreams,2013-02-11,https://www.inaturalist.org/observations/170110476,"© Pauline Walsh Jacobson, some rights reserved (CC-BY)",6e071a414a2afde6151554c46b9a9ccf00051f8790d4985122e8bab2933a1247
Phyllidiella pustulosa,283975101,https://inaturalist-open-data.s3.amazonaws.com/photos/283975101/medium.jpg,CC-BY 4.0,portioid,portioid,2023-05-26,https://www.inaturalist.org/observations/164145169,"© portioid, some rights reserved (CC-BY)",b9de7a082e0c11e89189cb0fb59b7f2571e298d2de15c3733bfed315ee092586
Phyllidiella pustulosa,283975105,https://inaturalist-open-data.s3.amazonaws.com/photos/283975105/medium.jpg,CC-BY 4.0,portioid,portioid,2023-05-26,https://www.inaturalist.org/observations/164145169,"© portioid, some rights reserved (CC-BY)",c9cba838f9800ce910c59bc3eeffb0cb9ce6348fc58180bd78575b5c9e9df2c2
Phyllidiella pustulosa,49773423,https://inaturalist-open-data.s3.amazonaws.com/photos/49773423/medium.jpeg,CC-BY 4.0,Dan Schofield,djscho,2019-06-23,https://www.inaturalist.org/observations/31778495,"© Dan Schofield, some rights reserved (CC-BY)",53f2fa7160c7f6a2e05c1e9419750ee6486f63a318242f69e653e6cf50fe80b7
Phyllidiella pustulosa,86103962,https://inaturalist-open-data.s3.amazonaws.com/photos/86103962/medium.jpg,CC-BY 4.0,Dan Schofield,djscho,2020-07-17,https://www.inaturalist.org/observations/54124044,"© Dan Schofield, some rights reserved (CC-BY)",dcc176eadfe7edcf918525431193aa6e983eb8649d1266a4c165a3a5546ed9ca
Phyllidiella pustulosa,66356717,https://inaturalist-open-data.s3.amazonaws.com/photos/66356717/medium.jpeg,CC-BY 4.0,Dan Schofield,djscho,2020-02-29,https://www.inaturalist.org/observations/41818809,"© Dan Schofield, some rights reserved (CC-BY)",2dc323791b51de5f5a5c7ea8b9eaaca1250177f30c462051371cb4a06d35433e
Phyllidiella pustulosa,45091781,https://inaturalist-open-data.s3.amazonaws.com/photos/45091781/medium.jpeg,CC-BY 4.0,Dan Schofield,djscho,2019-07-04,https://www.inaturalist.org/observations/28909912,"© Dan Schofield, some rights reserved (CC-BY)",c9ed4d8d59d3b3cfbbd20496c085b50fbeaf43dc3d591112f785d9eaffb83d87
Phyllidiella pustulosa,101795127,https://inaturalist-open-data.s3.amazonaws.com/photos/101795127/medium.jpg,CC-BY 4.0,desertnaturalist,desertnaturalist,1988-03-22,https://www.inaturalist.org/observations/63432248,"© desertnaturalist, some rights reserved (CC-BY)",3eac0e94cffb9d71bb24a4b0f5bd96fefae9ece8d18c8ba0fd9aed3de36f7391
Phyllidiella pustulosa,107627519,https://inaturalist-open-data.s3.amazonaws.com/photos/107627519/medium.jpeg,CC-BY 4.0,呂一起(Lyu yi-chi),pchi45,2020-12-14,https://www.inaturalist.org/observations/66723920,"© 呂一起(Lyu yi-chi), some rights reserved (CC-BY)",c5cafe0c1755d7d703e00666e16e8ae90d02f7791d6c3f13aaf7cf688965e7b6
Phyllidiella pustulosa,107627549,https://inaturalist-open-data.s3.amazonaws.com/photos/107627549/medium.jpeg,CC-BY 4.0,呂一起(Lyu yi-chi),pchi45,2020-12-14,https://www.inaturalist.org/observations/66723920,"© 呂一起(Lyu yi-chi), some rights reserved (CC-BY)",0de84f170a52df96f127436ba4089f260cb2377214fd233c119d28cbf2281999
Phyllidiella pustulosa,479911430,https://inaturalist-open-data.s3.amazonaws.com/photos/479911430/medium.jpg,CC-BY 4.0,Robin White,robin_dive_diva,2025-03-25,https://www.inaturalist.org/observations/267075180,"© Robin White, some rights reserved (CC-BY)",1d24e59aea322b73acb56b3f7c1b7ff3dd23fc56cce9efe2eb445e298507f80b
Phyllidiella pustulosa,479911471,https://inaturalist-open-data.s3.amazonaws.com/photos/479911471/medium.jpg,CC-BY 4.0,Robin White,robin_dive_diva,2025-03-25,https://www.inaturalist.org/observations/267075180,"© Robin White, some rights reserved (CC-BY)",bbf322d022c2116c73ccf80f521d531143a86f4127f43ae69bd24b412bf367dd
Phyllidiella pustulosa,479911495,https://inaturalist-open-data.s3.amazonaws.com/photos/479911495/medium.jpg,CC-BY 4.0,Robin White,robin_dive_diva,2025-03-25,https://www.inaturalist.org/observations/267075180,"© Robin White, some rights reserved (CC-BY)",f08dadbea1d877caeee981c43513f7cee655f32e038f1dfcd675f48ec3c81b31
Phyllidiella pustulosa,479911523,https://inaturalist-open-data.s3.amazonaws.com/photos/479911523/medium.jpg,CC-BY 4.0,Robin White,robin_dive_diva,2025-03-25,https://www.inaturalist.org/observations/267075180,"© Robin White, some rights reserved (CC-BY)",25e2dfb196536e7aa52aab5cf331424cf0a24898aa1832b7e69cc32ac19f55bc
Phyllidiella pustulosa,479926759,https://inaturalist-open-data.s3.amazonaws.com/photos/479926759/medium.jpg,CC-BY 4.0,Robin White,robin_dive_diva,2025-03-25,https://www.inaturalist.org/observations/267075180,"© Robin White, some rights reserved (CC-BY)",c1b2e87bd2282884bb9f9768ed4155e15077cce84bb7b071c8431253894f5685
Phyllidiella pustulosa,479926787,https://inaturalist-open-data.s3.amazonaws.com/photos/479926787/medium.jpg,CC-BY 4.0,Robin White,robin_dive_diva,2025-03-25,https://www.inaturalist.org/observations/267075180,"© Robin White, some rights reserved (CC-BY)",1542a87dda3b62738a3a91720c72ce34188c0fe5bbb5116be1a73aa6cc176e13
Phyllidiella pustulosa,479926803,https://inaturalist-open-data.s3.amazonaws.com/photos/479926803/medium.jpg,CC-BY 4.0,Robin White,robin_dive_diva,2025-03-25,https://www.inaturalist.org/observations/267075180,"© Robin White, some rights reserved (CC-BY)",074fac49fe91353b9755364f6aca82ce3979f65f3d85f24b9b4e3c0cceb68fb9
Phyllidiella pustulosa,127047231,https://inaturalist-open-data.s3.amazonaws.com/photos/127047231/medium.jpg,CC-BY 4.0,Susan Prior,susanprior,2020-07-03,https://www.inaturalist.org/observations/77677131,"© Susan Prior, some rights reserved (CC-BY)",8cf84ef5edf687d2df715993f6fbf79ddeed10d87df19b527f51c4c3a830e354
Phyllidiella pustulosa,122140379,https://inaturalist-open-data.s3.amazonaws.com/photos/122140379/medium.jpeg,CC-BY 4.0,Dan Schofield,djscho,2021-04-02,https://www.inaturalist.org/observations/74711106,"© Dan Schofield, some rights reserved (CC-BY)",8bade8f2b96b15774aa3cfd50cb5669a1ea6a7692e70ffdd702506a72e2c1c91
Phyllidiella pustulosa,59980182,https://inaturalist-open-data.s3.amazonaws.com/photos/59980182/medium.jpg,CC-BY 4.0,Kai Squires,squiresk,2010-11-17,https://www.inaturalist.org/observations/37790082,"© Kai Squires, some rights reserved (CC-BY)",2fc162fcca1fcf8e11cf3efcf02d4bc06d25454dd09b631581e2e08c855e951d
Phyllidiella pustulosa,59970593,https://inaturalist-open-data.s3.amazonaws.com/photos/59970593/medium.jpg,CC-BY 4.0,Kai Squires,squiresk,2010-11-17,https://www.inaturalist.org/observations/37784633,"© Kai Squires, some rights reserved (CC-BY)",0445f19b534a18fc595a86480fc7e78cd45b3c1920f848b030def36d8951875c
Phyllidiella pustulosa,175245467,https://inaturalist-open-data.s3.amazonaws.com/photos/175245467/medium.jpeg,CC-BY 4.0,luluchouette,luluchouette,2021-12-11,https://www.inaturalist.org/observations/104570563,"© luluchouette, some rights reserved (CC-BY)",097b3ad5d1b0197d43a1a7e463f1d95fc1c8400eff65de01f04d1b02a3fc4191
Phyllidiella pustulosa,10996230,https://inaturalist-open-data.s3.amazonaws.com/photos/10996230/medium.jpeg,CC-BY 4.0,Tine Kinn Kvamme,tinekk,2012-04-18,https://www.inaturalist.org/observations/8288546,"© Tine Kinn Kvamme, some rights reserved (CC-BY)",3235c6ca1670cbb245dfa095585ec9678e6cede83168d1e74c254d8362f822a9
Phyllidiella pustulosa,43475494,https://inaturalist-open-data.s3.amazonaws.com/photos/43475494/medium.jpeg,CC-BY 4.0,Dan Schofield,djscho,2019-06-23,https://www.inaturalist.org/observations/27912359,"© Dan Schofield, some rights reserved (CC-BY)",4d0a798ee4378255a51beba10b42dae36ba879d71fcb37b77e85245d752d8535
Phyllidiella pustulosa,602392946,https://inaturalist-open-data.s3.amazonaws.com/photos/602392946/medium.jpg,CC-BY 4.0,Robin White,robin_dive_diva,2025-12-24,https://www.inaturalist.org/observations/331990723,"© Robin White, some rights reserved (CC-BY)",a1782811c9ca4ff5761361eb48f62aebf2adae9d44509f9cc3782eef1a0f820e
Phyllidiella pustulosa,602392956,https://inaturalist-open-data.s3.amazonaws.com/photos/602392956/medium.jpg,CC-BY 4.0,Robin White,robin_dive_diva,2025-12-24,https://www.inaturalist.org/observations/331990723,"© Robin White, some rights reserved (CC-BY)",339fd51228d37915b0b6815a708c6e2a074ee164304fd97f558e92d1f0885714
Phyllidiella pustulosa,415087994,https://inaturalist-open-data.s3.amazonaws.com/photos/415087994/medium.jpg,CC-BY 4.0,cello caruso-turiello,celllo,2024-08-02,https://www.inaturalist.org/observations/233561902,"© cello caruso-turiello, some rights reserved (CC-BY)",dec87eb647fd91103df05be3111f9d430f572f5d96af378ea0a9b85b242ca707
Phyllidiella pustulosa,2670657,https://inaturalist-open-data.s3.amazonaws.com/photos/2670657/medium.jpg,CC-BY 4.0,BJ Smit,bjsmit,2010-02-15,https://www.inaturalist.org/observations/2396509,"© BJ Smit, some rights reserved (CC-BY)",be2cfb91e34b11b830ad1400fe5f9d30a9d823255595676fdf6fb82c992f3250
Phyllidiella pustulosa,83877935,https://inaturalist-open-data.s3.amazonaws.com/photos/83877935/medium.jpg,CC-BY 4.0,Dan Schofield,djscho,2020-06-25,https://www.inaturalist.org/observations/52752673,"© Dan Schofield, some rights reserved (CC-BY)",81545f3645b01e4ca938fe5572b0d9635e6099e6a39631b17d89ec2121b044a2
Phyllidiella pustulosa,10989268,https://inaturalist-open-data.s3.amazonaws.com/photos/10989268/medium.jpg,CC-BY 4.0,Tine Kinn Kvamme,tinekk,2010-03-25,https://www.inaturalist.org/observations/8284435,"© Tine Kinn Kvamme, some rights reserved (CC-BY)",2a11b201890cf9a6349c84f7637e9aef0a65450fa5f4e6f802622bc40d9bcba0
Glossodoris atromarginata,455254064,https://inaturalist-open-data.s3.amazonaws.com/photos/455254064/medium.jpg,CC-BY 4.0,Lawrence Hylton,lawrencehylton,2024-12-05,https://www.inaturalist.org/observations/254193206,"© Lawrence Hylton, some rights reserved (CC-BY)",cc498229c07424edfaa1a661301456955a286e17afaa470e239ecd5101d2295a
Glossodoris atromarginata,537854323,https://inaturalist-open-data.s3.amazonaws.com/photos/537854323/medium.jpg,CC-BY 4.0,呂一起(Lyu yi-chi),pchi45,2025-07-13,https://www.inaturalist.org/observations/298593119,"© 呂一起(Lyu yi-chi), some rights reserved (CC-BY)",805b7f69f4495f147930e9fae14050a94163592ffb31ad3f8bce40b05377ae7b
Glossodoris atromarginata,396408233,https://inaturalist-open-data.s3.amazonaws.com/photos/396408233/medium.jpg,CC-BY 4.0,portioid,portioid,2024-06-18,https://www.inaturalist.org/observations/223704954,"© portioid, some rights reserved (CC-BY)",c5d209f863017773d118f9b34337661c24eb0bdb48e1fb16f25e6f0edc5c4614
Glossodoris atromarginata,396408234,https://inaturalist-open-data.s3.amazonaws.com/photos/396408234/medium.jpg,CC-BY 4.0,portioid,portioid,2024-06-18,https://www.inaturalist.org/observations/223704954,"© portioid, some rights reserved (CC-BY)",41cb9dfea228690a7f0d72d94ea793982b9266ad361cdd239f121d75f63cda0b
Glossodoris atromarginata,396408241,https://inaturalist-open-data.s3.amazonaws.com/photos/396408241/medium.jpg,CC-BY 4.0,portioid,portioid,2024-06-18,https://www.inaturalist.org/observations/223704954,"© portioid, some rights reserved (CC-BY)",872ad7dbfd9c88e056c4aed13707830064fd5732578639b528aa627e8ffe2961
Glossodoris atromarginata,396408246,https://inaturalist-open-data.s3.amazonaws.com/photos/396408246/medium.jpg,CC-BY 4.0,portioid,portioid,2024-06-18,https://www.inaturalist.org/observations/223704954,"© portioid, some rights reserved (CC-BY)",45eaff261930acb88df88c9ed9037187e7d36b8f3c41a264a218a3a8c3ca8838
Glossodoris atromarginata,687709021,https://inaturalist-open-data.s3.amazonaws.com/photos/687709021/medium.jpg,CC-BY 4.0,Bryce Watts-Parker,brycewattsparker,2026-06-28,https://www.inaturalist.org/observations/376141085,"© Bryce Watts-Parker, some rights reserved (CC-BY)",ceca71f515e1ac13e0fbe66b65984b77e33f8b433a3ec761c83f27f0c88326cf
Glossodoris atromarginata,32481120,https://inaturalist-open-data.s3.amazonaws.com/photos/32481120/medium.jpg,CC-BY 4.0,desertnaturalist,desertnaturalist,2019-02-05,https://www.inaturalist.org/observations/21027392,"© desertnaturalist, some rights reserved (CC-BY)",c4ee5ba931d3f1a1ce4657ea5cc4f1f16ee45bafd048fc38c22cea2e0a7bc70f
Glossodoris atromarginata,344959587,https://inaturalist-open-data.s3.amazonaws.com/photos/344959587/medium.jpg,CC-BY 4.0,Niki Hubbard,nikihubbard,2024-01-07,https://www.inaturalist.org/observations/195998900,"© Niki Hubbard, some rights reserved (CC-BY)",02f7e8aa395d97fcc773ec571c13eb9eab170a289db3e3144d575107b432a25f
Glossodoris atromarginata,668778423,https://inaturalist-open-data.s3.amazonaws.com/photos/668778423/medium.jpg,CC-BY 4.0,Jay Paroline,jayparoline,2026-05-24,https://www.inaturalist.org/observations/366266308,"© Jay Paroline, some rights reserved (CC-BY)",7bf279d622f9d1adadcbdaa3b3740186d5b306a740471cbaf6756dbee6b56016
Glossodoris atromarginata,668778425,https://inaturalist-open-data.s3.amazonaws.com/photos/668778425/medium.jpg,CC-BY 4.0,Jay Paroline,jayparoline,2026-05-24,https://www.inaturalist.org/observations/366266308,"© Jay Paroline, some rights reserved (CC-BY)",88f7a995312462da87f1ba98938623796bf3bf9432759cbd5e5844ef082164f8
Glossodoris atromarginata,157990467,https://inaturalist-open-data.s3.amazonaws.com/photos/157990467/medium.jpg,CC-BY 4.0,Bernard DUPONT,berniedup,2009-10-13,https://www.inaturalist.org/observations/95185759,"© Bernard DUPONT, some rights reserved (CC-BY)",64f5576718c6ef284e4a6dcd2ad717cc470655c8450ef01947d9b17df0c28132
Glossodoris atromarginata,54352408,https://inaturalist-open-data.s3.amazonaws.com/photos/54352408/medium.jpeg,CC-BY 4.0,Dan Schofield,djscho,2019-09-30,https://www.inaturalist.org/observations/34528188,"© Dan Schofield, some rights reserved (CC-BY)",3acca13af290e36fdecb216da01dfdcc0d4997f5b0c8fcc3c7003c27085fc03d
Glossodoris atromarginata,54352442,https://inaturalist-open-data.s3.amazonaws.com/photos/54352442/medium.jpeg,CC-BY 4.0,Dan Schofield,djscho,2019-09-30,https://www.inaturalist.org/observations/34528188,"© Dan Schofield, some rights reserved (CC-BY)",cc151f91961030485df7a1e99264210233dae341ad217212bbd89e4240dfbdae
Glossodoris atromarginata,65950679,https://inaturalist-open-data.s3.amazonaws.com/photos/65950679/medium.jpg,CC-BY 4.0,Kai Squires,squiresk,2014-01-23,https://www.inaturalist.org/observations/41567912,"© Kai Squires, some rights reserved (CC-BY)",a7f868563f0eb0144674429234e9ae3fce126fce9ea9317f6cc0de93db5ca885
Glossodoris atromarginata,95333038,https://inaturalist-open-data.s3.amazonaws.com/photos/95333038/medium.jpg,CC-BY 4.0,Dan Schofield,djscho,2020-08-13,https://www.inaturalist.org/observations/59654117,"© Dan Schofield, some rights reserved (CC-BY)",fd7b7c6b3f3cdb602b505e59db2000d54bc27f93bdb77048f1be1c7149e87da3
Glossodoris atromarginata,88306759,https://inaturalist-open-data.s3.amazonaws.com/photos/88306759/medium.jpg,CC-BY 4.0,Dan Schofield,djscho,2020-07-20,https://www.inaturalist.org/observations/55456990,"© Dan Schofield, some rights reserved (CC-BY)",38b522d1f9f2aebcb7fca6281aef5943600168cdadc678b1ba0d69140c6d7481
Glossodoris atromarginata,88306807,https://inaturalist-open-data.s3.amazonaws.com/photos/88306807/medium.jpg,CC-BY 4.0,Dan Schofield,djscho,2020-07-20,https://www.inaturalist.org/observations/55456991,"© Dan Schofield, some rights reserved (CC-BY)",02a2e0b1f5532b5ac80d9a8896656f11f26ca6d5410c8fdb95515c5c572a646d
Glossodoris atromarginata,668881086,https://inaturalist-open-data.s3.amazonaws.com/photos/668881086/medium.jpg,CC-BY 4.0,Jay Paroline,jayparoline,2026-05-23,https://www.inaturalist.org/observations/366327418,"© Jay Paroline, some rights reserved (CC-BY)",dc89c83be34d687f2d355b34f271c74fc334d05eb88f490b43dfd3447d10565b
Glossodoris atromarginata,410133683,https://inaturalist-open-data.s3.amazonaws.com/photos/410133683/medium.jpeg,CC-BY 4.0,呂一起(Lyu yi-chi),pchi45,2024-07-20,https://www.inaturalist.org/observations/230952358,"© 呂一起(Lyu yi-chi), some rights reserved (CC-BY)",55c7e866b16b05c7bc5d6aab781cf365af4820af5f04646910f90648cba41aa5
Glossodoris atromarginata,114677866,https://inaturalist-open-data.s3.amazonaws.com/photos/114677866/medium.jpeg,CC-BY 4.0,Dan Schofield,djscho,2021-02-14,https://www.inaturalist.org/observations/70529860,"© Dan Schofield, some rights reserved (CC-BY)",7f3f030ae21b95375974e10eb1fe28cc47706635f8f0cfd5e2108876ee84cbb6
Glossodoris atromarginata,115263632,https://inaturalist-open-data.s3.amazonaws.com/photos/115263632/medium.jpeg,CC-BY 4.0,Dan Schofield,djscho,2021-02-15,https://www.inaturalist.org/observations/70854386,"© Dan Schofield, some rights reserved (CC-BY)",1d974899678f1fb62db574eac4c60e6c78205a2a745b436daca8b8de08661b39
Glossodoris atromarginata,348044761,https://inaturalist-open-data.s3.amazonaws.com/photos/348044761/medium.jpg,CC-BY 4.0,Niki Hubbard,nikihubbard,2024-01-26,https://www.inaturalist.org/observations/197586549,"© Niki Hubbard, some rights reserved (CC-BY)",cf9a86cc47f4d5caf2c6cb86fc2c25e90fd3313d9bd1bc280cfde83d50eb3b63
Glossodoris atromarginata,345942440,https://inaturalist-open-data.s3.amazonaws.com/photos/345942440/medium.jpg,CC-BY 4.0,Niki Hubbard,nikihubbard,2024-01-13,https://www.inaturalist.org/observations/196487192,"© Niki Hubbard, some rights reserved (CC-BY)",6c17df79d630067dc19b15bb2606f3aede8919cc412f1aa006117e65b6b6c0e5
Glossodoris atromarginata,97052196,https://inaturalist-open-data.s3.amazonaws.com/photos/97052196/medium.jpg,CC-BY 4.0,Dan Schofield,djscho,2020-08-23,https://www.inaturalist.org/observations/60683314,"© Dan Schofield, some rights reserved (CC-BY)",3b47e282e9209175a732697154109fb508d41d237f3704a74cea3e887bf87023
Glossodoris atromarginata,609150554,https://inaturalist-open-data.s3.amazonaws.com/photos/609150554/medium.jpg,CC-BY 4.0,Tim,twan3253,2025-05-05,https://www.inaturalist.org/observations/335330585,"© Tim, some rights reserved (CC-BY)",4d63b1afd345add8923e67449e577fc36ac54004eb87997b65a59ee74a6a735c
Glossodoris atromarginata,609150563,https://inaturalist-open-data.s3.amazonaws.com/photos/609150563/medium.jpg,CC-BY 4.0,Tim,twan3253,2025-05-05,https://www.inaturalist.org/observations/335330585,"© Tim, some rights reserved (CC-BY)",a136fb248a57fc60f504c7ea9b302bdd3c502e340f5b16ee4b1672b3f7bb74e6
Glossodoris atromarginata,608560678,https://inaturalist-open-data.s3.amazonaws.com/photos/608560678/medium.jpg,CC-BY 4.0,Emma Sophie,emmasophsea,2026-01-17,https://www.inaturalist.org/observations/335034828,"© Emma Sophie, some rights reserved (CC-BY)",489c80ecfe2109643488c564845902386055728db6155e0b329f1fba4b58caa4
Glossodoris atromarginata,281911847,https://inaturalist-open-data.s3.amazonaws.com/photos/281911847/medium.jpg,CC-BY 4.0,Niki Hubbard,nikihubbard,2023-05-21,https://www.inaturalist.org/observations/163018234,"© Niki Hubbard, some rights reserved (CC-BY)",35aa5a89fb5154a5130a9163569c168f92be567e2aedc179686f2c23fb820c24
Glossodoris atromarginata,282438805,https://inaturalist-open-data.s3.amazonaws.com/photos/282438805/medium.jpg,CC-BY 4.0,portioid,portioid,2023-05-23,https://www.inaturalist.org/observations/163314380,"© portioid, some rights reserved (CC-BY)",91071325718f6c9f98558d05403b99dfb2ac08689f745f63a0db9d1f7c1bc9da
Jorunna funebris,2985107,https://inaturalist-open-data.s3.amazonaws.com/photos/2985107/medium.jpg,CC-BY 4.0,Nils,hungryholobiont,2016-02-01,https://www.inaturalist.org/observations/2656111,"© Nils, some rights reserved (CC-BY)",97ba046651266d7cceb7759249042211ac82e7147d96aa52799c7879bf71f469
Jorunna funebris,288259473,https://inaturalist-open-data.s3.amazonaws.com/photos/288259473/medium.jpeg,CC-BY 4.0,norcalmc,norcalmc,2022-08-30,https://www.inaturalist.org/observations/166460080,"© norcalmc, some rights reserved (CC-BY)",c8825ee74c0695088ebf427376085c8549c53742413706f47a304cb51ecc1e3e
Jorunna funebris,288259457,https://inaturalist-open-data.s3.amazonaws.com/photos/288259457/medium.jpeg,CC-BY 4.0,norcalmc,norcalmc,2022-08-30,https://www.inaturalist.org/observations/166460080,"© norcalmc, some rights reserved (CC-BY)",c952c66915b5497c66969dc1d423e2a97c85fd0a7fed25d90d392871d3da6725
Jorunna funebris,288259491,https://inaturalist-open-data.s3.amazonaws.com/photos/288259491/medium.jpeg,CC-BY 4.0,norcalmc,norcalmc,2022-08-30,https://www.inaturalist.org/observations/166460080,"© norcalmc, some rights reserved (CC-BY)",338adaac64d38ccf88ad6b6ff5fcaef43b5d16b98a44cb9282a9720baec05c0e
Jorunna funebris,10988001,https://inaturalist-open-data.s3.amazonaws.com/photos/10988001/medium.jpg,CC-BY 4.0,Tine Kinn Kvamme,tinekk,2010-03-08,https://www.inaturalist.org/observations/8283687,"© Tine Kinn Kvamme, some rights reserved (CC-BY)",58faaf4b08fba416c601eeea4b37c1133c73d67789c9e7e42ccbd5f0626c5573
Jorunna funebris,10987838,https://inaturalist-open-data.s3.amazonaws.com/photos/10987838/medium.jpeg,CC-BY 4.0,Tine Kinn Kvamme,tinekk,2010-02-14,https://www.inaturalist.org/observations/8283606,"© Tine Kinn Kvamme, some rights reserved (CC-BY)",b561385f1b512bd492b7581d279e55c41f884792def48e314a1b469d63694d75
Jorunna funebris,10994378,https://inaturalist-open-data.s3.amazonaws.com/photos/10994378/medium.jpeg,CC-BY 4.0,Tine Kinn Kvamme,tinekk,2012-03-28,https://www.inaturalist.org/observations/8287376,"© Tine Kinn Kvamme, some rights reserved (CC-BY)",4f54355003bb5f1431cc8cf27409f5e01ed901e00bf530b459a1952ccb5c697e
Jorunna funebris,10996595,https://inaturalist-open-data.s3.amazonaws.com/photos/10996595/medium.jpeg,CC-BY 4.0,Tine Kinn Kvamme,tinekk,2012-04-27,https://www.inaturalist.org/observations/8288815,"© Tine Kinn Kvamme, some rights reserved (CC-BY)",2c29a30e4e62283cd594b650d78d237069f5d9b7847a34f921c777cf28061922
Jorunna funebris,10979803,https://inaturalist-open-data.s3.amazonaws.com/photos/10979803/medium.jpeg,CC-BY 4.0,Tine Kinn Kvamme,tinekk,2009-06-27,https://www.inaturalist.org/observations/8276393,"© Tine Kinn Kvamme, some rights reserved (CC-BY)",cf9fe87d539e65fa2d723421d4739665b28f6c6f33000b4b4cd0423149558601
Jorunna funebris,270481760,https://inaturalist-open-data.s3.amazonaws.com/photos/270481760/medium.jpeg,CC-BY 4.0,Jan Ebr &amp; Ivana Ebrová,opisska,2023-04-17,https://www.inaturalist.org/observations/156421496,"© Jan Ebr &amp; Ivana Ebrová, some rights reserved (CC-BY)",1828888e8f170838c30cc7f3350ef056f045853b199a6d446f020f0b93b265d1
Jorunna funebris,611304851,https://inaturalist-open-data.s3.amazonaws.com/photos/611304851/medium.jpg,CC-BY 4.0,Sydney Olsen,sydney75,2025-11-30,https://www.inaturalist.org/observations/336402551,"© Sydney Olsen, some rights reserved (CC-BY)",d04885b2025a26044f49412e028f07866bb836b7d5cf90cf44315b50fc687f19
Jorunna funebris,2670668,https://inaturalist-open-data.s3.amazonaws.com/photos/2670668/medium.jpg,CC-BY 4.0,BJ Smit,bjsmit,2010-02-09,https://www.inaturalist.org/observations/2396520,"© BJ Smit, some rights reserved (CC-BY)",c3e2790d629eb0ec95b9d1dbc47ac73b80c8c88dc1f21fa40698ab68f077ea98
Jorunna funebris,332641125,https://inaturalist-open-data.s3.amazonaws.com/photos/332641125/medium.jpg,CC-BY 4.0,portioid,portioid,2023-11-03,https://www.inaturalist.org/observations/189826363,"© portioid, some rights reserved (CC-BY)",fac6643a4e8909b5f70644765babcc7a1706cb71da83f894e3589f0f43612542
Jorunna funebris,332641119,https://inaturalist-open-data.s3.amazonaws.com/photos/332641119/medium.jpg,CC-BY 4.0,portioid,portioid,2023-11-03,https://www.inaturalist.org/observations/189826363,"© portioid, some rights reserved (CC-BY)",973f59ac012fbf7f21e2651af4762353d8db25f7f17c069279d60dfee966b70a
Jorunna funebris,332641120,https://inaturalist-open-data.s3.amazonaws.com/photos/332641120/medium.jpg,CC-BY 4.0,portioid,portioid,2023-11-03,https://www.inaturalist.org/observations/189826363,"© portioid, some rights reserved (CC-BY)",77b5757a567ff1febc7711b64af3d3bb4f8ab11c037d802e91262d29217dec43
Jorunna funebris,332641135,https://inaturalist-open-data.s3.amazonaws.com/photos/332641135/medium.jpg,CC-BY 4.0,portioid,portioid,2023-11-03,https://www.inaturalist.org/observations/189826363,"© portioid, some rights reserved (CC-BY)",051f0af57cb6151a649370e5becdce7754dc7cf9a1fdc0341c7a814603c2bf31
Jorunna funebris,67164788,https://inaturalist-open-data.s3.amazonaws.com/photos/67164788/medium.jpg,CC-BY 4.0,Dan Schofield,djscho,2020-04-16,https://www.inaturalist.org/observations/42303901,"© Dan Schofield, some rights reserved (CC-BY)",990d42e69c13a13422f74f78e80a53921d872ee8b2651c0a4bced9fa1119d20a
Jorunna funebris,10976606,https://inaturalist-open-data.s3.amazonaws.com/photos/10976606/medium.jpeg,CC-BY 4.0,Tine Kinn Kvamme,tinekk,2009-03-08,https://www.inaturalist.org/observations/8274639,"© Tine Kinn Kvamme, some rights reserved (CC-BY)",b0e5eb7296109f5b52a7551e99e8f04b5dc9a676e75a69f1ca1f359621b87a67
Jorunna funebris,10987977,https://inaturalist-open-data.s3.amazonaws.com/photos/10987977/medium.jpg,CC-BY 4.0,Tine Kinn Kvamme,tinekk,2010-03-01,https://www.inaturalist.org/observations/8283666,"© Tine Kinn Kvamme, some rights reserved (CC-BY)",d2a38f74a7cdcd7f4c9e9eee532a00043d470f0f390709424ab911d046d33801
Jorunna funebris,10992674,https://inaturalist-open-data.s3.amazonaws.com/photos/10992674/medium.jpg,CC-BY 4.0,Tine Kinn Kvamme,tinekk,2011-05-03,https://www.inaturalist.org/observations/8286343,"© Tine Kinn Kvamme, some rights reserved (CC-BY)",e32e68efcd82dc3f21296acf840b275db5e80620b4f860502bfa65d421049ee0
Jorunna funebris,10996464,https://inaturalist-open-data.s3.amazonaws.com/photos/10996464/medium.jpeg,CC-BY 4.0,Tine Kinn Kvamme,tinekk,2012-04-25,https://www.inaturalist.org/observations/8288714,"© Tine Kinn Kvamme, some rights reserved (CC-BY)",b1fbadc86eedeea2842822ed0a9531021e475451f113b238094f558f9e66c782
Jorunna funebris,10977849,https://inaturalist-open-data.s3.amazonaws.com/photos/10977849/medium.jpeg,CC-BY 4.0,Tine Kinn Kvamme,tinekk,2009-04-24,https://www.inaturalist.org/observations/8275357,"© Tine Kinn Kvamme, some rights reserved (CC-BY)",cd924932fb3368addaf87daa2c38128e6b40edfd8a9e13350c79e62a76cb4cce
Jorunna funebris,700679991,https://inaturalist-open-data.s3.amazonaws.com/photos/700679991/medium.jpg,CC-BY 4.0,呂一起(Lyu yi-chi),pchi45,2026-07-18,https://www.inaturalist.org/observations/382858690,"© 呂一起(Lyu yi-chi), some rights reserved (CC-BY)",44733b1643848662645a8f333af5dd4c350c957fbaf42891310019ce44db265d
Jorunna funebris,10989285,https://inaturalist-open-data.s3.amazonaws.com/photos/10989285/medium.jpeg,CC-BY 4.0,Tine Kinn Kvamme,tinekk,2010-03-26,https://www.inaturalist.org/observations/8284445,"© Tine Kinn Kvamme, some rights reserved (CC-BY)",e23887bed37bba09701b9f2fa98297bc933c4bc058907c4608a1579e85334c54
Jorunna funebris,10979124,https://inaturalist-open-data.s3.amazonaws.com/photos/10979124/medium.jpeg,CC-BY 4.0,Tine Kinn Kvamme,tinekk,2009-05-27,https://www.inaturalist.org/observations/8276040,"© Tine Kinn Kvamme, some rights reserved (CC-BY)",8c54652ce2f01f7a6c442101ddfbf9310b85dd61e7e101aedb16e0b36dbadd30
Nembrotha kubaryana,34739520,https://inaturalist-open-data.s3.amazonaws.com/photos/34739520/medium.jpeg,CC-BY 4.0,Roger Rittmaster,rogerritt,1980-08-10,https://www.inaturalist.org/observations/22429236,"© Roger Rittmaster, some rights reserved (CC-BY)",f69dc91a95cb64935a7dd7b915ce7bf1114ed1b1c660342356082e71b0e7d59e
Nembrotha kubaryana,77179741,https://inaturalist-open-data.s3.amazonaws.com/photos/77179741/medium.jpg,CC-BY 4.0,Dan Schofield,djscho,2020-05-29,https://www.inaturalist.org/observations/48634036,"© Dan Schofield, some rights reserved (CC-BY)",2fbc2f18cd86001801adb45d5b1670be275be7c2c7779e7466de2708150be82c
Nembrotha kubaryana,2670628,https://inaturalist-open-data.s3.amazonaws.com/photos/2670628/medium.jpg,CC-BY 4.0,BJ Smit,bjsmit,2010-02-16,https://www.inaturalist.org/observations/2396477,"© BJ Smit, some rights reserved (CC-BY)",3187d4f3194696689d8e20d3618de4a5e53ecb800c3c7d41fd608c8c1401fd54
Nembrotha kubaryana,93861911,https://inaturalist-open-data.s3.amazonaws.com/photos/93861911/medium.jpeg,CC-BY 4.0,Mathieu Roumet,mathieu127,2020-09-05,https://www.inaturalist.org/observations/58777958,"© Mathieu Roumet, some rights reserved (CC-BY)",549edfa6f3d5c39c544b39c004e6a65caa8b805406976ed97d425c49c114bc0a
Nembrotha kubaryana,42360687,https://inaturalist-open-data.s3.amazonaws.com/photos/42360687/medium.jpeg,CC-BY 4.0,Dan Schofield,djscho,2019-06-17,https://www.inaturalist.org/observations/27239497,"© Dan Schofield, some rights reserved (CC-BY)",471dda9c6e8a54cf984ced1aa4d76f680ba1836fe1d077a36422f9c0b179761d
Nembrotha kubaryana,331338297,https://inaturalist-open-data.s3.amazonaws.com/photos/331338297/medium.jpeg,CC-BY 4.0,desertnaturalist,desertnaturalist,2023-10-17,https://www.inaturalist.org/observations/189185668,"© desertnaturalist, some rights reserved (CC-BY)",faa3dbb67f755d28b3ad50a766bd72038c861da99b475d24ba2c3b3793c84ed8
Nembrotha kubaryana,649125436,https://inaturalist-open-data.s3.amazonaws.com/photos/649125436/medium.jpg,CC-BY 4.0,Ben Costamagna,bencostamagna,2026-04-23,https://www.inaturalist.org/observations/355953441,"© Ben Costamagna, some rights reserved (CC-BY)",0f1ec39af547c79b1ca89fae848f3badeae43bb9260a41d0b7217677036ee49f
Nembrotha kubaryana,285102155,https://inaturalist-open-data.s3.amazonaws.com/photos/285102155/medium.jpeg,CC-BY 4.0,Rachel Crane,rachelonthereef,2022-11-07,https://www.inaturalist.org/observations/164753895,"© Rachel Crane, some rights reserved (CC-BY)",106926055bc3433e1cc6cbb3c70a2d4154886b288e062f56b95a195ed72a359d
Nembrotha kubaryana,285102077,https://inaturalist-open-data.s3.amazonaws.com/photos/285102077/medium.jpeg,CC-BY 4.0,Rachel Crane,rachelonthereef,2022-11-07,https://www.inaturalist.org/observations/164753895,"© Rachel Crane, some rights reserved (CC-BY)",a4752e2ff22eaa4769e2c4cce7ce084fc7f54baa55c3177dee464cbe543f2f49
Nembrotha kubaryana,285102180,https://inaturalist-open-data.s3.amazonaws.com/photos/285102180/medium.jpeg,CC-BY 4.0,Rachel Crane,rachelonthereef,2022-11-07,https://www.inaturalist.org/observations/164753895,"© Rachel Crane, some rights reserved (CC-BY)",2bc802143eb0b51fd775fabe50d3aed65a369ca758a93c5a1fd6808c2619c4fc
Nembrotha kubaryana,332862699,https://inaturalist-open-data.s3.amazonaws.com/photos/332862699/medium.jpeg,CC-BY 4.0,desertnaturalist,desertnaturalist,2023-10-13,https://www.inaturalist.org/observations/189942523,"© desertnaturalist, some rights reserved (CC-BY)",db006c9576a1c5bc1d8fe9df3e358af8b02f0b779cdadff44540f39ba9517e98
Nembrotha kubaryana,108700917,https://inaturalist-open-data.s3.amazonaws.com/photos/108700917/medium.jpg,CC-BY 4.0,João D'Andretta,jpdandretta,2017-12-23,https://www.inaturalist.org/observations/67300565,"© João D'Andretta, some rights reserved (CC-BY)",a11755635a7e3fee71cce6d855ef79d7261525ce265b54eac16978f6bfcdb2a4
Nembrotha kubaryana,108702041,https://inaturalist-open-data.s3.amazonaws.com/photos/108702041/medium.jpg,CC-BY 4.0,João D'Andretta,jpdandretta,2017-12-23,https://www.inaturalist.org/observations/67300565,"© João D'Andretta, some rights reserved (CC-BY)",e7e23bed5ec3e637cb387470377d8c0e219007387b01e0011e42eeb6d50e8c88
Nembrotha kubaryana,108702043,https://inaturalist-open-data.s3.amazonaws.com/photos/108702043/medium.jpg,CC-BY 4.0,João D'Andretta,jpdandretta,2017-12-23,https://www.inaturalist.org/observations/67300565,"© João D'Andretta, some rights reserved (CC-BY)",0970591e2db618229fd6ff0e2b362cb6709b659d9de7954c47225c526f7c9953
Nembrotha kubaryana,108702049,https://inaturalist-open-data.s3.amazonaws.com/photos/108702049/medium.jpg,CC-BY 4.0,João D'Andretta,jpdandretta,2017-12-23,https://www.inaturalist.org/observations/67300565,"© João D'Andretta, some rights reserved (CC-BY)",fcde02b8d5c94c398f4a010e8f2826ffab25e7df4e78b0fe805628619d786ed6
Nembrotha kubaryana,499590161,https://inaturalist-open-data.s3.amazonaws.com/photos/499590161/medium.jpg,CC-BY 4.0,Pierre Pericard,ppericard,2025-04-30,https://www.inaturalist.org/observations/278235951,"© Pierre Pericard, some rights reserved (CC-BY)",5a19853db58ea20758395b4640e87dd6d8f32fb6f101e115343ec721c3bc3bb1
Nembrotha kubaryana,661391480,https://inaturalist-open-data.s3.amazonaws.com/photos/661391480/medium.jpg,CC-BY 4.0,Ben Costamagna,bencostamagna,2026-05-15,https://www.inaturalist.org/observations/362374198,"© Ben Costamagna, some rights reserved (CC-BY)",69c131bc1a56e1931328f65134eb4177f93c43a8fec1aa309939ec7ccbf450cd
Nembrotha kubaryana,6743895,https://inaturalist-open-data.s3.amazonaws.com/photos/6743895/medium.jpg,CC-BY 4.0,Ryan McMinds,rmcminds,2014-07-27,https://www.inaturalist.org/observations/5475020,"© Ryan McMinds, some rights reserved (CC-BY)",1954f734e77b1ee942b612980f1d544126b05db585bf34a4b484b1cf945668a8
Nembrotha kubaryana,6743896,https://inaturalist-open-data.s3.amazonaws.com/photos/6743896/medium.jpg,CC-BY 4.0,Ryan McMinds,rmcminds,2014-07-27,https://www.inaturalist.org/observations/5475020,"© Ryan McMinds, some rights reserved (CC-BY)",002d52771b7de9854ae9694ba1d6f58591f0d751f655a6dbb745724d719f63dc
Nembrotha kubaryana,6743897,https://inaturalist-open-data.s3.amazonaws.com/photos/6743897/medium.jpg,CC-BY 4.0,Ryan McMinds,rmcminds,2014-07-27,https://www.inaturalist.org/observations/5475020,"© Ryan McMinds, some rights reserved (CC-BY)",fc4974dbf218c2792b55d82ba4b664017c3388840cfbc96c189c7bd60b18bfa7
Nembrotha kubaryana,65193887,https://inaturalist-open-data.s3.amazonaws.com/photos/65193887/medium.jpg,CC-BY 4.0,Kai Squires,squiresk,2013-08-17,https://www.inaturalist.org/observations/41114295,"© Kai Squires, some rights reserved (CC-BY)",f4932ae7f289ee5459b37250a7626b32f71a708d1a6238bea2069fa8263f293c
Nembrotha kubaryana,42893015,https://inaturalist-open-data.s3.amazonaws.com/photos/42893015/medium.jpeg,CC-BY 4.0,Dan Schofield,djscho,2019-06-24,https://www.inaturalist.org/observations/27558866,"© Dan Schofield, some rights reserved (CC-BY)",89fb6c3c360aaa4d5c842d499e70f4a24ce98d90ce7e4a46fdc581e38f7c81d8
Nembrotha kubaryana,590966677,https://inaturalist-open-data.s3.amazonaws.com/photos/590966677/medium.jpg,CC-BY 4.0,Ben Costamagna,bencostamagna,2025-11-13,https://www.inaturalist.org/observations/326312367,"© Ben Costamagna, some rights reserved (CC-BY)",21c35734087b3391a3f35e597e712de1933de5c571ebf3f932dc331f730339d1
Nembrotha kubaryana,267179831,https://inaturalist-open-data.s3.amazonaws.com/photos/267179831/medium.jpg,CC-BY 4.0,Pauline Walsh Jacobson,coralreefdreams,2011-09-03,https://www.inaturalist.org/observations/154619178,"© Pauline Walsh Jacobson, some rights reserved (CC-BY)",df299d7b4286f557caa50910f148df7cf33bbe2a6b84c1375c50b90572b135a4
Nembrotha kubaryana,473624515,https://inaturalist-open-data.s3.amazonaws.com/photos/473624515/medium.jpg,CC-BY 4.0,Jay Paroline,jayparoline,2025-03-01,https://www.inaturalist.org/observations/263624858,"© Jay Paroline, some rights reserved (CC-BY)",c9e51ed7eab8e7c507209b1d3cb1062c29fc3e32d456dbd5ea47baea5e0f4ffc
Nembrotha kubaryana,487742096,https://inaturalist-open-data.s3.amazonaws.com/photos/487742096/medium.jpeg,CC-BY 4.0,Wiljam Eklund,wiljame,2024-05-25,https://www.inaturalist.org/observations/271163793,"© Wiljam Eklund, some rights reserved (CC-BY)",b62ab86bf283d0400ea75a2d3f1baf402c8379fa3802b9058d5844dc3d6bead3
Nembrotha kubaryana,473845158,https://inaturalist-open-data.s3.amazonaws.com/photos/473845158/medium.jpeg,CC-BY 4.0,Jay Paroline,jayparoline,2025-02-27,https://www.inaturalist.org/observations/263735093,"© Jay Paroline, some rights reserved (CC-BY)",90ac2e8eb7ba07c03c143cc373fcec901b258ec3e9fb3fe43a54500dd9eeb453
Nembrotha kubaryana,42361126,https://inaturalist-open-data.s3.amazonaws.com/photos/42361126/medium.jpeg,CC-BY 4.0,Dan Schofield,djscho,2019-06-18,https://www.inaturalist.org/observations/27239749,"© Dan Schofield, some rights reserved (CC-BY)",c34a7a189832faf5bb8045edec0a34b4abef57cd70e588e99ef49a796727fe6a
Felimare picta,222397822,https://inaturalist-open-data.s3.amazonaws.com/photos/222397822/medium.jpg,CC-BY 4.0,Sarah Faulwetter,sarahfaulwetter,2009-07-02,https://www.inaturalist.org/observations/130745220,"© Sarah Faulwetter, some rights reserved (CC-BY)",1224fdcb14033279961dd657c63dfbbdf98199b12c653b71a689153aa50a3e06
Felimare picta,320752253,https://inaturalist-open-data.s3.amazonaws.com/photos/320752253/medium.jpeg,CC-BY 4.0,Eridan Xharahi,eridanxharahi,2023-09-02,https://www.inaturalist.org/observations/183818428,"© Eridan Xharahi, some rights reserved (CC-BY)",e39bf199c3a96ec347ad141f03fbfc96388a5ccddb5001d5b27ecafa962db5ea
Felimare picta,459541349,https://inaturalist-open-data.s3.amazonaws.com/photos/459541349/medium.jpg,CC-BY 4.0,Donald Davesne,donalddavesne,2024-09-05,https://www.inaturalist.org/observations/256322332,"© Donald Davesne, some rights reserved (CC-BY)",a0acfceafd605ec0db562f5dbb9b6b79c8a760d27f566fe1f0133df6892e2948
Felimare picta,459541346,https://inaturalist-open-data.s3.amazonaws.com/photos/459541346/medium.jpg,CC-BY 4.0,Donald Davesne,donalddavesne,2024-09-05,https://www.inaturalist.org/observations/256322332,"© Donald Davesne, some rights reserved (CC-BY)",ffe8a612c20063457c8fe6f6b061ff481c29fd8549c208d412c5ced198e9e8df
Felimare picta,459541363,https://inaturalist-open-data.s3.amazonaws.com/photos/459541363/medium.jpg,CC-BY 4.0,Donald Davesne,donalddavesne,2024-09-05,https://www.inaturalist.org/observations/256322332,"© Donald Davesne, some rights reserved (CC-BY)",e9c23b14555db6f5950e3b8d0d041e8cb2561e2a8ba47204e95071e587749930
Felimare picta,253871812,https://inaturalist-open-data.s3.amazonaws.com/photos/253871812/medium.jpeg,CC-BY 4.0,Moustapha Itani,maitani,2023-01-28,https://www.inaturalist.org/observations/147527102,"© Moustapha Itani, some rights reserved (CC-BY)",f1c096a6b19d67987aefd2eba6393f3f449918caa79b3387535e0f0125884fe6
Felimare picta,116113317,https://inaturalist-open-data.s3.amazonaws.com/photos/116113317/medium.jpg,CC-BY 4.0,Bernard Picton,bernardpicton,2019-08-11,https://www.inaturalist.org/observations/71328322,"© Bernard Picton, some rights reserved (CC-BY)",6cfc326de1a0b7cb2481c3a28e5185e74d45594e6864f8dcb056a77101f6b54d
Felimare picta,135055595,https://inaturalist-open-data.s3.amazonaws.com/photos/135055595/medium.jpg,CC-BY 4.0,jeyre,jeyre,2016-07-31,https://www.inaturalist.org/observations/82296588,"© jeyre, some rights reserved (CC-BY)",e957d02d68c65feabe6c564c1a82d787cad55104e006f11cb2e1dc8433ff6c53
Felimare picta,135058358,https://inaturalist-open-data.s3.amazonaws.com/photos/135058358/medium.jpg,CC-BY 4.0,jeyre,jeyre,2016-07-31,https://www.inaturalist.org/observations/82297241,"© jeyre, some rights reserved (CC-BY)",a47d4e6e75632cc07df75c2d59bdb17d0e2c667b7f484ed15a9c7bd438118c4b
Felimare picta,533979730,https://inaturalist-open-data.s3.amazonaws.com/photos/533979730/medium.jpg,CC-BY 4.0,Ben Jobson,benjobson,2025-07-09,https://www.inaturalist.org/observations/296549656,"© Ben Jobson, some rights reserved (CC-BY)",6471b5c73226c65e7191632c5c3c75e93177923ad2b2be2d97a816a02fe7caff
Felimare picta,49436577,https://inaturalist-open-data.s3.amazonaws.com/photos/49436577/medium.jpeg,CC-BY 4.0,Chris Taklis,ctaklis,2019-08-26,https://www.inaturalist.org/observations/31582169,"© Chris Taklis, some rights reserved (CC-BY)",f3bab2b16076dd9b171ab1d1b49dbd8e403ea2dab1dca55ec963c62dc7821fb9
Felimare picta,49436278,https://inaturalist-open-data.s3.amazonaws.com/photos/49436278/medium.jpeg,CC-BY 4.0,Chris Taklis,ctaklis,2019-08-26,https://www.inaturalist.org/observations/31582169,"© Chris Taklis, some rights reserved (CC-BY)",ff0fb0db524eac1141552525fef46dcc1deb59e14913c0c16a0c12a832be3e51
Felimare picta,49436685,https://inaturalist-open-data.s3.amazonaws.com/photos/49436685/medium.jpeg,CC-BY 4.0,Chris Taklis,ctaklis,2019-08-26,https://www.inaturalist.org/observations/31582169,"© Chris Taklis, some rights reserved (CC-BY)",65bd69dd686cc50dd3ba6707e8b6c4626e91ae7c9d966a60aae7c8dbfc400896
Felimare picta,49436695,https://inaturalist-open-data.s3.amazonaws.com/photos/49436695/medium.jpeg,CC-BY 4.0,Chris Taklis,ctaklis,2019-08-26,https://www.inaturalist.org/observations/31582169,"© Chris Taklis, some rights reserved (CC-BY)",59ff6f928b43dbf844e1903bfade94779d4733c0c1d249c9f94b0e31318e0b69
Felimare picta,49437084,https://inaturalist-open-data.s3.amazonaws.com/photos/49437084/medium.jpeg,CC-BY 4.0,Chris Taklis,ctaklis,2019-08-26,https://www.inaturalist.org/observations/31582169,"© Chris Taklis, some rights reserved (CC-BY)",26da22f515fc2bde06341bbe4b70b85eae1743c18c2ffea508b830428f6fadde
Felimare picta,49437061,https://inaturalist-open-data.s3.amazonaws.com/photos/49437061/medium.jpeg,CC-BY 4.0,Chris Taklis,ctaklis,2019-08-26,https://www.inaturalist.org/observations/31582169,"© Chris Taklis, some rights reserved (CC-BY)",dcf54fcd1cfb8c366b4b39d57955a52e3ca648f2f02a69c910772e6efff923df
Felimare picta,49437002,https://inaturalist-open-data.s3.amazonaws.com/photos/49437002/medium.jpeg,CC-BY 4.0,Chris Taklis,ctaklis,2019-08-26,https://www.inaturalist.org/observations/31582169,"© Chris Taklis, some rights reserved (CC-BY)",f29c629a83b4952b70a8908ee970bc1fa52bd3450287d8a61a92dbcd512d1a44
Felimare picta,49436237,https://inaturalist-open-data.s3.amazonaws.com/photos/49436237/medium.jpeg,CC-BY 4.0,Chris Taklis,ctaklis,2019-08-26,https://www.inaturalist.org/observations/31582169,"© Chris Taklis, some rights reserved (CC-BY)",59ace000166623ff83fb191e999bbacfb8d3a33c50ff929cf05e4ab3e26f02fd
Felimare picta,135728228,https://inaturalist-open-data.s3.amazonaws.com/photos/135728228/medium.jpg,CC-BY 4.0,jeyre,jeyre,2016-08-03,https://www.inaturalist.org/observations/82683460,"© jeyre, some rights reserved (CC-BY)",f1bb1dece6cb327dc24d06ad6a921d88d47d469356fcbdc26a8eea74abdaf9df
Felimare picta,641048616,https://inaturalist-open-data.s3.amazonaws.com/photos/641048616/medium.jpg,CC-BY 4.0,Borja Fierro,borjitaaa,2026-04-18,https://www.inaturalist.org/observations/351298995,"© Borja Fierro, some rights reserved (CC-BY)",e717e077a2ea90297a24269558cfb2e8c948dad001e5e11c377c72038f105dc9
Felimare picta,448338510,https://inaturalist-open-data.s3.amazonaws.com/photos/448338510/medium.jpeg,CC-BY 4.0,Radu Teodoreanu,ra_teo,2024-08-29,https://www.inaturalist.org/observations/250656384,"© Radu Teodoreanu, some rights reserved (CC-BY)",caace12ec2939cb93fae67ced4515e65f2bbc93b54a0aac3225075ce618268c5
Felimare picta,343067397,https://inaturalist-open-data.s3.amazonaws.com/photos/343067397/medium.jpg,CC-BY 4.0,Nicola Faulks,nicola35,2023-12-25,https://www.inaturalist.org/observations/195065732,"© Nicola Faulks, some rights reserved (CC-BY)",25b2554c206d095d3ddfea199e09c840101a7f131cf64d954cb2bee6cda33085
Felimare picta,687756073,https://inaturalist-open-data.s3.amazonaws.com/photos/687756073/medium.jpg,CC-BY 4.0,Xavier Mas,xavier_mas,2022-02-05,https://www.inaturalist.org/observations/376186326,"© Xavier Mas, some rights reserved (CC-BY)",a1dcf8e09ab0496771f3a7082981adc72758742d80e34d4a7e5f728f28cd154a
Felimare picta,84024641,https://inaturalist-open-data.s3.amazonaws.com/photos/84024641/medium.jpg,CC-BY 4.0,Jennie Pistevos,jennie81,2020-07-12,https://www.inaturalist.org/observations/52844552,"© Jennie Pistevos, some rights reserved (CC-BY)",31ccdf87b8bbdafbbbb9f9049118c35355ade4c233449932af5ccc072035a8eb
Felimare picta,641551800,https://inaturalist-open-data.s3.amazonaws.com/photos/641551800/medium.jpg,CC-BY 4.0,Rory Wilson,rorywilson,2026-04-20,https://www.inaturalist.org/observations/351551679,"© Rory Wilson, some rights reserved (CC-BY)",18319f360314383cd55b1172d8105d12815bcf761ce625e5f917f6a4baa62228
Felimare picta,641551857,https://inaturalist-open-data.s3.amazonaws.com/photos/641551857/medium.jpg,CC-BY 4.0,Rory Wilson,rorywilson,2026-04-20,https://www.inaturalist.org/observations/351551679,"© Rory Wilson, some rights reserved (CC-BY)",123d65718c60e01d98d69a646a2962d6d608db74f1f8f3e989e9ff79afa69056
Felimare picta,309265175,https://inaturalist-open-data.s3.amazonaws.com/photos/309265175/medium.jpeg,CC-BY 4.0,Sarah Faulwetter,sarahfaulwetter,2023-08-07,https://www.inaturalist.org/observations/177788664,"© Sarah Faulwetter, some rights reserved (CC-BY)",919197891f31dc33f03c6956fb45fb19dd0e6559e337058f03e53e6cab935318
Cratena peregrina,225530632,https://inaturalist-open-data.s3.amazonaws.com/photos/225530632/medium.gif,CC-BY 4.0,Golfopolikayak,golfopolikayakl,2018-10-07,https://www.inaturalist.org/observations/132442453,"© Golfopolikayak, some rights reserved (CC-BY)",f71d7ed07f2dca9ee92aba63cc64d49f961599d1194c5a7780788552958294ca
Cratena peregrina,225530945,https://inaturalist-open-data.s3.amazonaws.com/photos/225530945/medium.jpg,CC-BY 4.0,Golfopolikayak,golfopolikayakl,2018-10-07,https://www.inaturalist.org/observations/132442453,"© Golfopolikayak, some rights reserved (CC-BY)",778ed86c6d2b852e1f0bc933f6d3f9d989861d5d06d5afa451a451e239b6c57e
Cratena peregrina,309405810,https://inaturalist-open-data.s3.amazonaws.com/photos/309405810/medium.jpg,CC-BY 4.0,Juraj Ahel,xeniorn,2023-08-09,https://www.inaturalist.org/observations/177865515,"© Juraj Ahel, some rights reserved (CC-BY)",7753714ed5abffc6e4ee78151339e5ce7b770777af4e0bb2499f22d62cce1ac3
Cratena peregrina,309405780,https://inaturalist-open-data.s3.amazonaws.com/photos/309405780/medium.jpg,CC-BY 4.0,Juraj Ahel,xeniorn,2023-08-09,https://www.inaturalist.org/observations/177865515,"© Juraj Ahel, some rights reserved (CC-BY)",1eb8e786327ed3f26d8752e39d12eaa22b9dee477ec290a172f91abb51b2fd65
Cratena peregrina,309405849,https://inaturalist-open-data.s3.amazonaws.com/photos/309405849/medium.jpg,CC-BY 4.0,Juraj Ahel,xeniorn,2023-08-09,https://www.inaturalist.org/observations/177865515,"© Juraj Ahel, some rights reserved (CC-BY)",4ce70adf0ea67dfcbfbad47f296d7b046924249ba39d8638fb2321daacc49e2c
Cratena peregrina,701122171,https://inaturalist-open-data.s3.amazonaws.com/photos/701122171/medium.jpg,CC-BY 4.0,Vsevolod Rudyi,ruseva,2026-07-17,https://www.inaturalist.org/observations/383094683,"© Vsevolod Rudyi, some rights reserved (CC-BY)",44ae56e4cf26aecc1136494ae45a7c217cc75b37fb01aea25a272b663219a3dd
Cratena peregrina,270210043,https://inaturalist-open-data.s3.amazonaws.com/photos/270210043/medium.jpeg,CC-BY 4.0,Moustapha Itani,maitani,2023-04-22,https://www.inaturalist.org/observations/156275827,"© Moustapha Itani, some rights reserved (CC-BY)",785c4bffdb756b76fd9b3c0a454f35b05a38b4b8d4a1ac7a43654612311fa2d8
Cratena peregrina,356640403,https://inaturalist-open-data.s3.amazonaws.com/photos/356640403/medium.jpeg,CC-BY 4.0,hecklemore,hecklemore,2023-10-03,https://www.inaturalist.org/observations/201982504,"© hecklemore, some rights reserved (CC-BY)",382089f8b71aa3ff1bd85f3aecd6010faebd7b41c16516904296750586574bce
Cratena peregrina,316097522,https://inaturalist-open-data.s3.amazonaws.com/photos/316097522/medium.jpeg,CC-BY 4.0,Yves Bas,yvesbas,2023-08-26,https://www.inaturalist.org/observations/181398903,"© Yves Bas, some rights reserved (CC-BY)",6e302007d920b3047900c2c3d5f4e9cc311d37731a08398e7b22fcb1f2185f26
Cratena peregrina,316097546,https://inaturalist-open-data.s3.amazonaws.com/photos/316097546/medium.jpeg,CC-BY 4.0,Yves Bas,yvesbas,2023-08-26,https://www.inaturalist.org/observations/181398903,"© Yves Bas, some rights reserved (CC-BY)",cc6790845767575cf54391e80a485553c5a33cbaf5bda6266b80364fb270c1fa
Cratena peregrina,316097567,https://inaturalist-open-data.s3.amazonaws.com/photos/316097567/medium.jpeg,CC-BY 4.0,Yves Bas,yvesbas,2023-08-26,https://www.inaturalist.org/observations/181398903,"© Yves Bas, some rights reserved (CC-BY)",2d59820007a27b8bd17e57d01b3cd86cf7011ba5d4c3a0339d6e182a705150a0
Cratena peregrina,316097563,https://inaturalist-open-data.s3.amazonaws.com/photos/316097563/medium.jpeg,CC-BY 4.0,Yves Bas,yvesbas,2023-08-26,https://www.inaturalist.org/observations/181398903,"© Yves Bas, some rights reserved (CC-BY)",01c20817c3ef34fed838180b6d319c134e48945d4c3ee1b0ca48e65bb58c9f61
Cratena peregrina,138861733,https://inaturalist-open-data.s3.amazonaws.com/photos/138861733/medium.jpeg,CC-BY 4.0,Chris Taklis,ctaklis,2021-06-25,https://www.inaturalist.org/observations/84488060,"© Chris Taklis, some rights reserved (CC-BY)",d99188dcf098fcb903206e00a91d3ec88db496900ee462fdfc450303bd509970
Cratena peregrina,521681205,https://inaturalist-open-data.s3.amazonaws.com/photos/521681205/medium.jpg,CC-BY 4.0,Chris Taklis,ctaklis,2025-06-15,https://www.inaturalist.org/observations/290022735,"© Chris Taklis, some rights reserved (CC-BY)",e04fad64c97226d1927f1c4d0df0da899d183a47e9c118de8ef1c524bdf469cb
Cratena peregrina,521681232,https://inaturalist-open-data.s3.amazonaws.com/photos/521681232/medium.jpg,CC-BY 4.0,Chris Taklis,ctaklis,2025-06-15,https://www.inaturalist.org/observations/290022735,"© Chris Taklis, some rights reserved (CC-BY)",0e59b6274d31afdc7ac2cc669c890436f43bbc8d32a8df66b83c03ae1986782c
Cratena peregrina,406562540,https://inaturalist-open-data.s3.amazonaws.com/photos/406562540/medium.jpeg,CC-BY 4.0,Sarah Faulwetter,sarahfaulwetter,2024-07-06,https://www.inaturalist.org/observations/229064628,"© Sarah Faulwetter, some rights reserved (CC-BY)",7bd3d4f1c413f75cc870537d153b41644ce8b6e050db403b8de3bc8f830e88d0
Cratena peregrina,316480493,https://inaturalist-open-data.s3.amazonaws.com/photos/316480493/medium.jpeg,CC-BY 4.0,Yves Bas,yvesbas,2023-08-26,https://www.inaturalist.org/observations/181603280,"© Yves Bas, some rights reserved (CC-BY)",2de80b7a122fd4c1f332a6499b4e91e69d5cfbd1a336893f77bb2a5979c25f86
Cratena peregrina,316480491,https://inaturalist-open-data.s3.amazonaws.com/photos/316480491/medium.jpeg,CC-BY 4.0,Yves Bas,yvesbas,2023-08-26,https://www.inaturalist.org/observations/181603280,"© Yves Bas, some rights reserved (CC-BY)",d7cb2d701919355c680b2e94107f1e89b4ab664f91c18d7810834d93b5194b95
Cratena peregrina,316480519,https://inaturalist-open-data.s3.amazonaws.com/photos/316480519/medium.jpeg,CC-BY 4.0,Yves Bas,yvesbas,2023-08-26,https://www.inaturalist.org/observations/181603280,"© Yves Bas, some rights reserved (CC-BY)",33ef961d103a533def755027843df3505c4d4b2d0ed83348abc1aaf3e3c4fed8
Cratena peregrina,600419021,https://inaturalist-open-data.s3.amazonaws.com/photos/600419021/medium.jpg,CC-BY 4.0,Daniel Millano Fernández,millaneiro,2025-12-06,https://www.inaturalist.org/observations/331028949,"© Daniel Millano Fernández, some rights reserved (CC-BY)",c2344b9db431a413d83cbe59f37f0fd40c7fd6eb80da593cde70c3bdbdeb1ad1
Cratena peregrina,556550550,https://inaturalist-open-data.s3.amazonaws.com/photos/556550550/medium.jpg,CC-BY 4.0,Sarah Faulwetter,sarahfaulwetter,2025-08-19,https://www.inaturalist.org/observations/308486619,"© Sarah Faulwetter, some rights reserved (CC-BY)",611b16437257e3e960cf0dcf5bac7af6a2ca8b5bebcaa94d362d47e9a11d1941
Cratena peregrina,133590221,https://inaturalist-open-data.s3.amazonaws.com/photos/133590221/medium.jpeg,CC-BY 4.0,Chris Taklis,ctaklis,2021-06-03,https://www.inaturalist.org/observations/81451371,"© Chris Taklis, some rights reserved (CC-BY)",b9a0895546a18bb6241e7487cfa6b6d0665cf86e1cb203094fd7863aae8f9606
Cratena peregrina,87462027,https://inaturalist-open-data.s3.amazonaws.com/photos/87462027/medium.jpeg,CC-BY 4.0,Chris Taklis,ctaklis,2020-07-31,https://www.inaturalist.org/observations/54951313,"© Chris Taklis, some rights reserved (CC-BY)",e28443ae8341262584a81c536eef16a86ee5215600d9759ed81bfaaa57bec271
Cratena peregrina,87461620,https://inaturalist-open-data.s3.amazonaws.com/photos/87461620/medium.jpeg,CC-BY 4.0,Chris Taklis,ctaklis,2020-07-31,https://www.inaturalist.org/observations/54951313,"© Chris Taklis, some rights reserved (CC-BY)",e8262da43dec873c2df369e34822f162ee6f2d69b416d081e2b0108bbe7cd5f3
Cratena peregrina,87462413,https://inaturalist-open-data.s3.amazonaws.com/photos/87462413/medium.jpeg,CC-BY 4.0,Chris Taklis,ctaklis,2020-07-31,https://www.inaturalist.org/observations/54951313,"© Chris Taklis, some rights reserved (CC-BY)",9d4c8b5b47b1bae63c68c5e4ab97d9c98934f06add61ebe7a92ed3f440cd2cbb
Cratena peregrina,87462623,https://inaturalist-open-data.s3.amazonaws.com/photos/87462623/medium.jpeg,CC-BY 4.0,Chris Taklis,ctaklis,2020-07-31,https://www.inaturalist.org/observations/54951313,"© Chris Taklis, some rights reserved (CC-BY)",8d5912797e2fe8fefc0da109c089492e6b725b7d1c6228f5bcc590164b5f1389
Cratena peregrina,87462825,https://inaturalist-open-data.s3.amazonaws.com/photos/87462825/medium.jpeg,CC-BY 4.0,Chris Taklis,ctaklis,2020-07-31,https://www.inaturalist.org/observations/54951313,"© Chris Taklis, some rights reserved (CC-BY)",b0d0da90c077fa139ef6555badb833482222595efd5faf480d83e3682b7d542b
Cratena peregrina,87463059,https://inaturalist-open-data.s3.amazonaws.com/photos/87463059/medium.jpeg,CC-BY 4.0,Chris Taklis,ctaklis,2020-07-31,https://www.inaturalist.org/observations/54951313,"© Chris Taklis, some rights reserved (CC-BY)",087238d506fc5a2d364a1d8a6b341736ab490af0c4b02bea0c59579bf17d2614
Cratena peregrina,87463258,https://inaturalist-open-data.s3.amazonaws.com/photos/87463258/medium.jpeg,CC-BY 4.0,Chris Taklis,ctaklis,2020-07-31,https://www.inaturalist.org/observations/54951313,"© Chris Taklis, some rights reserved (CC-BY)",1194234fc7135c1405e6035bf03ff69b5fd3fec169ee7d40eb4ba14e934f83a0
Flabellina affinis,293680473,https://inaturalist-open-data.s3.amazonaws.com/photos/293680473/medium.jpeg,CC-BY 4.0,Moustapha Itani,maitani,2023-06-25,https://www.inaturalist.org/observations/169399123,"© Moustapha Itani, some rights reserved (CC-BY)",f34590092f6f70bc65f34d9fa7a82303a9bb45fa5e4e633be8f0da4d8d22e691
Flabellina affinis,293680523,https://inaturalist-open-data.s3.amazonaws.com/photos/293680523/medium.jpeg,CC-BY 4.0,Moustapha Itani,maitani,2023-06-25,https://www.inaturalist.org/observations/169399123,"© Moustapha Itani, some rights reserved (CC-BY)",ceadce5d698540b8d6816da428de6393c719e5d44b1f7d3c07692305c3fe69f5
Flabellina affinis,253070163,https://inaturalist-open-data.s3.amazonaws.com/photos/253070163/medium.jpeg,CC-BY 4.0,Moustapha Itani,maitani,2023-01-22,https://www.inaturalist.org/observations/147106688,"© Moustapha Itani, some rights reserved (CC-BY)",a71f51512cfb8f60130b58e60f83f72bc351aaed272adaa19f830fee4a26ed0a
Flabellina affinis,403708097,https://inaturalist-open-data.s3.amazonaws.com/photos/403708097/medium.jpeg,CC-BY 4.0,Yves Bas,yvesbas,2023-08-25,https://www.inaturalist.org/observations/227560224,"© Yves Bas, some rights reserved (CC-BY)",bfc318a5dd0709f46bcfd2a29a1b2d6cd834f4866fdd7fefc60f68009fc5bab7
Flabellina affinis,403708098,https://inaturalist-open-data.s3.amazonaws.com/photos/403708098/medium.jpeg,CC-BY 4.0,Yves Bas,yvesbas,2023-08-25,https://www.inaturalist.org/observations/227560224,"© Yves Bas, some rights reserved (CC-BY)",3749af4fcca9966678c40361568fdd4d4bfc1fcecf363d89766e3aea60a3f565
Flabellina affinis,403708118,https://inaturalist-open-data.s3.amazonaws.com/photos/403708118/medium.jpeg,CC-BY 4.0,Yves Bas,yvesbas,2023-08-25,https://www.inaturalist.org/observations/227560224,"© Yves Bas, some rights reserved (CC-BY)",4ff07deed10831e6fe6ca46ad6eca15b1d0727592f3ab07534ac1d5d6d5a11d0
Flabellina affinis,403708165,https://inaturalist-open-data.s3.amazonaws.com/photos/403708165/medium.jpeg,CC-BY 4.0,Yves Bas,yvesbas,2023-08-25,https://www.inaturalist.org/observations/227560224,"© Yves Bas, some rights reserved (CC-BY)",ab7c5062a426487abf5f63818f16881f9c3b11077dee0638a6a004e04c737a00
Flabellina affinis,136771569,https://inaturalist-open-data.s3.amazonaws.com/photos/136771569/medium.jpg,CC-BY 4.0,Donald Davesne,donalddavesne,2021-06-07,https://www.inaturalist.org/observations/83287662,"© Donald Davesne, some rights reserved (CC-BY)",2438813047068890f58b6730ac373b86280f5dd9473e9933be975abaeedea74f
Flabellina affinis,136771600,https://inaturalist-open-data.s3.amazonaws.com/photos/136771600/medium.jpg,CC-BY 4.0,Donald Davesne,donalddavesne,2021-06-07,https://www.inaturalist.org/observations/83287662,"© Donald Davesne, some rights reserved (CC-BY)",306cd3f5149b6c92a52b27746c5ed612d537dc5997ccc8660934544b01fb79ec
Flabellina affinis,177947712,https://inaturalist-open-data.s3.amazonaws.com/photos/177947712/medium.jpg,CC-BY 4.0,Lukas Schärer,lukas_scharer,2006-05-03,https://www.inaturalist.org/observations/105984537,"© Lukas Schärer, some rights reserved (CC-BY)",f9d3e66c8deb22b447b89e3abb31b056fdac1bc229027b229dcfbb388b016205
Flabellina affinis,177947717,https://inaturalist-open-data.s3.amazonaws.com/photos/177947717/medium.jpg,CC-BY 4.0,Lukas Schärer,lukas_scharer,2006-05-03,https://www.inaturalist.org/observations/105984537,"© Lukas Schärer, some rights reserved (CC-BY)",583cb0200b9d189215ad22694f4d708ec35e78d9e07e889d3763b76dcd278ad6
Flabellina affinis,177947720,https://inaturalist-open-data.s3.amazonaws.com/photos/177947720/medium.jpg,CC-BY 4.0,Lukas Schärer,lukas_scharer,2006-05-03,https://www.inaturalist.org/observations/105984537,"© Lukas Schärer, some rights reserved (CC-BY)",f221e37be1c893fb376dd88858607b225fc78f647744d13e6db9fb62ffb28e2d
Flabellina affinis,177947724,https://inaturalist-open-data.s3.amazonaws.com/photos/177947724/medium.jpg,CC-BY 4.0,Lukas Schärer,lukas_scharer,2006-05-03,https://www.inaturalist.org/observations/105984537,"© Lukas Schärer, some rights reserved (CC-BY)",3231f3c8091309da7f310a8354127a28e769397758579beeb015a8e4d12a0c2a
Flabellina affinis,253872957,https://inaturalist-open-data.s3.amazonaws.com/photos/253872957/medium.jpeg,CC-BY 4.0,Moustapha Itani,maitani,2023-01-28,https://www.inaturalist.org/observations/147527897,"© Moustapha Itani, some rights reserved (CC-BY)",3a0268c94520ae88ef9eceb31bb0222ab09e51e9995624367e5faf20c78dda4d
Flabellina affinis,139562921,https://inaturalist-open-data.s3.amazonaws.com/photos/139562921/medium.jpeg,CC-BY 4.0,Sarah Faulwetter,sarahfaulwetter,2021-06-28,https://www.inaturalist.org/observations/84880791,"© Sarah Faulwetter, some rights reserved (CC-BY)",b7d7da884deb93d7a9543e1c1593e13ad889f17a8e4cdc282a4199f01ecd4609
Flabellina affinis,207045489,https://inaturalist-open-data.s3.amazonaws.com/photos/207045489/medium.jpg,CC-BY 4.0,Vsevolod Rudyi,ruseva,2022-06-18,https://www.inaturalist.org/observations/122295943,"© Vsevolod Rudyi, some rights reserved (CC-BY)",4147ab39c48f5eeeef65340c682f25ac216d7a3be53b6fc2442ccc9e93548edf
Flabellina affinis,207045518,https://inaturalist-open-data.s3.amazonaws.com/photos/207045518/medium.jpg,CC-BY 4.0,Vsevolod Rudyi,ruseva,2022-06-18,https://www.inaturalist.org/observations/122295943,"© Vsevolod Rudyi, some rights reserved (CC-BY)",b16512c6eb210e42aacbbbe87b7bbceb6f50c2eddb26c584c891b0030fa754b0
Flabellina affinis,88426159,https://inaturalist-open-data.s3.amazonaws.com/photos/88426159/medium.jpeg,CC-BY 4.0,Chris Taklis,ctaklis,2020-08-05,https://www.inaturalist.org/observations/55531687,"© Chris Taklis, some rights reserved (CC-BY)",2dfe5d584b43a1cd9fcbe189d683f53e90e7f5df9ad6a3600714c950cd10fe0c
Flabellina affinis,88428138,https://inaturalist-open-data.s3.amazonaws.com/photos/88428138/medium.jpeg,CC-BY 4.0,Chris Taklis,ctaklis,2020-08-05,https://www.inaturalist.org/observations/55531687,"© Chris Taklis, some rights reserved (CC-BY)",39de0afd419e990b96374dde5ce397d5be3c91d7724ef0a2c14f41db41085682
Flabellina affinis,88428353,https://inaturalist-open-data.s3.amazonaws.com/photos/88428353/medium.jpeg,CC-BY 4.0,Chris Taklis,ctaklis,2020-08-05,https://www.inaturalist.org/observations/55531687,"© Chris Taklis, some rights reserved (CC-BY)",80f44146a98a9a1930ac5ea2aecfcede3eedfa11b0cffd20f78e2cc587e13432
Flabellina affinis,88427935,https://inaturalist-open-data.s3.amazonaws.com/photos/88427935/medium.jpeg,CC-BY 4.0,Chris Taklis,ctaklis,2020-08-05,https://www.inaturalist.org/observations/55531687,"© Chris Taklis, some rights reserved (CC-BY)",584aaa9ea82f9da356d9c5b07e0addf56a251101a884ee4e95018d5c8ec293a0
Flabellina affinis,88427326,https://inaturalist-open-data.s3.amazonaws.com/photos/88427326/medium.jpeg,CC-BY 4.0,Chris Taklis,ctaklis,2020-08-05,https://www.inaturalist.org/observations/55531687,"© Chris Taklis, some rights reserved (CC-BY)",da471bc16d3e933886719974cb18bebd353e858a421a1d0881c99ab065f7cb3c
Flabellina affinis,88427728,https://inaturalist-open-data.s3.amazonaws.com/photos/88427728/medium.jpeg,CC-BY 4.0,Chris Taklis,ctaklis,2020-08-05,https://www.inaturalist.org/observations/55531687,"© Chris Taklis, some rights reserved (CC-BY)",52190de4a7f0ff8a63051d81e220d193ae779c3c9c7b453d8a9e2a7fdba7acce
Flabellina affinis,88427107,https://inaturalist-open-data.s3.amazonaws.com/photos/88427107/medium.jpeg,CC-BY 4.0,Chris Taklis,ctaklis,2020-08-05,https://www.inaturalist.org/observations/55531687,"© Chris Taklis, some rights reserved (CC-BY)",eb27685811018c79529d0017407fdac91ef1a26aa71d3fa6bb4200885114a6c7
Flabellina affinis,88426872,https://inaturalist-open-data.s3.amazonaws.com/photos/88426872/medium.jpeg,CC-BY 4.0,Chris Taklis,ctaklis,2020-08-05,https://www.inaturalist.org/observations/55531687,"© Chris Taklis, some rights reserved (CC-BY)",9e234ce230d7343f1a44312e1338a22d706213cb6d107364ec3e30546afba5fa
Flabellina affinis,88426596,https://inaturalist-open-data.s3.amazonaws.com/photos/88426596/medium.jpeg,CC-BY 4.0,Chris Taklis,ctaklis,2020-08-05,https://www.inaturalist.org/observations/55531687,"© Chris Taklis, some rights reserved (CC-BY)",bf651aab15f68b04f98fa0241083772c425b8fa0420cf246dba9b9f9359dde9f
Flabellina affinis,88426357,https://inaturalist-open-data.s3.amazonaws.com/photos/88426357/medium.jpeg,CC-BY 4.0,Chris Taklis,ctaklis,2020-08-05,https://www.inaturalist.org/observations/55531687,"© Chris Taklis, some rights reserved (CC-BY)",2d65b9b68aa2922d9ae364a792abf447cdb4ea3815687350f8371bb4bac4ef71
Flabellina affinis,222485719,https://inaturalist-open-data.s3.amazonaws.com/photos/222485719/medium.jpg,CC-BY 4.0,Sarah Faulwetter,sarahfaulwetter,2007-06-23,https://www.inaturalist.org/observations/130796311,"© Sarah Faulwetter, some rights reserved (CC-BY)",3e9bca064a05b3c1e95de1e933df05ca5a0b465727664022b096e5280561aef0
Polycera quadrilineata,499947347,https://inaturalist-open-data.s3.amazonaws.com/photos/499947347/medium.jpeg,CC-BY 4.0,Sarah Faulwetter,sarahfaulwetter,2025-05-04,https://www.inaturalist.org/observations/278434530,"© Sarah Faulwetter, some rights reserved (CC-BY)",8e76a2166ad049a434ec854a8068cfafc6a790a9e04cddddd32d005cdbc98852
Polycera quadrilineata,499947644,https://inaturalist-open-data.s3.amazonaws.com/photos/499947644/medium.jpeg,CC-BY 4.0,Sarah Faulwetter,sarahfaulwetter,2025-05-04,https://www.inaturalist.org/observations/278434530,"© Sarah Faulwetter, some rights reserved (CC-BY)",9ab481a4291c1e26de7b36498f20df2e9a391f868eff72e875e8f94e0fff9dd4
Polycera quadrilineata,499947936,https://inaturalist-open-data.s3.amazonaws.com/photos/499947936/medium.jpeg,CC-BY 4.0,Sarah Faulwetter,sarahfaulwetter,2025-05-04,https://www.inaturalist.org/observations/278434530,"© Sarah Faulwetter, some rights reserved (CC-BY)",18cf62b312ced7506d94f928c275804b3c1b166f6162e7194fd55b5113ca2865
Polycera quadrilineata,178712034,https://inaturalist-open-data.s3.amazonaws.com/photos/178712034/medium.jpg,CC-BY 4.0,Heine Jensen,heinejens,2022-02-08,https://www.inaturalist.org/observations/106390648,"© Heine Jensen, some rights reserved (CC-BY)",70143248b8ef046fe9e5e3e24840f040716d3a3a47d404854e570e2db1d0511f
Polycera quadrilineata,41724103,https://inaturalist-open-data.s3.amazonaws.com/photos/41724103/medium.jpeg,CC-BY 4.0,John Hepburn,john_hepburn,2019-06-04,https://www.inaturalist.org/observations/26854428,"© John Hepburn, some rights reserved (CC-BY)",9d62c3353fdda5e6330e9853f00325e50c8dff65d9f9fad20df8b0b6f704b7a5
Polycera quadrilineata,114472702,https://inaturalist-open-data.s3.amazonaws.com/photos/114472702/medium.jpg,CC-BY 4.0,Heine Jensen,heinejens,2021-02-28,https://www.inaturalist.org/observations/70418164,"© Heine Jensen, some rights reserved (CC-BY)",3028ef56c7060a0272ce5cba8ab32e7507f24e39e65b95ece10259b4f32d59e5
Polycera quadrilineata,136372521,https://inaturalist-open-data.s3.amazonaws.com/photos/136372521/medium.jpg,CC-BY 4.0,Heine Jensen,heinejens,2021-06-14,https://www.inaturalist.org/observations/83055236,"© Heine Jensen, some rights reserved (CC-BY)",0267f791f189a9d93c9d2206368956da6a6c997e3f91a7423c2fbc4ae0ed1954
Polycera quadrilineata,145699302,https://inaturalist-open-data.s3.amazonaws.com/photos/145699302/medium.jpg,CC-BY 4.0,Heine Jensen,heinejens,2021-07-15,https://www.inaturalist.org/observations/88317078,"© Heine Jensen, some rights reserved (CC-BY)",8febf732e10459b72250c947b8bb70e317935da8e892b8f030314ef4ec2667a1
Polycera quadrilineata,169277592,https://inaturalist-open-data.s3.amazonaws.com/photos/169277592/medium.jpg,CC-BY 4.0,Heine Jensen,heinejens,2020-11-20,https://www.inaturalist.org/observations/101366475,"© Heine Jensen, some rights reserved (CC-BY)",ac19d2e17b9e7a0d497f54bd2c6e2ea3c9ced671257caa96691f75589a55c6d0
Polycera quadrilineata,169924732,https://inaturalist-open-data.s3.amazonaws.com/photos/169924732/medium.jpg,CC-BY 4.0,Heine Jensen,heinejens,2021-11-21,https://www.inaturalist.org/observations/101731613,"© Heine Jensen, some rights reserved (CC-BY)",ddc723a6f64c888cf4c58501a70476de1fe6574f962c2d20fc335d3120fe723f
Polycera quadrilineata,259156657,https://inaturalist-open-data.s3.amazonaws.com/photos/259156657/medium.jpg,CC-BY 4.0,Heine Jensen,heinejens,2023-03-04,https://www.inaturalist.org/observations/150310547,"© Heine Jensen, some rights reserved (CC-BY)",a663a356c3f22f55ed8a040cef182dcf8fe0acb12f5545dfaeba2750c6945d00
Polycera quadrilineata,664629253,https://inaturalist-open-data.s3.amazonaws.com/photos/664629253/medium.jpg,CC-BY 4.0,Timéo Gosciniak,timeo75008,2026-04-18,https://www.inaturalist.org/observations/364081122,"© Timéo Gosciniak, some rights reserved (CC-BY)",0d4900b4cc2cb2c83d83a5d998e3dc0a029c5628c53dfbd921ef098e109f1f9e
Polycera quadrilineata,664629280,https://inaturalist-open-data.s3.amazonaws.com/photos/664629280/medium.jpg,CC-BY 4.0,Timéo Gosciniak,timeo75008,2026-04-18,https://www.inaturalist.org/observations/364081122,"© Timéo Gosciniak, some rights reserved (CC-BY)",4ace686e39289cccc672e7927c62231dacbe8adff8a7ca9234b7da23ed924bd0
Polycera quadrilineata,117857298,https://inaturalist-open-data.s3.amazonaws.com/photos/117857298/medium.jpg,CC-BY 4.0,Heine Jensen,heinejens,2021-03-28,https://www.inaturalist.org/observations/72302564,"© Heine Jensen, some rights reserved (CC-BY)",def860b6d0a11ab4dfcccea3a031a0d3d59b22e0a6051cb0d2e6beeb0439a6e1
Polycera quadrilineata,14632435,https://inaturalist-open-data.s3.amazonaws.com/photos/14632435/medium.jpeg,CC-BY 4.0,Tine Kinn Kvamme,tinekk,2018-03-08,https://www.inaturalist.org/observations/10515878,"© Tine Kinn Kvamme, some rights reserved (CC-BY)",e38f7f2080779a5ee540ddd4bc69990d203f60d493f84ec39c1d374366f68ba2
Polycera quadrilineata,170237823,https://inaturalist-open-data.s3.amazonaws.com/photos/170237823/medium.jpg,CC-BY 4.0,Libby Keatley,libbykeatley,2020-08-15,https://www.inaturalist.org/observations/101901669,"© Libby Keatley, some rights reserved (CC-BY)",203e4bdeb3aba3dee059b50895e55846ac0720b1f8a0178d556647505ed83996
Polycera quadrilineata,178678952,https://inaturalist-open-data.s3.amazonaws.com/photos/178678952/medium.jpg,CC-BY 4.0,Heine Jensen,heinejens,2022-02-06,https://www.inaturalist.org/observations/106372000,"© Heine Jensen, some rights reserved (CC-BY)",7fa057a30a9cf9d967ff78ab18935fdc1ba6bb8ec4b04530fd9877c7f62b7c9d
Polycera quadrilineata,178842974,https://inaturalist-open-data.s3.amazonaws.com/photos/178842974/medium.jpg,CC-BY 4.0,Heine Jensen,heinejens,2022-02-08,https://www.inaturalist.org/observations/106493947,"© Heine Jensen, some rights reserved (CC-BY)",1a220b9ed27c9399cdf37d7deae759b3c52a884bd67177af67d354b0ef8d9ac5
Polycera quadrilineata,178739440,https://inaturalist-open-data.s3.amazonaws.com/photos/178739440/medium.jpg,CC-BY 4.0,Heine Jensen,heinejens,2022-02-08,https://www.inaturalist.org/observations/106404988,"© Heine Jensen, some rights reserved (CC-BY)",53fe5b03cee6fca5bf90b9b48a9ab419d11b121d1d59ed6dc79f965a61400266
Polycera quadrilineata,169277490,https://inaturalist-open-data.s3.amazonaws.com/photos/169277490/medium.jpg,CC-BY 4.0,Heine Jensen,heinejens,2020-11-20,https://www.inaturalist.org/observations/101366459,"© Heine Jensen, some rights reserved (CC-BY)",42421a6c323d689e8b8bae9b125d879e568894f4c0fb847b38f6615782977329
Polycera quadrilineata,169277517,https://inaturalist-open-data.s3.amazonaws.com/photos/169277517/medium.jpg,CC-BY 4.0,Heine Jensen,heinejens,2020-11-20,https://www.inaturalist.org/observations/101366463,"© Heine Jensen, some rights reserved (CC-BY)",94d085cc1b91ccad6bf400839438ac4e0852bd27674f53e8f7c3cb7178b1919e
Polycera quadrilineata,169277565,https://inaturalist-open-data.s3.amazonaws.com/photos/169277565/medium.jpg,CC-BY 4.0,Heine Jensen,heinejens,2020-11-20,https://www.inaturalist.org/observations/101366470,"© Heine Jensen, some rights reserved (CC-BY)",0f78925d3b4b41a92dc77c3447ae9cb371b16105d176c7008b625f971e827959
Polycera quadrilineata,247381953,https://inaturalist-open-data.s3.amazonaws.com/photos/247381953/medium.jpg,CC-BY 4.0,Heine Jensen,heinejens,2022-12-02,https://www.inaturalist.org/observations/144166402,"© Heine Jensen, some rights reserved (CC-BY)",3bba27678f36b0664fb34323ec56056d15a0e7713e829d761ed4738e7ac3129b
Polycera quadrilineata,264658698,https://inaturalist-open-data.s3.amazonaws.com/photos/264658698/medium.jpg,CC-BY 4.0,Heine Jensen,heinejens,2023-03-20,https://www.inaturalist.org/observations/153250005,"© Heine Jensen, some rights reserved (CC-BY)",6180fbcc0f438e739c8cd9aec408ae69117a9dcd458d970d7fb506ac0ee66c36
Polycera quadrilineata,14628328,https://inaturalist-open-data.s3.amazonaws.com/photos/14628328/medium.jpeg,CC-BY 4.0,Tine Kinn Kvamme,tinekk,2018-01-20,https://www.inaturalist.org/observations/10513745,"© Tine Kinn Kvamme, some rights reserved (CC-BY)",d953c4d331e0846357bed5c18d8c602a5714c06023109f5db078fd34eeba46c4
Polycera quadrilineata,14630435,https://inaturalist-open-data.s3.amazonaws.com/photos/14630435/medium.jpeg,CC-BY 4.0,Tine Kinn Kvamme,tinekk,2018-02-11,https://www.inaturalist.org/observations/10514798,"© Tine Kinn Kvamme, some rights reserved (CC-BY)",9299cf44818e13dde0c0917b640d635619a5faead852288b2b0e71b3a3d90cd4
Polycera quadrilineata,118624589,https://inaturalist-open-data.s3.amazonaws.com/photos/118624589/medium.jpg,CC-BY 4.0,Julien Renoult,jujurenoult,2021-04-02,https://www.inaturalist.org/observations/72728637,"© Julien Renoult, some rights reserved (CC-BY)",0c71043c987fbf2fc07a826ef30bc24ba917841ddebe554e7d072b6c9612a66e
Polycera quadrilineata,117856716,https://inaturalist-open-data.s3.amazonaws.com/photos/117856716/medium.jpg,CC-BY 4.0,Heine Jensen,heinejens,2021-03-28,https://www.inaturalist.org/observations/72302501,"© Heine Jensen, some rights reserved (CC-BY)",b362abaee09268828a7e87e51ab310e8d4d1af6903b3653afe0bbbb5b153b3f3
Polycera quadrilineata,263141734,https://inaturalist-open-data.s3.amazonaws.com/photos/263141734/medium.jpg,CC-BY 4.0,Heine Jensen,heinejens,2023-03-12,https://www.inaturalist.org/observations/152434313,"© Heine Jensen, some rights reserved (CC-BY)",845a36b3977b6fc037f0bb4e91a7b379ce2cfbe78718b2b0794094d163e56d67
Polycera quadrilineata,263142102,https://inaturalist-open-data.s3.amazonaws.com/photos/263142102/medium.jpg,CC-BY 4.0,Heine Jensen,heinejens,2023-03-13,https://www.inaturalist.org/observations/152434377,"© Heine Jensen, some rights reserved (CC-BY)",7ae909f9fa3b95108768dc78bd51c698d792df0ee1c8c0a72239fe0b0d9fef0f
Limacia clavigera,128692666,https://inaturalist-open-data.s3.amazonaws.com/photos/128692666/medium.jpg,CC-BY 4.0,Heine Jensen,heinejens,2021-05-13,https://www.inaturalist.org/observations/78623641,"© Heine Jensen, some rights reserved (CC-BY)",7aa97f02d4f075a4a71aedb86ac23f9aeb5c0b79383bd89dee2752dd8da424ac
Limacia clavigera,28309195,https://inaturalist-open-data.s3.amazonaws.com/photos/28309195/medium.jpg,CC-BY 4.0,Tine Kinn Kvamme,tinekk,2018-11-11,https://www.inaturalist.org/observations/18508391,"© Tine Kinn Kvamme, some rights reserved (CC-BY)",e6e0b42ad392e86fbcdb9ea933177e272439f8d462b261a5795340db86cc604a
Limacia clavigera,224753759,https://inaturalist-open-data.s3.amazonaws.com/photos/224753759/medium.jpg,CC-BY 4.0,Vsevolod Rudyi,ruseva,2022-08-23,https://www.inaturalist.org/observations/132013988,"© Vsevolod Rudyi, some rights reserved (CC-BY)",fc89be56f767742dc5fbc55defa4441dd8a9d9dd27d74b355ef900d84ea397df
Limacia clavigera,561954376,https://inaturalist-open-data.s3.amazonaws.com/photos/561954376/medium.jpg,CC-BY 4.0,Vsevolod Rudyi,ruseva,2025-09-03,https://www.inaturalist.org/observations/311307503,"© Vsevolod Rudyi, some rights reserved (CC-BY)",5a13ae24a0ef945b70527099a4ffb5c9238f03039fe4b1497efd54f6415c39f1
Limacia clavigera,11434903,https://inaturalist-open-data.s3.amazonaws.com/photos/11434903/medium.jpeg,CC-BY 4.0,Tine Kinn Kvamme,tinekk,2017-10-22,https://www.inaturalist.org/observations/8556388,"© Tine Kinn Kvamme, some rights reserved (CC-BY)",ec46007bd252f49d0551dced7c5733af7092be69740b9e3550c2f127ea27d49a
Limacia clavigera,135139301,https://inaturalist-open-data.s3.amazonaws.com/photos/135139301/medium.jpg,CC-BY 4.0,Heine Jensen,heinejens,2021-06-07,https://www.inaturalist.org/observations/82345086,"© Heine Jensen, some rights reserved (CC-BY)",5a247996e4f78d4e51486001c1c8a0997582508a48cae6c9ec78de97f22e9bea
Limacia clavigera,29914919,https://inaturalist-open-data.s3.amazonaws.com/photos/29914919/medium.jpg,CC-BY 4.0,Heine Jensen,heinejens,2019-01-05,https://www.inaturalist.org/observations/19444992,"© Heine Jensen, some rights reserved (CC-BY)",d3e9de1dfac9c5a22ed86b115cabd3d17c7bc3962dc41e92b010c7461d80feb8
Limacia clavigera,169649482,https://inaturalist-open-data.s3.amazonaws.com/photos/169649482/medium.jpg,CC-BY 4.0,Heine Jensen,heinejens,2021-11-20,https://www.inaturalist.org/observations/101575219,"© Heine Jensen, some rights reserved (CC-BY)",92347bf2f948e8ff02e159beea75b448088aeec248eb5a3dc67e4ffadcf389b5
Limacia clavigera,167654098,https://inaturalist-open-data.s3.amazonaws.com/photos/167654098/medium.jpg,CC-BY 4.0,Heine Jensen,heinejens,2021-11-06,https://www.inaturalist.org/observations/100449307,"© Heine Jensen, some rights reserved (CC-BY)",8242c1706d25f5fa20c45ccd38bff947354abe0ce4a26aa4dc83479d8bdf71d2
Limacia clavigera,183980571,https://inaturalist-open-data.s3.amazonaws.com/photos/183980571/medium.jpg,CC-BY 4.0,Heine Jensen,heinejens,2022-03-13,https://www.inaturalist.org/observations/109189677,"© Heine Jensen, some rights reserved (CC-BY)",fc88e618d3f00bf4d786ed540cc38cf35dbca85b3a122e9d3b6daf4ada461781
Limacia clavigera,176072590,https://inaturalist-open-data.s3.amazonaws.com/photos/176072590/medium.jpg,CC-BY 4.0,Heine Jensen,heinejens,2022-01-15,https://www.inaturalist.org/observations/105002157,"© Heine Jensen, some rights reserved (CC-BY)",4aaf30ba0e27071c3586d4d9d775d711608421064c05366cd0d4b106d70c05bd
Limacia clavigera,542299579,https://inaturalist-open-data.s3.amazonaws.com/photos/542299579/medium.jpg,CC-BY 4.0,Ella McCausland,ellamac27,2025-07-14,https://www.inaturalist.org/observations/300960256,"© Ella McCausland, some rights reserved (CC-BY)",15b9021e5f783b6b55ea316df584059091bb1f06753d1bc79ab09056e3782c33
Limacia clavigera,542299576,https://inaturalist-open-data.s3.amazonaws.com/photos/542299576/medium.jpg,CC-BY 4.0,Ella McCausland,ellamac27,2025-07-14,https://www.inaturalist.org/observations/300960256,"© Ella McCausland, some rights reserved (CC-BY)",4ea392e9b9a35453ccd10d4d5301edbc35782515eb3dc3a17e6fe237bb48f52c
Limacia clavigera,542299577,https://inaturalist-open-data.s3.amazonaws.com/photos/542299577/medium.jpg,CC-BY 4.0,Ella McCausland,ellamac27,2025-07-14,https://www.inaturalist.org/observations/300960256,"© Ella McCausland, some rights reserved (CC-BY)",ead3cebf58c18102001d39158f13b1939e721a3112d18933464855a91996e93d
Limacia clavigera,387735050,https://inaturalist-open-data.s3.amazonaws.com/photos/387735050/medium.jpg,CC-BY 4.0,Libby Keatley,libbykeatley,2024-05-26,https://www.inaturalist.org/observations/219077016,"© Libby Keatley, some rights reserved (CC-BY)",884620c00f2d2c3395d7c54144a621ff78bec3bd37dd91ae053cec8f452045d1
Limacia clavigera,324898062,https://inaturalist-open-data.s3.amazonaws.com/photos/324898062/medium.jpg,CC-BY 4.0,Heine Jensen,heinejens,2023-09-23,https://www.inaturalist.org/observations/185973337,"© Heine Jensen, some rights reserved (CC-BY)",4468ecdc2a0abc7a26845d1034996d9ed44b7b159ff7cb5097c01d42168834c2
Limacia clavigera,302703981,https://inaturalist-open-data.s3.amazonaws.com/photos/302703981/medium.jpg,CC-BY 4.0,Heine Jensen,heinejens,2023-06-14,https://www.inaturalist.org/observations/174251213,"© Heine Jensen, some rights reserved (CC-BY)",c2ac46cf2d262b01364342a39abc9e86c9200d46c9ce29ec939217e5b0c1b510
Limacia clavigera,259156639,https://inaturalist-open-data.s3.amazonaws.com/photos/259156639/medium.jpg,CC-BY 4.0,Heine Jensen,heinejens,2023-03-04,https://www.inaturalist.org/observations/150310543,"© Heine Jensen, some rights reserved (CC-BY)",ec49bc9d3866637ae499aef6dde0c643108de8bea56bd233fe78cdea9ab6031a
Limacia clavigera,135139342,https://inaturalist-open-data.s3.amazonaws.com/photos/135139342/medium.jpg,CC-BY 4.0,Heine Jensen,heinejens,2021-06-07,https://www.inaturalist.org/observations/82345088,"© Heine Jensen, some rights reserved (CC-BY)",8e126d8c6acb63433e7dda46c30b757d201beb447d1a63cd687f4ac371990cdf
Limacia clavigera,11185956,https://inaturalist-open-data.s3.amazonaws.com/photos/11185956/medium.jpeg,CC-BY 4.0,Tine Kinn Kvamme,tinekk,2017-09-24,https://www.inaturalist.org/observations/8406136,"© Tine Kinn Kvamme, some rights reserved (CC-BY)",76c9e49fd0e50d074542afe93a1064c618b0ea0de06bc2015b110529be6615d7
Limacia clavigera,14568179,https://inaturalist-open-data.s3.amazonaws.com/photos/14568179/medium.jpeg,CC-BY 4.0,Tine Kinn Kvamme,tinekk,2017-11-04,https://www.inaturalist.org/observations/10478822,"© Tine Kinn Kvamme, some rights reserved (CC-BY)",5c67f614bfefcd4ba0bef829a22002b4506688d2dfb0d793da12ec916b2fae07
Limacia clavigera,131809172,https://inaturalist-open-data.s3.amazonaws.com/photos/131809172/medium.jpg,CC-BY 4.0,Heine Jensen,heinejens,2021-05-24,https://www.inaturalist.org/observations/80422449,"© Heine Jensen, some rights reserved (CC-BY)",d105491131bbcee87e0b6720e252fc036cc1fc40a6139d258a4ba3d5c87b7c80
Limacia clavigera,14571089,https://inaturalist-open-data.s3.amazonaws.com/photos/14571089/medium.jpeg,CC-BY 4.0,Tine Kinn Kvamme,tinekk,2017-12-02,https://www.inaturalist.org/observations/10480485,"© Tine Kinn Kvamme, some rights reserved (CC-BY)",b395a253e4695dc319d3d145e6cb108388632d53e64d54e97b6bca097063da2f
Limacia clavigera,14626497,https://inaturalist-open-data.s3.amazonaws.com/photos/14626497/medium.jpeg,CC-BY 4.0,Tine Kinn Kvamme,tinekk,2017-12-19,https://www.inaturalist.org/observations/10512669,"© Tine Kinn Kvamme, some rights reserved (CC-BY)",7c6db5ec5788e013fdcb458386fa7ef7790fbbca27bb1d35e0049c0d5cecf39e
Limacia clavigera,10458881,https://inaturalist-open-data.s3.amazonaws.com/photos/10458881/medium.jpeg,CC-BY 4.0,Tine Kinn Kvamme,tinekk,2014-09-07,https://www.inaturalist.org/observations/7923928,"© Tine Kinn Kvamme, some rights reserved (CC-BY)",483d5d950fd6f22d885eb8679345545f0650f306f2fee6d56d1cc9f655f7c8f9
Limacia clavigera,10458998,https://inaturalist-open-data.s3.amazonaws.com/photos/10458998/medium.jpeg,CC-BY 4.0,Tine Kinn Kvamme,tinekk,2014-09-16,https://www.inaturalist.org/observations/7923992,"© Tine Kinn Kvamme, some rights reserved (CC-BY)",eb85619ea7ded68d8593ceb0639c9633212fae8534715d7db3db6048b6db5a04
Limacia clavigera,10545804,https://inaturalist-open-data.s3.amazonaws.com/photos/10545804/medium.jpg,CC-BY 4.0,Tine Kinn Kvamme,tinekk,2015-02-25,https://www.inaturalist.org/observations/7976983,"© Tine Kinn Kvamme, some rights reserved (CC-BY)",99121ab98630d1c35872ef39cdec0751b1753a6bdff4d134f78cd3ea5a38065c
Limacia clavigera,690177382,https://inaturalist-open-data.s3.amazonaws.com/photos/690177382/medium.jpg,CC-BY 4.0,Rebekah Bajkó,rebekahbajko,2026-07-02,https://www.inaturalist.org/observations/377425662,"© Rebekah Bajkó, some rights reserved (CC-BY)",44eead09b6a46f2ad99f7470145a548d9bff746c3997a969d0efdcc57f2cec3f
Limacia clavigera,690177385,https://inaturalist-open-data.s3.amazonaws.com/photos/690177385/medium.jpg,CC-BY 4.0,Rebekah Bajkó,rebekahbajko,2026-07-02,https://www.inaturalist.org/observations/377425662,"© Rebekah Bajkó, some rights reserved (CC-BY)",b4fdd5f20090596c80b5b6122afa72414a2c6d74074dad49a281e19bb9adf0c7
Entacmaea quadricolor,380404809,https://inaturalist-open-data.s3.amazonaws.com/photos/380404809/medium.jpg,CC-BY 4.0,Susan Prior,susanprior,2024-05-09,https://www.inaturalist.org/observations/215178198,"© Susan Prior, some rights reserved (CC-BY)",b6eadb9a87aef01a09354d01438817fd463e69bea72468dab21bdaf1b1b682ef
Entacmaea quadricolor,596403955,https://inaturalist-open-data.s3.amazonaws.com/photos/596403955/medium.jpg,CC-BY 4.0,Ben Costamagna,bencostamagna,2025-11-28,https://www.inaturalist.org/observations/329058866,"© Ben Costamagna, some rights reserved (CC-BY)",4a98d1aa179bbb43b737c31f7b6b1f1aaaec46c0c7e0766abf89446309fdbda9
Entacmaea quadricolor,596403979,https://inaturalist-open-data.s3.amazonaws.com/photos/596403979/medium.jpg,CC-BY 4.0,Ben Costamagna,bencostamagna,2025-11-28,https://www.inaturalist.org/observations/329058866,"© Ben Costamagna, some rights reserved (CC-BY)",eaaba00d46d488f297edfe10302e3a47fc0a19ee84cf5bfef88e253289967860
Entacmaea quadricolor,596403994,https://inaturalist-open-data.s3.amazonaws.com/photos/596403994/medium.jpg,CC-BY 4.0,Ben Costamagna,bencostamagna,2025-11-28,https://www.inaturalist.org/observations/329058866,"© Ben Costamagna, some rights reserved (CC-BY)",c98f1d5ba11dbe514d8a380b3916b9271b8d0218c537a4ca55dc74f94a4cf3df
Entacmaea quadricolor,16356399,https://inaturalist-open-data.s3.amazonaws.com/photos/16356399/medium.jpg,CC-BY 4.0,Ryan McMinds,rmcminds,2017-12-23,https://www.inaturalist.org/observations/11463640,"© Ryan McMinds, some rights reserved (CC-BY)",75d5576069a42abc3dcbb4c8a99f4fd0a6f800363413f3f220d89e5738db97e4
Entacmaea quadricolor,16356406,https://inaturalist-open-data.s3.amazonaws.com/photos/16356406/medium.jpg,CC-BY 4.0,Ryan McMinds,rmcminds,2017-12-23,https://www.inaturalist.org/observations/11463640,"© Ryan McMinds, some rights reserved (CC-BY)",d6ca5c164ecacfc8a0d7ee093e6e4bb98076593237593c20dbe32c237a4b8733
Entacmaea quadricolor,16356407,https://inaturalist-open-data.s3.amazonaws.com/photos/16356407/medium.jpg,CC-BY 4.0,Ryan McMinds,rmcminds,2017-12-23,https://www.inaturalist.org/observations/11463640,"© Ryan McMinds, some rights reserved (CC-BY)",a0c5cd978f0d44f4a91354e4fe2c7728d6041172107ddd3af7cced45035fd00d
Entacmaea quadricolor,16356409,https://inaturalist-open-data.s3.amazonaws.com/photos/16356409/medium.jpg,CC-BY 4.0,Ryan McMinds,rmcminds,2017-12-23,https://www.inaturalist.org/observations/11463640,"© Ryan McMinds, some rights reserved (CC-BY)",326bbb769619c9cc354c8630547e747aa3fa2807562ec391d1c5e14e2cd226e9
Entacmaea quadricolor,16356412,https://inaturalist-open-data.s3.amazonaws.com/photos/16356412/medium.jpg,CC-BY 4.0,Ryan McMinds,rmcminds,2017-12-23,https://www.inaturalist.org/observations/11463640,"© Ryan McMinds, some rights reserved (CC-BY)",77a3db7dc8a318297744ac7654091d1e1e8d3cfdba7f85af9739b2fd6846155a
Entacmaea quadricolor,16356414,https://inaturalist-open-data.s3.amazonaws.com/photos/16356414/medium.jpg,CC-BY 4.0,Ryan McMinds,rmcminds,2017-12-23,https://www.inaturalist.org/observations/11463640,"© Ryan McMinds, some rights reserved (CC-BY)",61572659107709bfbdea0a4f01bd69b647cacf2755cd6e018cc6b27749fbc0f2
Entacmaea quadricolor,16356419,https://inaturalist-open-data.s3.amazonaws.com/photos/16356419/medium.jpg,CC-BY 4.0,Ryan McMinds,rmcminds,2017-12-23,https://www.inaturalist.org/observations/11463640,"© Ryan McMinds, some rights reserved (CC-BY)",68f2d9298ae915cc005f1ba91b16881b64e85de45bec142f18eda959553e1169
Entacmaea quadricolor,16356421,https://inaturalist-open-data.s3.amazonaws.com/photos/16356421/medium.jpg,CC-BY 4.0,Ryan McMinds,rmcminds,2017-12-23,https://www.inaturalist.org/observations/11463640,"© Ryan McMinds, some rights reserved (CC-BY)",86f2f58e11f92a7c1cc2ca6f1ebdb884433c52f55b8eb8e7037f379c8022a1d7
Entacmaea quadricolor,16356424,https://inaturalist-open-data.s3.amazonaws.com/photos/16356424/medium.jpg,CC-BY 4.0,Ryan McMinds,rmcminds,2017-12-23,https://www.inaturalist.org/observations/11463640,"© Ryan McMinds, some rights reserved (CC-BY)",ed729b3edee32d319a3238adf57d940c9cf891762223ca8fb9396397eb60b419
Entacmaea quadricolor,16356427,https://inaturalist-open-data.s3.amazonaws.com/photos/16356427/medium.jpg,CC-BY 4.0,Ryan McMinds,rmcminds,2017-12-23,https://www.inaturalist.org/observations/11463640,"© Ryan McMinds, some rights reserved (CC-BY)",92eb4302fc88043ff8a01865e3df70c6db3a4f180f7283982a052ac2dc144dd3
Entacmaea quadricolor,16356432,https://inaturalist-open-data.s3.amazonaws.com/photos/16356432/medium.jpg,CC-BY 4.0,Ryan McMinds,rmcminds,2017-12-23,https://www.inaturalist.org/observations/11463640,"© Ryan McMinds, some rights reserved (CC-BY)",c3244e585deb7e45cecfe71d9e0a4f9036e7a9f37d421bb9041cf8d6f981d62d
Entacmaea quadricolor,16356434,https://inaturalist-open-data.s3.amazonaws.com/photos/16356434/medium.jpg,CC-BY 4.0,Ryan McMinds,rmcminds,2017-12-23,https://www.inaturalist.org/observations/11463640,"© Ryan McMinds, some rights reserved (CC-BY)",8513f02de379a50d52d06e1cd249d34eecfa670c4e7684e63bed4e824aaddf30
Entacmaea quadricolor,16356437,https://inaturalist-open-data.s3.amazonaws.com/photos/16356437/medium.jpg,CC-BY 4.0,Ryan McMinds,rmcminds,2017-12-23,https://www.inaturalist.org/observations/11463640,"© Ryan McMinds, some rights reserved (CC-BY)",d0a2a42e5154a5f0f01114d3e0e3ad44aa1e9d13214498977cb3d918e20c6c54
Entacmaea quadricolor,327981045,https://inaturalist-open-data.s3.amazonaws.com/photos/327981045/medium.jpg,CC-BY 4.0,Julien Renoult,jujurenoult,2023-05-20,https://www.inaturalist.org/observations/187535885,"© Julien Renoult, some rights reserved (CC-BY)",02357d2e9345cdf73c1393ad226b858b32b3f43877f543dea72b0c9337ddc490
Entacmaea quadricolor,460830344,https://inaturalist-open-data.s3.amazonaws.com/photos/460830344/medium.jpg,CC-BY 4.0,Susan Prior,susanprior,2024-12-24,https://www.inaturalist.org/observations/256955072,"© Susan Prior, some rights reserved (CC-BY)",c8013a80300a47dc14809f17d63a68d0d521618797b6c01d80649254a6fb5832
Entacmaea quadricolor,120571625,https://inaturalist-open-data.s3.amazonaws.com/photos/120571625/medium.jpg,CC-BY 4.0,Susan Prior,susanprior,2020-05-18,https://www.inaturalist.org/observations/73819900,"© Susan Prior, some rights reserved (CC-BY)",074bb79ff030f61ba48c9278eb2d75e32dbb154615677929c357dd51fb98e1f7
Entacmaea quadricolor,494657369,https://inaturalist-open-data.s3.amazonaws.com/photos/494657369/medium.jpg,CC-BY 4.0,Susan Prior,susanprior,2025-04-27,https://www.inaturalist.org/observations/275273314,"© Susan Prior, some rights reserved (CC-BY)",3d2833337e87d61292744d0c1ba193ac63b626f49ca47bdc25bef8e7650a64f1
Entacmaea quadricolor,120553992,https://inaturalist-open-data.s3.amazonaws.com/photos/120553992/medium.jpg,CC-BY 4.0,Susan Prior,susanprior,2020-09-02,https://www.inaturalist.org/observations/73810357,"© Susan Prior, some rights reserved (CC-BY)",7e85e2bfd547979f8d2b2e24eac924642bf3d0e8c3f29cd49bdd6ddd69b63fd9
Entacmaea quadricolor,120556080,https://inaturalist-open-data.s3.amazonaws.com/photos/120556080/medium.jpg,CC-BY 4.0,Susan Prior,susanprior,2021-01-11,https://www.inaturalist.org/observations/73811725,"© Susan Prior, some rights reserved (CC-BY)",3fa74cba4c3803243ff0c70756f7e8be3dce2b6d1d527840f7b590019a819ee0
Entacmaea quadricolor,120571865,https://inaturalist-open-data.s3.amazonaws.com/photos/120571865/medium.jpg,CC-BY 4.0,Susan Prior,susanprior,2021-02-21,https://www.inaturalist.org/observations/73819911,"© Susan Prior, some rights reserved (CC-BY)",34ba3ff5d57c7b37aa525c857ead1aca3030ba83f3295fb924ddd90a1799e987
Entacmaea quadricolor,120105422,https://inaturalist-open-data.s3.amazonaws.com/photos/120105422/medium.jpg,CC-BY 4.0,Grete Pasch,gpasch,2012-09-08,https://www.inaturalist.org/observations/73564522,"© Grete Pasch, some rights reserved (CC-BY)",82384bcfcd953d72c8bbbaa0dc424b9611afa900163c287d1db7c59ca26dae58
Entacmaea quadricolor,255095446,https://inaturalist-open-data.s3.amazonaws.com/photos/255095446/medium.jpeg,CC-BY 4.0,Debra Baker,quokka2,2023-01-29,https://www.inaturalist.org/observations/148220267,"© Debra Baker, some rights reserved (CC-BY)",5a9880270737d5ded1502bf2b676c24657b2e23a385abe5a499a122f5d53ad1f
Entacmaea quadricolor,385006312,https://inaturalist-open-data.s3.amazonaws.com/photos/385006312/medium.jpg,CC-BY 4.0,portioid,portioid,2024-05-16,https://www.inaturalist.org/observations/217625967,"© portioid, some rights reserved (CC-BY)",57c01a0edd49aeb9283299405e647a16d3bf5f2caff280c2180b8af071001f1a
Entacmaea quadricolor,555785908,https://inaturalist-open-data.s3.amazonaws.com/photos/555785908/medium.jpg,CC-BY 4.0,Debra Baker,quokka2,2025-08-18,https://www.inaturalist.org/observations/308093382,"© Debra Baker, some rights reserved (CC-BY)",ded240d5bf4c9c615421e78362924592356ce2096f3dd2c671ad8202d11c2d73
Entacmaea quadricolor,555785917,https://inaturalist-open-data.s3.amazonaws.com/photos/555785917/medium.jpg,CC-BY 4.0,Debra Baker,quokka2,2025-08-18,https://www.inaturalist.org/observations/308093382,"© Debra Baker, some rights reserved (CC-BY)",327648e4e1e51c98b06557c440b0fe091e9a5f9edd9381a987332270c09a3fae
Entacmaea quadricolor,365680604,https://inaturalist-open-data.s3.amazonaws.com/photos/365680604/medium.jpg,CC-BY 4.0,Pauline Walsh Jacobson,coralreefdreams,2019-11-12,https://www.inaturalist.org/observations/206777675,"© Pauline Walsh Jacobson, some rights reserved (CC-BY)",604589e498ecedc02859a7dd419d1bcfe8a420d6b13ab8d95477fe8d7a293fd1
Heteractis magnifica,443696086,https://inaturalist-open-data.s3.amazonaws.com/photos/443696086/medium.jpeg,CC-BY 4.0,desertnaturalist,desertnaturalist,2024-09-17,https://www.inaturalist.org/observations/248336053,"© desertnaturalist, some rights reserved (CC-BY)",85a0a057eedcef40c9dfd8f1631ac7d77b3cf75409d6a0a87761af5153b08a43
Heteractis magnifica,681973759,https://inaturalist-open-data.s3.amazonaws.com/photos/681973759/medium.jpg,CC-BY 4.0,Cricket Raspet,chilipossum,2026-06-18,https://www.inaturalist.org/observations/373176267,"© Cricket Raspet, some rights reserved (CC-BY)",ac3edce8887d21ad1653fa7c581bcbe3c94ff95834d89e999dddf7a5e5bd5a08
Heteractis magnifica,245486464,https://inaturalist-open-data.s3.amazonaws.com/photos/245486464/medium.jpg,CC-BY 4.0,Steven Lamonde,slamonde,2022-11-27,https://www.inaturalist.org/observations/143155999,"© Steven Lamonde, some rights reserved (CC-BY)",20eadf84697cd0418cbfa629e28627c8597011093f0fe8ad88bc3748f0b8a863
Heteractis magnifica,620293277,https://inaturalist-open-data.s3.amazonaws.com/photos/620293277/medium.jpg,CC-BY 4.0,Nicola Crockford,nicolacrockford,2026-02-02,https://www.inaturalist.org/observations/340818226,"© Nicola Crockford, some rights reserved (CC-BY)",8f4882264f790aa693f9d85ba313e4eb72c855b0cdb21231b77cb112d9b7872d
Heteractis magnifica,419986132,https://inaturalist-open-data.s3.amazonaws.com/photos/419986132/medium.jpeg,CC-BY 4.0,Jan Ebr &amp; Ivana Ebrová,opisska,2024-07-24,https://www.inaturalist.org/observations/236105817,"© Jan Ebr &amp; Ivana Ebrová, some rights reserved (CC-BY)",11591d914cc8a11224eec8a774b82c75c05e77e822eaaab7651cda6097a9142f
Heteractis magnifica,297311606,https://inaturalist-open-data.s3.amazonaws.com/photos/297311606/medium.jpeg,CC-BY 4.0,Debra Baker,quokka2,2023-06-27,https://www.inaturalist.org/observations/171480619,"© Debra Baker, some rights reserved (CC-BY)",8fadc493e9d16bbb6f32475ffd24b0c277a3da3f81db5995f46f44ffb2a5fa0c
Heteractis magnifica,282764967,https://inaturalist-open-data.s3.amazonaws.com/photos/282764967/medium.jpg,CC-BY 4.0,portioid,portioid,2023-05-24,https://www.inaturalist.org/observations/163487648,"© portioid, some rights reserved (CC-BY)",d8db3bfbd75c428cc1b90b9191014957437995761f5e0434080b8dc5789cadd2
Heteractis magnifica,218418550,https://inaturalist-open-data.s3.amazonaws.com/photos/218418550/medium.jpeg,CC-BY 4.0,Debra Baker,quokka2,2022-07-09,https://www.inaturalist.org/observations/128580635,"© Debra Baker, some rights reserved (CC-BY)",a710d14740b580369d422e27f35c108062950e724471763606be9ff7ba9fec6f
Heteractis magnifica,218418765,https://inaturalist-open-data.s3.amazonaws.com/photos/218418765/medium.jpeg,CC-BY 4.0,Debra Baker,quokka2,2022-07-09,https://www.inaturalist.org/observations/128580635,"© Debra Baker, some rights reserved (CC-BY)",82e29395d4c5c036c7a901d3d3ce35dd24f2a9c5222b4e2581a54f1d098b99cb
Heteractis magnifica,591269546,https://inaturalist-open-data.s3.amazonaws.com/photos/591269546/medium.jpg,CC-BY 4.0,Gabriel,miqeri,2025-09-20,https://www.inaturalist.org/observations/315144581,"© Gabriel, some rights reserved (CC-BY)",eb9939df21ae1bb106efae3343b658405135695afd3afc0a4835db8a9eaf4adc
Heteractis magnifica,575801331,https://inaturalist-open-data.s3.amazonaws.com/photos/575801331/medium.jpg,CC-BY 4.0,Doreen,hadoe,2025-08-12,https://www.inaturalist.org/observations/318582183,"© Doreen, some rights reserved (CC-BY)",e7b4061840aa4e0fb021649f0c55bd3de9a56e21d13e4ffc6a3a786920411452
Heteractis magnifica,575801345,https://inaturalist-open-data.s3.amazonaws.com/photos/575801345/medium.jpg,CC-BY 4.0,Doreen,hadoe,2025-08-12,https://www.inaturalist.org/observations/318582183,"© Doreen, some rights reserved (CC-BY)",9bee0889520fdc5e5ced147082bffda1b54b42728735fbc48deef39b068fe256
Heteractis magnifica,174687197,https://inaturalist-open-data.s3.amazonaws.com/photos/174687197/medium.jpeg,CC-BY 4.0,luluchouette,luluchouette,2021-12-10,https://www.inaturalist.org/observations/104275639,"© luluchouette, some rights reserved (CC-BY)",d93fed4a0b8f339e3280370c63f6a6704387ffec216149546a3435771b7b0b85
Heteractis magnifica,681974991,https://inaturalist-open-data.s3.amazonaws.com/photos/681974991/medium.jpg,CC-BY 4.0,Cricket Raspet,chilipossum,2026-06-18,https://www.inaturalist.org/observations/373176277,"© Cricket Raspet, some rights reserved (CC-BY)",b50ae07fc4e909c464cdd3ad69699cc07c98b88e4e09cfb8ca58f7e62632d8e3
Heteractis magnifica,603206928,https://inaturalist-open-data.s3.amazonaws.com/photos/603206928/medium.jpg,CC-BY 4.0,Debra Baker,quokka2,2025-12-22,https://www.inaturalist.org/observations/332402125,"© Debra Baker, some rights reserved (CC-BY)",aa8a389b7ee174b6366a1ef1d3fbcf45dbabad38159e7629732d2092507f1848
Heteractis magnifica,276509902,https://inaturalist-open-data.s3.amazonaws.com/photos/276509902/medium.jpg,CC-BY 4.0,portioid,portioid,2023-05-06,https://www.inaturalist.org/observations/160024296,"© portioid, some rights reserved (CC-BY)",d8a218c43e3aa2c66df1631748887c5a16cf574f373aa2b2dc50b927da41307a
Heteractis magnifica,276509905,https://inaturalist-open-data.s3.amazonaws.com/photos/276509905/medium.jpg,CC-BY 4.0,portioid,portioid,2023-05-06,https://www.inaturalist.org/observations/160024296,"© portioid, some rights reserved (CC-BY)",a54e2b1891ba9211860628011030ef7c6bbc489ae72fea8d709661a3120fbfd5
Heteractis magnifica,604606245,https://inaturalist-open-data.s3.amazonaws.com/photos/604606245/medium.jpg,CC-BY 4.0,Patrick O'Brien,patrick2043,2024-05-20,https://www.inaturalist.org/observations/333069519,"© Patrick O'Brien, some rights reserved (CC-BY)",dd4c6463835b38e7c05b3e3a474ffad090a5ce77c5d5c4bca967691a2b5159bd
Heteractis magnifica,297434616,https://inaturalist-open-data.s3.amazonaws.com/photos/297434616/medium.jpg,CC-BY 4.0,portioid,portioid,2023-07-06,https://www.inaturalist.org/observations/171417838,"© portioid, some rights reserved (CC-BY)",23062bec136105ef02d0bbfab9ed88cfa6088486d20e46d2815043abc87d7b30
Heteractis magnifica,297434642,https://inaturalist-open-data.s3.amazonaws.com/photos/297434642/medium.jpg,CC-BY 4.0,portioid,portioid,2023-07-06,https://www.inaturalist.org/observations/171417838,"© portioid, some rights reserved (CC-BY)",e6ac2d285e5b8ad35b8e90cbff8bd6214bb6ba47e792da55f701dc9234e18794
Heteractis magnifica,297697479,https://inaturalist-open-data.s3.amazonaws.com/photos/297697479/medium.jpg,CC-BY 4.0,portioid,portioid,2023-07-07,https://www.inaturalist.org/observations/171552585,"© portioid, some rights reserved (CC-BY)",df3ea77a7044357136505b6f8b37505c6acb4e38420f0bceaba67d15ee95cd21
Heteractis magnifica,297697596,https://inaturalist-open-data.s3.amazonaws.com/photos/297697596/medium.jpg,CC-BY 4.0,portioid,portioid,2023-07-07,https://www.inaturalist.org/observations/171552585,"© portioid, some rights reserved (CC-BY)",d0cc541095a402b0b417ea784d7a2c86b673f707c4036d0955a73636b7d175c9
Heteractis magnifica,10044290,https://inaturalist-open-data.s3.amazonaws.com/photos/10044290/medium.jpeg,CC-BY 4.0,Lisa Bennett,lisa_bennett,2017-08-05,https://www.inaturalist.org/observations/7670533,"© Lisa Bennett, some rights reserved (CC-BY)",98f780dd1b2350efac1e7937dcff0b7884ae530a1f28cda48e7c8b04cf8a62b2
Heteractis magnifica,620293270,https://inaturalist-open-data.s3.amazonaws.com/photos/620293270/medium.jpg,CC-BY 4.0,Nicola Crockford,nicolacrockford,2026-02-02,https://www.inaturalist.org/observations/340818228,"© Nicola Crockford, some rights reserved (CC-BY)",819aca0597b4c51666381c36136d5fe1b1132fe02098aa10de35cabc1b365fa0
Heteractis magnifica,161521983,https://inaturalist-open-data.s3.amazonaws.com/photos/161521983/medium.jpg,CC-BY 4.0,Bernard DUPONT,berniedup,2009-10-05,https://www.inaturalist.org/observations/97156525,"© Bernard DUPONT, some rights reserved (CC-BY)",723d1520538b811428905f6bd399ac53038ab653171750c5c70b76321718f1a0
Heteractis magnifica,161522214,https://inaturalist-open-data.s3.amazonaws.com/photos/161522214/medium.jpg,CC-BY 4.0,Bernard DUPONT,berniedup,2009-10-05,https://www.inaturalist.org/observations/97156525,"© Bernard DUPONT, some rights reserved (CC-BY)",063e4e9c4b2b6e8be3e6e36bd2afc1eee3da3069a8c09018a75720576456df4c
Heteractis magnifica,389280206,https://inaturalist-open-data.s3.amazonaws.com/photos/389280206/medium.jpg,CC-BY 4.0,portioid,portioid,2024-06-01,https://www.inaturalist.org/observations/219907519,"© portioid, some rights reserved (CC-BY)",c58507c243796151e18804d1940704458199cdbe049f45f14af85574e46943ef
Condylactis gigantea,367521486,https://inaturalist-open-data.s3.amazonaws.com/photos/367521486/medium.jpeg,CC-BY 4.0,R Vasconcellos,rvasconcellos,2008-11-07,https://www.inaturalist.org/observations/207757293,"© R Vasconcellos, some rights reserved (CC-BY)",f5b297a10f53bddab8456a302b913f104ccfd04f0772218e9843ae0b20b5138c
Condylactis gigantea,520923300,https://inaturalist-open-data.s3.amazonaws.com/photos/520923300/medium.jpg,CC-BY 4.0,Pauline Walsh Jacobson,coralreefdreams,2024-07-18,https://www.inaturalist.org/observations/289617380,"© Pauline Walsh Jacobson, some rights reserved (CC-BY)",21e72fc214a11aa96df42d4d7c400a2e1cc104f8871f02928dd44efd35546137
Condylactis gigantea,317200433,https://inaturalist-open-data.s3.amazonaws.com/photos/317200433/medium.jpg,CC-BY 4.0,Robin White,robin_dive_diva,2023-09-04,https://www.inaturalist.org/observations/181976783,"© Robin White, some rights reserved (CC-BY)",9388eafaa96150ba13b396f72141bb4c9e2967f8bc4b227eec473019af5142ef
Condylactis gigantea,317200463,https://inaturalist-open-data.s3.amazonaws.com/photos/317200463/medium.jpg,CC-BY 4.0,Robin White,robin_dive_diva,2023-09-04,https://www.inaturalist.org/observations/181976783,"© Robin White, some rights reserved (CC-BY)",f5a0518f726c9e2f4f8ae998bb1fef1de3b5c67739fe9951acb8375fe4a17288
Condylactis gigantea,316155584,https://inaturalist-open-data.s3.amazonaws.com/photos/316155584/medium.jpg,CC-BY 4.0,Robin White,robin_dive_diva,2023-09-01,https://www.inaturalist.org/observations/181430444,"© Robin White, some rights reserved (CC-BY)",9856462b23107388e1b2742bb2a0b2734f49aeb9782511f00428200718d75922
Condylactis gigantea,316155622,https://inaturalist-open-data.s3.amazonaws.com/photos/316155622/medium.jpg,CC-BY 4.0,Robin White,robin_dive_diva,2023-09-01,https://www.inaturalist.org/observations/181430444,"© Robin White, some rights reserved (CC-BY)",d3bb077575237eab331c200d62c19038a4c9761ae72ed66d01bf02bd2541a836
Condylactis gigantea,316155657,https://inaturalist-open-data.s3.amazonaws.com/photos/316155657/medium.jpg,CC-BY 4.0,Robin White,robin_dive_diva,2023-09-01,https://www.inaturalist.org/observations/181430444,"© Robin White, some rights reserved (CC-BY)",1d904be29ed786be9e676770e5166ee41672cf41da77d68710c96ef9ea7ca11f
Condylactis gigantea,335444192,https://inaturalist-open-data.s3.amazonaws.com/photos/335444192/medium.jpg,CC-BY 4.0,Robin White,robin_dive_diva,2023-11-15,https://www.inaturalist.org/observations/191240260,"© Robin White, some rights reserved (CC-BY)",8817432aaf06850274de6339dbe605cf9822a492fad3c27baf619daf5132682d
Condylactis gigantea,335444245,https://inaturalist-open-data.s3.amazonaws.com/photos/335444245/medium.jpg,CC-BY 4.0,Robin White,robin_dive_diva,2023-11-15,https://www.inaturalist.org/observations/191240260,"© Robin White, some rights reserved (CC-BY)",afa3dd12e6e08aaf7491911904ff855bcd9b369f6902849fe671a0beeae690a9
Condylactis gigantea,335444277,https://inaturalist-open-data.s3.amazonaws.com/photos/335444277/medium.jpg,CC-BY 4.0,Robin White,robin_dive_diva,2023-11-15,https://www.inaturalist.org/observations/191240260,"© Robin White, some rights reserved (CC-BY)",f13ca6b95261a719a4a1e5ba109466f26ddae4106ed412fa50c1f0f0854a4f8d
Condylactis gigantea,354958058,https://inaturalist-open-data.s3.amazonaws.com/photos/354958058/medium.png,CC-BY 4.0,SiphonophoreSlinger,siphonophoreslinger,2024-03-02,https://www.inaturalist.org/observations/201113283,"© SiphonophoreSlinger, some rights reserved (CC-BY)",4e3e9c01d00d1bc3861c342ddb15e58f888807a7c8127f4badb0b78a4b06762e
Condylactis gigantea,392468485,https://inaturalist-open-data.s3.amazonaws.com/photos/392468485/medium.jpg,CC-BY 4.0,Robin White,robin_dive_diva,2024-06-04,https://www.inaturalist.org/observations/221612101,"© Robin White, some rights reserved (CC-BY)",3a04baf10dbbb8e7f6f39ad671ab47c63f0cfbfe6ae33fd44765c4c2ab360581
Condylactis gigantea,392468583,https://inaturalist-open-data.s3.amazonaws.com/photos/392468583/medium.jpg,CC-BY 4.0,Robin White,robin_dive_diva,2024-06-04,https://www.inaturalist.org/observations/221612101,"© Robin White, some rights reserved (CC-BY)",57bace5a7ab0b2f8f71fd2771495dcff56e0858fe6f3b0774d5d82f7790510ba
Condylactis gigantea,392468661,https://inaturalist-open-data.s3.amazonaws.com/photos/392468661/medium.jpg,CC-BY 4.0,Robin White,robin_dive_diva,2024-06-04,https://www.inaturalist.org/observations/221612101,"© Robin White, some rights reserved (CC-BY)",6bc133836f09ad06cd1bf29501e7f1d854b7e693eeddc0f1670b92d82ced618e
Condylactis gigantea,614885825,https://inaturalist-open-data.s3.amazonaws.com/photos/614885825/medium.jpg,CC-BY 4.0,Matteo Bellucci,matteobellu239,2026-02-01,https://www.inaturalist.org/observations/338153914,"© Matteo Bellucci, some rights reserved (CC-BY)",0c52c4e5d8ae0235e908e5788e8aea7286c7771627f2158c60f08751cdef6129
Condylactis gigantea,517997613,https://inaturalist-open-data.s3.amazonaws.com/photos/517997613/medium.jpg,CC-BY 4.0,Josh Noseworthy,josh_noseworthy,2025-06-01,https://www.inaturalist.org/observations/286141726,"© Josh Noseworthy, some rights reserved (CC-BY)",26d45771f1adb4669976f899ede5ebf2f0ba328c88cd1033ec008c7a33478bb2
Condylactis gigantea,685104253,https://inaturalist-open-data.s3.amazonaws.com/photos/685104253/medium.jpg,CC-BY 4.0,Jay Brasher,jbrasher,2024-09-15,https://www.inaturalist.org/observations/374804664,"© Jay Brasher, some rights reserved (CC-BY)",53d774d42a9cf2f27cce72420b4e46cbc5665712bd32db184654711757d27e5f
Condylactis gigantea,706993375,https://inaturalist-open-data.s3.amazonaws.com/photos/706993375/medium.jpg,CC-BY 4.0,Jay Brasher,jbrasher,2024-09-16,https://www.inaturalist.org/observations/386148794,"© Jay Brasher, some rights reserved (CC-BY)",fd9a1d32f6a9438be6a1d5e3ceb3343a44f6549a9526ab19fff8ce7fdfdadd80
Condylactis gigantea,351322608,https://inaturalist-open-data.s3.amazonaws.com/photos/351322608/medium.jpg,CC-BY 4.0,Jay Brasher,jbrasher,2023-09-11,https://www.inaturalist.org/observations/199236906,"© Jay Brasher, some rights reserved (CC-BY)",8ebfd0edfc5630a1034307e33cfd41f51608654603e3d11bdc4405d1f9b528cd
Condylactis gigantea,173481484,https://inaturalist-open-data.s3.amazonaws.com/photos/173481484/medium.jpeg,CC-BY 4.0,Michael Bakker Paiva,michaelbakkerpaiva,2021-12-02,https://www.inaturalist.org/observations/103630675,"© Michael Bakker Paiva, some rights reserved (CC-BY)",0949c06ec04b241b6df0c050782dd098117966c0f5ad3eff4445e32938d0d7f8
Condylactis gigantea,188314248,https://inaturalist-open-data.s3.amazonaws.com/photos/188314248/medium.jpg,CC-BY 4.0,Pauline Walsh Jacobson,coralreefdreams,2001-07-12,https://www.inaturalist.org/observations/111546375,"© Pauline Walsh Jacobson, some rights reserved (CC-BY)",e34c78b1b132a57a5dbeb3530df7aa2d5f6b39bf29efc4df0a4e0f748298facd
Condylactis gigantea,243032739,https://inaturalist-open-data.s3.amazonaws.com/photos/243032739/medium.jpg,CC-BY 4.0,Daniel Benák,benake,2019-02-08,https://www.inaturalist.org/observations/141816639,"© Daniel Benák, some rights reserved (CC-BY)",754f5c4aecaddd78d7bb788f5853a405f4b89a4718130896792737e22bd30735
Condylactis gigantea,260740891,https://inaturalist-open-data.s3.amazonaws.com/photos/260740891/medium.jpg,CC-BY 4.0,Pauline Walsh Jacobson,coralreefdreams,2007-10-31,https://www.inaturalist.org/observations/151143460,"© Pauline Walsh Jacobson, some rights reserved (CC-BY)",3ee6b0df838f5f88b2eedbfd7b2cfd6156777d9ec2dc513f1ae2d3a96f34fa6d
Condylactis gigantea,212904888,https://inaturalist-open-data.s3.amazonaws.com/photos/212904888/medium.jpeg,CC-BY 4.0,Josiah Londerée,gatorhawk,2022-07-09,https://www.inaturalist.org/observations/125545512,"© Josiah Londerée, some rights reserved (CC-BY)",c9ed49209040175080f3008c7c88b7377787fa1fdad145a5db900be62c5ddfcf
Condylactis gigantea,584445390,https://inaturalist-open-data.s3.amazonaws.com/photos/584445390/medium.jpg,CC-BY 4.0,Jan Ebr &amp; Ivana Ebrová,opisska,2025-09-17,https://www.inaturalist.org/observations/323028105,"© Jan Ebr &amp; Ivana Ebrová, some rights reserved (CC-BY)",5af4c08432cbb1550ef0309381bfb892970c0e1ff6a00e5a1917099959bdd9db
Condylactis gigantea,200116072,https://inaturalist-open-data.s3.amazonaws.com/photos/200116072/medium.jpg,CC-BY 4.0,Donald Davesne,donalddavesne,2022-05-12,https://www.inaturalist.org/observations/118444864,"© Donald Davesne, some rights reserved (CC-BY)",e348bbafdd1799264cf4993203f1ca03a2811c2d91ab92df3a9b332a2f7f9544
Anemonia viridis,334117961,https://inaturalist-open-data.s3.amazonaws.com/photos/334117961/medium.jpg,CC-BY 4.0,ffnaturalist,ffnaturalist,2023-11-07,https://www.inaturalist.org/observations/190574748,"© ffnaturalist, some rights reserved (CC-BY)",c9eec3e5bb6812d7ac18d87aa9cdd11f628d3837565e083efdfc85d57e75ffc6
Anemonia viridis,576915058,https://inaturalist-open-data.s3.amazonaws.com/photos/576915058/medium.jpg,CC-BY 4.0,nyawiens,nyawiens,2025-10-03,https://www.inaturalist.org/observations/319167882,"© nyawiens, some rights reserved (CC-BY)",fd5672d291d84d132a97fb8faf9a73861744675b4e3c716c8f0f45c7e6291727
Anemonia viridis,576915095,https://inaturalist-open-data.s3.amazonaws.com/photos/576915095/medium.jpg,CC-BY 4.0,nyawiens,nyawiens,2025-10-03,https://www.inaturalist.org/observations/319167882,"© nyawiens, some rights reserved (CC-BY)",1fc9f720cade335de711d7cc5de865c0145c42dc094653c58d56e9f3afc88b96
Anemonia viridis,576915098,https://inaturalist-open-data.s3.amazonaws.com/photos/576915098/medium.jpg,CC-BY 4.0,nyawiens,nyawiens,2025-10-03,https://www.inaturalist.org/observations/319167882,"© nyawiens, some rights reserved (CC-BY)",4ece631d653dfdecf4cd3f46abd220bf54b528cbdc13fcda6c9b5afd14f22896
Anemonia viridis,159646479,https://inaturalist-open-data.s3.amazonaws.com/photos/159646479/medium.jpeg,CC-BY 4.0,Yves Bas,yvesbas,2021-06-11,https://www.inaturalist.org/observations/96121218,"© Yves Bas, some rights reserved (CC-BY)",bcb64286d3ad7bf80322c0d9ad62a6731e30c62f6ccab086475d61d8aa6fb00d
Anemonia viridis,159646532,https://inaturalist-open-data.s3.amazonaws.com/photos/159646532/medium.jpeg,CC-BY 4.0,Yves Bas,yvesbas,2021-06-11,https://www.inaturalist.org/observations/96121218,"© Yves Bas, some rights reserved (CC-BY)",517e88d146b398a9e6f784431c29986d5ac42a25ff25b4d0d58c87ca8012b348
Anemonia viridis,348524961,https://inaturalist-open-data.s3.amazonaws.com/photos/348524961/medium.jpeg,CC-BY 4.0,Barney M,ngq15,2024-01-28,https://www.inaturalist.org/observations/197827802,"© Barney M, some rights reserved (CC-BY)",0372c5aac171da7718641c06adb64e7d2d13b20e8e5f09c6248d1f8eee9ded55
Anemonia viridis,473232408,https://inaturalist-open-data.s3.amazonaws.com/photos/473232408/medium.jpg,CC-BY 4.0,Steven Farquhar,farquaad,2025-02-28,https://www.inaturalist.org/observations/263423953,"© Steven Farquhar, some rights reserved (CC-BY)",0fb6212c75ab714a37655dfa078533c9355cda6aa6f92a6426448f27cece4247
Anemonia viridis,473232433,https://inaturalist-open-data.s3.amazonaws.com/photos/473232433/medium.jpg,CC-BY 4.0,Steven Farquhar,farquaad,2025-02-28,https://www.inaturalist.org/observations/263423953,"© Steven Farquhar, some rights reserved (CC-BY)",6d01aa0506e2f0ca873eb167dd089504f7ab8635717f87743bc26fcb2898800e
Anemonia viridis,591288973,https://inaturalist-open-data.s3.amazonaws.com/photos/591288973/medium.jpg,CC-BY 4.0,Yves Bas,yvesbas,2025-09-12,https://www.inaturalist.org/observations/326477105,"© Yves Bas, some rights reserved (CC-BY)",ee3a0c40c6f346551d59fde24e9ed62a30f21aad882ef6d9122986996b384ff7
Anemonia viridis,591289016,https://inaturalist-open-data.s3.amazonaws.com/photos/591289016/medium.jpg,CC-BY 4.0,Yves Bas,yvesbas,2025-09-12,https://www.inaturalist.org/observations/326477105,"© Yves Bas, some rights reserved (CC-BY)",c7f06b10279b363c267215ecd9c61febd015e5cf29722affe15d32f6718b9550
Anemonia viridis,541793135,https://inaturalist-open-data.s3.amazonaws.com/photos/541793135/medium.jpg,CC-BY 4.0,Alex Press,alexswift,2025-07-24,https://www.inaturalist.org/observations/300692199,"© Alex Press, some rights reserved (CC-BY)",54350c246769670837774054890973dc22e8c9dd55e78d5884b637697a8b3507
Anemonia viridis,218754561,https://inaturalist-open-data.s3.amazonaws.com/photos/218754561/medium.jpeg,CC-BY 4.0,Petr Knotek,mallomonas,2022-07-03,https://www.inaturalist.org/observations/128769588,"© Petr Knotek, some rights reserved (CC-BY)",2ac1d5574cdb0c1b7289d6edad4ce9725acea746575e790099e12c76726b18a0
Anemonia viridis,550905137,https://inaturalist-open-data.s3.amazonaws.com/photos/550905137/medium.jpg,CC-BY 4.0,Martin Scheidleder,headlounge,2025-08-11,https://www.inaturalist.org/observations/305539213,"© Martin Scheidleder, some rights reserved (CC-BY)",b24e3a58b2bbc1ab46cdb0a413b550949bdc6d9b0b5ca6490b5608b1cad34c6f
Anemonia viridis,285264599,https://inaturalist-open-data.s3.amazonaws.com/photos/285264599/medium.jpg,CC-BY 4.0,Donald Davesne,donalddavesne,2023-05-23,https://www.inaturalist.org/observations/164842632,"© Donald Davesne, some rights reserved (CC-BY)",728c7ce3224edcb643de9570889e95d7df4e42acbf7c010673236bdad695bbb4
Anemonia viridis,429103430,https://inaturalist-open-data.s3.amazonaws.com/photos/429103430/medium.jpg,CC-BY 4.0,Dan Schofield,djscho,2024-09-03,https://www.inaturalist.org/observations/240820890,"© Dan Schofield, some rights reserved (CC-BY)",13b0346a7f712d733ad76669ed038ed4b74a6eabea505c0269a7699d46812d33
Anemonia viridis,429103497,https://inaturalist-open-data.s3.amazonaws.com/photos/429103497/medium.jpg,CC-BY 4.0,Dan Schofield,djscho,2024-09-03,https://www.inaturalist.org/observations/240820890,"© Dan Schofield, some rights reserved (CC-BY)",dae698528b1f8e95a6e82302faa233747d982e7bf84ad56ac4af5b8c68828592
Anemonia viridis,1912517,https://inaturalist-open-data.s3.amazonaws.com/photos/1912517/medium.jpg,CC-BY 4.0,Duarte Frade,duarte,2015-05-24,https://www.inaturalist.org/observations/1543943,"© Duarte Frade, some rights reserved (CC-BY)",61e42bd6a21e4c9b8d23c61ae6e1a37fea5a8e09f5a580dfa876f072eb669f10
Anemonia viridis,13451765,https://inaturalist-open-data.s3.amazonaws.com/photos/13451765/medium.jpeg,CC-BY 4.0,Jaro Guzinski,jaro,2017-06-11,https://www.inaturalist.org/observations/9825627,"© Jaro Guzinski, some rights reserved (CC-BY)",6541fdae7aa6d97470b17ed92a0d8ec989c13d0f147b01128f5b1be1e0663048
Anemonia viridis,533842090,https://inaturalist-open-data.s3.amazonaws.com/photos/533842090/medium.jpg,CC-BY 4.0,Tomos Hughes,tomhughes97,2025-07-09,https://www.inaturalist.org/observations/296474904,"© Tomos Hughes, some rights reserved (CC-BY)",ad75e98eb5c82d7ed1e0a68b5259e4840169e70731861b5c372e3d755c85d2e7
Anemonia viridis,533842205,https://inaturalist-open-data.s3.amazonaws.com/photos/533842205/medium.jpg,CC-BY 4.0,Tomos Hughes,tomhughes97,2025-07-09,https://www.inaturalist.org/observations/296474904,"© Tomos Hughes, some rights reserved (CC-BY)",546003342032ed219015e9c55ad1a7f72ec12171fd8baf7c6bf1606d7e0e0b2e
Anemonia viridis,625405950,https://inaturalist-open-data.s3.amazonaws.com/photos/625405950/medium.jpg,CC-BY 4.0,Lou Wagstaffe,jsylou,2026-02-25,https://www.inaturalist.org/observations/343341192,"© Lou Wagstaffe, some rights reserved (CC-BY)",98004dad87e30ae34c5f6c74fcc88c67aaf7c7d323e1980e1ccd74c00c9c5133
Metridium senile,445193597,https://inaturalist-open-data.s3.amazonaws.com/photos/445193597/medium.jpg,CC-BY 4.0,Nathan,befuddledowl,2024-10-24,https://www.inaturalist.org/observations/249085381,"© Nathan, some rights reserved (CC-BY)",631bdcaa4dd5a704cd056fae6816fdf9caf816756c7e98a00e50c2c2006448a2
Metridium senile,32798595,https://inaturalist-open-data.s3.amazonaws.com/photos/32798595/medium.jpg,CC-BY 4.0,Corvi Zeman,corvi,2019-03-13,https://www.inaturalist.org/observations/21218221,"© Corvi Zeman, some rights reserved (CC-BY)",6e4738008dd5f7a70280bb7771265fe05e452e4b8197a0681f054d4ce314c8ca
Metridium senile,89827791,https://inaturalist-open-data.s3.amazonaws.com/photos/89827791/medium.jpeg,CC-BY 4.0,Roger Rittmaster,rogerritt,2020-08-13,https://www.inaturalist.org/observations/56374461,"© Roger Rittmaster, some rights reserved (CC-BY)",5fd654326abca12143a8cc2f4304cc01a4cb187bb320982603ffe70550a92fc0
Metridium senile,290046521,https://inaturalist-open-data.s3.amazonaws.com/photos/290046521/medium.jpg,CC-BY 4.0,Thomas Irvine,thomasirvine,2023-06-12,https://www.inaturalist.org/observations/167432720,"© Thomas Irvine, some rights reserved (CC-BY)",f933abefe70640b6772cf1b0d32eb01543e9d1d4343d7147c6ba9abe8c321aca
Metridium senile,428340021,https://inaturalist-open-data.s3.amazonaws.com/photos/428340021/medium.jpg,CC-BY 4.0,Vsevolod Rudyi,ruseva,2024-09-07,https://www.inaturalist.org/observations/240425927,"© Vsevolod Rudyi, some rights reserved (CC-BY)",414fcbed0209443029faf2de62e86dd1722aa5f6285912d5e8e3f411bea4ca03
Metridium senile,102668176,https://inaturalist-open-data.s3.amazonaws.com/photos/102668176/medium.jpeg,CC-BY 4.0,Klaus Kevin Kristensen,kkkristensen,2020-10-31,https://www.inaturalist.org/observations/63918347,"© Klaus Kevin Kristensen, some rights reserved (CC-BY)",3abe1f9accad450f08b94ee0a01235749b537c24f3489e330050fe180da6f772
Metridium senile,182183915,https://inaturalist-open-data.s3.amazonaws.com/photos/182183915/medium.jpg,CC-BY 4.0,Cricket Raspet,chilipossum,2022-02-12,https://www.inaturalist.org/observations/108229376,"© Cricket Raspet, some rights reserved (CC-BY)",5a3244ef626a5f735ff360091bd22db96172be9a4bd23132fba38be239c553b0
Metridium senile,428339779,https://inaturalist-open-data.s3.amazonaws.com/photos/428339779/medium.jpg,CC-BY 4.0,Vsevolod Rudyi,ruseva,2024-09-07,https://www.inaturalist.org/observations/240425921,"© Vsevolod Rudyi, some rights reserved (CC-BY)",69b091d073ccde6b1915a486a028f88c13d6a596d9a60d7df7f3d1728aaa47ae
Metridium senile,428339799,https://inaturalist-open-data.s3.amazonaws.com/photos/428339799/medium.jpg,CC-BY 4.0,Vsevolod Rudyi,ruseva,2024-09-07,https://www.inaturalist.org/observations/240425921,"© Vsevolod Rudyi, some rights reserved (CC-BY)",66ff2a3c77535cf6306ef0bc588bb68a5924f7ab52569df80d8eb275b3b6224d
Metridium senile,120125676,https://inaturalist-open-data.s3.amazonaws.com/photos/120125676/medium.jpeg,CC-BY 4.0,Ian Manning,ianmanning,2021-04-09,https://www.inaturalist.org/observations/73574590,"© Ian Manning, some rights reserved (CC-BY)",15fc4fc0eaa732035dc7b62bf63e559320ed0d6686b0871e331ce6443587b3d5
Metridium senile,7230359,https://inaturalist-open-data.s3.amazonaws.com/photos/7230359/medium.jpeg,CC-BY 4.0,Annie Evankow,annie_evankow,2017-04-17,https://www.inaturalist.org/observations/5814617,"© Annie Evankow, some rights reserved (CC-BY)",f2f0cc65fc6055c3bb7c8ef6e3d3909ef2b8348d0c1515ff510b672aadadb28e
Metridium senile,7230403,https://inaturalist-open-data.s3.amazonaws.com/photos/7230403/medium.jpeg,CC-BY 4.0,Annie Evankow,annie_evankow,2017-04-17,https://www.inaturalist.org/observations/5814617,"© Annie Evankow, some rights reserved (CC-BY)",d2a62a76f05cd744e3f0b925984e78d8d3b34efb1be487cf72263870ab7e316e
Metridium senile,123750945,https://inaturalist-open-data.s3.amazonaws.com/photos/123750945/medium.jpeg,CC-BY 4.0,Matt Muir,muir,2021-04-26,https://www.inaturalist.org/observations/75626176,"© Matt Muir, some rights reserved (CC-BY)",42cf0f6f910337dbc90cfe7a2d8cf8f0fa3eecb9ff11e8efa134cd46ae6557c6
Metridium senile,123751044,https://inaturalist-open-data.s3.amazonaws.com/photos/123751044/medium.jpeg,CC-BY 4.0,Matt Muir,muir,2021-04-26,https://www.inaturalist.org/observations/75626176,"© Matt Muir, some rights reserved (CC-BY)",086d9f6ba6d3abca3fa8a8539f38256399c154379a4bac5ea12ca078645bfeb5
Metridium senile,123751176,https://inaturalist-open-data.s3.amazonaws.com/photos/123751176/medium.jpeg,CC-BY 4.0,Matt Muir,muir,2021-04-26,https://www.inaturalist.org/observations/75626176,"© Matt Muir, some rights reserved (CC-BY)",feee5d432da6838e92da9733e3438f6cce09139bfb19f40e43fabad0253478b6
Metridium senile,590212021,https://inaturalist-open-data.s3.amazonaws.com/photos/590212021/medium.jpg,CC-BY 4.0,Rebecca Johnson,rebeccafay,2025-06-28,https://www.inaturalist.org/observations/325934083,"© Rebecca Johnson, some rights reserved (CC-BY)",fc8f80b34321ea59dc7004098c32d58e9664614a0065e739ec7b4e017a16c805
Metridium senile,481264032,https://inaturalist-open-data.s3.amazonaws.com/photos/481264032/medium.jpg,CC-BY 4.0,Sean Vanderluit,seanvanderluit,2025-03-30,https://www.inaturalist.org/observations/267780811,"© Sean Vanderluit, some rights reserved (CC-BY)",4d8b0884d3995457ccb026723bbf6734918c1c7f0538078eaca391a64fae78b9
Metridium senile,481264127,https://inaturalist-open-data.s3.amazonaws.com/photos/481264127/medium.jpg,CC-BY 4.0,Sean Vanderluit,seanvanderluit,2025-03-30,https://www.inaturalist.org/observations/267780811,"© Sean Vanderluit, some rights reserved (CC-BY)",e3a04e993a46f1b51e19c31b40ad82b0b14d6b9d3787613fcb805e2436ed2143
Metridium senile,481264075,https://inaturalist-open-data.s3.amazonaws.com/photos/481264075/medium.jpg,CC-BY 4.0,Sean Vanderluit,seanvanderluit,2025-03-30,https://www.inaturalist.org/observations/267780811,"© Sean Vanderluit, some rights reserved (CC-BY)",127c966690a76590912c7bc2d5b68232e06d58d1219ef0e9eaa2ccf88881191a
Metridium senile,519748823,https://inaturalist-open-data.s3.amazonaws.com/photos/519748823/medium.jpg,CC-BY 4.0,Libby Keatley,libbykeatley,2025-05-17,https://www.inaturalist.org/observations/288988044,"© Libby Keatley, some rights reserved (CC-BY)",85b81b174988c43c063b18f90eaf7e5b76d682fc71ef7afdb8f542785c35b403
Metridium senile,27005601,https://inaturalist-open-data.s3.amazonaws.com/photos/27005601/medium.jpg,CC-BY 4.0,Bernard Picton,bernardpicton,2018-10-09,https://www.inaturalist.org/observations/17718258,"© Bernard Picton, some rights reserved (CC-BY)",117b18760166e758524f89e4a10b54a0e77a33350251e46c9df8289cac0eeb7e
Metridium senile,22030953,https://inaturalist-open-data.s3.amazonaws.com/photos/22030953/medium.jpeg,CC-BY 4.0,Erin McKittrick,mckittre,2018-07-12,https://www.inaturalist.org/observations/14766906,"© Erin McKittrick, some rights reserved (CC-BY)",af2d361ccb559182e6cae2b2b7ef2259d1e3fb1d93b2b2572a60371fbbf5d059
Metridium senile,20113666,https://inaturalist-open-data.s3.amazonaws.com/photos/20113666/medium.jpeg,CC-BY 4.0,Lindsey K. Wise,wisel,2018-06-18,https://www.inaturalist.org/observations/13660138,"© Lindsey K. Wise, some rights reserved (CC-BY)",29ebe38fefd66acc89a424ac312c1f6f1657d53db1d7d7c7a270220a99484564
Metridium senile,146125916,https://inaturalist-open-data.s3.amazonaws.com/photos/146125916/medium.jpg,CC-BY 4.0,Topher Mueller,topher_mueller,2021-07-25,https://www.inaturalist.org/observations/88558574,"© Topher Mueller, some rights reserved (CC-BY)",aefbd68786f54b4243565152491c0d810eb8e6f4716788c41c7b53f833e6eedf
Metridium senile,164026886,https://inaturalist-open-data.s3.amazonaws.com/photos/164026886/medium.jpeg,CC-BY 4.0,Cricket Raspet,chilipossum,2021-10-11,https://www.inaturalist.org/observations/98511629,"© Cricket Raspet, some rights reserved (CC-BY)",fe1ab47a1740a39dc51fa08de47fe315b2ad00af5a4afa396601c209d766be73
Metridium senile,163924187,https://inaturalist-open-data.s3.amazonaws.com/photos/163924187/medium.jpeg,CC-BY 4.0,Cricket Raspet,chilipossum,2021-10-10,https://www.inaturalist.org/observations/98455971,"© Cricket Raspet, some rights reserved (CC-BY)",effadb56a46a101a86008dc7e64bc7a44f7e26d8d46c09e8acd1d9a923756cd1
Metridium senile,249750963,https://inaturalist-open-data.s3.amazonaws.com/photos/249750963/medium.jpg,CC-BY 4.0,Jay Pruett,greenjay6,2010-09-07,https://www.inaturalist.org/observations/145405685,"© Jay Pruett, some rights reserved (CC-BY)",2de5d4daedab88b7e5ee17f294742895ce46a7c0440227a7a2183e47f6366261
Urticina felina,175089767,https://inaturalist-open-data.s3.amazonaws.com/photos/175089767/medium.jpeg,CC-BY 4.0,Ian Manning,ianmanning,2022-01-06,https://www.inaturalist.org/observations/104489835,"© Ian Manning, some rights reserved (CC-BY)",8d2e3f744ddb7793ccbefab010e8f4f2b6e65393048361ff686a86f327891d1d
Urticina felina,451366236,https://inaturalist-open-data.s3.amazonaws.com/photos/451366236/medium.jpg,CC-BY 4.0,Donald Davesne,donalddavesne,2024-11-11,https://www.inaturalist.org/observations/252173527,"© Donald Davesne, some rights reserved (CC-BY)",90b2c961601fa9e252b8f8e6ce543e34ef439876095ebf13d6681126723a6d48
Urticina felina,117896161,https://inaturalist-open-data.s3.amazonaws.com/photos/117896161/medium.jpeg,CC-BY 4.0,Ian Manning,ianmanning,2021-03-28,https://www.inaturalist.org/observations/72327293,"© Ian Manning, some rights reserved (CC-BY)",ca6a78cf539fe79117493203d82773119bf6cb8e8883ff1053f53c3e59679463
Urticina felina,117896185,https://inaturalist-open-data.s3.amazonaws.com/photos/117896185/medium.jpeg,CC-BY 4.0,Ian Manning,ianmanning,2021-03-28,https://www.inaturalist.org/observations/72327293,"© Ian Manning, some rights reserved (CC-BY)",86bd1070adab189b7bab1142d209885401eb9cf4118dd340499a1fb8caf1672e
Urticina felina,538077490,https://inaturalist-open-data.s3.amazonaws.com/photos/538077490/medium.jpg,CC-BY 4.0,D. Rafael S. Fernandes,raf44,2025-02-26,https://www.inaturalist.org/observations/298704004,"© D. Rafael S. Fernandes, some rights reserved (CC-BY)",a4706f29f0f81166b373b318fe57c38d8cdb10155e19b50e438a9f653eeedb88
Urticina felina,474325302,https://inaturalist-open-data.s3.amazonaws.com/photos/474325302/medium.jpg,CC-BY 4.0,Vsevolod Rudyi,ruseva,2025-03-05,https://www.inaturalist.org/observations/263978473,"© Vsevolod Rudyi, some rights reserved (CC-BY)",ad5c373a282a076f152c97a87c5788e6e818f2ded11abbf8a34d9fb95728efe1
Urticina felina,486284492,https://inaturalist-open-data.s3.amazonaws.com/photos/486284492/medium.jpeg,CC-BY 4.0,John Hepburn,john_hepburn,2025-04-12,https://www.inaturalist.org/observations/270397295,"© John Hepburn, some rights reserved (CC-BY)",7c71696693ee8551c2d2314f999c070e34cb29c1bcc5ab13da5d5fc2c5c48047
Urticina felina,204722559,https://inaturalist-open-data.s3.amazonaws.com/photos/204722559/medium.jpg,CC-BY 4.0,Jamie O'Neill,swimjamie,2022-03-31,https://www.inaturalist.org/observations/121006654,"© Jamie O'Neill, some rights reserved (CC-BY)",c923ad60d70a5919bf6a9bfb8304d8061343c9523729808276dca028b509cd8c
Urticina felina,498026193,https://inaturalist-open-data.s3.amazonaws.com/photos/498026193/medium.jpg,CC-BY 4.0,Steven Farquhar,farquaad,2025-04-28,https://www.inaturalist.org/observations/277358734,"© Steven Farquhar, some rights reserved (CC-BY)",2869dbfb29f37e8cf5fe732640fc1b5fdec163b8331bcd3e7107160c2599931c
Urticina felina,395826108,https://inaturalist-open-data.s3.amazonaws.com/photos/395826108/medium.jpg,CC-BY 4.0,Rebekah Bajkó,rebekahbajko,2024-06-17,https://www.inaturalist.org/observations/223398091,"© Rebekah Bajkó, some rights reserved (CC-BY)",b4b2fc2462fc2736323cc7827c6ef4af9d6c2d4371cb26cd949dbcd2ccddc246
Urticina felina,395826150,https://inaturalist-open-data.s3.amazonaws.com/photos/395826150/medium.jpg,CC-BY 4.0,Rebekah Bajkó,rebekahbajko,2024-06-17,https://www.inaturalist.org/observations/223398091,"© Rebekah Bajkó, some rights reserved (CC-BY)",af81b19ad349e91e1c2a53120858ad0bfd516393d6aacdb2f81ef8869b86bb1f
Urticina felina,395826216,https://inaturalist-open-data.s3.amazonaws.com/photos/395826216/medium.jpg,CC-BY 4.0,Rebekah Bajkó,rebekahbajko,2024-06-17,https://www.inaturalist.org/observations/223398091,"© Rebekah Bajkó, some rights reserved (CC-BY)",ab05f9d8c9bf083229f3737bc25a658989c0d67540a7a609d1e2b91bfc9ce3c2
Urticina felina,679751222,https://inaturalist-open-data.s3.amazonaws.com/photos/679751222/medium.jpg,CC-BY 4.0,Fraser Higgins,f-sundw,2026-06-14,https://www.inaturalist.org/observations/372043531,"© Fraser Higgins, some rights reserved (CC-BY)",675b91f1d2a638a5645e0ef693e0d253c05176f92858ad1433ec66d911578d73
Urticina felina,679752169,https://inaturalist-open-data.s3.amazonaws.com/photos/679752169/medium.jpg,CC-BY 4.0,Fraser Higgins,f-sundw,2026-06-14,https://www.inaturalist.org/observations/372043531,"© Fraser Higgins, some rights reserved (CC-BY)",3301aa5bdd62f4740b5460ecef0b6fd978abc4f4de9165e3703e597c65e7aec9
Urticina felina,679751671,https://inaturalist-open-data.s3.amazonaws.com/photos/679751671/medium.jpg,CC-BY 4.0,Fraser Higgins,f-sundw,2026-06-14,https://www.inaturalist.org/observations/372043531,"© Fraser Higgins, some rights reserved (CC-BY)",b376623aad6d7367a4bf917dae2ddb54236ff91896891b89c8c274e241ca0190
Urticina felina,27270162,https://inaturalist-open-data.s3.amazonaws.com/photos/27270162/medium.jpeg,CC-BY 4.0,Julien Renoult,jujurenoult,2018-10-10,https://www.inaturalist.org/observations/17863035,"© Julien Renoult, some rights reserved (CC-BY)",d08485501102c47c291b628846b6253990d07fc11615dbd84f5394fcde105449
Urticina felina,451984653,https://inaturalist-open-data.s3.amazonaws.com/photos/451984653/medium.jpeg,CC-BY 4.0,John Hepburn,john_hepburn,2024-11-02,https://www.inaturalist.org/observations/252484655,"© John Hepburn, some rights reserved (CC-BY)",14076963315b2c035564449ab5c24b85c12397ee6b8bc49f97d3cc7b3efa1023
Urticina felina,451984654,https://inaturalist-open-data.s3.amazonaws.com/photos/451984654/medium.jpeg,CC-BY 4.0,John Hepburn,john_hepburn,2024-11-02,https://www.inaturalist.org/observations/252484655,"© John Hepburn, some rights reserved (CC-BY)",c6e0c9e79f6ec46d6b2e1f7b9baea18eb251a10b940542c8153fc06b7cfbf7d2
Urticina felina,358265495,https://inaturalist-open-data.s3.amazonaws.com/photos/358265495/medium.jpeg,CC-BY 4.0,Eric Tittley,erictittley,2024-03-17,https://www.inaturalist.org/observations/202825717,"© Eric Tittley, some rights reserved (CC-BY)",8b68fffc7a7415305133832817cdae4e71c631c0f68155e5d994b4b88ebf4da0
Acropora palmata,41235504,https://inaturalist-open-data.s3.amazonaws.com/photos/41235504/medium.jpeg,CC-BY 4.0,lukeromaine,lukeromaine,2016-06-18,https://www.inaturalist.org/observations/26550799,"© lukeromaine, some rights reserved (CC-BY)",b59effb3a97244f432a40a556f3b6ca8f2dfee0b86719c6493a182323e9d7716
Acropora palmata,421604361,https://inaturalist-open-data.s3.amazonaws.com/photos/421604361/medium.jpeg,CC-BY 4.0,Alex Doyle,alexjdoyle17,2024-05-15,https://www.inaturalist.org/observations/236941369,"© Alex Doyle, some rights reserved (CC-BY)",941a16b88137fa50f2ba854808abeeb3d877c84b331fbcc124983d37acdc8ba1
Acropora palmata,391412528,https://inaturalist-open-data.s3.amazonaws.com/photos/391412528/medium.jpg,CC-BY 4.0,Roger A. Morales-Flores,caribbeannaturalist,2024-06-05,https://www.inaturalist.org/observations/221039557,"© Roger A. Morales-Flores, some rights reserved (CC-BY)",a50a5dced5d668ea8a802d43dc13f383d466c9108456c37d285f178f3a84132f
Acropora palmata,338807344,https://inaturalist-open-data.s3.amazonaws.com/photos/338807344/medium.jpg,CC-BY 4.0,Pauline Walsh Jacobson,coralreefdreams,2016-10-08,https://www.inaturalist.org/observations/192931972,"© Pauline Walsh Jacobson, some rights reserved (CC-BY)",364b8cbfda52e71b5ad924374efab9edc21c52b6a32173cf1db7f3ed8486e302
Acropora palmata,338807340,https://inaturalist-open-data.s3.amazonaws.com/photos/338807340/medium.jpg,CC-BY 4.0,Pauline Walsh Jacobson,coralreefdreams,2016-10-08,https://www.inaturalist.org/observations/192931972,"© Pauline Walsh Jacobson, some rights reserved (CC-BY)",1e4d479cabdc010f0bde6424af772e8418224113dada5cc9e4ae3dc907cceced
Acropora palmata,338805873,https://inaturalist-open-data.s3.amazonaws.com/photos/338805873/medium.jpg,CC-BY 4.0,Pauline Walsh Jacobson,coralreefdreams,2016-10-08,https://www.inaturalist.org/observations/192931972,"© Pauline Walsh Jacobson, some rights reserved (CC-BY)",e4321309fe2e9d514bf25857aac8e140cbf68f0a891a3c5dadb69fb3fbfef64f
Acropora palmata,260124820,https://inaturalist-open-data.s3.amazonaws.com/photos/260124820/medium.jpg,CC-BY 4.0,Pauline Walsh Jacobson,coralreefdreams,2007-05-21,https://www.inaturalist.org/observations/150815333,"© Pauline Walsh Jacobson, some rights reserved (CC-BY)",aab68dc48334ae0bab60771bb4ae075a55fef27e4c7fbc62f2298b91e12997e3
Acropora palmata,260125198,https://inaturalist-open-data.s3.amazonaws.com/photos/260125198/medium.jpg,CC-BY 4.0,Pauline Walsh Jacobson,coralreefdreams,2007-05-21,https://www.inaturalist.org/observations/150815333,"© Pauline Walsh Jacobson, some rights reserved (CC-BY)",2fb3067a2aff6dd5280e07a56eea53636c83856e601ea2e06060628cd3faad7b
Acropora palmata,260125199,https://inaturalist-open-data.s3.amazonaws.com/photos/260125199/medium.jpg,CC-BY 4.0,Pauline Walsh Jacobson,coralreefdreams,2007-05-21,https://www.inaturalist.org/observations/150815333,"© Pauline Walsh Jacobson, some rights reserved (CC-BY)",886f5789e02dc7b98d06ae3d4a33384050acca55b2919bcd3d28330df8316391
Acropora palmata,260125220,https://inaturalist-open-data.s3.amazonaws.com/photos/260125220/medium.jpg,CC-BY 4.0,Pauline Walsh Jacobson,coralreefdreams,2007-05-21,https://www.inaturalist.org/observations/150815333,"© Pauline Walsh Jacobson, some rights reserved (CC-BY)",f16f0074acd4c1b95dc78c576ac436191d318fac2184326887ffd43d6dd4cde6
Acropora palmata,260125222,https://inaturalist-open-data.s3.amazonaws.com/photos/260125222/medium.jpg,CC-BY 4.0,Pauline Walsh Jacobson,coralreefdreams,2007-05-21,https://www.inaturalist.org/observations/150815333,"© Pauline Walsh Jacobson, some rights reserved (CC-BY)",ab7cabf3a32d771094b555fb459e5134686cdd01b274827136a359a453c0eff8
Acropora palmata,260125223,https://inaturalist-open-data.s3.amazonaws.com/photos/260125223/medium.jpg,CC-BY 4.0,Pauline Walsh Jacobson,coralreefdreams,2007-05-21,https://www.inaturalist.org/observations/150815333,"© Pauline Walsh Jacobson, some rights reserved (CC-BY)",14a143311bac93b50bd3332d7943dbab82f886352e08df74bf01493be41dc351
Acropora palmata,260125228,https://inaturalist-open-data.s3.amazonaws.com/photos/260125228/medium.jpg,CC-BY 4.0,Pauline Walsh Jacobson,coralreefdreams,2007-05-21,https://www.inaturalist.org/observations/150815333,"© Pauline Walsh Jacobson, some rights reserved (CC-BY)",c88565c1e699126711f0189d4f79ed672c3953a50cec81351f370aea3e1caf96
Acropora palmata,260125239,https://inaturalist-open-data.s3.amazonaws.com/photos/260125239/medium.jpg,CC-BY 4.0,Pauline Walsh Jacobson,coralreefdreams,2007-05-21,https://www.inaturalist.org/observations/150815333,"© Pauline Walsh Jacobson, some rights reserved (CC-BY)",e8e4fc96c62c97270a78d81f8395af3717ea6b52ba62365385a423130ce41f44
Acropora palmata,260125240,https://inaturalist-open-data.s3.amazonaws.com/photos/260125240/medium.jpg,CC-BY 4.0,Pauline Walsh Jacobson,coralreefdreams,2007-05-21,https://www.inaturalist.org/observations/150815333,"© Pauline Walsh Jacobson, some rights reserved (CC-BY)",c7fd70eaa4c0767a7aeb1b5f871d8976ebe3fb54dbfa315d5b3a70dc22516d1f
Acropora palmata,260125241,https://inaturalist-open-data.s3.amazonaws.com/photos/260125241/medium.jpg,CC-BY 4.0,Pauline Walsh Jacobson,coralreefdreams,2007-05-21,https://www.inaturalist.org/observations/150815333,"© Pauline Walsh Jacobson, some rights reserved (CC-BY)",603d674b424c447c9d7c339a7f876a994e51a7ba0706fce5b7ab1f53b7f3332f
Acropora palmata,252771534,https://inaturalist-open-data.s3.amazonaws.com/photos/252771534/medium.jpeg,CC-BY 4.0,Addshore,addshore,2023-01-19,https://www.inaturalist.org/observations/146952423,"© Addshore, some rights reserved (CC-BY)",f968c46f0e47928a2af2eb0aaaf7ff3bd549d792347831ef2f3c30588cc12d48
Acropora palmata,602986715,https://inaturalist-open-data.s3.amazonaws.com/photos/602986715/medium.jpg,CC-BY 4.0,nebrooks,nebrooks,2025-12-26,https://www.inaturalist.org/observations/332279494,"© nebrooks, some rights reserved (CC-BY)",969671747a71483018cd64a54606615e6f5bfd97c847dc7fe732be5c9314068d
Acropora palmata,602986713,https://inaturalist-open-data.s3.amazonaws.com/photos/602986713/medium.jpg,CC-BY 4.0,nebrooks,nebrooks,2025-12-26,https://www.inaturalist.org/observations/332279494,"© nebrooks, some rights reserved (CC-BY)",c9370277dae6e5903fc373f0736970821008ea26443d140d34d110b1d9b9643f
Acropora palmata,602986714,https://inaturalist-open-data.s3.amazonaws.com/photos/602986714/medium.jpg,CC-BY 4.0,nebrooks,nebrooks,2025-12-26,https://www.inaturalist.org/observations/332279494,"© nebrooks, some rights reserved (CC-BY)",faaff9dd651b86be44f4055bf231331b021355494d97b91a77920aa1fe61e7ce
Acropora palmata,319501069,https://inaturalist-open-data.s3.amazonaws.com/photos/319501069/medium.jpg,CC-BY 4.0,Robin White,robin_dive_diva,2023-09-12,https://www.inaturalist.org/observations/183159170,"© Robin White, some rights reserved (CC-BY)",0d616a713bfd0c05def59d4f929357ba79265c6249bfc7e04a0a7490f8ef2d4d
Acropora palmata,319501163,https://inaturalist-open-data.s3.amazonaws.com/photos/319501163/medium.jpg,CC-BY 4.0,Robin White,robin_dive_diva,2023-09-12,https://www.inaturalist.org/observations/183159170,"© Robin White, some rights reserved (CC-BY)",b2f3e3a967a308dac1fcb2e2e194261fde0651880d05577e9be93c01b61be15e
Acropora palmata,271915861,https://inaturalist-open-data.s3.amazonaws.com/photos/271915861/medium.jpeg,CC-BY 4.0,Addshore,addshore,2023-04-28,https://www.inaturalist.org/observations/157240701,"© Addshore, some rights reserved (CC-BY)",e9069edfd46736a1b5f91ea9b22d3c33c2f2fb3725d991add607db096950b73c
Acropora palmata,296795936,https://inaturalist-open-data.s3.amazonaws.com/photos/296795936/medium.jpg,CC-BY 4.0,Pauline Walsh Jacobson,coralreefdreams,2013-10-31,https://www.inaturalist.org/observations/171065104,"© Pauline Walsh Jacobson, some rights reserved (CC-BY)",654fc2bd8f03353baea50a132325fc4e05d72a57c5a90c687c68dbc5a299a7b1
Acropora palmata,296796378,https://inaturalist-open-data.s3.amazonaws.com/photos/296796378/medium.jpg,CC-BY 4.0,Pauline Walsh Jacobson,coralreefdreams,2013-10-31,https://www.inaturalist.org/observations/171065104,"© Pauline Walsh Jacobson, some rights reserved (CC-BY)",04a4239147e367284ac59a3fc4d69c99eed377b00d7b2cbc6e0baee4639253a0
Acropora palmata,296796385,https://inaturalist-open-data.s3.amazonaws.com/photos/296796385/medium.jpg,CC-BY 4.0,Pauline Walsh Jacobson,coralreefdreams,2013-10-31,https://www.inaturalist.org/observations/171065104,"© Pauline Walsh Jacobson, some rights reserved (CC-BY)",20bb2be876a331e03467f5add2ae41953d226a35f2d1683c6579d013a9242d9c
Acropora palmata,296796389,https://inaturalist-open-data.s3.amazonaws.com/photos/296796389/medium.jpg,CC-BY 4.0,Pauline Walsh Jacobson,coralreefdreams,2013-10-31,https://www.inaturalist.org/observations/171065104,"© Pauline Walsh Jacobson, some rights reserved (CC-BY)",3eefc30e12a4ac1e4486591dd006d112746a8b83a0e17fe6cc073eb2a6d69b7a
Acropora palmata,296796446,https://inaturalist-open-data.s3.amazonaws.com/photos/296796446/medium.jpg,CC-BY 4.0,Pauline Walsh Jacobson,coralreefdreams,2013-10-31,https://www.inaturalist.org/observations/171065104,"© Pauline Walsh Jacobson, some rights reserved (CC-BY)",317fed160b4b12627d20b3ed0802333112e28dabf52b949f7f73ffa5d95a85f5
Dendrogyra cylindrus,345234529,https://inaturalist-open-data.s3.amazonaws.com/photos/345234529/medium.jpg,CC-BY 4.0,Pauline Walsh Jacobson,coralreefdreams,2017-05-13,https://www.inaturalist.org/observations/196137531,"© Pauline Walsh Jacobson, some rights reserved (CC-BY)",544c21d0d94e951364a7ca9fdbdfca6fcb67d80744b6f8ea8f2142e9c383c4f4
Dendrogyra cylindrus,247661747,https://inaturalist-open-data.s3.amazonaws.com/photos/247661747/medium.jpg,CC-BY 4.0,Pauline Walsh Jacobson,coralreefdreams,1996-08-27,https://www.inaturalist.org/observations/144313817,"© Pauline Walsh Jacobson, some rights reserved (CC-BY)",9b29cc808c4d0d09086035515093edcfc83b51dc281b083d6f6bb4d9eda78212
Dendrogyra cylindrus,534419330,https://inaturalist-open-data.s3.amazonaws.com/photos/534419330/medium.jpg,CC-BY 4.0,Uma Mezzanotte,uma_dives,2025-07-06,https://www.inaturalist.org/observations/296777846,"© Uma Mezzanotte, some rights reserved (CC-BY)",d82079fa430ac5b5f45d520d8ad2a4a14d01bcbd94d6d87428e099e4379347fc
Dendrogyra cylindrus,534419351,https://inaturalist-open-data.s3.amazonaws.com/photos/534419351/medium.jpg,CC-BY 4.0,Uma Mezzanotte,uma_dives,2025-07-06,https://www.inaturalist.org/observations/296777846,"© Uma Mezzanotte, some rights reserved (CC-BY)",6e80797643671ec4fe0b7c6138f97011c0440f83f2a7dd728d7800f18a99f69b
Dendrogyra cylindrus,534419396,https://inaturalist-open-data.s3.amazonaws.com/photos/534419396/medium.jpg,CC-BY 4.0,Uma Mezzanotte,uma_dives,2025-07-06,https://www.inaturalist.org/observations/296777846,"© Uma Mezzanotte, some rights reserved (CC-BY)",8d14ac1d0a2f3e256ef29bdfa6e57421baae82e6fc845b0c7dc0515cda8f70e5
Dendrogyra cylindrus,179857286,https://inaturalist-open-data.s3.amazonaws.com/photos/179857286/medium.jpeg,CC-BY 4.0,Natalie Waddell-Rutter,nataliewaddellrutter,2004-03-02,https://www.inaturalist.org/observations/106994029,"© Natalie Waddell-Rutter, some rights reserved (CC-BY)",9ec19d3b85eca5c88f7c9c00d59aad7b70cd2517fb3b91c00d86646e8e6a1f9c
Dendrogyra cylindrus,169383695,https://inaturalist-open-data.s3.amazonaws.com/photos/169383695/medium.jpg,CC-BY 4.0,Pauline Walsh Jacobson,coralreefdreams,2000-05-18,https://www.inaturalist.org/observations/101425826,"© Pauline Walsh Jacobson, some rights reserved (CC-BY)",30b10a94cf45186aa184028565d2adec0d86c96069f4d5c584bbcad4ed03f360
Dendrogyra cylindrus,188161151,https://inaturalist-open-data.s3.amazonaws.com/photos/188161151/medium.jpg,CC-BY 4.0,Pauline Walsh Jacobson,coralreefdreams,2000-05-18,https://www.inaturalist.org/observations/101425826,"© Pauline Walsh Jacobson, some rights reserved (CC-BY)",fe732f0654a43156466233ffe62c2d199e942e7f68c25338bb62e01f5feb9b14
Dendrogyra cylindrus,247784722,https://inaturalist-open-data.s3.amazonaws.com/photos/247784722/medium.jpg,CC-BY 4.0,Pauline Walsh Jacobson,coralreefdreams,1996-08-28,https://www.inaturalist.org/observations/144379588,"© Pauline Walsh Jacobson, some rights reserved (CC-BY)",a81040fd92f5ffadf47f68a935143ced80a1070cf556117792f59682f845c876
Dendrogyra cylindrus,172593169,https://inaturalist-open-data.s3.amazonaws.com/photos/172593169/medium.jpg,CC-BY 4.0,Pauline Walsh Jacobson,coralreefdreams,2005-11-20,https://www.inaturalist.org/observations/103159137,"© Pauline Walsh Jacobson, some rights reserved (CC-BY)",3ac97d6ec3abe9224a47d303784b216a0cc3e47f4d204bc3f42dc9829ab73c83
Dendrogyra cylindrus,247518482,https://inaturalist-open-data.s3.amazonaws.com/photos/247518482/medium.jpg,CC-BY 4.0,Jay Brasher,jbrasher,2022-09-09,https://www.inaturalist.org/observations/144239034,"© Jay Brasher, some rights reserved (CC-BY)",21541c9226d859b347571823d76261b6d0fdde489c447593582f2d71fe7b4623
Dendrogyra cylindrus,319396613,https://inaturalist-open-data.s3.amazonaws.com/photos/319396613/medium.jpg,CC-BY 4.0,Pauline Walsh Jacobson,coralreefdreams,2015-10-18,https://www.inaturalist.org/observations/183108013,"© Pauline Walsh Jacobson, some rights reserved (CC-BY)",eb9a9bdf401dbe8b089805b86f2b6475682c07d33eaafcff64c61200de9874e8
Dendrogyra cylindrus,183619949,https://inaturalist-open-data.s3.amazonaws.com/photos/183619949/medium.jpeg,CC-BY 4.0,Natalie Waddell-Rutter,nataliewaddellrutter,2022-03-09,https://www.inaturalist.org/observations/108996612,"© Natalie Waddell-Rutter, some rights reserved (CC-BY)",bdbc4e8870349a90ac8dfda733ae0934051a0219284601df36e56a966daf1f60
Dendrogyra cylindrus,247207298,https://inaturalist-open-data.s3.amazonaws.com/photos/247207298/medium.jpg,CC-BY 4.0,Pauline Walsh Jacobson,coralreefdreams,1998-04-21,https://www.inaturalist.org/observations/144076197,"© Pauline Walsh Jacobson, some rights reserved (CC-BY)",9b04c21ca2581dc216f13f8f5ad30d051474a0ab4851bdaec0c5bcd35d9ec48c
Dendrogyra cylindrus,422605651,https://inaturalist-open-data.s3.amazonaws.com/photos/422605651/medium.jpg,CC-BY 4.0,Jay Brasher,jbrasher,2023-09-17,https://www.inaturalist.org/observations/237458642,"© Jay Brasher, some rights reserved (CC-BY)",9e9e4dcc7b6c4463604abf65d84ecdb52300139989708e176239ecb9dc1ef35c
Dendrogyra cylindrus,422605498,https://inaturalist-open-data.s3.amazonaws.com/photos/422605498/medium.jpg,CC-BY 4.0,Jay Brasher,jbrasher,2023-09-17,https://www.inaturalist.org/observations/237458642,"© Jay Brasher, some rights reserved (CC-BY)",e9fbbe93a63ca8dba08d05fb3176b9e4f7d35aeef24d95a6c06d5a7896ee9954
Dendrogyra cylindrus,359099960,https://inaturalist-open-data.s3.amazonaws.com/photos/359099960/medium.jpg,CC-BY 4.0,Robin White,robin_dive_diva,2024-03-18,https://www.inaturalist.org/observations/203262362,"© Robin White, some rights reserved (CC-BY)",e56adf99dafec2086cf0db63e3928ae41f168f912697c9c09c5d6d4ea0e2d119
Dendrogyra cylindrus,359099979,https://inaturalist-open-data.s3.amazonaws.com/photos/359099979/medium.jpg,CC-BY 4.0,Robin White,robin_dive_diva,2024-03-18,https://www.inaturalist.org/observations/203262362,"© Robin White, some rights reserved (CC-BY)",09f77ae6e5397e421dbca810f4a06351ff4c57d96248f1c23f9d00ba85aedcca
Dendrogyra cylindrus,359099999,https://inaturalist-open-data.s3.amazonaws.com/photos/359099999/medium.jpg,CC-BY 4.0,Robin White,robin_dive_diva,2024-03-18,https://www.inaturalist.org/observations/203262362,"© Robin White, some rights reserved (CC-BY)",3586d0073727e5154dcb3ee7aa3ca4d8e1299b39642d29102730bef141f65076
Dendrogyra cylindrus,359100024,https://inaturalist-open-data.s3.amazonaws.com/photos/359100024/medium.jpg,CC-BY 4.0,Robin White,robin_dive_diva,2024-03-18,https://www.inaturalist.org/observations/203262362,"© Robin White, some rights reserved (CC-BY)",fa2e2ee59502d19e8eae66541550f86eedcfa3ebf454c441abf5eef8f3547543
Dendrogyra cylindrus,359100041,https://inaturalist-open-data.s3.amazonaws.com/photos/359100041/medium.jpg,CC-BY 4.0,Robin White,robin_dive_diva,2024-03-18,https://www.inaturalist.org/observations/203262362,"© Robin White, some rights reserved (CC-BY)",fef6c8d29c2c93a0cddea670ecc13ed116c2745e168986405d3aacbfedaad01d
Dendrogyra cylindrus,359100061,https://inaturalist-open-data.s3.amazonaws.com/photos/359100061/medium.jpg,CC-BY 4.0,Robin White,robin_dive_diva,2024-03-18,https://www.inaturalist.org/observations/203262362,"© Robin White, some rights reserved (CC-BY)",93f173b8e511f97adf9137034443f0395c371eebe3fbabfa390119336f55ef2f
Dendrogyra cylindrus,359100084,https://inaturalist-open-data.s3.amazonaws.com/photos/359100084/medium.jpg,CC-BY 4.0,Robin White,robin_dive_diva,2024-03-18,https://www.inaturalist.org/observations/203262362,"© Robin White, some rights reserved (CC-BY)",202d0584020009ac5069a8b7643de4dc0df31991fda1f9965749a5dcde73a775
Dendrogyra cylindrus,359100115,https://inaturalist-open-data.s3.amazonaws.com/photos/359100115/medium.jpg,CC-BY 4.0,Robin White,robin_dive_diva,2024-03-18,https://www.inaturalist.org/observations/203262362,"© Robin White, some rights reserved (CC-BY)",a8a547d7c242513088d09db654ed3fa8d85336027e59c63c574f1713dfe70380
Dendrogyra cylindrus,60008730,https://inaturalist-open-data.s3.amazonaws.com/photos/60008730/medium.jpg,CC-BY 4.0,Eamon Corbett,eamonccorbett,2020-01-12,https://www.inaturalist.org/observations/37806622,"© Eamon Corbett, some rights reserved (CC-BY)",af7a8c3e4715cb64eb6de14c87432967b6361cadf8efabeb6907c14d57ce72db
Dendrogyra cylindrus,257939081,https://inaturalist-open-data.s3.amazonaws.com/photos/257939081/medium.jpg,CC-BY 4.0,Pauline Walsh Jacobson,coralreefdreams,2006-11-07,https://www.inaturalist.org/observations/149669663,"© Pauline Walsh Jacobson, some rights reserved (CC-BY)",df566d4f4207822c9c3dbd1333fb61869378aa5cbdcba66cd413723d91bb9932
Dendrogyra cylindrus,338248493,https://inaturalist-open-data.s3.amazonaws.com/photos/338248493/medium.jpg,CC-BY 4.0,Pauline Walsh Jacobson,coralreefdreams,2016-09-10,https://www.inaturalist.org/observations/192652617,"© Pauline Walsh Jacobson, some rights reserved (CC-BY)",b1338b4d473eb68e71ab2493dc5a9425dedcd7cde4b550857f44e3e5a595d61b
Tubastraea coccinea,261660217,https://inaturalist-open-data.s3.amazonaws.com/photos/261660217/medium.jpg,CC-BY 4.0,Pauline Walsh Jacobson,coralreefdreams,2009-06-08,https://www.inaturalist.org/observations/151634673,"© Pauline Walsh Jacobson, some rights reserved (CC-BY)",a38e06a923be108c244e80d60e7a53f609a5d4decfce7e4d05b81a0f416b41f9
Tubastraea coccinea,591262146,https://inaturalist-open-data.s3.amazonaws.com/photos/591262146/medium.jpg,CC-BY 4.0,Matteo Bellucci,matteobellu239,2025-11-05,https://www.inaturalist.org/observations/326463100,"© Matteo Bellucci, some rights reserved (CC-BY)",eeb0cc40e029b92baf9ec9bc983cc6203f8c66698fa2447213f5128fc15bf4f1
Tubastraea coccinea,340340135,https://inaturalist-open-data.s3.amazonaws.com/photos/340340135/medium.jpg,CC-BY 4.0,Pauline Walsh Jacobson,coralreefdreams,2022-09-01,https://www.inaturalist.org/observations/193725004,"© Pauline Walsh Jacobson, some rights reserved (CC-BY)",6ef309fdc43c0753c7c7795605f19a74e019655c0dd51a5e018ec89c9bfe6823
Tubastraea coccinea,567489800,https://inaturalist-open-data.s3.amazonaws.com/photos/567489800/medium.jpg,CC-BY 4.0,ignacio_diaz05,ignacio_diaz05,2025-09-15,https://www.inaturalist.org/observations/314203633,"© ignacio_diaz05, some rights reserved (CC-BY)",167e4b9e764ae3e20dee6fd68fb53feaa01038c2282784534f16bee07afe13dd
Tubastraea coccinea,567489944,https://inaturalist-open-data.s3.amazonaws.com/photos/567489944/medium.jpg,CC-BY 4.0,ignacio_diaz05,ignacio_diaz05,2025-09-15,https://www.inaturalist.org/observations/314203633,"© ignacio_diaz05, some rights reserved (CC-BY)",865306a7dfb95939e5d84696ce77e520004dd14a8738100003d34f3e9f136c30
Tubastraea coccinea,322419540,https://inaturalist-open-data.s3.amazonaws.com/photos/322419540/medium.jpg,CC-BY 4.0,portioid,portioid,2023-09-24,https://www.inaturalist.org/observations/184683887,"© portioid, some rights reserved (CC-BY)",6bfebc1a2362d79618d380a1cd2d732b25d44efecace53ce18bc4587024c9236
Tubastraea coccinea,332640817,https://inaturalist-open-data.s3.amazonaws.com/photos/332640817/medium.jpg,CC-BY 4.0,portioid,portioid,2023-11-03,https://www.inaturalist.org/observations/189826345,"© portioid, some rights reserved (CC-BY)",0430aa49383d82d2575b66a5b72c8742a0891c79f4c4938631e27e5d889ed6f6
Tubastraea coccinea,205871250,https://inaturalist-open-data.s3.amazonaws.com/photos/205871250/medium.jpeg,CC-BY 4.0,Alberto Alcalá,alboertoalcala,2022-06-12,https://www.inaturalist.org/observations/121645955,"© Alberto Alcalá, some rights reserved (CC-BY)",173a852e81b9784c11a6b767fcccc4442b2f5b76975ba70abc6dc87e2fa87f61
Tubastraea coccinea,701831099,https://inaturalist-open-data.s3.amazonaws.com/photos/701831099/medium.jpg,CC-BY 4.0,Slunky,slunky,2026-06-14,https://www.inaturalist.org/observations/383458230,"© Slunky, some rights reserved (CC-BY)",5494bc1cecd60c221a3fa2583decd5d652a69fa4cc068392f66369c6febe3cc7
Tubastraea coccinea,661562703,https://inaturalist-open-data.s3.amazonaws.com/photos/661562703/medium.jpg,CC-BY 4.0,Jacob Weston,bonesigh,2026-05-17,https://www.inaturalist.org/observations/362466421,"© Jacob Weston, some rights reserved (CC-BY)",b2381ef8a1df829601de24e650737a3d73c6c103c76792e4513a804fd77db40d
Tubastraea coccinea,90142258,https://inaturalist-open-data.s3.amazonaws.com/photos/90142258/medium.jpg,CC-BY 4.0,Ryan McMinds,rmcminds,2016-06-14,https://www.inaturalist.org/observations/56561385,"© Ryan McMinds, some rights reserved (CC-BY)",4bd1c96c855423612f47ea9198aae39ee8adb3fefa845e20784cbcfc12488f73
Tubastraea coccinea,90142458,https://inaturalist-open-data.s3.amazonaws.com/photos/90142458/medium.jpg,CC-BY 4.0,Ryan McMinds,rmcminds,2016-06-14,https://www.inaturalist.org/observations/56561385,"© Ryan McMinds, some rights reserved (CC-BY)",48d827e28f93593efc1ea45c1729d1f5111558ecea35adeb97cd7dac520ff829
Tubastraea coccinea,90142686,https://inaturalist-open-data.s3.amazonaws.com/photos/90142686/medium.jpg,CC-BY 4.0,Ryan McMinds,rmcminds,2016-06-14,https://www.inaturalist.org/observations/56561385,"© Ryan McMinds, some rights reserved (CC-BY)",605b020692855e3922407fed3a2223cb71d704e69cd1cd226c7fbadb2fd8d439
Tubastraea coccinea,259287069,https://inaturalist-open-data.s3.amazonaws.com/photos/259287069/medium.jpeg,CC-BY 4.0,Alberto Alcalá,alboertoalcala,2023-03-05,https://www.inaturalist.org/observations/150378175,"© Alberto Alcalá, some rights reserved (CC-BY)",a816870a2c12852d67549d58651ca861fcc4ae487db94bc731ea799b0f8d844b
Tubastraea coccinea,472990797,https://inaturalist-open-data.s3.amazonaws.com/photos/472990797/medium.jpg,CC-BY 4.0,nikonbird007,nikonbird007,2025-01-31,https://www.inaturalist.org/observations/263302030,"© nikonbird007, some rights reserved (CC-BY)",23988974d383dbe30473b9f7e7dac2f211f553085e4aa21eb85b599ecae08a5f
Tubastraea coccinea,493562735,https://inaturalist-open-data.s3.amazonaws.com/photos/493562735/medium.jpeg,CC-BY 4.0,Ben Jobson,benjobson,2025-04-26,https://www.inaturalist.org/observations/274557967,"© Ben Jobson, some rights reserved (CC-BY)",10fced27edb9a0793ef83dbf8bb4f55ab4ffaca0a838b54d00a10ca7016c0647
Tubastraea coccinea,493562825,https://inaturalist-open-data.s3.amazonaws.com/photos/493562825/medium.jpeg,CC-BY 4.0,Ben Jobson,benjobson,2025-04-26,https://www.inaturalist.org/observations/274557967,"© Ben Jobson, some rights reserved (CC-BY)",538c4f076a514b295b5746fb4f4cc3e9cf0d763a729806be071e315ff03fa15d
Tubastraea coccinea,253949047,https://inaturalist-open-data.s3.amazonaws.com/photos/253949047/medium.jpeg,CC-BY 4.0,Alberto Alcalá,alboertoalcala,2023-01-28,https://www.inaturalist.org/observations/147569249,"© Alberto Alcalá, some rights reserved (CC-BY)",88467515845d1c43229108a222769a9d725677a51219ce40d4c2fa19740f2c00
Tubastraea coccinea,497754678,https://inaturalist-open-data.s3.amazonaws.com/photos/497754678/medium.jpeg,CC-BY 4.0,keesgroenendijk,keesgroenendijk,2025-04-30,https://www.inaturalist.org/observations/277201991,"© keesgroenendijk, some rights reserved (CC-BY)",a4377fe47bad313cfae857b0c8d802d03a1bbda5b75e5be72c1b9f6f51164c8f
Tubastraea coccinea,638389233,https://inaturalist-open-data.s3.amazonaws.com/photos/638389233/medium.jpg,CC-BY 4.0,Matteo Bellucci,matteobellu239,2026-04-08,https://www.inaturalist.org/observations/349932187,"© Matteo Bellucci, some rights reserved (CC-BY)",eff8b1d1e131873a3a76f5b7bc3bde2260237bf44d46a49c3453df1e3ae41cbb
Tubastraea coccinea,197039338,https://inaturalist-open-data.s3.amazonaws.com/photos/197039338/medium.jpg,CC-BY 4.0,Pauline Walsh Jacobson,coralreefdreams,2020-11-18,https://www.inaturalist.org/observations/116714135,"© Pauline Walsh Jacobson, some rights reserved (CC-BY)",7248724d2c3f74ac47e3fa831aeb275cca9915e8d5c6149dbd05237254f7626c
Tubastraea coccinea,197039857,https://inaturalist-open-data.s3.amazonaws.com/photos/197039857/medium.jpg,CC-BY 4.0,Pauline Walsh Jacobson,coralreefdreams,2020-11-18,https://www.inaturalist.org/observations/116714135,"© Pauline Walsh Jacobson, some rights reserved (CC-BY)",8cafd86e64c606f0fb3182477c84f2288821d74e3585c35e72a868eab66e0a3e
Tubastraea coccinea,197039859,https://inaturalist-open-data.s3.amazonaws.com/photos/197039859/medium.jpg,CC-BY 4.0,Pauline Walsh Jacobson,coralreefdreams,2020-11-18,https://www.inaturalist.org/observations/116714135,"© Pauline Walsh Jacobson, some rights reserved (CC-BY)",54a7c0b164b0ea7997a61beb65f1410192da7768157655b6b53368e10e61467b
Tubastraea coccinea,197039864,https://inaturalist-open-data.s3.amazonaws.com/photos/197039864/medium.jpg,CC-BY 4.0,Pauline Walsh Jacobson,coralreefdreams,2020-11-18,https://www.inaturalist.org/observations/116714135,"© Pauline Walsh Jacobson, some rights reserved (CC-BY)",d593f926d64abf6801d240e0bd8340df2afa9475d9cdc0951a259ba94064b93b
Tubastraea coccinea,47472883,https://inaturalist-open-data.s3.amazonaws.com/photos/47472883/medium.jpeg,CC-BY 4.0,Diogo Luiz,diogoluiz,2016-02-17,https://www.inaturalist.org/observations/30386112,"© Diogo Luiz, some rights reserved (CC-BY)",79a6c93503e753207cc04e3a1e8acbdaba18176d99c9c2600c5398b824cd7e1f
Tubastraea coccinea,245602032,https://inaturalist-open-data.s3.amazonaws.com/photos/245602032/medium.jpeg,CC-BY 4.0,keesgroenendijk,keesgroenendijk,2022-11-27,https://www.inaturalist.org/observations/143223214,"© keesgroenendijk, some rights reserved (CC-BY)",72d3e6a25f92bdde4616e2fc4ac1e9fdf8752c859c1c91a1911dd865b567e5a8
Tubastraea coccinea,549240086,https://inaturalist-open-data.s3.amazonaws.com/photos/549240086/medium.jpg,CC-BY 4.0,Robin White,robin_dive_diva,2025-08-06,https://www.inaturalist.org/observations/304655740,"© Robin White, some rights reserved (CC-BY)",255867ca11ae1826425218635ead58028f5a21a66fae0251b4f7ea223e824697
Tubastraea coccinea,549240098,https://inaturalist-open-data.s3.amazonaws.com/photos/549240098/medium.jpg,CC-BY 4.0,Robin White,robin_dive_diva,2025-08-06,https://www.inaturalist.org/observations/304655740,"© Robin White, some rights reserved (CC-BY)",8aaf0fbf42fcb0c26d1df6c5011c9138798a11166181e3beed01902682558b47
Stenopus hispidus,60009175,https://inaturalist-open-data.s3.amazonaws.com/photos/60009175/medium.jpg,CC-BY 4.0,Eamon Corbett,eamonccorbett,2020-01-12,https://www.inaturalist.org/observations/37806692,"© Eamon Corbett, some rights reserved (CC-BY)",8ca59d8f10c4ac9016950876d0ba0a82fe4b59228cc0d2b1ff0a2f6d07784dcd
Stenopus hispidus,206546359,https://inaturalist-open-data.s3.amazonaws.com/photos/206546359/medium.jpg,CC-BY 4.0,Donald Davesne,donalddavesne,2022-05-14,https://www.inaturalist.org/observations/122020861,"© Donald Davesne, some rights reserved (CC-BY)",92f33cf752ac8efedf5547cf3f6bbe238b45217e6e174a1d96c7a8ace24ac8e9
Stenopus hispidus,525221406,https://inaturalist-open-data.s3.amazonaws.com/photos/525221406/medium.jpg,CC-BY 4.0,Pauline Walsh Jacobson,coralreefdreams,2024-07-19,https://www.inaturalist.org/observations/291895656,"© Pauline Walsh Jacobson, some rights reserved (CC-BY)",f72d1ea3445df9e13bcc2d98d7558fd2507339b097263cbd8d52d7a53c14d12b
Stenopus hispidus,525222977,https://inaturalist-open-data.s3.amazonaws.com/photos/525222977/medium.jpg,CC-BY 4.0,Pauline Walsh Jacobson,coralreefdreams,2024-07-19,https://www.inaturalist.org/observations/291895656,"© Pauline Walsh Jacobson, some rights reserved (CC-BY)",4a726f215a3e8878dfb8246cd2e4da28b12430fa0c4c1d6e13517fbc9e971a5b
Stenopus hispidus,331333859,https://inaturalist-open-data.s3.amazonaws.com/photos/331333859/medium.jpg,CC-BY 4.0,Robin White,robin_dive_diva,2023-10-26,https://www.inaturalist.org/observations/189183208,"© Robin White, some rights reserved (CC-BY)",6d6470015e80bbdaaa10f5a43d3c94cb43af66c377498c35c51dcc9c93fdb882
Stenopus hispidus,631025105,https://inaturalist-open-data.s3.amazonaws.com/photos/631025105/medium.jpg,CC-BY 4.0,Matteo Bellucci,matteobellu239,2026-03-14,https://www.inaturalist.org/observations/346204701,"© Matteo Bellucci, some rights reserved (CC-BY)",cc800823734059772912aab4819ce698c18bf42091fca37662999215ad90eaf3
Stenopus hispidus,243008556,https://inaturalist-open-data.s3.amazonaws.com/photos/243008556/medium.jpg,CC-BY 4.0,Pauline Walsh Jacobson,coralreefdreams,2021-09-09,https://www.inaturalist.org/observations/141802748,"© Pauline Walsh Jacobson, some rights reserved (CC-BY)",a13a78fde930a93f23fa7a8a0da67e6430251b70cd4dbfdd7890edbaacf2bba1
Stenopus hispidus,222047202,https://inaturalist-open-data.s3.amazonaws.com/photos/222047202/medium.jpg,CC-BY 4.0,Robin White,robin_dive_diva,2022-08-12,https://www.inaturalist.org/observations/130556036,"© Robin White, some rights reserved (CC-BY)",0e6542623f84fe7be0265ff99389430144b98e14d9f259b2a5a35d48d88a1ed5
Stenopus hispidus,222047221,https://inaturalist-open-data.s3.amazonaws.com/photos/222047221/medium.jpg,CC-BY 4.0,Robin White,robin_dive_diva,2022-08-12,https://www.inaturalist.org/observations/130556036,"© Robin White, some rights reserved (CC-BY)",7a6bec2d6f325b1b8f8d05481ac8acd82ee6ec8346d356ad78a1c138093c2e5d
Stenopus hispidus,222047239,https://inaturalist-open-data.s3.amazonaws.com/photos/222047239/medium.jpg,CC-BY 4.0,Robin White,robin_dive_diva,2022-08-12,https://www.inaturalist.org/observations/130556036,"© Robin White, some rights reserved (CC-BY)",438cf220588cba30ebcfca068950e6132c15b0c391f70fb4a641691a296d1ad5
Stenopus hispidus,222047252,https://inaturalist-open-data.s3.amazonaws.com/photos/222047252/medium.jpg,CC-BY 4.0,Robin White,robin_dive_diva,2022-08-12,https://www.inaturalist.org/observations/130556036,"© Robin White, some rights reserved (CC-BY)",6a9ad1ded958b63402f036a5cfe29dddb28feb210f4b5f7ebd514fd0c48236bf
Stenopus hispidus,167448395,https://inaturalist-open-data.s3.amazonaws.com/photos/167448395/medium.jpg,CC-BY 4.0,Pauline Walsh Jacobson,coralreefdreams,2018-10-27,https://www.inaturalist.org/observations/100336388,"© Pauline Walsh Jacobson, some rights reserved (CC-BY)",aaed297082b57f4fce52feb81aeb7570da32f58dc3da1b2eff3c1154e84b2057
Stenopus hispidus,349372462,https://inaturalist-open-data.s3.amazonaws.com/photos/349372462/medium.jpg,CC-BY 4.0,Robin White,robin_dive_diva,2024-01-30,https://www.inaturalist.org/observations/198247799,"© Robin White, some rights reserved (CC-BY)",f8c0d3146fb70b47a2ddfaccd27f2c3a3ac6b20c863c0c21d8c9afa7fef693da
Stenopus hispidus,349372478,https://inaturalist-open-data.s3.amazonaws.com/photos/349372478/medium.jpg,CC-BY 4.0,Robin White,robin_dive_diva,2024-01-30,https://www.inaturalist.org/observations/198247799,"© Robin White, some rights reserved (CC-BY)",3304fc3db35c848a3e1f281814706da78c9034b540b1c621e9602e71302f8a0d
Stenopus hispidus,340794092,https://inaturalist-open-data.s3.amazonaws.com/photos/340794092/medium.jpg,CC-BY 4.0,Pauline Walsh Jacobson,coralreefdreams,2016-09-04,https://www.inaturalist.org/observations/193950843,"© Pauline Walsh Jacobson, some rights reserved (CC-BY)",19543b8598be64e18f831e478162b0cd17007c9a2cb81e1810ba20afd4daa5e1
Stenopus hispidus,340795543,https://inaturalist-open-data.s3.amazonaws.com/photos/340795543/medium.jpg,CC-BY 4.0,Pauline Walsh Jacobson,coralreefdreams,2016-09-04,https://www.inaturalist.org/observations/193950843,"© Pauline Walsh Jacobson, some rights reserved (CC-BY)",ab7b330ec554d380bb3cb9110180d98c09f1d9ff707b4161c666d908bac8a5e2
Stenopus hispidus,353147204,https://inaturalist-open-data.s3.amazonaws.com/photos/353147204/medium.jpg,CC-BY 4.0,Pauline Walsh Jacobson,coralreefdreams,2023-08-21,https://www.inaturalist.org/observations/200188368,"© Pauline Walsh Jacobson, some rights reserved (CC-BY)",c36967f515f36977c32ea3ff0c187d9b873c7c6036b519fff0afec93de892cb0
Stenopus hispidus,286133434,https://inaturalist-open-data.s3.amazonaws.com/photos/286133434/medium.jpg,CC-BY 4.0,Pauline Walsh Jacobson,coralreefdreams,2012-05-24,https://www.inaturalist.org/observations/165305111,"© Pauline Walsh Jacobson, some rights reserved (CC-BY)",d83867c6946ebd2de1a9b395378bb52500c35d0ef290a4eedb6b7e666e9ff5ce
Stenopus hispidus,332057257,https://inaturalist-open-data.s3.amazonaws.com/photos/332057257/medium.jpg,CC-BY 4.0,desertnaturalist,desertnaturalist,2023-10-15,https://www.inaturalist.org/observations/189535726,"© desertnaturalist, some rights reserved (CC-BY)",d9439983edea7eef449c51b3055364eacc05c9f7fb7def9610ce9ae0b00c1263
Rhynchocinetes durbanensis,361045371,https://inaturalist-open-data.s3.amazonaws.com/photos/361045371/medium.jpg,CC-BY 4.0,portioid,portioid,2024-03-28,https://www.inaturalist.org/observations/204279427,"© portioid, some rights reserved (CC-BY)",5d06d16f3059eb1cfcceb4c76e3553911fa354e9254d7ffc52c5ec27d9cda4c5
Rhynchocinetes durbanensis,561861444,https://inaturalist-open-data.s3.amazonaws.com/photos/561861444/medium.jpg,CC-BY 4.0,呂一起(Lyu yi-chi),pchi45,2025-09-02,https://www.inaturalist.org/observations/311259136,"© 呂一起(Lyu yi-chi), some rights reserved (CC-BY)",90f5818d51da25698b24bdce0ed8e93673f79be4e67218cb91db8c1b32a7a7f1
Rhynchocinetes durbanensis,561861518,https://inaturalist-open-data.s3.amazonaws.com/photos/561861518/medium.jpg,CC-BY 4.0,呂一起(Lyu yi-chi),pchi45,2025-09-02,https://www.inaturalist.org/observations/311259136,"© 呂一起(Lyu yi-chi), some rights reserved (CC-BY)",d60481869b172c348e3bb2e0f326d4607a799e73d2e3b49e7935be53816655fe
Rhynchocinetes durbanensis,297697710,https://inaturalist-open-data.s3.amazonaws.com/photos/297697710/medium.jpg,CC-BY 4.0,portioid,portioid,2023-07-07,https://www.inaturalist.org/observations/171552590,"© portioid, some rights reserved (CC-BY)",c71c891e124923b53b724fc44765db17d8bae2a57d8d9d90b5e516be0cb3c94f
Rhynchocinetes durbanensis,13834661,https://inaturalist-open-data.s3.amazonaws.com/photos/13834661/medium.jpg,CC-BY 4.0,desertnaturalist,desertnaturalist,1990-07-12,https://www.inaturalist.org/observations/10051929,"© desertnaturalist, some rights reserved (CC-BY)",4d345bd79e8a7c02683f2482c7e1b65327ed43a1a7bffd233eef2fceb82fb163
Rhynchocinetes durbanensis,340761624,https://inaturalist-open-data.s3.amazonaws.com/photos/340761624/medium.jpg,CC-BY 4.0,portioid,portioid,2023-12-13,https://www.inaturalist.org/observations/193934755,"© portioid, some rights reserved (CC-BY)",e0f2c95c972936b2fd2ffb8a30a1e7effd0bfa5aaf02743396dacea430e38b44
Rhynchocinetes durbanensis,340761623,https://inaturalist-open-data.s3.amazonaws.com/photos/340761623/medium.jpg,CC-BY 4.0,portioid,portioid,2023-12-13,https://www.inaturalist.org/observations/193934755,"© portioid, some rights reserved (CC-BY)",0bbca4f7a453544d8a224136f5df0d91663300006dd79d050da34e855ed014d0
Rhynchocinetes durbanensis,340761625,https://inaturalist-open-data.s3.amazonaws.com/photos/340761625/medium.jpg,CC-BY 4.0,portioid,portioid,2023-12-13,https://www.inaturalist.org/observations/193934755,"© portioid, some rights reserved (CC-BY)",164c50fd914d2214b22f7dc65c28f372ac00fc317dfee9a67585b935f8d6ab9f
Rhynchocinetes durbanensis,348390110,https://inaturalist-open-data.s3.amazonaws.com/photos/348390110/medium.jpg,CC-BY 4.0,portioid,portioid,2024-01-25,https://www.inaturalist.org/observations/197765820,"© portioid, some rights reserved (CC-BY)",76c8c078934cd1f3e3a74d33d3880065d5d3b04254fc871a71335e24d1a48147
Rhynchocinetes durbanensis,348390109,https://inaturalist-open-data.s3.amazonaws.com/photos/348390109/medium.jpg,CC-BY 4.0,portioid,portioid,2024-01-25,https://www.inaturalist.org/observations/197765820,"© portioid, some rights reserved (CC-BY)",6be2c0ac2c74a7bb020a14146defb1af03acf12752e5ac540554065affa6c437
Rhynchocinetes durbanensis,348390114,https://inaturalist-open-data.s3.amazonaws.com/photos/348390114/medium.jpg,CC-BY 4.0,portioid,portioid,2024-01-25,https://www.inaturalist.org/observations/197765820,"© portioid, some rights reserved (CC-BY)",65523358c907451e5aa910e4c413ddc8f765c38582e44ccfc847f45fb6259ac8
Rhynchocinetes durbanensis,60098502,https://inaturalist-open-data.s3.amazonaws.com/photos/60098502/medium.jpg,CC-BY 4.0,Kai Squires,squiresk,2010-11-19,https://www.inaturalist.org/observations/37858533,"© Kai Squires, some rights reserved (CC-BY)",721693af6b845e0eb538b88655045b180ad035abe4f218306bff7081b541c55f
Rhynchocinetes durbanensis,339648985,https://inaturalist-open-data.s3.amazonaws.com/photos/339648985/medium.jpg,CC-BY 4.0,portioid,portioid,2023-12-07,https://www.inaturalist.org/observations/193355550,"© portioid, some rights reserved (CC-BY)",29007570e1c023d7c3bb0856f48d0eae9bd5cd043581b50d536aa0421ded89df
Rhynchocinetes durbanensis,339648980,https://inaturalist-open-data.s3.amazonaws.com/photos/339648980/medium.jpg,CC-BY 4.0,portioid,portioid,2023-12-07,https://www.inaturalist.org/observations/193355550,"© portioid, some rights reserved (CC-BY)",7ebc5f016f2e4c64b551b769fdd94fe8878a49ba1f6807590bbcb7b8cc3002d1
Rhynchocinetes durbanensis,325519483,https://inaturalist-open-data.s3.amazonaws.com/photos/325519483/medium.jpg,CC-BY 4.0,portioid,portioid,2023-10-05,https://www.inaturalist.org/observations/186287226,"© portioid, some rights reserved (CC-BY)",9170119e92fd92e91f75a561b42dec6edf46d04f72bb9deced90695d7b58bd70
Rhynchocinetes durbanensis,552607549,https://inaturalist-open-data.s3.amazonaws.com/photos/552607549/medium.jpg,CC-BY 4.0,Pierre Pericard,ppericard,2025-08-14,https://www.inaturalist.org/observations/306429245,"© Pierre Pericard, some rights reserved (CC-BY)",07500091233ccb5c7b24906717d799600cbd9a926f3bae3dc495b7eb6569f7c2
Rhynchocinetes durbanensis,593904756,https://inaturalist-open-data.s3.amazonaws.com/photos/593904756/medium.jpg,CC-BY 4.0,Ben Costamagna,bencostamagna,2025-11-19,https://www.inaturalist.org/observations/327796523,"© Ben Costamagna, some rights reserved (CC-BY)",421b5db1b65e7f9bdd8317cc79481be951d7afea73ea4443817b7bc0beb98925
Rhynchocinetes durbanensis,594619739,https://inaturalist-open-data.s3.amazonaws.com/photos/594619739/medium.jpg,CC-BY 4.0,Ben Costamagna,bencostamagna,2025-11-19,https://www.inaturalist.org/observations/328171918,"© Ben Costamagna, some rights reserved (CC-BY)",76a34c4b9710119ab7a30a10faa4dae06a3ff435afc88ce6a5e6bb8276ed149f
Rhynchocinetes durbanensis,594815254,https://inaturalist-open-data.s3.amazonaws.com/photos/594815254/medium.jpg,CC-BY 4.0,Borja Fierro,borjitaaa,2025-09-10,https://www.inaturalist.org/observations/328272231,"© Borja Fierro, some rights reserved (CC-BY)",2eb6e546b8f16cc4ea7c5f4279fabda3a6add4cf76432026724201fcbb344990
Rhynchocinetes durbanensis,175226760,https://inaturalist-open-data.s3.amazonaws.com/photos/175226760/medium.jpeg,CC-BY 4.0,luluchouette,luluchouette,2021-12-10,https://www.inaturalist.org/observations/104560471,"© luluchouette, some rights reserved (CC-BY)",fd5e2ddf52a48fd7cd45c5388a95aa96b243558bca85cbe18e4dd64e08cb3d38
Rhynchocinetes durbanensis,175226764,https://inaturalist-open-data.s3.amazonaws.com/photos/175226764/medium.jpeg,CC-BY 4.0,luluchouette,luluchouette,2021-12-10,https://www.inaturalist.org/observations/104560471,"© luluchouette, some rights reserved (CC-BY)",0a65b161b4e5d6dbee0130a7fede27f90bb5231fa8c78fa5b9248131c9fe5593
Rhynchocinetes durbanensis,538923506,https://inaturalist-open-data.s3.amazonaws.com/photos/538923506/medium.jpg,CC-BY 4.0,Pierre Pericard,ppericard,2025-07-19,https://www.inaturalist.org/observations/299146264,"© Pierre Pericard, some rights reserved (CC-BY)",189c8bb2ed774d14bf8952a83b9af4fb7cc6bceb6e8c21a95597e66b8e328eda
Rhynchocinetes durbanensis,538923536,https://inaturalist-open-data.s3.amazonaws.com/photos/538923536/medium.jpg,CC-BY 4.0,Pierre Pericard,ppericard,2025-07-19,https://www.inaturalist.org/observations/299146264,"© Pierre Pericard, some rights reserved (CC-BY)",5492eb79aa69b701df8370e3327ef56542b9a9ac5683ed7acf6c75d6ee820820
Rhynchocinetes durbanensis,340436942,https://inaturalist-open-data.s3.amazonaws.com/photos/340436942/medium.jpg,CC-BY 4.0,portioid,portioid,2023-12-11,https://www.inaturalist.org/observations/193777339,"© portioid, some rights reserved (CC-BY)",28ad6d1ba03a80bbb9b313ece198120029388fa3396775e5a749b37d1051f4a5
Rhynchocinetes durbanensis,340436932,https://inaturalist-open-data.s3.amazonaws.com/photos/340436932/medium.jpg,CC-BY 4.0,portioid,portioid,2023-12-11,https://www.inaturalist.org/observations/193777339,"© portioid, some rights reserved (CC-BY)",0fbf4afec909bb1cee2b5d0788d5059284c68492bbf9f26930e30881d55cddf6
Rhynchocinetes durbanensis,340436946,https://inaturalist-open-data.s3.amazonaws.com/photos/340436946/medium.jpg,CC-BY 4.0,portioid,portioid,2023-12-11,https://www.inaturalist.org/observations/193777339,"© portioid, some rights reserved (CC-BY)",0cc50de9df55393250706fda92fd2cf9e9973f5a8ed525271b52c4a0386afdc1
Rhynchocinetes durbanensis,340436931,https://inaturalist-open-data.s3.amazonaws.com/photos/340436931/medium.jpg,CC-BY 4.0,portioid,portioid,2023-12-11,https://www.inaturalist.org/observations/193777339,"© portioid, some rights reserved (CC-BY)",006a45084779f6c7eb56a3548a1b04975ffb882e23cf4f3dc2d919ad54000d80
Rhynchocinetes durbanensis,340436929,https://inaturalist-open-data.s3.amazonaws.com/photos/340436929/medium.jpg,CC-BY 4.0,portioid,portioid,2023-12-11,https://www.inaturalist.org/observations/193777339,"© portioid, some rights reserved (CC-BY)",fcce2343700cd36e09288b7eb5d3b326d366031752ec436fae7bdf5d2ba3cd56
Rhynchocinetes durbanensis,322418347,https://inaturalist-open-data.s3.amazonaws.com/photos/322418347/medium.jpg,CC-BY 4.0,portioid,portioid,2023-09-24,https://www.inaturalist.org/observations/184683842,"© portioid, some rights reserved (CC-BY)",c4e1d3fb44830e47b789454277b1f4d16ea792e86d2760a58e454b060edeea5a
Rhynchocinetes durbanensis,322418384,https://inaturalist-open-data.s3.amazonaws.com/photos/322418384/medium.jpg,CC-BY 4.0,portioid,portioid,2023-09-24,https://www.inaturalist.org/observations/184683842,"© portioid, some rights reserved (CC-BY)",1b2c0c3468423fadd10c26f76cc643760484ad0f9496ee605797748819872de6
Odontodactylus scyllarus,350491966,https://inaturalist-open-data.s3.amazonaws.com/photos/350491966/medium.jpg,CC-BY 4.0,Pauline Walsh Jacobson,coralreefdreams,2019-11-06,https://www.inaturalist.org/observations/198814170,"© Pauline Walsh Jacobson, some rights reserved (CC-BY)",4844ff751257b4580884399e0826bdb8710327dbe8ec811b337061d17c40e4d8
Odontodactylus scyllarus,431479195,https://inaturalist-open-data.s3.amazonaws.com/photos/431479195/medium.jpeg,CC-BY 4.0,rashidchan,rashidchan,2024-09-06,https://www.inaturalist.org/observations/242050950,"© rashidchan, some rights reserved (CC-BY)",30c308fe9446ef802e23d8f64ff3d18f46cd45fdb998826949d91c05616af3e1
Odontodactylus scyllarus,60094688,https://inaturalist-open-data.s3.amazonaws.com/photos/60094688/medium.jpg,CC-BY 4.0,Kai Squires,squiresk,2010-11-19,https://www.inaturalist.org/observations/37856295,"© Kai Squires, some rights reserved (CC-BY)",a25cdda785b7891ebd41df6e4dc53300f32290de3bdf2a945652dc3b9277eefb
Odontodactylus scyllarus,60094698,https://inaturalist-open-data.s3.amazonaws.com/photos/60094698/medium.jpg,CC-BY 4.0,Kai Squires,squiresk,2010-11-19,https://www.inaturalist.org/observations/37856295,"© Kai Squires, some rights reserved (CC-BY)",91542019854fbaaa5a15c83b257f1c053aa3cf17c6b84d1bb244221776e108aa
Odontodactylus scyllarus,347748872,https://inaturalist-open-data.s3.amazonaws.com/photos/347748872/medium.jpg,CC-BY 4.0,portioid,portioid,2024-01-23,https://www.inaturalist.org/observations/197441524,"© portioid, some rights reserved (CC-BY)",49f480c74c78a33035adfa85b0e1e822f25200fc87ba22538185cc941f757cc0
Odontodactylus scyllarus,347748873,https://inaturalist-open-data.s3.amazonaws.com/photos/347748873/medium.jpg,CC-BY 4.0,portioid,portioid,2024-01-23,https://www.inaturalist.org/observations/197441524,"© portioid, some rights reserved (CC-BY)",efebbc8e52696e03a87ae922717e34eaf0545f717c5f69a45fa47c384a753372
Odontodactylus scyllarus,347748869,https://inaturalist-open-data.s3.amazonaws.com/photos/347748869/medium.jpg,CC-BY 4.0,portioid,portioid,2024-01-23,https://www.inaturalist.org/observations/197441524,"© portioid, some rights reserved (CC-BY)",8a3db0835d10946d710dace14e0a747134e80d87eaf51397a1140f1f8fdb5543
Odontodactylus scyllarus,347748862,https://inaturalist-open-data.s3.amazonaws.com/photos/347748862/medium.jpg,CC-BY 4.0,portioid,portioid,2024-01-23,https://www.inaturalist.org/observations/197441524,"© portioid, some rights reserved (CC-BY)",438b99f0f4533a196b2cd6410437a56693caf30382abc68dd4ec5c61b94c8fe4
Odontodactylus scyllarus,347748861,https://inaturalist-open-data.s3.amazonaws.com/photos/347748861/medium.jpg,CC-BY 4.0,portioid,portioid,2024-01-23,https://www.inaturalist.org/observations/197441524,"© portioid, some rights reserved (CC-BY)",eba573d906e2e09bfa745fe3df7664ce77815262c594f67d3bbacc1b92e65422
Odontodactylus scyllarus,347748859,https://inaturalist-open-data.s3.amazonaws.com/photos/347748859/medium.jpg,CC-BY 4.0,portioid,portioid,2024-01-23,https://www.inaturalist.org/observations/197441524,"© portioid, some rights reserved (CC-BY)",452ad34311afe5d711522bcf6035de33db8b1f4ae3f3ef6176c56c9d13f294d7
Odontodactylus scyllarus,347748855,https://inaturalist-open-data.s3.amazonaws.com/photos/347748855/medium.jpg,CC-BY 4.0,portioid,portioid,2024-01-23,https://www.inaturalist.org/observations/197441524,"© portioid, some rights reserved (CC-BY)",e620458fd8e1315efc4f8157f9604feba9abaa8cacf0f505e9d796cd685f2273
Odontodactylus scyllarus,61693472,https://inaturalist-open-data.s3.amazonaws.com/photos/61693472/medium.jpg,CC-BY 4.0,Kai Squires,squiresk,2011-03-20,https://www.inaturalist.org/observations/38783313,"© Kai Squires, some rights reserved (CC-BY)",cd005db7f5a4b56682b1b82e7fc52f0ddc3abd7437741014a2881d98ff5049bf
Odontodactylus scyllarus,313822405,https://inaturalist-open-data.s3.amazonaws.com/photos/313822405/medium.jpg,CC-BY 4.0,Pauline Walsh Jacobson,coralreefdreams,2014-01-22,https://www.inaturalist.org/observations/180185652,"© Pauline Walsh Jacobson, some rights reserved (CC-BY)",dae93da40d9867c5f5b88e9df205564a4475d030426076c747fb15b501aa3c99
Odontodactylus scyllarus,313823440,https://inaturalist-open-data.s3.amazonaws.com/photos/313823440/medium.jpg,CC-BY 4.0,Pauline Walsh Jacobson,coralreefdreams,2014-01-22,https://www.inaturalist.org/observations/180185652,"© Pauline Walsh Jacobson, some rights reserved (CC-BY)",33af3fd49f34d3f543bfab90741a6f0b1276f50ab588f8c3f1141fe3ff690c5b
Odontodactylus scyllarus,493852647,https://inaturalist-open-data.s3.amazonaws.com/photos/493852647/medium.jpg,CC-BY 4.0,Borja Fierro,borjitaaa,2018-07-20,https://www.inaturalist.org/observations/274750068,"© Borja Fierro, some rights reserved (CC-BY)",be6db29d910817c766786fa0984c41bc0d5d2c2870540fcaa3f9b943700ca662
Odontodactylus scyllarus,493852644,https://inaturalist-open-data.s3.amazonaws.com/photos/493852644/medium.jpg,CC-BY 4.0,Borja Fierro,borjitaaa,2018-07-20,https://www.inaturalist.org/observations/274750068,"© Borja Fierro, some rights reserved (CC-BY)",3dc0cca7b11171fc7eb1546fc88e8f3d57b0aa0e97476d06573c006b74673320
Odontodactylus scyllarus,693869237,https://inaturalist-open-data.s3.amazonaws.com/photos/693869237/medium.jpg,CC-BY 4.0,Roger Rittmaster,rogerritt,2026-06-19,https://www.inaturalist.org/observations/379346290,"© Roger Rittmaster, some rights reserved (CC-BY)",9c71e83a1c08d97683468a1db66125fdd5f626f0c8323a1688b560835d1fd143
Odontodactylus scyllarus,596403593,https://inaturalist-open-data.s3.amazonaws.com/photos/596403593/medium.jpg,CC-BY 4.0,Ben Costamagna,bencostamagna,2025-11-28,https://www.inaturalist.org/observations/329058609,"© Ben Costamagna, some rights reserved (CC-BY)",bde01a24e1a0457791d492056dae909d0b7388dc0fbf2240063353e38b99940a
Odontodactylus scyllarus,42892676,https://inaturalist-open-data.s3.amazonaws.com/photos/42892676/medium.jpeg,CC-BY 4.0,Dan Schofield,djscho,2019-06-24,https://www.inaturalist.org/observations/27558593,"© Dan Schofield, some rights reserved (CC-BY)",56e9b639b8881a1efc5ff875066f2bb883e2093dcca1f97d37459c19dc0a1adf
Odontodactylus scyllarus,99282184,https://inaturalist-open-data.s3.amazonaws.com/photos/99282184/medium.jpeg,CC-BY 4.0,Dan Schofield,djscho,2020-08-23,https://www.inaturalist.org/observations/62001115,"© Dan Schofield, some rights reserved (CC-BY)",5ca6982108f50cc02be261840b8fb5005ea873074ea920b1ae153d28f21738ff
Odontodactylus scyllarus,99282206,https://inaturalist-open-data.s3.amazonaws.com/photos/99282206/medium.jpeg,CC-BY 4.0,Dan Schofield,djscho,2020-08-23,https://www.inaturalist.org/observations/62001115,"© Dan Schofield, some rights reserved (CC-BY)",f31927a63d9075c02688d6959358dc8733abef2696e6c7accf9c34bc088e4063
Odontodactylus scyllarus,290294642,https://inaturalist-open-data.s3.amazonaws.com/photos/290294642/medium.jpg,CC-BY 4.0,Pauline Walsh Jacobson,coralreefdreams,2013-01-30,https://www.inaturalist.org/observations/167567929,"© Pauline Walsh Jacobson, some rights reserved (CC-BY)",95e322f123425b96fe93ecb54679e05e6b3a32f31dac7e120f3383b0b147a00f
Odontodactylus scyllarus,387753342,https://inaturalist-open-data.s3.amazonaws.com/photos/387753342/medium.jpg,CC-BY 4.0,Alexander Fordyce,gus_fordyce,2023-06-28,https://www.inaturalist.org/observations/219086752,"© Alexander Fordyce, some rights reserved (CC-BY)",05298131b57b85ef76dbcc7fcb8087ee514ad9422a59b08fd69770d0d438ef71
Odontodactylus scyllarus,311313220,https://inaturalist-open-data.s3.amazonaws.com/photos/311313220/medium.jpg,CC-BY 4.0,Pauline Walsh Jacobson,coralreefdreams,2014-01-19,https://www.inaturalist.org/observations/178864475,"© Pauline Walsh Jacobson, some rights reserved (CC-BY)",174283f751e6e75ffb6f65daae581c7a8c929c22dad18edae288652efec3b6e1
Odontodactylus scyllarus,347316158,https://inaturalist-open-data.s3.amazonaws.com/photos/347316158/medium.jpg,CC-BY 4.0,portioid,portioid,2024-01-21,https://www.inaturalist.org/observations/197229939,"© portioid, some rights reserved (CC-BY)",6138995adc87cdea0729e1d9c2037afd98748b0da8c745bd50a3839a9922dfb8
Odontodactylus scyllarus,347316084,https://inaturalist-open-data.s3.amazonaws.com/photos/347316084/medium.jpg,CC-BY 4.0,portioid,portioid,2024-01-21,https://www.inaturalist.org/observations/197229939,"© portioid, some rights reserved (CC-BY)",2afd4731b09afce2e079667c63198f8a05919711668f16eba5c89d85e6d4c79f
Odontodactylus scyllarus,347316082,https://inaturalist-open-data.s3.amazonaws.com/photos/347316082/medium.jpg,CC-BY 4.0,portioid,portioid,2024-01-21,https://www.inaturalist.org/observations/197229939,"© portioid, some rights reserved (CC-BY)",fc34ecf512ddc5fa14f028b2d495f4599b5360d70ad3a2935b9a386fff12668f
Odontodactylus scyllarus,347316060,https://inaturalist-open-data.s3.amazonaws.com/photos/347316060/medium.jpg,CC-BY 4.0,portioid,portioid,2024-01-21,https://www.inaturalist.org/observations/197229939,"© portioid, some rights reserved (CC-BY)",287ca317d9700f61f00046f59a1943d03183e7904d7262693fb5d959a5234034
Odontodactylus scyllarus,347316090,https://inaturalist-open-data.s3.amazonaws.com/photos/347316090/medium.jpg,CC-BY 4.0,portioid,portioid,2024-01-21,https://www.inaturalist.org/observations/197229939,"© portioid, some rights reserved (CC-BY)",5c9d05fbb89db5aad43b784ef120b104ef5ac25a98b8c816a8e8c1c64e3149cd
Dardanus pedunculatus,367191510,https://inaturalist-open-data.s3.amazonaws.com/photos/367191510/medium.jpg,CC-BY 4.0,Pauline Walsh Jacobson,coralreefdreams,2019-11-13,https://www.inaturalist.org/observations/207579717,"© Pauline Walsh Jacobson, some rights reserved (CC-BY)",3710a36329961b8746b7b355fcab340c9cda9b13e0ead71d12adfc6549377c8e
Dardanus pedunculatus,367192305,https://inaturalist-open-data.s3.amazonaws.com/photos/367192305/medium.jpg,CC-BY 4.0,Pauline Walsh Jacobson,coralreefdreams,2019-11-13,https://www.inaturalist.org/observations/207579717,"© Pauline Walsh Jacobson, some rights reserved (CC-BY)",573a83cacc1396b8fe721175404d246167ab6c3075b25632a365f13384e8b235
Dardanus pedunculatus,161349615,https://inaturalist-open-data.s3.amazonaws.com/photos/161349615/medium.jpg,CC-BY 4.0,Bernard DUPONT,berniedup,2009-10-14,https://www.inaturalist.org/observations/97066427,"© Bernard DUPONT, some rights reserved (CC-BY)",a426922cbe81a436267b6d7ce67a58d1337dca5b6f0fac6533b654056c3e9ad7
Dardanus pedunculatus,161349981,https://inaturalist-open-data.s3.amazonaws.com/photos/161349981/medium.jpg,CC-BY 4.0,Bernard DUPONT,berniedup,2009-10-14,https://www.inaturalist.org/observations/97066427,"© Bernard DUPONT, some rights reserved (CC-BY)",354170c717512e6dd69117f2eb226809a5ae8f5cb18d07922acdd41c6765e896
Dardanus pedunculatus,161349989,https://inaturalist-open-data.s3.amazonaws.com/photos/161349989/medium.jpg,CC-BY 4.0,Bernard DUPONT,berniedup,2009-10-14,https://www.inaturalist.org/observations/97066427,"© Bernard DUPONT, some rights reserved (CC-BY)",8b8e769e697d0eae8abc803581ad4b0d2291880b31215a8bd93e4e84e41a8935
Dardanus pedunculatus,66596973,https://inaturalist-open-data.s3.amazonaws.com/photos/66596973/medium.jpeg,CC-BY 4.0,Dan Schofield,djscho,2020-02-18,https://www.inaturalist.org/observations/41964349,"© Dan Schofield, some rights reserved (CC-BY)",e4e82a5b07bd3e253a99826e5aa647594447861ff9b0b2272361cb2cbbbcb9f2
Dardanus pedunculatus,332532045,https://inaturalist-open-data.s3.amazonaws.com/photos/332532045/medium.jpg,CC-BY 4.0,Pauline Walsh Jacobson,coralreefdreams,2016-04-27,https://www.inaturalist.org/observations/189771858,"© Pauline Walsh Jacobson, some rights reserved (CC-BY)",d4ffb30f4d063006e85c606791edcfdc098c2082db98834e46aad1ea6a8312e4
Dardanus pedunculatus,332533153,https://inaturalist-open-data.s3.amazonaws.com/photos/332533153/medium.jpg,CC-BY 4.0,Pauline Walsh Jacobson,coralreefdreams,2016-04-27,https://www.inaturalist.org/observations/189771858,"© Pauline Walsh Jacobson, some rights reserved (CC-BY)",eb186bca009215623b942c031a7f25a7a5a06347e435aaf9f39a71e982a394bf
Dardanus pedunculatus,314449030,https://inaturalist-open-data.s3.amazonaws.com/photos/314449030/medium.jpg,CC-BY 4.0,Pauline Walsh Jacobson,coralreefdreams,2014-01-24,https://www.inaturalist.org/observations/180513255,"© Pauline Walsh Jacobson, some rights reserved (CC-BY)",ec785be559745831ac1af68569a57cfef457ff20b3ba261d0564968ad697aa3b
Dardanus pedunculatus,314451892,https://inaturalist-open-data.s3.amazonaws.com/photos/314451892/medium.jpg,CC-BY 4.0,Pauline Walsh Jacobson,coralreefdreams,2014-01-24,https://www.inaturalist.org/observations/180513255,"© Pauline Walsh Jacobson, some rights reserved (CC-BY)",73c446b28dd44fa8ca0864ce066c83dc82dce162c0db3c9dc0940cae45a227de
Dardanus pedunculatus,45831120,https://inaturalist-open-data.s3.amazonaws.com/photos/45831120/medium.jpeg,CC-BY 4.0,Dan Schofield,djscho,2019-07-12,https://www.inaturalist.org/observations/29367426,"© Dan Schofield, some rights reserved (CC-BY)",677f097c9d125ccb02554d7fefe16c32fb84287a2b96b681044e35ebade6690a
Dardanus pedunculatus,361045115,https://inaturalist-open-data.s3.amazonaws.com/photos/361045115/medium.jpg,CC-BY 4.0,portioid,portioid,2024-03-28,https://www.inaturalist.org/observations/204278723,"© portioid, some rights reserved (CC-BY)",20765a824a617614cb8bb932bcfd35ac5bb5899be8a05d8989bca9198328adaf
Dardanus pedunculatus,361045120,https://inaturalist-open-data.s3.amazonaws.com/photos/361045120/medium.jpg,CC-BY 4.0,portioid,portioid,2024-03-28,https://www.inaturalist.org/observations/204278723,"© portioid, some rights reserved (CC-BY)",5b94454ab8b5bde1898b45f5e10e36f587db1ba8980cc8a609634083dc05e23e
Dardanus pedunculatus,361045129,https://inaturalist-open-data.s3.amazonaws.com/photos/361045129/medium.jpg,CC-BY 4.0,portioid,portioid,2024-03-28,https://www.inaturalist.org/observations/204278723,"© portioid, some rights reserved (CC-BY)",b4872e9a98ce7c3cd07e261c8c2f6c11b9d1af72db3c136192154ee3377a76ab
Dardanus pedunculatus,361045133,https://inaturalist-open-data.s3.amazonaws.com/photos/361045133/medium.jpg,CC-BY 4.0,portioid,portioid,2024-03-28,https://www.inaturalist.org/observations/204278723,"© portioid, some rights reserved (CC-BY)",6c3c696f72fda6ec77ccf851052deb24ba849e129a80426e76e9bbb2b2d08221
Dardanus pedunculatus,361045112,https://inaturalist-open-data.s3.amazonaws.com/photos/361045112/medium.jpg,CC-BY 4.0,portioid,portioid,2024-03-28,https://www.inaturalist.org/observations/204278723,"© portioid, some rights reserved (CC-BY)",da82d8813be73219d576c5bf78152d64b2b5227667a895394a2df17a2cb6a764
Dardanus pedunculatus,361045101,https://inaturalist-open-data.s3.amazonaws.com/photos/361045101/medium.jpg,CC-BY 4.0,portioid,portioid,2024-03-28,https://www.inaturalist.org/observations/204278723,"© portioid, some rights reserved (CC-BY)",1401b319ca9960ecc868ff63868ac3e81a3d7ab3feffe0c61f647cacf1ffdbca
Dardanus pedunculatus,290984461,https://inaturalist-open-data.s3.amazonaws.com/photos/290984461/medium.jpg,CC-BY 4.0,Pauline Walsh Jacobson,coralreefdreams,2013-02-01,https://www.inaturalist.org/observations/167941891,"© Pauline Walsh Jacobson, some rights reserved (CC-BY)",01892c9318f05bf7e67c3c478f6c491e83b73724ae61427e76b1ed1fa5a370eb
Dardanus pedunculatus,361577902,https://inaturalist-open-data.s3.amazonaws.com/photos/361577902/medium.jpg,CC-BY 4.0,portioid,portioid,2024-03-30,https://www.inaturalist.org/observations/204566166,"© portioid, some rights reserved (CC-BY)",f0a50e77e2e9a2a3f45c9520ce4514740824ab6a9f540b53b2d1148f46f71a0e
Dardanus pedunculatus,60930518,https://inaturalist-open-data.s3.amazonaws.com/photos/60930518/medium.jpeg,CC-BY 4.0,Dan Schofield,djscho,2020-01-11,https://www.inaturalist.org/observations/38346245,"© Dan Schofield, some rights reserved (CC-BY)",5726b99c4c427b03b5b2aa6c16ade0d74d07e8c46fdb350c14039011c7b4111b
Dardanus pedunculatus,591838455,https://inaturalist-open-data.s3.amazonaws.com/photos/591838455/medium.jpg,CC-BY 4.0,Ben Costamagna,bencostamagna,2025-11-15,https://www.inaturalist.org/observations/326747698,"© Ben Costamagna, some rights reserved (CC-BY)",ca9a144f9a30d898b6fcd5f7510c2a6980ced3ebd98690b5828853a46330759c
Dardanus pedunculatus,591838475,https://inaturalist-open-data.s3.amazonaws.com/photos/591838475/medium.jpg,CC-BY 4.0,Ben Costamagna,bencostamagna,2025-11-15,https://www.inaturalist.org/observations/326747698,"© Ben Costamagna, some rights reserved (CC-BY)",7fdb1793c901032601035e6f86e7c0a47a5745e5f744bf391675d0c92c9c13c9
Dardanus pedunculatus,591838491,https://inaturalist-open-data.s3.amazonaws.com/photos/591838491/medium.jpg,CC-BY 4.0,Ben Costamagna,bencostamagna,2025-11-15,https://www.inaturalist.org/observations/326747698,"© Ben Costamagna, some rights reserved (CC-BY)",d1aecd01cab7a054a8a62e8eba58eba90fa491823670cae2c53f3a10e80d3dbd
Dardanus pedunculatus,361571977,https://inaturalist-open-data.s3.amazonaws.com/photos/361571977/medium.jpg,CC-BY 4.0,portioid,portioid,2024-03-30,https://www.inaturalist.org/observations/204564616,"© portioid, some rights reserved (CC-BY)",5cd2edc32d28b9891614f9d79998cc4e94fa4d58b27821442e2b261532f05a25
Dardanus pedunculatus,361571986,https://inaturalist-open-data.s3.amazonaws.com/photos/361571986/medium.jpg,CC-BY 4.0,portioid,portioid,2024-03-30,https://www.inaturalist.org/observations/204564616,"© portioid, some rights reserved (CC-BY)",eb6c236288f33a85a58a48b212c7c94321edb529cb31ede65c3bfde4b26fd040
Dardanus pedunculatus,361572011,https://inaturalist-open-data.s3.amazonaws.com/photos/361572011/medium.jpg,CC-BY 4.0,portioid,portioid,2024-03-30,https://www.inaturalist.org/observations/204564616,"© portioid, some rights reserved (CC-BY)",50ac8e3b1192d08c47845e63286faf82077a0790705ee52b46a7286aecb83126
Dardanus pedunculatus,361572004,https://inaturalist-open-data.s3.amazonaws.com/photos/361572004/medium.jpg,CC-BY 4.0,portioid,portioid,2024-03-30,https://www.inaturalist.org/observations/204564616,"© portioid, some rights reserved (CC-BY)",de845e29cfe8ee474cfe76d465293eee1a49c472ce86789f3ce72940ce2d8ef2
Dardanus pedunculatus,361572010,https://inaturalist-open-data.s3.amazonaws.com/photos/361572010/medium.jpg,CC-BY 4.0,portioid,portioid,2024-03-30,https://www.inaturalist.org/observations/204564616,"© portioid, some rights reserved (CC-BY)",8b7b5b636f472a699d41062dfb3c9a78c6c1566c9b807fbeeaa762d98b85aaea
Dardanus pedunculatus,161351460,https://inaturalist-open-data.s3.amazonaws.com/photos/161351460/medium.jpg,CC-BY 4.0,Bernard DUPONT,berniedup,2009-10-14,https://www.inaturalist.org/observations/97067426,"© Bernard DUPONT, some rights reserved (CC-BY)",cf7934e14bf875b5f725f036e98a4620357bafc71bf1952c7badbdfad2d2b408
Homarus gammarus,463616335,https://inaturalist-open-data.s3.amazonaws.com/photos/463616335/medium.jpeg,CC-BY 4.0,carnifex,carnifex,2023-08-05,https://www.inaturalist.org/observations/258407502,"© carnifex, some rights reserved (CC-BY)",c201be7f0e00c401b24194539a660c636fc171cfb023a5fe967e456575cabb78
Homarus gammarus,10178030,https://inaturalist-open-data.s3.amazonaws.com/photos/10178030/medium.jpg,CC-BY 4.0,Viktor V. Grøtan,viktorvg,2017-04-02,https://www.inaturalist.org/observations/7751804,"© Viktor V. Grøtan, some rights reserved (CC-BY)",2329d57af916966cb1d3eac52087ef90b3b77f385bb49dd1dde69f3e7e2466eb
Homarus gammarus,402772663,https://inaturalist-open-data.s3.amazonaws.com/photos/402772663/medium.jpg,CC-BY 4.0,Libby Keatley,libbykeatley,2024-06-26,https://www.inaturalist.org/observations/227063423,"© Libby Keatley, some rights reserved (CC-BY)",72aa15595f1f3e1100362e9c06b7a494b9a733f6402beda11271a5b395b7eb10
Homarus gammarus,681579921,https://inaturalist-open-data.s3.amazonaws.com/photos/681579921/medium.jpg,CC-BY 4.0,liam1294,liam1294,2026-06-18,https://www.inaturalist.org/observations/372972066,"© liam1294, some rights reserved (CC-BY)",83ce728238dc13642a8e4d770eebd883b6a4a39c7c6d24aba8faf8b54e419c91
Homarus gammarus,667017613,https://inaturalist-open-data.s3.amazonaws.com/photos/667017613/medium.jpg,CC-BY 4.0,John Hepburn,john_hepburn,2026-05-17,https://www.inaturalist.org/observations/365340543,"© John Hepburn, some rights reserved (CC-BY)",b692f34d5e2766bd375a52bdfe1014b7fafdcac56cccf858e53d7b77f1b5167b
Homarus gammarus,667017632,https://inaturalist-open-data.s3.amazonaws.com/photos/667017632/medium.jpg,CC-BY 4.0,John Hepburn,john_hepburn,2026-05-17,https://www.inaturalist.org/observations/365340543,"© John Hepburn, some rights reserved (CC-BY)",b04ed73def3ff470ed01806308c8543c6865ff55351cfb72454deb74019834ed
Homarus gammarus,516084317,https://inaturalist-open-data.s3.amazonaws.com/photos/516084317/medium.jpg,CC-BY 4.0,D. Rafael S. Fernandes,raf44,2024-10-27,https://www.inaturalist.org/observations/287036665,"© D. Rafael S. Fernandes, some rights reserved (CC-BY)",df4a44d0a734ee461fcc6c7f93362978ff4295a03de0d4c69054d4fbf83c3fdd
Homarus gammarus,49924861,https://inaturalist-open-data.s3.amazonaws.com/photos/49924861/medium.jpg,CC-BY 4.0,Julien Renoult,jujurenoult,2019-07-16,https://www.inaturalist.org/observations/31873578,"© Julien Renoult, some rights reserved (CC-BY)",79c52f08ff316edac7336c17beb50cfb84f8c9a95779e90df7e84b50fc3d8cdb
Homarus gammarus,70180813,https://inaturalist-open-data.s3.amazonaws.com/photos/70180813/medium.jpg,CC-BY 4.0,Bernard Picton,bernardpicton,2019-06-11,https://www.inaturalist.org/observations/44264626,"© Bernard Picton, some rights reserved (CC-BY)",595a6f06b8e3eebdc044f5e598da0f6db74c912a1c6e312800871674ce64cd63
Homarus gammarus,242986922,https://inaturalist-open-data.s3.amazonaws.com/photos/242986922/medium.jpg,CC-BY 4.0,John White,jwpwhite,2022-11-12,https://www.inaturalist.org/observations/141784012,"© John White, some rights reserved (CC-BY)",a0f11f044564e83576cb45d366134e184586d501eb0b335e3ad2b71f910a1021
Homarus gammarus,429134896,https://inaturalist-open-data.s3.amazonaws.com/photos/429134896/medium.jpeg,CC-BY 4.0,rmjb,rmjb,2024-09-09,https://www.inaturalist.org/observations/240836813,"© rmjb, some rights reserved (CC-BY)",36353d4036ad9c05c33071c332014f13679989cc66f400d94553cd0d1e71feaa
Homarus gammarus,429134942,https://inaturalist-open-data.s3.amazonaws.com/photos/429134942/medium.jpeg,CC-BY 4.0,rmjb,rmjb,2024-09-09,https://www.inaturalist.org/observations/240836813,"© rmjb, some rights reserved (CC-BY)",f15308817bbdca58e2087fc8e2b6da2a504d41222895f13a63ca28127eb31bd4
Homarus gammarus,429134983,https://inaturalist-open-data.s3.amazonaws.com/photos/429134983/medium.jpeg,CC-BY 4.0,rmjb,rmjb,2024-09-09,https://www.inaturalist.org/observations/240836813,"© rmjb, some rights reserved (CC-BY)",7593f4d361ab35129e26234db32055f9783792100ed5e5bb2df6c5f0390c0eb5
Homarus gammarus,473227724,https://inaturalist-open-data.s3.amazonaws.com/photos/473227724/medium.jpeg,CC-BY 4.0,Lou Wagstaffe,jsylou,2025-02-28,https://www.inaturalist.org/observations/263425498,"© Lou Wagstaffe, some rights reserved (CC-BY)",5e48d0a565b2720568aa5d864c5e1bed048992ea821f7fd3ca1373c4010e7ba2
Homarus gammarus,70181073,https://inaturalist-open-data.s3.amazonaws.com/photos/70181073/medium.jpg,CC-BY 4.0,Bernard Picton,bernardpicton,2008-08-05,https://www.inaturalist.org/observations/44264649,"© Bernard Picton, some rights reserved (CC-BY)",add96efbd54bfda86e9a52532dedf6ee1ce26c0b32f8470fa210f45f34bd5e07
Homarus gammarus,228137478,https://inaturalist-open-data.s3.amazonaws.com/photos/228137478/medium.jpeg,CC-BY 4.0,Julien Renoult,jujurenoult,2022-09-03,https://www.inaturalist.org/observations/133893666,"© Julien Renoult, some rights reserved (CC-BY)",d7594a2e63842d6b6a471ec00e3cfa00962817f939833153a25d5f158a569aa3
Homarus gammarus,413871429,https://inaturalist-open-data.s3.amazonaws.com/photos/413871429/medium.jpeg,CC-BY 4.0,Ruben Perez Perez,rubenperper,2024-07-31,https://www.inaturalist.org/observations/232919222,"© Ruben Perez Perez, some rights reserved (CC-BY)",5eef66253cdef17e68916ce3028868d12b6e805a3af253a1f8c0c984b1ecc489
Necora puber,98523400,https://inaturalist-open-data.s3.amazonaws.com/photos/98523400/medium.jpg,CC-BY 4.0,Bernard Picton,bernardpicton,2020-10-01,https://www.inaturalist.org/observations/61562587,"© Bernard Picton, some rights reserved (CC-BY)",d078070a89765af3d2d48e89279c471009f7934924ff8a7c6d8888fc25a297ac
Necora puber,98525446,https://inaturalist-open-data.s3.amazonaws.com/photos/98525446/medium.jpg,CC-BY 4.0,Bernard Picton,bernardpicton,2020-09-29,https://www.inaturalist.org/observations/61567147,"© Bernard Picton, some rights reserved (CC-BY)",21489a9ecfb38cdfe58aa14121283f82f99c1ac0f2aa56b696257aa187aba213
Necora puber,614256537,https://inaturalist-open-data.s3.amazonaws.com/photos/614256537/medium.jpg,CC-BY 4.0,Michel Langeveld,rudolphous,2026-02-08,https://www.inaturalist.org/observations/337846605,"© Michel Langeveld, some rights reserved (CC-BY)",3e4f1f07db38707d6f100662ea1fb49c6039326dca1cb27c7667d1dbcc8f91e7
Necora puber,502674739,https://inaturalist-open-data.s3.amazonaws.com/photos/502674739/medium.jpg,CC-BY 4.0,Nick Butcher,nick37158,2025-05-10,https://www.inaturalist.org/observations/279903907,"© Nick Butcher, some rights reserved (CC-BY)",ef5dd700ab123f56230da39245306fc2339806749920226f912bbb6130bc831b
Necora puber,502674868,https://inaturalist-open-data.s3.amazonaws.com/photos/502674868/medium.jpg,CC-BY 4.0,Nick Butcher,nick37158,2025-05-10,https://www.inaturalist.org/observations/279903907,"© Nick Butcher, some rights reserved (CC-BY)",a828bd6e8fd4a071f137c8060b4d2f9563c38eced72bcff83d518bf35a85e475
Necora puber,491545426,https://inaturalist-open-data.s3.amazonaws.com/photos/491545426/medium.jpg,CC-BY 4.0,Rory Wilson,rorywilson,2025-04-25,https://www.inaturalist.org/observations/273302038,"© Rory Wilson, some rights reserved (CC-BY)",f448a52be88664891cd6bd41401cd8bc2871e8738a65b4ce64fdf68a26b2e39e
Necora puber,127456861,https://inaturalist-open-data.s3.amazonaws.com/photos/127456861/medium.jpg,CC-BY 4.0,Michel Langeveld,rudolphous,2021-05-08,https://www.inaturalist.org/observations/77916645,"© Michel Langeveld, some rights reserved (CC-BY)",489e6af5600df762e63a992328d4335ce00a1dbe3e2693dc83f9925be7fb7b8b
Necora puber,415416483,https://inaturalist-open-data.s3.amazonaws.com/photos/415416483/medium.jpeg,CC-BY 4.0,cwr202,cwr202,2024-08-04,https://www.inaturalist.org/observations/233730887,"© cwr202, some rights reserved (CC-BY)",7e268cf013951b6ba9efb3a0cc5a74083cf5379f8342da467cfe9308a75a53bf
Necora puber,285908903,https://inaturalist-open-data.s3.amazonaws.com/photos/285908903/medium.jpg,CC-BY 4.0,rmjb,rmjb,2023-06-02,https://www.inaturalist.org/observations/165186444,"© rmjb, some rights reserved (CC-BY)",bf9ec88cb45f0b7b39b4052dd4be1a1ab47bcef465b7204efe276b3745cc850a
Necora puber,411062985,https://inaturalist-open-data.s3.amazonaws.com/photos/411062985/medium.jpeg,CC-BY 4.0,norgram,norgram,2024-07-24,https://www.inaturalist.org/observations/231442852,"© norgram, some rights reserved (CC-BY)",7cb6c198f9f1ee2841fd8f413e90031806fe28ce746a66be36487684ed4e44c9
Necora puber,411063024,https://inaturalist-open-data.s3.amazonaws.com/photos/411063024/medium.jpeg,CC-BY 4.0,norgram,norgram,2024-07-24,https://www.inaturalist.org/observations/231442852,"© norgram, some rights reserved (CC-BY)",e79612e7b83395e2f0c1b0312acd86458aef9c5721f6324645a43cd0484ac288
Necora puber,411062864,https://inaturalist-open-data.s3.amazonaws.com/photos/411062864/medium.jpeg,CC-BY 4.0,norgram,norgram,2024-07-24,https://www.inaturalist.org/observations/231442852,"© norgram, some rights reserved (CC-BY)",b37104e4613eb74bbeca3050ab81850d9761760af1f2bc4381e663f670d1a7f7
Necora puber,411062911,https://inaturalist-open-data.s3.amazonaws.com/photos/411062911/medium.jpeg,CC-BY 4.0,norgram,norgram,2024-07-24,https://www.inaturalist.org/observations/231442852,"© norgram, some rights reserved (CC-BY)",b04448030bfbe56c9a7d01e6c5295d76a426b2a00ad70a461386d8b3d9440d80
Necora puber,545025337,https://inaturalist-open-data.s3.amazonaws.com/photos/545025337/medium.jpg,CC-BY 4.0,Lera Miles,lera,2025-07-30,https://www.inaturalist.org/observations/302423577,"© Lera Miles, some rights reserved (CC-BY)",df919d98725238460ae472d2723a746d25b0ca2872fddb9b79430587c6339edd
Necora puber,545025361,https://inaturalist-open-data.s3.amazonaws.com/photos/545025361/medium.jpg,CC-BY 4.0,Lera Miles,lera,2025-07-30,https://www.inaturalist.org/observations/302423577,"© Lera Miles, some rights reserved (CC-BY)",857a6d3f2074b1f3618196ccf92fad4816d397708a69426f9beaf938e80c72b9
Necora puber,389077635,https://inaturalist-open-data.s3.amazonaws.com/photos/389077635/medium.jpg,CC-BY 4.0,Kieran Roy Powell,biocelt,2024-06-01,https://www.inaturalist.org/observations/219797450,"© Kieran Roy Powell, some rights reserved (CC-BY)",09013f97d3bea098ad8f5798a1999f44819e96774574a77ce3a8fd9f8ec4b005
Necora puber,435114786,https://inaturalist-open-data.s3.amazonaws.com/photos/435114786/medium.jpg,CC-BY 4.0,John Hepburn,john_hepburn,2024-09-21,https://www.inaturalist.org/observations/243968952,"© John Hepburn, some rights reserved (CC-BY)",7d428ffecc3a463600aba128378819fd5250a1aef4593b27a2aeeff95c081f9d
Necora puber,356985718,https://inaturalist-open-data.s3.amazonaws.com/photos/356985718/medium.jpeg,CC-BY 4.0,Javier Sánchez Álvarez,javsagg34,2024-03-11,https://www.inaturalist.org/observations/202157506,"© Javier Sánchez Álvarez, some rights reserved (CC-BY)",506db335e66bcb6ee49a0957661b0cd4c4c2e225acba78562ffbeb380effd069
Necora puber,356985727,https://inaturalist-open-data.s3.amazonaws.com/photos/356985727/medium.jpeg,CC-BY 4.0,Javier Sánchez Álvarez,javsagg34,2024-03-11,https://www.inaturalist.org/observations/202157506,"© Javier Sánchez Álvarez, some rights reserved (CC-BY)",2c5ed70e7563db2921661cb9e6d84633892945c9e84f9439d9acdf59ab4448c5
Necora puber,356985770,https://inaturalist-open-data.s3.amazonaws.com/photos/356985770/medium.jpeg,CC-BY 4.0,Javier Sánchez Álvarez,javsagg34,2024-03-11,https://www.inaturalist.org/observations/202157506,"© Javier Sánchez Álvarez, some rights reserved (CC-BY)",9ff745a01db669a98fa7c607db1b7eb9ca955206e7deee952220f653de7a1ad3
Necora puber,366479117,https://inaturalist-open-data.s3.amazonaws.com/photos/366479117/medium.jpeg,CC-BY 4.0,Nicola Crockford,nicolacrockford,2019-08-21,https://www.inaturalist.org/observations/207202373,"© Nicola Crockford, some rights reserved (CC-BY)",0237d39ce07bd50222813587c355c3f603e4aa732e247887b10b1a5825bd0f46
Necora puber,569241028,https://inaturalist-open-data.s3.amazonaws.com/photos/569241028/medium.jpg,CC-BY 4.0,Barney M,ngq15,2025-09-19,https://www.inaturalist.org/observations/315125491,"© Barney M, some rights reserved (CC-BY)",cc10c12f04532a5209eb59a37889202f1c0513dce3047bfce5aa8ae59ad2e95c
Necora puber,433502709,https://inaturalist-open-data.s3.amazonaws.com/photos/433502709/medium.jpeg,CC-BY 4.0,Diego González Dopico,diegodgd,2024-09-21,https://www.inaturalist.org/observations/243133383,"© Diego González Dopico, some rights reserved (CC-BY)",ed7a28b49985aba0658e580562ef8a571c3a0fbc2bea66833914027ab932ec54
Necora puber,411109022,https://inaturalist-open-data.s3.amazonaws.com/photos/411109022/medium.jpeg,CC-BY 4.0,norgram,norgram,2024-07-24,https://www.inaturalist.org/observations/231466567,"© norgram, some rights reserved (CC-BY)",fd1eed732b719e5e2bb466d27a062aca7ab6780067297ab5cbfd9695a4aaf241
Necora puber,165311254,https://inaturalist-open-data.s3.amazonaws.com/photos/165311254/medium.png,CC-BY 4.0,John Hepburn,john_hepburn,2021-10-23,https://www.inaturalist.org/observations/99195983,"© John Hepburn, some rights reserved (CC-BY)",7e6702f227cf16e07f821947a7c6bc5ecb5d74baacf013d016ed37872040411c
Necora puber,205840405,https://inaturalist-open-data.s3.amazonaws.com/photos/205840405/medium.jpg,CC-BY 4.0,Ron Pasieczna,rongoeswild,2022-06-13,https://www.inaturalist.org/observations/121629873,"© Ron Pasieczna, some rights reserved (CC-BY)",ebff3fe595f52d2447eb25960a5c9c44383d7fa64f89d1e3dbf63ce4ecea74f7
Cancer pagurus,463619909,https://inaturalist-open-data.s3.amazonaws.com/photos/463619909/medium.jpeg,CC-BY 4.0,carnifex,carnifex,2023-08-05,https://www.inaturalist.org/observations/258409649,"© carnifex, some rights reserved (CC-BY)",4f2220dff08261adfda81d2c9c77d4d8bfad6b974c818e02e6b34ad2fe57543a
Cancer pagurus,177336629,https://inaturalist-open-data.s3.amazonaws.com/photos/177336629/medium.jpeg,CC-BY 4.0,Iona M.,ionam,2022-01-27,https://www.inaturalist.org/observations/105662649,"© Iona M., some rights reserved (CC-BY)",e7e2a8e681fe245f8f23515049d9b55a7bce4a4056d83b940769ff00179dcbfe
Cancer pagurus,451405061,https://inaturalist-open-data.s3.amazonaws.com/photos/451405061/medium.jpeg,CC-BY 4.0,Elena Obradović,elenao1,2024-11-18,https://www.inaturalist.org/observations/252192078,"© Elena Obradović, some rights reserved (CC-BY)",4c25a45a3ba6afc0513fc4d38e49a95baa5faf5b4dfbced39873f25832ad7094
Cancer pagurus,451405088,https://inaturalist-open-data.s3.amazonaws.com/photos/451405088/medium.jpeg,CC-BY 4.0,Elena Obradović,elenao1,2024-11-18,https://www.inaturalist.org/observations/252192078,"© Elena Obradović, some rights reserved (CC-BY)",d0df5598739dcd23de235f41ebb9357f56a226be7a341d96bf1c3bb3aab9c2d5
Cancer pagurus,359978760,https://inaturalist-open-data.s3.amazonaws.com/photos/359978760/medium.jpg,CC-BY 4.0,Jamie O'Neill,swimjamie,2020-03-02,https://www.inaturalist.org/observations/203723100,"© Jamie O'Neill, some rights reserved (CC-BY)",6fe189083ef4b6b7edbe685b472f50baaa10e30170c646a91e4af116c26fa63b
Cancer pagurus,177339355,https://inaturalist-open-data.s3.amazonaws.com/photos/177339355/medium.jpeg,CC-BY 4.0,Iona M.,ionam,2022-01-27,https://www.inaturalist.org/observations/105664081,"© Iona M., some rights reserved (CC-BY)",a50da964fc6b55b207d42db8ce86e1644e903f91d255540e5ba61d00a57d31ee
Cancer pagurus,177339368,https://inaturalist-open-data.s3.amazonaws.com/photos/177339368/medium.jpeg,CC-BY 4.0,Iona M.,ionam,2022-01-27,https://www.inaturalist.org/observations/105664081,"© Iona M., some rights reserved (CC-BY)",55dce0e6cbc9aa6d3e90bc2bef2a6199b76750ba78ba50a4bfe1b7b5371d397c
Cancer pagurus,377163696,https://inaturalist-open-data.s3.amazonaws.com/photos/377163696/medium.jpg,CC-BY 4.0,Kieran Roy Powell,biocelt,2024-05-04,https://www.inaturalist.org/observations/213414455,"© Kieran Roy Powell, some rights reserved (CC-BY)",bacb6bff83e408c9d21e3248209c31066ae4491b0ce05578f7b139205ce5d9c4
Cancer pagurus,377163622,https://inaturalist-open-data.s3.amazonaws.com/photos/377163622/medium.jpg,CC-BY 4.0,Kieran Roy Powell,biocelt,2024-05-04,https://www.inaturalist.org/observations/213414455,"© Kieran Roy Powell, some rights reserved (CC-BY)",ddc95879943214c21fbf261f4540ba8824065667079ca1262675c7b77a0b7902
Cancer pagurus,377163651,https://inaturalist-open-data.s3.amazonaws.com/photos/377163651/medium.jpg,CC-BY 4.0,Kieran Roy Powell,biocelt,2024-05-04,https://www.inaturalist.org/observations/213414455,"© Kieran Roy Powell, some rights reserved (CC-BY)",fd9ea7ff2571538be188bbb2bea088bcc14f35dde5c516df632bc20399283e93
Cancer pagurus,177339624,https://inaturalist-open-data.s3.amazonaws.com/photos/177339624/medium.jpeg,CC-BY 4.0,Iona M.,ionam,2022-01-27,https://www.inaturalist.org/observations/105664229,"© Iona M., some rights reserved (CC-BY)",8db137c639108caf6799256e744b826e9473c3177b8318a4a7f1b3ca61c64198
Cancer pagurus,177339633,https://inaturalist-open-data.s3.amazonaws.com/photos/177339633/medium.jpeg,CC-BY 4.0,Iona M.,ionam,2022-01-27,https://www.inaturalist.org/observations/105664229,"© Iona M., some rights reserved (CC-BY)",12a6f3317b0eb8fbd6aa286728879eb889ab03b29ff7bd4eb9f62e38b5b8f60d
Cancer pagurus,76908331,https://inaturalist-open-data.s3.amazonaws.com/photos/76908331/medium.jpg,CC-BY 4.0,Klaus Kevin Kristensen,kkkristensen,2020-04-28,https://www.inaturalist.org/observations/48468094,"© Klaus Kevin Kristensen, some rights reserved (CC-BY)",795a37c3ec3cd5c2c4dac924c8fbdc3950f50f87dcb1d08aa105bcd088c038b4
Cancer pagurus,183951972,https://inaturalist-open-data.s3.amazonaws.com/photos/183951972/medium.jpeg,CC-BY 4.0,Julien Tchilinguirian,jtch,2022-03-20,https://www.inaturalist.org/observations/109175734,"© Julien Tchilinguirian, some rights reserved (CC-BY)",591b2c7a5fa1e171d3c88824577b96a66b0530a350cb3a852ec2508e36b1d564
Cancer pagurus,183951975,https://inaturalist-open-data.s3.amazonaws.com/photos/183951975/medium.jpeg,CC-BY 4.0,Julien Tchilinguirian,jtch,2022-03-20,https://www.inaturalist.org/observations/109175734,"© Julien Tchilinguirian, some rights reserved (CC-BY)",bb0f84029dd88483c21fba6d0f5ef185bb62ffa80634fde70f20ba0a0ad96233
Cancer pagurus,375322915,https://inaturalist-open-data.s3.amazonaws.com/photos/375322915/medium.jpeg,CC-BY 4.0,Floss Prior,floosemoose,2023-06-07,https://www.inaturalist.org/observations/212381398,"© Floss Prior, some rights reserved (CC-BY)",80272d14d297ff87ce664c5e52c6db5cd3708acb7ab2b268de6ad1253844b73f
Cancer pagurus,263060726,https://inaturalist-open-data.s3.amazonaws.com/photos/263060726/medium.jpg,CC-BY 4.0,Lou Wagstaffe,jsylou,2023-02-22,https://www.inaturalist.org/observations/152388534,"© Lou Wagstaffe, some rights reserved (CC-BY)",1fae5e3e2e3249d510a4328bcc09fa2fc3abdf669b7478dd593af052cd7835c2
Cancer pagurus,284414719,https://inaturalist-open-data.s3.amazonaws.com/photos/284414719/medium.jpeg,CC-BY 4.0,Jennifer Woollin,woollin,2021-05-29,https://www.inaturalist.org/observations/164381501,"© Jennifer Woollin, some rights reserved (CC-BY)",7e95f91f449fbf66b25da346fc7169204903c77b8eb6a76c77d4dbbf9def8e98
Cancer pagurus,284414741,https://inaturalist-open-data.s3.amazonaws.com/photos/284414741/medium.jpeg,CC-BY 4.0,Jennifer Woollin,woollin,2021-05-29,https://www.inaturalist.org/observations/164381501,"© Jennifer Woollin, some rights reserved (CC-BY)",f73e7e06c2c21ffcca9d2e589559176f308e372cbd83f25db36c63cc5f660830
Cancer pagurus,418129025,https://inaturalist-open-data.s3.amazonaws.com/photos/418129025/medium.jpeg,CC-BY 4.0,Alfie Felton,jaiiiiiiii_,2024-08-11,https://www.inaturalist.org/observations/235138087,"© Alfie Felton, some rights reserved (CC-BY)",f2b8d4bc06aa5580558b1dfba9b3fd752e2cebcc893effa5ba4a49efd735a637
Cancer pagurus,418129102,https://inaturalist-open-data.s3.amazonaws.com/photos/418129102/medium.jpeg,CC-BY 4.0,Alfie Felton,jaiiiiiiii_,2024-08-11,https://www.inaturalist.org/observations/235138087,"© Alfie Felton, some rights reserved (CC-BY)",294228c29ff84344a1b6bb71d036d871ad7a5bb7aadaed67549a4ce4368b2841
Cancer pagurus,410995776,https://inaturalist-open-data.s3.amazonaws.com/photos/410995776/medium.jpg,CC-BY 4.0,Tim Johnson,tim-johnson,2024-06-16,https://www.inaturalist.org/observations/231417601,"© Tim Johnson, some rights reserved (CC-BY)",21461fe5c3911a708e60c49f9fc4c2f2e7b7e93a81e2bef23d5202ed2ad0743f
Cancer pagurus,583180664,https://inaturalist-open-data.s3.amazonaws.com/photos/583180664/medium.jpg,CC-BY 4.0,Linda Lötjönen,lindalotjonen,2025-09-26,https://www.inaturalist.org/observations/322381227,"© Linda Lötjönen, some rights reserved (CC-BY)",87fecb5373bb5067b6542e5eb242c5dc4164e0b7934aee467e548ae00ab10f5b
Cancer pagurus,583180684,https://inaturalist-open-data.s3.amazonaws.com/photos/583180684/medium.jpg,CC-BY 4.0,Linda Lötjönen,lindalotjonen,2025-09-26,https://www.inaturalist.org/observations/322381227,"© Linda Lötjönen, some rights reserved (CC-BY)",5a3d4cce21c0903a097ffc07886c1573f1fc89a1b93d334d0017c84b556e73ca
Cancer pagurus,665242432,https://inaturalist-open-data.s3.amazonaws.com/photos/665242432/medium.jpg,CC-BY 4.0,Paul Brazier,paulbrazier,2026-05-23,https://www.inaturalist.org/observations/364429836,"© Paul Brazier, some rights reserved (CC-BY)",479446d99a322829b20babad5035c57f4a6f7851c4d1734dea9bd2970242e378
Cancer pagurus,519231790,https://inaturalist-open-data.s3.amazonaws.com/photos/519231790/medium.jpg,CC-BY 4.0,John Hepburn,john_hepburn,2025-05-28,https://www.inaturalist.org/observations/288711272,"© John Hepburn, some rights reserved (CC-BY)",ad4e89a1178bbb3ee3fa091bcf02d9675331226e864d6b49b79560093b361942
Ancylomenes magnificus,711982486,https://inaturalist-open-data.s3.amazonaws.com/photos/711982486/medium.jpg,CC-BY 4.0,Gregor Bailar,gregorbailar,2025-04-01,https://www.inaturalist.org/observations/388727422,"© Gregor Bailar, some rights reserved (CC-BY)",311de9f55b30b7eb2937f4078eba570efa267f82235c01959f0e18bde70c4281
Ancylomenes magnificus,711982492,https://inaturalist-open-data.s3.amazonaws.com/photos/711982492/medium.jpg,CC-BY 4.0,Gregor Bailar,gregorbailar,2025-04-01,https://www.inaturalist.org/observations/388727422,"© Gregor Bailar, some rights reserved (CC-BY)",4c52f85479d88af752b7ac72039810bdc9e04213f40c793b274f44baa9fe1b61
Ancylomenes magnificus,711982490,https://inaturalist-open-data.s3.amazonaws.com/photos/711982490/medium.jpg,CC-BY 4.0,Gregor Bailar,gregorbailar,2025-04-01,https://www.inaturalist.org/observations/388727422,"© Gregor Bailar, some rights reserved (CC-BY)",fcbbffc525c0c0a25674860ca4b352166a190da100d9c494f94e0d69f0f6f15f
Ancylomenes magnificus,711982500,https://inaturalist-open-data.s3.amazonaws.com/photos/711982500/medium.jpg,CC-BY 4.0,Gregor Bailar,gregorbailar,2025-04-01,https://www.inaturalist.org/observations/388727422,"© Gregor Bailar, some rights reserved (CC-BY)",c29467d5403e71dc9b7afaf0c7746f5e6636b16b02527f4a503318418134497e
Ancylomenes magnificus,31993907,https://inaturalist-open-data.s3.amazonaws.com/photos/31993907/medium.jpg,CC-BY 4.0,desertnaturalist,desertnaturalist,2019-01-28,https://www.inaturalist.org/observations/20749169,"© desertnaturalist, some rights reserved (CC-BY)",d945d2824c23d91d23b0d9b077b0817ebdb9018bb93becc0dd589d5d8dcaf867
Ancylomenes magnificus,31994006,https://inaturalist-open-data.s3.amazonaws.com/photos/31994006/medium.jpg,CC-BY 4.0,desertnaturalist,desertnaturalist,2019-01-28,https://www.inaturalist.org/observations/20749169,"© desertnaturalist, some rights reserved (CC-BY)",8cf3b10884bddcdbe4dae14dc8c9b5bcb8fe2682736fb6faa5e5896761908943
Ancylomenes magnificus,32008654,https://inaturalist-open-data.s3.amazonaws.com/photos/32008654/medium.jpg,CC-BY 4.0,desertnaturalist,desertnaturalist,2019-01-28,https://www.inaturalist.org/observations/20749169,"© desertnaturalist, some rights reserved (CC-BY)",333783a792d4dae5dc74a6fd63719a26068a43d3390f7fee8d9c2d3d8629fb1d
Ancylomenes magnificus,159647055,https://inaturalist-open-data.s3.amazonaws.com/photos/159647055/medium.jpg,CC-BY 4.0,Bernard DUPONT,berniedup,2009-10-15,https://www.inaturalist.org/observations/96121432,"© Bernard DUPONT, some rights reserved (CC-BY)",916f43522c184096ceb3fb0bd561724fe2faa7f71ab11efe5307faf9c1b36119
Ancylomenes magnificus,159647326,https://inaturalist-open-data.s3.amazonaws.com/photos/159647326/medium.jpg,CC-BY 4.0,Bernard DUPONT,berniedup,2009-10-15,https://www.inaturalist.org/observations/96121432,"© Bernard DUPONT, some rights reserved (CC-BY)",120ea4395e1261092e6fedb5a1f89880ebc80bdd36032c7dd8e8d3d8952d5bb0
Ancylomenes magnificus,159647892,https://inaturalist-open-data.s3.amazonaws.com/photos/159647892/medium.jpg,CC-BY 4.0,Bernard DUPONT,berniedup,2009-10-15,https://www.inaturalist.org/observations/96121432,"© Bernard DUPONT, some rights reserved (CC-BY)",71eae29efeac5d6cfb7255502f6b7a59d4ceb8a0261790f2d0f8e642fd38a88e
Ancylomenes magnificus,333610533,https://inaturalist-open-data.s3.amazonaws.com/photos/333610533/medium.jpg,CC-BY 4.0,Pauline Walsh Jacobson,coralreefdreams,2016-04-29,https://www.inaturalist.org/observations/190323495,"© Pauline Walsh Jacobson, some rights reserved (CC-BY)",5fd621e83dc65cea98d832db634661e01187c1c5e38c1840cbec628a24bdc682
Ancylomenes magnificus,333785477,https://inaturalist-open-data.s3.amazonaws.com/photos/333785477/medium.jpg,CC-BY 4.0,Pauline Walsh Jacobson,coralreefdreams,2016-05-01,https://www.inaturalist.org/observations/190410890,"© Pauline Walsh Jacobson, some rights reserved (CC-BY)",eee2a7ecc95ad5ebf227617021fc5399ea47d4d5dd9d22492b6c5a02bce28f46
Ancylomenes magnificus,85226874,https://inaturalist-open-data.s3.amazonaws.com/photos/85226874/medium.jpg,CC-BY 4.0,Dan Schofield,djscho,2020-07-15,https://www.inaturalist.org/observations/53580850,"© Dan Schofield, some rights reserved (CC-BY)",41aa4442e63ee3abb8d9addd2e7c6164aa75611989f3a569e4a454f324c49bda
Ancylomenes magnificus,114426539,https://inaturalist-open-data.s3.amazonaws.com/photos/114426539/medium.jpg,CC-BY 4.0,TonyT,tongks22,2019-12-26,https://www.inaturalist.org/observations/70358491,"© TonyT, some rights reserved (CC-BY)",765e2ecc36342a2e8cd1a2a68754a559ea7d6e60bf6cd8dcb2dae37d578eaf2a
Ancylomenes magnificus,114426544,https://inaturalist-open-data.s3.amazonaws.com/photos/114426544/medium.jpg,CC-BY 4.0,TonyT,tongks22,2019-12-26,https://www.inaturalist.org/observations/70358491,"© TonyT, some rights reserved (CC-BY)",323e39cd2770d0fd3be8aa818370059d984c7d3de5155fe2b6ff8b92e49422ea
Ancylomenes magnificus,131837789,https://inaturalist-open-data.s3.amazonaws.com/photos/131837789/medium.jpg,CC-BY 4.0,TonyT,tongks22,2019-12-26,https://www.inaturalist.org/observations/70358491,"© TonyT, some rights reserved (CC-BY)",3fb8473340c554f6eed4fd73fd74bdcf0611557711cbbccc9d9f9b15455e3cc1
Acanthaster planci,525906136,https://inaturalist-open-data.s3.amazonaws.com/photos/525906136/medium.jpg,CC-BY 4.0,Nathan,befuddledowl,2025-06-18,https://www.inaturalist.org/observations/292257435,"© Nathan, some rights reserved (CC-BY)",59ef84666629e3df5c3e0877570d96bddb7b919b3d6351e19e1d57bb8530a115
Acanthaster planci,190286887,https://inaturalist-open-data.s3.amazonaws.com/photos/190286887/medium.jpeg,CC-BY 4.0,luluchouette,luluchouette,2021-12-10,https://www.inaturalist.org/observations/112650713,"© luluchouette, some rights reserved (CC-BY)",e69bfb7cea0b1d5d9d4b9504cb72cc936167acbdbd56953401a7d9b5e261c43b
Acanthaster planci,591493819,https://inaturalist-open-data.s3.amazonaws.com/photos/591493819/medium.jpg,CC-BY 4.0,Jakkarin Burananit,aujakkarin,2025-11-14,https://www.inaturalist.org/observations/326576053,"© Jakkarin Burananit, some rights reserved (CC-BY)",322cc89aca844dd881b46857c3930125b8bb3d044afe132f00a327247ef15c3c
Acanthaster planci,475207958,https://inaturalist-open-data.s3.amazonaws.com/photos/475207958/medium.jpeg,CC-BY 4.0,Darren Obbard,darren_j_obbard,2025-02-26,https://www.inaturalist.org/observations/264634378,"© Darren Obbard, some rights reserved (CC-BY)",09ae4d8323a5522a1865373d7e47a2d47f5b2b48277b1d823be074253f098f28
Acanthaster planci,609754822,https://inaturalist-open-data.s3.amazonaws.com/photos/609754822/medium.jpg,CC-BY 4.0,CaracalShan,caracalshan,2025-11-14,https://www.inaturalist.org/observations/335629115,"© CaracalShan, some rights reserved (CC-BY)",0812cfa057ec28ece5a177edfbdad23b837deb800b372115cba9f8a651697102
Acanthaster planci,249083405,https://inaturalist-open-data.s3.amazonaws.com/photos/249083405/medium.jpg,CC-BY 4.0,Donald Davesne,donalddavesne,2022-11-14,https://www.inaturalist.org/observations/145048697,"© Donald Davesne, some rights reserved (CC-BY)",0fae1b4ce271a2a0ff59f764886ef1690ff268dc9013a78470187aaabf968ca5
Acanthaster planci,352143805,https://inaturalist-open-data.s3.amazonaws.com/photos/352143805/medium.jpg,CC-BY 4.0,nbasargin,nbasargin,2022-12-10,https://www.inaturalist.org/observations/199663787,"© nbasargin, some rights reserved (CC-BY)",bc1d3b503838844f14f4ef119ce8b3d691f88a514a6390ad6a61ca4879fc9cf7
Acanthaster planci,352143802,https://inaturalist-open-data.s3.amazonaws.com/photos/352143802/medium.jpg,CC-BY 4.0,nbasargin,nbasargin,2022-12-10,https://www.inaturalist.org/observations/199663787,"© nbasargin, some rights reserved (CC-BY)",acb0b73a066370dc3162922ab3e0b103bb43969146128d63a6b9413580817ea5
Acanthaster planci,603483870,https://inaturalist-open-data.s3.amazonaws.com/photos/603483870/medium.jpg,CC-BY 4.0,Ben Costamagna,bencostamagna,2025-12-25,https://www.inaturalist.org/observations/332430203,"© Ben Costamagna, some rights reserved (CC-BY)",b7ec2d8612a4648ee9279f77e48ed83dae3de7762f54ddf692103a6188f043a5
Acanthaster planci,623121956,https://inaturalist-open-data.s3.amazonaws.com/photos/623121956/medium.jpg,CC-BY 4.0,Jonathan Curley,curleycurlew,2026-03-01,https://www.inaturalist.org/observations/342203590,"© Jonathan Curley, some rights reserved (CC-BY)",1a4562511aee7ad74bbd4206b492d9dc0829cd7cdd2b72c36b3031bb5b4b1e4f
Acanthaster planci,609996774,https://inaturalist-open-data.s3.amazonaws.com/photos/609996774/medium.jpg,CC-BY 4.0,CaracalShan,caracalshan,2025-11-14,https://www.inaturalist.org/observations/335747810,"© CaracalShan, some rights reserved (CC-BY)",710422b04f82349bffdcc6a719247126cab76fa87b60479c0530aba496789085
Acanthaster planci,262686620,https://inaturalist-open-data.s3.amazonaws.com/photos/262686620/medium.jpg,CC-BY 4.0,ig: underwater.logs,nslog0,2023-03-24,https://www.inaturalist.org/observations/152185706,"© ig: underwater.logs, some rights reserved (CC-BY)",3cb5e84154dac8f7bf9d33f55f050a59e9c94aabeba340c2c7ff60f2370afeb8
Acanthaster planci,440864353,https://inaturalist-open-data.s3.amazonaws.com/photos/440864353/medium.jpeg,CC-BY 4.0,Jay Paroline,jayparoline,2024-10-12,https://www.inaturalist.org/observations/246899295,"© Jay Paroline, some rights reserved (CC-BY)",313a2a453793f237263eb2206fec96c5724fc9f580d4e230e32b0a5d96cfca84
Acanthaster planci,609754845,https://inaturalist-open-data.s3.amazonaws.com/photos/609754845/medium.jpg,CC-BY 4.0,CaracalShan,caracalshan,2025-11-14,https://www.inaturalist.org/observations/335629117,"© CaracalShan, some rights reserved (CC-BY)",af458aa47748b1239aa6426acf1a9de22bbc7e29027e6b767e582826b9537748
Acanthaster planci,249822158,https://inaturalist-open-data.s3.amazonaws.com/photos/249822158/medium.jpg,CC-BY 4.0,Donald Davesne,donalddavesne,2022-11-14,https://www.inaturalist.org/observations/145444429,"© Donald Davesne, some rights reserved (CC-BY)",3fddb303c2499f08090b7ef6a23821ba2581bb597881733f64612ffca27d42ce
Acanthaster planci,249822122,https://inaturalist-open-data.s3.amazonaws.com/photos/249822122/medium.jpg,CC-BY 4.0,Donald Davesne,donalddavesne,2022-11-14,https://www.inaturalist.org/observations/145444429,"© Donald Davesne, some rights reserved (CC-BY)",026d3a55c9b43a9a5561a1937863baea0c4a08287e60233d52b933b7aa6b6abf
Acanthaster planci,205566567,https://inaturalist-open-data.s3.amazonaws.com/photos/205566567/medium.png,CC-BY 4.0,Kristof Zyskowski,kristofz,2022-03-29,https://www.inaturalist.org/observations/121485731,"© Kristof Zyskowski, some rights reserved (CC-BY)",1896c5f2361a8040e6e80ee04a694d43b366f4f4d11f0f09ce79d5eab0b5a3e2
Acanthaster planci,205566616,https://inaturalist-open-data.s3.amazonaws.com/photos/205566616/medium.png,CC-BY 4.0,Kristof Zyskowski,kristofz,2022-03-29,https://www.inaturalist.org/observations/121485731,"© Kristof Zyskowski, some rights reserved (CC-BY)",37ccf442ffc664ff02bd1b4f16ad3e16cd64113934c541ee5e46539ba02408bf
Acanthaster planci,591493797,https://inaturalist-open-data.s3.amazonaws.com/photos/591493797/medium.jpg,CC-BY 4.0,Jakkarin Burananit,aujakkarin,2025-11-14,https://www.inaturalist.org/observations/326576052,"© Jakkarin Burananit, some rights reserved (CC-BY)",2e9d8fbd1c61fa6ea35b9ac6f9e98978c71bea37806d468192b099d3c3698d4e
Acanthaster planci,434273458,https://inaturalist-open-data.s3.amazonaws.com/photos/434273458/medium.jpeg,CC-BY 4.0,habitat_institute_ecotourism_centre,habitat_institute_ecotourism_centre,2024-09-22,https://www.inaturalist.org/observations/243535335,"© habitat_institute_ecotourism_centre, some rights reserved (CC-BY)",ce5c89a7a30b4c55cbd96320cd1b07a5db63ba5c835ff30e35cf66e1d766bc1f
Acanthaster planci,352145122,https://inaturalist-open-data.s3.amazonaws.com/photos/352145122/medium.jpg,CC-BY 4.0,nbasargin,nbasargin,2022-12-10,https://www.inaturalist.org/observations/199663823,"© nbasargin, some rights reserved (CC-BY)",e7b3deeb7168571d49087821a70d9c091233ec39cac3ffcc42c2e7273ba90c64
Acanthaster planci,352145120,https://inaturalist-open-data.s3.amazonaws.com/photos/352145120/medium.jpg,CC-BY 4.0,nbasargin,nbasargin,2022-12-10,https://www.inaturalist.org/observations/199663823,"© nbasargin, some rights reserved (CC-BY)",bf00b53107169920dfffdfdc8fd7a594456b9fd8b6ca4c444dfabba8ea1b7cec
Acanthaster planci,565249719,https://inaturalist-open-data.s3.amazonaws.com/photos/565249719/medium.jpg,CC-BY 4.0,Ian Dugdale,ian_dugdale,2007-06-01,https://www.inaturalist.org/observations/313032867,"© Ian Dugdale, some rights reserved (CC-BY)",defd6cc31c5d8be6c672c9d1531e0d44e9f17236d6a5659e9febdf312c5fe507
Acanthaster planci,565249730,https://inaturalist-open-data.s3.amazonaws.com/photos/565249730/medium.jpg,CC-BY 4.0,Ian Dugdale,ian_dugdale,2007-06-01,https://www.inaturalist.org/observations/313032867,"© Ian Dugdale, some rights reserved (CC-BY)",22aa95b4b07922f228782e1663104c852017b81a7dc1f5786ff8ccfb859307a9
Acanthaster planci,3198910,https://inaturalist-open-data.s3.amazonaws.com/photos/3198910/medium.JPG,CC-BY 4.0,Julien Renoult,jujurenoult,2016-03-03,https://www.inaturalist.org/observations/2813975,"© Julien Renoult, some rights reserved (CC-BY)",6318235129d5b8a04b7f25f68c22672f828cf8288680b32216cd9b89c18a9e39
Protoreaster nodosus,267096552,https://inaturalist-open-data.s3.amazonaws.com/photos/267096552/medium.jpg,CC-BY 4.0,portioid,portioid,2023-04-12,https://www.inaturalist.org/observations/154575332,"© portioid, some rights reserved (CC-BY)",bb1766b2103034abdca7ce7177c53ff9474404663f02a3540fdd72fb72b3069e
Protoreaster nodosus,590070875,https://inaturalist-open-data.s3.amazonaws.com/photos/590070875/medium.jpg,CC-BY 4.0,abotto,abotto,2025-11-06,https://www.inaturalist.org/observations/325861710,"© abotto, some rights reserved (CC-BY)",6d5a73026325333dcfa501fe1cb278d9136c92f6a12e00a6c6505fdc43b20086
Protoreaster nodosus,590070901,https://inaturalist-open-data.s3.amazonaws.com/photos/590070901/medium.jpg,CC-BY 4.0,abotto,abotto,2025-11-06,https://www.inaturalist.org/observations/325861710,"© abotto, some rights reserved (CC-BY)",c5ff32791755f1a6ed9338ed617c7c21358241092efc05c0aa5f6b8b8633306c
Protoreaster nodosus,590070932,https://inaturalist-open-data.s3.amazonaws.com/photos/590070932/medium.jpg,CC-BY 4.0,abotto,abotto,2025-11-06,https://www.inaturalist.org/observations/325861710,"© abotto, some rights reserved (CC-BY)",492daef3189a9bcc8d3183e4a314189ed57819dd01d2f0d0bb74f0fb07d5fb60
Protoreaster nodosus,612671465,https://inaturalist-open-data.s3.amazonaws.com/photos/612671465/medium.jpg,CC-BY 4.0,PampaSorro,pampasorro,2026-02-02,https://www.inaturalist.org/observations/337070775,"© PampaSorro, some rights reserved (CC-BY)",149dbaa1a30e141fbf257b9d0a2a369183326a2d12346537b03d41ad7ce47c19
Protoreaster nodosus,508270915,https://inaturalist-open-data.s3.amazonaws.com/photos/508270915/medium.jpg,CC-BY 4.0,rashidchan,rashidchan,2024-09-05,https://www.inaturalist.org/observations/282886592,"© rashidchan, some rights reserved (CC-BY)",b13d16a80d9433e1a17938a240b41979b9264391abdba88c9880d6f4933dbb88
Protoreaster nodosus,549752248,https://inaturalist-open-data.s3.amazonaws.com/photos/549752248/medium.jpg,CC-BY 4.0,Tim,twan3253,2025-02-08,https://www.inaturalist.org/observations/304931004,"© Tim, some rights reserved (CC-BY)",0b5f4710276086b59612afd66cf33aaaca742317fcaae743a624d950040bb0d6
Protoreaster nodosus,552118331,https://inaturalist-open-data.s3.amazonaws.com/photos/552118331/medium.jpg,CC-BY 4.0,Pierre Pericard,ppericard,2025-08-13,https://www.inaturalist.org/observations/306174100,"© Pierre Pericard, some rights reserved (CC-BY)",22b6bf302c99a5595bb51a8adad777f2b0186ee7ae6e2a5187bb5e3df61c1b25
Protoreaster nodosus,302087811,https://inaturalist-open-data.s3.amazonaws.com/photos/302087811/medium.jpeg,CC-BY 4.0,Doreen,hadoe,2023-07-08,https://www.inaturalist.org/observations/173918607,"© Doreen, some rights reserved (CC-BY)",4e6f89b3fb684eedbb5feae321f9de3722f8e99c40560c6fdf0ff751c90f26d3
Protoreaster nodosus,132129070,https://inaturalist-open-data.s3.amazonaws.com/photos/132129070/medium.jpg,CC-BY 4.0,Cheongweei Gan,gancw1,2021-05-28,https://www.inaturalist.org/observations/80611914,"© Cheongweei Gan, some rights reserved (CC-BY)",85fdc19e555d72299ad7093b2dfbbb8369c82092fdb8c8da97a1c8dfc0318b30
Protoreaster nodosus,48738564,https://inaturalist-open-data.s3.amazonaws.com/photos/48738564/medium.jpeg,CC-BY 4.0,Franz Anthony,franzanth,2019-08-20,https://www.inaturalist.org/observations/31157860,"© Franz Anthony, some rights reserved (CC-BY)",e91cae2cd5414518c7de2b51ab2adabd226a3d89d9e6110c62c68a670894b107
Protoreaster nodosus,375130419,https://inaturalist-open-data.s3.amazonaws.com/photos/375130419/medium.jpg,CC-BY 4.0,Wang.QG,wangqg,2016-12-19,https://www.inaturalist.org/observations/212271402,"© Wang.QG, some rights reserved (CC-BY)",25d6c862762fb969db483320e1514be55ca93967bef9c68d4a9447bd62311bc8
Protoreaster nodosus,625750745,https://inaturalist-open-data.s3.amazonaws.com/photos/625750745/medium.jpg,CC-BY 4.0,PampaSorro,pampasorro,2026-03-14,https://www.inaturalist.org/observations/343511496,"© PampaSorro, some rights reserved (CC-BY)",07b23b84e19c73bc0288d13895532ab683bb2450631fe84ce33dfed2e468659b
Protoreaster nodosus,250316342,https://inaturalist-open-data.s3.amazonaws.com/photos/250316342/medium.jpeg,CC-BY 4.0,Bartholomeus van der Geer,bartholomeusvandergeer,2020-01-27,https://www.inaturalist.org/observations/145697195,"© Bartholomeus van der Geer, some rights reserved (CC-BY)",b3a5c513ad0cd7e56b1255848956e56ee825c8d11edc7da892818a10e6559f33
Protoreaster nodosus,267818754,https://inaturalist-open-data.s3.amazonaws.com/photos/267818754/medium.jpg,CC-BY 4.0,portioid,portioid,2023-04-15,https://www.inaturalist.org/observations/154969778,"© portioid, some rights reserved (CC-BY)",88e494f69981fd1b2b0b141862d8df80f078a0a9f8e71e2643805e927e344da6
Protoreaster nodosus,297995427,https://inaturalist-open-data.s3.amazonaws.com/photos/297995427/medium.jpg,CC-BY 4.0,TonyT,tongks22,2019-12-29,https://www.inaturalist.org/observations/171681062,"© TonyT, some rights reserved (CC-BY)",1ade7560886f6619028b39f7bd5bdacd3e71fb5bc87d8680e6534d408fc5bcc9
Protoreaster nodosus,132129010,https://inaturalist-open-data.s3.amazonaws.com/photos/132129010/medium.jpg,CC-BY 4.0,Cheongweei Gan,gancw1,2021-05-28,https://www.inaturalist.org/observations/80611898,"© Cheongweei Gan, some rights reserved (CC-BY)",3b2a2671a04de6cffa1214dea33537e13aa733dfb4a79e524b17c288e5598dca
Protoreaster nodosus,654690701,https://inaturalist-open-data.s3.amazonaws.com/photos/654690701/medium.jpg,CC-BY 4.0,Ben Costamagna,bencostamagna,2026-04-30,https://www.inaturalist.org/observations/358855735,"© Ben Costamagna, some rights reserved (CC-BY)",faa0cbcc456f7b0136516174893e56c2868410914e3ff9ca0bc53e32e1da5792
Protoreaster nodosus,623072554,https://inaturalist-open-data.s3.amazonaws.com/photos/623072554/medium.jpg,CC-BY 4.0,Julia Palmer,jupal04,2026-03-07,https://www.inaturalist.org/observations/342179853,"© Julia Palmer, some rights reserved (CC-BY)",4aef71d0c501e5b2f44c1566e674b2d04533461f699fc6f14679bf29c627a37b
Protoreaster nodosus,623072648,https://inaturalist-open-data.s3.amazonaws.com/photos/623072648/medium.jpg,CC-BY 4.0,Julia Palmer,jupal04,2026-03-07,https://www.inaturalist.org/observations/342179853,"© Julia Palmer, some rights reserved (CC-BY)",decf7290f92b7d39ffe41e548fe4c4fa6fc878a882109eaedfbf3316ab7df588
Protoreaster nodosus,523293351,https://inaturalist-open-data.s3.amazonaws.com/photos/523293351/medium.jpg,CC-BY 4.0,Vladislav Isaev,vladtepesh,2025-06-13,https://www.inaturalist.org/observations/290867018,"© Vladislav Isaev, some rights reserved (CC-BY)",512e68c070ad4101a49696fd3719ff4eb0942b1d879f84a30c1932abc5107761
Protoreaster nodosus,628250732,https://inaturalist-open-data.s3.amazonaws.com/photos/628250732/medium.jpg,CC-BY 4.0,Doreen,hadoe,2026-03-23,https://www.inaturalist.org/observations/344784498,"© Doreen, some rights reserved (CC-BY)",e70b75bac77430b7a148eea2184952133ec9d5b715cb2c0387ad68d3db41dd70
Protoreaster nodosus,628250817,https://inaturalist-open-data.s3.amazonaws.com/photos/628250817/medium.jpg,CC-BY 4.0,Doreen,hadoe,2026-03-23,https://www.inaturalist.org/observations/344784498,"© Doreen, some rights reserved (CC-BY)",2b9b45c0d6da8f2fb6b3abbcc82948072359e9e1d5c3e267cde90499c4cae654
Protoreaster nodosus,628250860,https://inaturalist-open-data.s3.amazonaws.com/photos/628250860/medium.jpg,CC-BY 4.0,Doreen,hadoe,2026-03-23,https://www.inaturalist.org/observations/344784498,"© Doreen, some rights reserved (CC-BY)",4eb5bdf0466d013aa1a29b580721a774014ee0fca97c0876568e7312ab3253e2
Protoreaster nodosus,628250913,https://inaturalist-open-data.s3.amazonaws.com/photos/628250913/medium.jpg,CC-BY 4.0,Doreen,hadoe,2026-03-23,https://www.inaturalist.org/observations/344784498,"© Doreen, some rights reserved (CC-BY)",04e99b71e052b2407d6a37b9cd3b1947d1cfdd44ff70e2fdf0c4fade530be170
Protoreaster nodosus,463317581,https://inaturalist-open-data.s3.amazonaws.com/photos/463317581/medium.jpg,CC-BY 4.0,R Vasconcellos,rvasconcellos,2024-11-07,https://www.inaturalist.org/observations/258250282,"© R Vasconcellos, some rights reserved (CC-BY)",aee0336b402eb976936686848c8316de00f07236cccae62c0dd523bad97f8d06
Protoreaster nodosus,396922212,https://inaturalist-open-data.s3.amazonaws.com/photos/396922212/medium.jpg,CC-BY 4.0,portioid,portioid,2024-06-20,https://www.inaturalist.org/observations/223984123,"© portioid, some rights reserved (CC-BY)",1dba18e803af71a39d58694d7aa37f4dad063cb69952de9910415679a25286a9
Diadema antillarum,34195552,https://inaturalist-open-data.s3.amazonaws.com/photos/34195552/medium.jpg,CC-BY 4.0,Andrés Ramírez-Barrera,nicolasr,2016-10-17,https://www.inaturalist.org/observations/22085298,"© Andrés Ramírez-Barrera, some rights reserved (CC-BY)",ad9a230f57388b1ed56255b021fe54dec7681315265dc20feec105e582fdd4bb
Diadema antillarum,583993518,https://inaturalist-open-data.s3.amazonaws.com/photos/583993518/medium.jpg,CC-BY 4.0,Jan Ebr &amp; Ivana Ebrová,opisska,2025-09-16,https://www.inaturalist.org/observations/322790516,"© Jan Ebr &amp; Ivana Ebrová, some rights reserved (CC-BY)",9532ad76c596e2c2dc68fd74ed12688a2ade2e6ce2f879d6af34075f894fb68a
Diadema antillarum,590706878,https://inaturalist-open-data.s3.amazonaws.com/photos/590706878/medium.jpg,CC-BY 4.0,Matteo Bellucci,matteobellu239,2025-11-05,https://www.inaturalist.org/observations/326186931,"© Matteo Bellucci, some rights reserved (CC-BY)",48013963c33a29741a2dec869847c9badbb1e15bee57d73b762a7a335f45191b
Diadema antillarum,369395671,https://inaturalist-open-data.s3.amazonaws.com/photos/369395671/medium.jpeg,CC-BY 4.0,Alex Doyle,alexjdoyle17,2024-04-17,https://www.inaturalist.org/observations/208770437,"© Alex Doyle, some rights reserved (CC-BY)",8955d0a0c90fe58aaef325616fb9161f461822343ef2caf75f5a0c582365f3ad
Diadema antillarum,158468125,https://inaturalist-open-data.s3.amazonaws.com/photos/158468125/medium.jpg,CC-BY 4.0,Pauline Walsh Jacobson,coralreefdreams,2017-04-02,https://www.inaturalist.org/observations/95453792,"© Pauline Walsh Jacobson, some rights reserved (CC-BY)",045416509c9c90d15d5c24216fcb5074354d2048def4497f278a9993e8a5bf0a
Diadema antillarum,344722394,https://inaturalist-open-data.s3.amazonaws.com/photos/344722394/medium.jpg,CC-BY 4.0,Robin White,robin_dive_diva,2024-01-05,https://www.inaturalist.org/observations/195881552,"© Robin White, some rights reserved (CC-BY)",a2a4e8f14bbdef3d564a14f1b8614093e8eb8d406034558104cf313fdbf50ff2
Diadema antillarum,344722417,https://inaturalist-open-data.s3.amazonaws.com/photos/344722417/medium.jpg,CC-BY 4.0,Robin White,robin_dive_diva,2024-01-05,https://www.inaturalist.org/observations/195881552,"© Robin White, some rights reserved (CC-BY)",6440582c07c2613a344add42ad98a37fbf871a7105783eece7e78b4cae3e25d4
Diadema antillarum,344722435,https://inaturalist-open-data.s3.amazonaws.com/photos/344722435/medium.jpg,CC-BY 4.0,Robin White,robin_dive_diva,2024-01-05,https://www.inaturalist.org/observations/195881552,"© Robin White, some rights reserved (CC-BY)",9128039d73ee83b2d2340cceb71996b6d2d4ad4a7e0db8463a41c20eba8fad4a
Diadema antillarum,365263459,https://inaturalist-open-data.s3.amazonaws.com/photos/365263459/medium.jpg,CC-BY 4.0,cello caruso-turiello,celllo,2024-04-10,https://www.inaturalist.org/observations/206522538,"© cello caruso-turiello, some rights reserved (CC-BY)",cdf155e8eb6605c764107653a54bdafcbf8b3a9e0c5676cf5ec9dacb59692383
Diadema antillarum,394407546,https://inaturalist-open-data.s3.amazonaws.com/photos/394407546/medium.jpeg,CC-BY 4.0,Fish and Dive,jean-vincentvieux-ingrassia,2024-01-22,https://www.inaturalist.org/observations/222647398,"© Fish and Dive, some rights reserved (CC-BY)",997334646fe0eae5db9fb6558f6002506f6b9e0e163a28b20a7977f08a676210
Diadema antillarum,394853439,https://inaturalist-open-data.s3.amazonaws.com/photos/394853439/medium.jpeg,CC-BY 4.0,ritirene,ritirene,2024-06-11,https://www.inaturalist.org/observations/222885556,"© ritirene, some rights reserved (CC-BY)",bb8ca9963cd4dce7e979e90a441d8d7e6bcbecca533621b748431e34ec37ace0
Diadema antillarum,394853687,https://inaturalist-open-data.s3.amazonaws.com/photos/394853687/medium.jpeg,CC-BY 4.0,ritirene,ritirene,2024-06-11,https://www.inaturalist.org/observations/222885576,"© ritirene, some rights reserved (CC-BY)",6297f89ae2b202b03be4ee8584804ee060a54572f16046919af8da0ab2eef0b8
Diadema antillarum,394850000,https://inaturalist-open-data.s3.amazonaws.com/photos/394850000/medium.jpeg,CC-BY 4.0,ritirene,ritirene,2024-06-11,https://www.inaturalist.org/observations/222881404,"© ritirene, some rights reserved (CC-BY)",a1c932eca0693bc1da95c7aa4f00ad6800a310c6b80a9258ce1cc152087b0431
Diadema antillarum,348265176,https://inaturalist-open-data.s3.amazonaws.com/photos/348265176/medium.png,CC-BY 4.0,Alex Doyle,alexjdoyle17,2024-01-26,https://www.inaturalist.org/observations/197701813,"© Alex Doyle, some rights reserved (CC-BY)",118162fb3673d2b02542e457f5055af6bea287335aef3dbe34170bfc66fcc396
Diadema antillarum,360278130,https://inaturalist-open-data.s3.amazonaws.com/photos/360278130/medium.png,CC-BY 4.0,SiphonophoreSlinger,siphonophoreslinger,2024-03-04,https://www.inaturalist.org/observations/203876364,"© SiphonophoreSlinger, some rights reserved (CC-BY)",8a54ad07f04070a65c842524135d890dcf084136d1ae31cbe410de51fa764101
Diadema antillarum,365587643,https://inaturalist-open-data.s3.amazonaws.com/photos/365587643/medium.jpg,CC-BY 4.0,cello caruso-turiello,celllo,2024-04-11,https://www.inaturalist.org/observations/206727344,"© cello caruso-turiello, some rights reserved (CC-BY)",b82a5ebb18684db278e64473b0a6e5bd97b994481a272a3017cfff0d0f9a47d5
Diadema antillarum,603749793,https://inaturalist-open-data.s3.amazonaws.com/photos/603749793/medium.jpg,CC-BY 4.0,Josh Noseworthy,josh_noseworthy,2025-12-29,https://www.inaturalist.org/observations/332652833,"© Josh Noseworthy, some rights reserved (CC-BY)",555ff6b30dca30cd0d7cfe72684142217ff5cf27beb397e3852587e8111c63a2
Diadema antillarum,168243911,https://inaturalist-open-data.s3.amazonaws.com/photos/168243911/medium.jpg,CC-BY 4.0,Pauline Walsh Jacobson,coralreefdreams,2019-04-12,https://www.inaturalist.org/observations/100784041,"© Pauline Walsh Jacobson, some rights reserved (CC-BY)",505d1684c8801df13bafa2a84cce6ffa02e498b122872d7118e7bab5293a4dc3
Spirobranchus giganteus,520918835,https://inaturalist-open-data.s3.amazonaws.com/photos/520918835/medium.jpg,CC-BY 4.0,Pauline Walsh Jacobson,coralreefdreams,2024-07-18,https://www.inaturalist.org/observations/289615278,"© Pauline Walsh Jacobson, some rights reserved (CC-BY)",25d8667ed37094468e327ba65bf17a881f9a93cc16813e5d832b37a3150a7241
Spirobranchus giganteus,520920551,https://inaturalist-open-data.s3.amazonaws.com/photos/520920551/medium.jpg,CC-BY 4.0,Pauline Walsh Jacobson,coralreefdreams,2024-07-18,https://www.inaturalist.org/observations/289615278,"© Pauline Walsh Jacobson, some rights reserved (CC-BY)",3764bcc8ac837873b1207274c401b0f68fdd2914d5cb6bb061531a7f229232fb
Spirobranchus giganteus,257784326,https://inaturalist-open-data.s3.amazonaws.com/photos/257784326/medium.jpg,CC-BY 4.0,Pauline Walsh Jacobson,coralreefdreams,2006-11-02,https://www.inaturalist.org/observations/149585569,"© Pauline Walsh Jacobson, some rights reserved (CC-BY)",ae5d13b95b281e45cf98fcd56ff46ae3f769b0ed4fd8a4558403fca9ca3a6b5a
Spirobranchus giganteus,203871400,https://inaturalist-open-data.s3.amazonaws.com/photos/203871400/medium.jpeg,CC-BY 4.0,ritirene,ritirene,2022-06-02,https://www.inaturalist.org/observations/120532267,"© ritirene, some rights reserved (CC-BY)",32220190a220279eaa256b8fbc5f80f296eaa2e263c3229ce24c72f0d0164651
Spirobranchus giganteus,203871420,https://inaturalist-open-data.s3.amazonaws.com/photos/203871420/medium.jpeg,CC-BY 4.0,ritirene,ritirene,2022-06-02,https://www.inaturalist.org/observations/120532267,"© ritirene, some rights reserved (CC-BY)",0d8bd17f0cc0cf52a2273fe9e4dbf3e39dbc0182d67eeef55a0be85e1c26152c
Spirobranchus giganteus,249235017,https://inaturalist-open-data.s3.amazonaws.com/photos/249235017/medium.jpg,CC-BY 4.0,Mario Bassini,bssmnt52,2009-10-18,https://www.inaturalist.org/observations/145124263,"© Mario Bassini, some rights reserved (CC-BY)",bd8a1333df3dfd192882b8cf1cf1d28cb99b01a514314ee52c1748d98f92e79f
Spirobranchus giganteus,317138039,https://inaturalist-open-data.s3.amazonaws.com/photos/317138039/medium.jpg,CC-BY 4.0,Robin White,robin_dive_diva,2023-09-04,https://www.inaturalist.org/observations/181944594,"© Robin White, some rights reserved (CC-BY)",8137df03adc86464200cdd08adb412f69fecd23cd155e8b76e2c35ad03600d23
Spirobranchus giganteus,329309876,https://inaturalist-open-data.s3.amazonaws.com/photos/329309876/medium.jpg,CC-BY 4.0,Jay Brasher,jbrasher,2023-09-05,https://www.inaturalist.org/observations/188196642,"© Jay Brasher, some rights reserved (CC-BY)",6b49fcf8e42cb24e0c98a149f56521ca5b34050e276944a143df4558eaf72300
Spirobranchus giganteus,369395833,https://inaturalist-open-data.s3.amazonaws.com/photos/369395833/medium.jpeg,CC-BY 4.0,Alex Doyle,alexjdoyle17,2024-04-17,https://www.inaturalist.org/observations/208770471,"© Alex Doyle, some rights reserved (CC-BY)",1338e1dd4a4c87b0fa7ac53b26ac669966c0035e6d6c6f191502afe42d563374
Spirobranchus giganteus,304341695,https://inaturalist-open-data.s3.amazonaws.com/photos/304341695/medium.jpg,CC-BY 4.0,Robin White,robin_dive_diva,2023-07-26,https://www.inaturalist.org/observations/175136597,"© Robin White, some rights reserved (CC-BY)",20ac7d8b3eeb03a5b1c36d92448e30bb7f1dca5e619caeaba8164022363959ba
Spirobranchus giganteus,304341744,https://inaturalist-open-data.s3.amazonaws.com/photos/304341744/medium.jpg,CC-BY 4.0,Robin White,robin_dive_diva,2023-07-26,https://www.inaturalist.org/observations/175136597,"© Robin White, some rights reserved (CC-BY)",832efba156bf7bd904f81fb04d090a9cb6c25f2a0a0049a41966af48c5f76f95
Spirobranchus giganteus,271530052,https://inaturalist-open-data.s3.amazonaws.com/photos/271530052/medium.jpg,CC-BY 4.0,Robin White,robin_dive_diva,2023-04-26,https://www.inaturalist.org/observations/157003628,"© Robin White, some rights reserved (CC-BY)",64dcf5ac162f3b648bf5bcda6e20e86e273d9fef9371e3124f774c67fc41bc76
Spirobranchus giganteus,271530084,https://inaturalist-open-data.s3.amazonaws.com/photos/271530084/medium.jpg,CC-BY 4.0,Robin White,robin_dive_diva,2023-04-26,https://www.inaturalist.org/observations/157003628,"© Robin White, some rights reserved (CC-BY)",3de01e39d17c42f7a8faf679bd97909e2c97ab3879d6f308458d84ca289612c6
Spirobranchus giganteus,628142613,https://inaturalist-open-data.s3.amazonaws.com/photos/628142613/medium.jpg,CC-BY 4.0,Matteo Bellucci,matteobellu239,2026-02-24,https://www.inaturalist.org/observations/344728229,"© Matteo Bellucci, some rights reserved (CC-BY)",4131a46c71b47f2dc51bc4a7688c85b7d0dcf87b96cf95b7b75b1188d86bd7ab
Spirobranchus giganteus,628142624,https://inaturalist-open-data.s3.amazonaws.com/photos/628142624/medium.jpg,CC-BY 4.0,Matteo Bellucci,matteobellu239,2026-02-24,https://www.inaturalist.org/observations/344728229,"© Matteo Bellucci, some rights reserved (CC-BY)",3fe5501c7301173b2ee63a8394031a3a751f286bbb527674970ae22f2a2ecd30
Spirobranchus giganteus,364951577,https://inaturalist-open-data.s3.amazonaws.com/photos/364951577/medium.jpg,CC-BY 4.0,cello caruso-turiello,celllo,2024-04-09,https://www.inaturalist.org/observations/206347165,"© cello caruso-turiello, some rights reserved (CC-BY)",97e2051eee44ac115526bada184571398f573b7f6a648108e9608b472f7d5f51
Spirobranchus giganteus,421001616,https://inaturalist-open-data.s3.amazonaws.com/photos/421001616/medium.jpeg,CC-BY 4.0,a_virginian,a_virginian,2024-08-18,https://www.inaturalist.org/observations/236630499,"© a_virginian, some rights reserved (CC-BY)",59a860b72e8914c5225685d402373e57dd9dda23be025237de97813627008b8e
Spirobranchus giganteus,248097231,https://inaturalist-open-data.s3.amazonaws.com/photos/248097231/medium.jpg,CC-BY 4.0,Pauline Walsh Jacobson,coralreefdreams,2000-07-29,https://www.inaturalist.org/observations/144540795,"© Pauline Walsh Jacobson, some rights reserved (CC-BY)",db4fb8e8eb2d788d84bf604859c1071e32a7bded2d5d6ada472699405883c236
Spirobranchus giganteus,466776807,https://inaturalist-open-data.s3.amazonaws.com/photos/466776807/medium.jpg,CC-BY 4.0,Pauline Walsh Jacobson,coralreefdreams,2023-01-25,https://www.inaturalist.org/observations/259970848,"© Pauline Walsh Jacobson, some rights reserved (CC-BY)",1571415cb9c619eae28218bf15bda8cc03435e202a4b13d028f136c172b9de48
Spirobranchus giganteus,466777042,https://inaturalist-open-data.s3.amazonaws.com/photos/466777042/medium.jpg,CC-BY 4.0,Pauline Walsh Jacobson,coralreefdreams,2023-01-25,https://www.inaturalist.org/observations/259970848,"© Pauline Walsh Jacobson, some rights reserved (CC-BY)",66cf343091392ec93efdfd8d5e580660691ad47b3cb428e868046bb1933c71ce
Spirobranchus giganteus,254606666,https://inaturalist-open-data.s3.amazonaws.com/photos/254606666/medium.jpg,CC-BY 4.0,Jay Brasher,jbrasher,2022-09-11,https://www.inaturalist.org/observations/147911817,"© Jay Brasher, some rights reserved (CC-BY)",818036675df92e634867c8941523a3fef4241a86f65e8610f205d1757161a4b8
Spirobranchus giganteus,536160109,https://inaturalist-open-data.s3.amazonaws.com/photos/536160109/medium.jpg,CC-BY 4.0,Jay Brasher,jbrasher,2024-09-07,https://www.inaturalist.org/observations/297704766,"© Jay Brasher, some rights reserved (CC-BY)",70803822bd09474b10578f8fe898606549d46707b9e0f4b65fe0dd41dee64d95
Spirobranchus giganteus,439893319,https://inaturalist-open-data.s3.amazonaws.com/photos/439893319/medium.jpg,CC-BY 4.0,Jay Brasher,jbrasher,2023-09-18,https://www.inaturalist.org/observations/246412547,"© Jay Brasher, some rights reserved (CC-BY)",2f6f08f3aebab09147b62895ddca46173bed9265c3ef8a59dadff5d799c01a82
Spirobranchus giganteus,351322709,https://inaturalist-open-data.s3.amazonaws.com/photos/351322709/medium.jpg,CC-BY 4.0,Jay Brasher,jbrasher,2023-09-11,https://www.inaturalist.org/observations/199236907,"© Jay Brasher, some rights reserved (CC-BY)",8e5431427adae8b9cf57ae7ab9058a5a850bf3fc0a6e49313ad51b61ca67d83c
Spirobranchus giganteus,266822871,https://inaturalist-open-data.s3.amazonaws.com/photos/266822871/medium.jpg,CC-BY 4.0,Jay Brasher,jbrasher,2022-09-13,https://www.inaturalist.org/observations/154422130,"© Jay Brasher, some rights reserved (CC-BY)",80422832fba06047157262760e4c37bc2979c37cb444eee8095f38e024d1615f
Spirobranchus giganteus,260644414,https://inaturalist-open-data.s3.amazonaws.com/photos/260644414/medium.jpg,CC-BY 4.0,Jay Brasher,jbrasher,2022-09-13,https://www.inaturalist.org/observations/151091706,"© Jay Brasher, some rights reserved (CC-BY)",9f40b6d112aaa3025019829c4df6ef2f6790a362d05ec7891a7852bcbc00de6a
Spirobranchus giganteus,470557373,https://inaturalist-open-data.s3.amazonaws.com/photos/470557373/medium.jpg,CC-BY 4.0,BJ Smit,bjsmit,2009-05-19,https://www.inaturalist.org/observations/261872154,"© BJ Smit, some rights reserved (CC-BY)",36e26bcdd8a2c92f616bf39e4a42f47771c86e7a50609598642c4610730404c7
Spirobranchus giganteus,277679523,https://inaturalist-open-data.s3.amazonaws.com/photos/277679523/medium.jpg,CC-BY 4.0,Jay Brasher,jbrasher,2022-09-14,https://www.inaturalist.org/observations/160682781,"© Jay Brasher, some rights reserved (CC-BY)",6e0cdd4c432dfaa5a84c1431b6251e6ab6b2ff346f23e470b791f527c66c7719
Spirobranchus giganteus,242355788,https://inaturalist-open-data.s3.amazonaws.com/photos/242355788/medium.jpg,CC-BY 4.0,Jay Brasher,jbrasher,2022-09-08,https://www.inaturalist.org/observations/141462908,"© Jay Brasher, some rights reserved (CC-BY)",b8aaedd7ac9c54feffad88e2f718945c24021ad16bb2f51d47871a4a4e5f139a
Spirobranchus giganteus,575954266,https://inaturalist-open-data.s3.amazonaws.com/photos/575954266/medium.jpg,CC-BY 4.0,Jay Brasher,jbrasher,2024-09-08,https://www.inaturalist.org/observations/318664366,"© Jay Brasher, some rights reserved (CC-BY)",526767c6a53efe669ccff1e72aff6e3e1ec74898d2462767debd1c84124a8ae7
Tridacna maxima,157403417,https://inaturalist-open-data.s3.amazonaws.com/photos/157403417/medium.jpeg,CC-BY 4.0,natomik,natomik,2006-01-14,https://www.inaturalist.org/observations/94860172,"© natomik, some rights reserved (CC-BY)",5608faaf98a6e89c4b516dcf8108a26286bba30ac7c96bfe83a9a0f289a04a17
Tridacna maxima,64213215,https://inaturalist-open-data.s3.amazonaws.com/photos/64213215/medium.jpeg,CC-BY 4.0,Roger Rittmaster,rogerritt,2020-03-01,https://www.inaturalist.org/observations/40519360,"© Roger Rittmaster, some rights reserved (CC-BY)",2be418fcc5559f69b6d84a52faad97fc5d8fda908a3cc1fff34a67e729adcc41
Tridacna maxima,201731790,https://inaturalist-open-data.s3.amazonaws.com/photos/201731790/medium.jpg,CC-BY 4.0,Debra Baker,quokka2,2022-05-23,https://www.inaturalist.org/observations/119347961,"© Debra Baker, some rights reserved (CC-BY)",30e0f0974ab1e306db32667b86bf53190d0945fa564f2855edda9d7fb177fd33
Tridacna maxima,325725761,https://inaturalist-open-data.s3.amazonaws.com/photos/325725761/medium.jpeg,CC-BY 4.0,Petr Knotek,mallomonas,2023-10-06,https://www.inaturalist.org/observations/186391029,"© Petr Knotek, some rights reserved (CC-BY)",169e184ec1b9bbcff7755bb91f250e0d7da9235fa5e60488da1f9a200690a854
Tridacna maxima,350439635,https://inaturalist-open-data.s3.amazonaws.com/photos/350439635/medium.png,CC-BY 4.0,Sockrosma,sockrosma,2018-10-03,https://www.inaturalist.org/observations/198787832,"© Sockrosma, some rights reserved (CC-BY)",cd3c0f790bff58252524eb59ea628fda26ce2daa1c6557e7c7348fc7bbf9cd00
Tridacna maxima,119539035,https://inaturalist-open-data.s3.amazonaws.com/photos/119539035/medium.jpg,CC-BY 4.0,Grete Pasch,gpasch,2012-10-11,https://www.inaturalist.org/observations/73235515,"© Grete Pasch, some rights reserved (CC-BY)",04e43478180f53fae049d23350e395c60420ac97a924c6bb60ae3a67d7ab911f
Tridacna maxima,13653626,https://inaturalist-open-data.s3.amazonaws.com/photos/13653626/medium.jpg,CC-BY 4.0,CK2AZ,ck2az,2016-06-13,https://www.inaturalist.org/observations/9946251,"© CK2AZ, some rights reserved (CC-BY)",6c8aaff17045fb4d6d3468dc29474307327f2fdef4695a2852bc3b8246cf9433
Tridacna maxima,13653623,https://inaturalist-open-data.s3.amazonaws.com/photos/13653623/medium.jpg,CC-BY 4.0,CK2AZ,ck2az,2016-06-13,https://www.inaturalist.org/observations/9946251,"© CK2AZ, some rights reserved (CC-BY)",dfac39536d9ea4796fc5877dbc2a11dc5ebec73ed3ef436ee8c4b92953e727bb
Tridacna maxima,13653622,https://inaturalist-open-data.s3.amazonaws.com/photos/13653622/medium.jpg,CC-BY 4.0,CK2AZ,ck2az,2016-06-13,https://www.inaturalist.org/observations/9946251,"© CK2AZ, some rights reserved (CC-BY)",e8bbc7da7bf05be9d69a88d621c591c52b92509cc967ac65268edebb051f59c0
Tridacna maxima,9931097,https://inaturalist-open-data.s3.amazonaws.com/photos/9931097/medium.jpeg,CC-BY 4.0,Lisa Bennett,lisa_bennett,2017-08-03,https://www.inaturalist.org/observations/7600708,"© Lisa Bennett, some rights reserved (CC-BY)",75cccc85028a3ae55f80920971ff283bf818602d6c98c6b3d728ef0fcf6ea358
Tridacna maxima,9931100,https://inaturalist-open-data.s3.amazonaws.com/photos/9931100/medium.jpeg,CC-BY 4.0,Lisa Bennett,lisa_bennett,2017-08-03,https://www.inaturalist.org/observations/7600708,"© Lisa Bennett, some rights reserved (CC-BY)",96a07e6829f76ba88726e070a6fb53e48e72cd90c9315fa9e13de0fa8716d4b1
Tridacna maxima,332651202,https://inaturalist-open-data.s3.amazonaws.com/photos/332651202/medium.jpeg,CC-BY 4.0,Debra Baker,quokka2,2023-10-29,https://www.inaturalist.org/observations/284720693,"© Debra Baker, some rights reserved (CC-BY)",bd02e3cdda12fde6a47ae92e40bfc53f5dd32733a4a8d67b2a3d1526ea872dc2
Tridacna maxima,604087076,https://inaturalist-open-data.s3.amazonaws.com/photos/604087076/medium.jpg,CC-BY 4.0,Michael Eisen,mbeisen,2025-12-30,https://www.inaturalist.org/observations/332822258,"© Michael Eisen, some rights reserved (CC-BY)",adbb701522ae8e1aa44925b1e5ad3b379c4c5ac81e53de7b4262dba345715a9a
Tridacna maxima,604087081,https://inaturalist-open-data.s3.amazonaws.com/photos/604087081/medium.jpg,CC-BY 4.0,Michael Eisen,mbeisen,2025-12-30,https://www.inaturalist.org/observations/332822258,"© Michael Eisen, some rights reserved (CC-BY)",a1b106f42357eb316f5d2e5be3a17e2004d327f410a35f6be1d59f3db6762f11
Tridacna maxima,604087067,https://inaturalist-open-data.s3.amazonaws.com/photos/604087067/medium.jpg,CC-BY 4.0,Michael Eisen,mbeisen,2025-12-30,https://www.inaturalist.org/observations/332822258,"© Michael Eisen, some rights reserved (CC-BY)",5acabcfd6b98e88aa9bb248ed6be3f2c8e037686678de42960a7687ad6e495c8
Tridacna maxima,9807468,https://inaturalist-open-data.s3.amazonaws.com/photos/9807468/medium.jpeg,CC-BY 4.0,Lisa Bennett,lisa_bennett,2017-08-06,https://www.inaturalist.org/observations/7522136,"© Lisa Bennett, some rights reserved (CC-BY)",b3d15da888c9edf5691d7f1f87eabdb5928490c45d7a90aa6b71ee35ecd2ead8
Tridacna maxima,9807471,https://inaturalist-open-data.s3.amazonaws.com/photos/9807471/medium.jpeg,CC-BY 4.0,Lisa Bennett,lisa_bennett,2017-08-06,https://www.inaturalist.org/observations/7522136,"© Lisa Bennett, some rights reserved (CC-BY)",e7db28f031fc53d578f6dd880371f62c556a63817a83ea5147bcfc1f58bf751e
Tridacna maxima,679510609,https://inaturalist-open-data.s3.amazonaws.com/photos/679510609/medium.jpg,CC-BY 4.0,Cricket Raspet,chilipossum,2026-06-13,https://www.inaturalist.org/observations/371896246,"© Cricket Raspet, some rights reserved (CC-BY)",1dded7b710c8a1d0ebc87c9eba4003f1239de8fb75db918ca43dd924098a2a41
Tridacna maxima,604087475,https://inaturalist-open-data.s3.amazonaws.com/photos/604087475/medium.jpg,CC-BY 4.0,Michael Eisen,mbeisen,2025-12-30,https://www.inaturalist.org/observations/332822295,"© Michael Eisen, some rights reserved (CC-BY)",18313cc429aca6585bd3604fdb1091c30b5cff0c89c28f9c8f5794942240f971
Tridacna maxima,366609837,https://inaturalist-open-data.s3.amazonaws.com/photos/366609837/medium.jpeg,CC-BY 4.0,Debra Baker,quokka2,2024-04-04,https://www.inaturalist.org/observations/207282118,"© Debra Baker, some rights reserved (CC-BY)",853e9b2458d143eae29c6f3358f24f48aa948ac7c6f3470e7fb85d2d7bd71950
Tridacna maxima,26733293,https://inaturalist-open-data.s3.amazonaws.com/photos/26733293/medium.jpeg,CC-BY 4.0,Sameer Shaik,sammyboy2059,2018-08-09,https://www.inaturalist.org/observations/17564105,"© Sameer Shaik, some rights reserved (CC-BY)",7c1b1616995bca191ca756b530f1b944ee68da73f27d66a4056eda3dc98e6e98
Tridacna maxima,26733304,https://inaturalist-open-data.s3.amazonaws.com/photos/26733304/medium.jpeg,CC-BY 4.0,Sameer Shaik,sammyboy2059,2018-08-09,https://www.inaturalist.org/observations/17564105,"© Sameer Shaik, some rights reserved (CC-BY)",934750b20efd758017c49d68976e2978869b121c6d7a96671aba78785d64e9c2
Tridacna maxima,134015125,https://inaturalist-open-data.s3.amazonaws.com/photos/134015125/medium.jpeg,CC-BY 4.0,natomik,natomik,2005-10-08,https://www.inaturalist.org/observations/81697348,"© natomik, some rights reserved (CC-BY)",cacdd7b0604c3597f2563bf151b92cd52563792ed0531f47a69e76bbc9c4df24
Tridacna maxima,134015158,https://inaturalist-open-data.s3.amazonaws.com/photos/134015158/medium.jpeg,CC-BY 4.0,natomik,natomik,2005-10-08,https://www.inaturalist.org/observations/81697348,"© natomik, some rights reserved (CC-BY)",a03dfcf63d5e344455729916294187f07c7489a30c35693083220ac90bcac3a7
Tridacna maxima,651081105,https://inaturalist-open-data.s3.amazonaws.com/photos/651081105/medium.jpg,CC-BY 4.0,Debra Baker,quokka2,2026-04-20,https://www.inaturalist.org/observations/357010719,"© Debra Baker, some rights reserved (CC-BY)",8b7ed143e78a27cb4c2a7cced9da9cad4f37b65c52190d13cdd34d58e2eed4d6
Tridacna maxima,651081229,https://inaturalist-open-data.s3.amazonaws.com/photos/651081229/medium.jpg,CC-BY 4.0,Debra Baker,quokka2,2026-04-20,https://www.inaturalist.org/observations/357010719,"© Debra Baker, some rights reserved (CC-BY)",29e3f2d2aa4d6a3c7e46b34e818357be54c1453c3b6304f58500781fe660ff9b
Tridacna maxima,345946707,https://inaturalist-open-data.s3.amazonaws.com/photos/345946707/medium.jpeg,CC-BY 4.0,Debra Baker,quokka2,2024-01-01,https://www.inaturalist.org/observations/196488720,"© Debra Baker, some rights reserved (CC-BY)",49a4784e79df0affac471ccd78e559dc5c6016d06e1b08d896406674373dd374
Sabella spallanzanii,31252936,https://inaturalist-open-data.s3.amazonaws.com/photos/31252936/medium.jpg,CC-BY 4.0,Shaun Lee,shaun-lee,2019-02-09,https://www.inaturalist.org/observations/20248158,"© Shaun Lee, some rights reserved (CC-BY)",ade02bcccd5219a19c0e86ef913d64abfd31d36a4af6bab65fa7be9d3820d9cd
Sabella spallanzanii,31252942,https://inaturalist-open-data.s3.amazonaws.com/photos/31252942/medium.jpg,CC-BY 4.0,Shaun Lee,shaun-lee,2019-02-09,https://www.inaturalist.org/observations/20248158,"© Shaun Lee, some rights reserved (CC-BY)",85e7f53ceae0e04b4b1a9cf98431e46620c8143281812b69cbbae49f40176916
Sabella spallanzanii,31252948,https://inaturalist-open-data.s3.amazonaws.com/photos/31252948/medium.jpg,CC-BY 4.0,Shaun Lee,shaun-lee,2019-02-09,https://www.inaturalist.org/observations/20248158,"© Shaun Lee, some rights reserved (CC-BY)",3b31e7d0fd902a4e70079f7366259c03ffabdc68e30206feb840957709ab5f2c
Sabella spallanzanii,31252955,https://inaturalist-open-data.s3.amazonaws.com/photos/31252955/medium.jpg,CC-BY 4.0,Shaun Lee,shaun-lee,2019-02-09,https://www.inaturalist.org/observations/20248158,"© Shaun Lee, some rights reserved (CC-BY)",09077e72778a9f051a72625141a9f43ec120f2ed122b2c8fa64b33bca490e22f
Sabella spallanzanii,31252958,https://inaturalist-open-data.s3.amazonaws.com/photos/31252958/medium.jpg,CC-BY 4.0,Shaun Lee,shaun-lee,2019-02-09,https://www.inaturalist.org/observations/20248158,"© Shaun Lee, some rights reserved (CC-BY)",6b44565e574539d75779a8f60f7d97a224dfc8dfea4428b5a7c204abda61e25e
Sabella spallanzanii,18110897,https://inaturalist-open-data.s3.amazonaws.com/photos/18110897/medium.jpeg,CC-BY 4.0,Jacqui Geux,jacqui-nz,2018-05-17,https://www.inaturalist.org/observations/12538881,"© Jacqui Geux, some rights reserved (CC-BY)",c778d8c097a7f579c752d9c17d4716a1ce91b5a1d3eabfbbb463e1ee72eae742
Sabella spallanzanii,18110944,https://inaturalist-open-data.s3.amazonaws.com/photos/18110944/medium.jpeg,CC-BY 4.0,Jacqui Geux,jacqui-nz,2018-05-17,https://www.inaturalist.org/observations/12538881,"© Jacqui Geux, some rights reserved (CC-BY)",a948f3966f250046f05da37c3bd7011e5e720d50e06d6b00ee3a14d6546b20b3
Sabella spallanzanii,18110946,https://inaturalist-open-data.s3.amazonaws.com/photos/18110946/medium.jpeg,CC-BY 4.0,Jacqui Geux,jacqui-nz,2018-05-17,https://www.inaturalist.org/observations/12538881,"© Jacqui Geux, some rights reserved (CC-BY)",69c5774af2cf29a8e57749d932ec81afc35a492d2efe1dcbfe3324fca83e34b0
Sabella spallanzanii,18110947,https://inaturalist-open-data.s3.amazonaws.com/photos/18110947/medium.jpeg,CC-BY 4.0,Jacqui Geux,jacqui-nz,2018-05-17,https://www.inaturalist.org/observations/12538881,"© Jacqui Geux, some rights reserved (CC-BY)",c807ff70f0050caae9c6e46e8a99bba1da52307e51484f5ed50b8402286382e8
Sabella spallanzanii,18110949,https://inaturalist-open-data.s3.amazonaws.com/photos/18110949/medium.jpeg,CC-BY 4.0,Jacqui Geux,jacqui-nz,2018-05-17,https://www.inaturalist.org/observations/12538881,"© Jacqui Geux, some rights reserved (CC-BY)",17181eea4f0ff09e1d6352a9cac488ce1ebb9a1c81dab8e62531d31b621006fc
Sabella spallanzanii,18110950,https://inaturalist-open-data.s3.amazonaws.com/photos/18110950/medium.jpeg,CC-BY 4.0,Jacqui Geux,jacqui-nz,2018-05-17,https://www.inaturalist.org/observations/12538881,"© Jacqui Geux, some rights reserved (CC-BY)",ab0c1be6481897c467e4c08397f3997eb0ec1a42e71ed9f2f62e6e7d5fc451d4
Sabella spallanzanii,1568038,https://inaturalist-open-data.s3.amazonaws.com/photos/1568038/medium.jpg,CC-BY 4.0,Shaun Lee,shaun-lee,2015-02-21,https://www.inaturalist.org/observations/1249152,"© Shaun Lee, some rights reserved (CC-BY)",f43b75d052d4ab82a5b1550ed2b75589f5e393305c0fec7a403793fa426abdbd
Sabella spallanzanii,182922432,https://inaturalist-open-data.s3.amazonaws.com/photos/182922432/medium.jpg,CC-BY 4.0,Shaun Lee,shaun-lee,2022-03-14,https://www.inaturalist.org/observations/108624007,"© Shaun Lee, some rights reserved (CC-BY)",222403758ccaaf665a547fec18d117b650e74fb99e636245af676d2782676a22
Sabella spallanzanii,18818670,https://inaturalist-open-data.s3.amazonaws.com/photos/18818670/medium.jpeg,CC-BY 4.0,Jacqui Geux,jacqui-nz,2018-05-29,https://www.inaturalist.org/observations/12947695,"© Jacqui Geux, some rights reserved (CC-BY)",57b6206c194df69ce5deff32f6fdd768ba1c90ba0078e4373e10f973969334c6
Sabella spallanzanii,18818673,https://inaturalist-open-data.s3.amazonaws.com/photos/18818673/medium.jpeg,CC-BY 4.0,Jacqui Geux,jacqui-nz,2018-05-29,https://www.inaturalist.org/observations/12947695,"© Jacqui Geux, some rights reserved (CC-BY)",1503854daebf895e52b7276562caa3713afc4938a9dce63dd0bb375908b3ca0b
Sabella spallanzanii,18818674,https://inaturalist-open-data.s3.amazonaws.com/photos/18818674/medium.jpeg,CC-BY 4.0,Jacqui Geux,jacqui-nz,2018-05-29,https://www.inaturalist.org/observations/12947695,"© Jacqui Geux, some rights reserved (CC-BY)",5a796af98445ad8d7ae9cd35e3ee5f86715b995071224a92a568e6bb6e996ad9
Sabella spallanzanii,18818679,https://inaturalist-open-data.s3.amazonaws.com/photos/18818679/medium.jpeg,CC-BY 4.0,Jacqui Geux,jacqui-nz,2018-05-29,https://www.inaturalist.org/observations/12947695,"© Jacqui Geux, some rights reserved (CC-BY)",f64957f37960de0962ad538f4fde465725d448cb04d33ef3a3eb251e2568c7d2
Sabella spallanzanii,18818709,https://inaturalist-open-data.s3.amazonaws.com/photos/18818709/medium.jpeg,CC-BY 4.0,Jacqui Geux,jacqui-nz,2018-05-29,https://www.inaturalist.org/observations/12947695,"© Jacqui Geux, some rights reserved (CC-BY)",5720e41e1e2947734165fa2c04392276b0217f957d52e7e4815c7b13578dda06
Sabella spallanzanii,18818710,https://inaturalist-open-data.s3.amazonaws.com/photos/18818710/medium.jpeg,CC-BY 4.0,Jacqui Geux,jacqui-nz,2018-05-29,https://www.inaturalist.org/observations/12947695,"© Jacqui Geux, some rights reserved (CC-BY)",17961f4bef2de00bf0c80c9fe40905163d8d9c209e013f413efd9b4a250c37b6
Sabella spallanzanii,34403924,https://inaturalist-open-data.s3.amazonaws.com/photos/34403924/medium.jpg,CC-BY 4.0,Shaun Lee,shaun-lee,2019-04-07,https://www.inaturalist.org/observations/22218372,"© Shaun Lee, some rights reserved (CC-BY)",2762bfe0fe6df8e8e2bd96d06fca3bc806d446be67f980e6831bd0741a6fb322
Sabella spallanzanii,289103429,https://inaturalist-open-data.s3.amazonaws.com/photos/289103429/medium.jpeg,CC-BY 4.0,Saryu Mae 前 朝琉,invertebratist,2021-12-05,https://www.inaturalist.org/observations/166925230,"© Saryu Mae 前 朝琉, some rights reserved (CC-BY)",316812d8c458311c9d20ee130d6cd0533067cfef4831821223a09c5c63671d92
Sabella spallanzanii,435337310,https://inaturalist-open-data.s3.amazonaws.com/photos/435337310/medium.jpeg,CC-BY 4.0,Saryu Mae 前 朝琉,invertebratist,2024-09-22,https://www.inaturalist.org/observations/244085697,"© Saryu Mae 前 朝琉, some rights reserved (CC-BY)",729b3bfde528e83d39acebf11ef0edcc2c42b6a5b4ece7664c566b849bff1dc3
Sabella spallanzanii,2153050,https://inaturalist-open-data.s3.amazonaws.com/photos/2153050/medium.jpg,CC-BY 4.0,Lek Khauv,lek,2015-04-19,https://www.inaturalist.org/observations/1779107,"© Lek Khauv, some rights reserved (CC-BY)",9f6acab9d49a571bc052d3219bbfe93b29ae7362be6bfe0a03f2a4066cb4ab26
Sabella spallanzanii,2153051,https://inaturalist-open-data.s3.amazonaws.com/photos/2153051/medium.jpg,CC-BY 4.0,Lek Khauv,lek,2015-04-19,https://www.inaturalist.org/observations/1779107,"© Lek Khauv, some rights reserved (CC-BY)",ac210ea4ad8791a6f298e13244a36c6c2db83c63122d754d68818c381fd87a0b
Sabella spallanzanii,2153052,https://inaturalist-open-data.s3.amazonaws.com/photos/2153052/medium.jpg,CC-BY 4.0,Lek Khauv,lek,2015-04-19,https://www.inaturalist.org/observations/1779107,"© Lek Khauv, some rights reserved (CC-BY)",25256e4bc9d74cd51c5757c0ea1eff7b5937b99cc095a2486df3921606594bcd
Sabella spallanzanii,2153053,https://inaturalist-open-data.s3.amazonaws.com/photos/2153053/medium.jpg,CC-BY 4.0,Lek Khauv,lek,2015-04-19,https://www.inaturalist.org/observations/1779107,"© Lek Khauv, some rights reserved (CC-BY)",7893f2d4d2ab681449f760ccf2d2ab5a713a8446ba3ae22a15a51de3372f9824
Sabella spallanzanii,3242055,https://inaturalist-open-data.s3.amazonaws.com/photos/3242055/medium.jpg,CC-BY 4.0,Shaun Lee,shaun-lee,2016-03-24,https://www.inaturalist.org/observations/2844064,"© Shaun Lee, some rights reserved (CC-BY)",d875e671b12351433d5539abb59659b551e12431d5d046bc6f0d634ada69c246
Sabella spallanzanii,25348167,https://inaturalist-open-data.s3.amazonaws.com/photos/25348167/medium.jpeg,CC-BY 4.0,Chris Taklis,ctaklis,2018-09-22,https://www.inaturalist.org/observations/16792181,"© Chris Taklis, some rights reserved (CC-BY)",ee13e0b70badbe39d72cd47f510e48b00368c41543e24264cb8b5b758acbf438
Sabella spallanzanii,497949538,https://inaturalist-open-data.s3.amazonaws.com/photos/497949538/medium.jpg,CC-BY 4.0,Donald Davesne,donalddavesne,2025-04-21,https://www.inaturalist.org/observations/277313892,"© Donald Davesne, some rights reserved (CC-BY)",c3d402d0019aa01d68859899742ac1f9ffa5f542c4ae53f660d1a128ba12b6b0
Sabella spallanzanii,497949546,https://inaturalist-open-data.s3.amazonaws.com/photos/497949546/medium.jpg,CC-BY 4.0,Donald Davesne,donalddavesne,2025-04-21,https://www.inaturalist.org/observations/277313892,"© Donald Davesne, some rights reserved (CC-BY)",91a97f6fba37563d13f0e2877f198fd521fc092eea220a95f913155128e3cb46
Asterias rubens,261432691,https://inaturalist-open-data.s3.amazonaws.com/photos/261432691/medium.jpeg,CC-BY 4.0,Darren Obbard,darren_j_obbard,2014-07-11,https://www.inaturalist.org/observations/151512394,"© Darren Obbard, some rights reserved (CC-BY)",e2b483d2ad6fc7a08e0bb2534af296fff9641fe8d03989fbb9e62633201c84dd
Asterias rubens,496499091,https://inaturalist-open-data.s3.amazonaws.com/photos/496499091/medium.jpg,CC-BY 4.0,baccatta,baccatta,2025-04-27,https://www.inaturalist.org/observations/274671340,"© baccatta, some rights reserved (CC-BY)",fa147ce62a1f7bac688476997fc2992ac51989a5c6f380bec2dd5ae2fdca3e5e
Asterias rubens,603639192,https://inaturalist-open-data.s3.amazonaws.com/photos/603639192/medium.jpg,CC-BY 4.0,Katrin Simon,katrin_simon,2025-12-29,https://www.inaturalist.org/observations/332596803,"© Katrin Simon, some rights reserved (CC-BY)",ab96addb944e9817d528e959a3f3a29e6fc1270d92041f48dbea7c7e1d9ce54f
Asterias rubens,39342526,https://inaturalist-open-data.s3.amazonaws.com/photos/39342526/medium.jpeg,CC-BY 4.0,anasacuta,anasacuta,2011-05-12,https://www.inaturalist.org/observations/25406825,"© anasacuta, some rights reserved (CC-BY)",0b5243cc05bd84e397248d937f641efd92be59bd4c7757f68723711fd3e325f8
Asterias rubens,39342503,https://inaturalist-open-data.s3.amazonaws.com/photos/39342503/medium.jpeg,CC-BY 4.0,anasacuta,anasacuta,2011-05-12,https://www.inaturalist.org/observations/25406825,"© anasacuta, some rights reserved (CC-BY)",50230131897e803570eb09432787e7b4db1814486506bcacf28ba548952883b0
Asterias rubens,372357737,https://inaturalist-open-data.s3.amazonaws.com/photos/372357737/medium.jpeg,CC-BY 4.0,Jake McCumber,jakemccumber,2024-04-15,https://www.inaturalist.org/observations/210530576,"© Jake McCumber, some rights reserved (CC-BY)",10866cfe6861224cc6c1bcf9794bc9ec5072d84cfb00f888fc0bdb81bde261b6
Asterias rubens,372357762,https://inaturalist-open-data.s3.amazonaws.com/photos/372357762/medium.jpeg,CC-BY 4.0,Jake McCumber,jakemccumber,2024-04-15,https://www.inaturalist.org/observations/210530576,"© Jake McCumber, some rights reserved (CC-BY)",eba5c873dc728ddba1cd594d26f03ae6aa6083e38183fda2319b77275ae10871
Asterias rubens,372357967,https://inaturalist-open-data.s3.amazonaws.com/photos/372357967/medium.jpeg,CC-BY 4.0,Jake McCumber,jakemccumber,2024-04-15,https://www.inaturalist.org/observations/210530576,"© Jake McCumber, some rights reserved (CC-BY)",99c8f2d09a4cf2f786d3b8e38debd92980e3ce2fd45296d22352bc486c48cb1f
Asterias rubens,101946321,https://inaturalist-open-data.s3.amazonaws.com/photos/101946321/medium.jpg,CC-BY 4.0,Klaus Kevin Kristensen,kkkristensen,2020-07-27,https://www.inaturalist.org/observations/63516374,"© Klaus Kevin Kristensen, some rights reserved (CC-BY)",4f881d550e2f7b0755bb32c592fbf18f1580f701f550284472116e1e9221029c
Asterias rubens,144158680,https://inaturalist-open-data.s3.amazonaws.com/photos/144158680/medium.jpeg,CC-BY 4.0,Ian Manning,ianmanning,2021-07-17,https://www.inaturalist.org/observations/87439211,"© Ian Manning, some rights reserved (CC-BY)",08bdcd9127dd7f8e0de6662f123f20cf5aff103b2332b49ec8d063be2cdd9e97
Asterias rubens,175090969,https://inaturalist-open-data.s3.amazonaws.com/photos/175090969/medium.jpeg,CC-BY 4.0,Ian Manning,ianmanning,2022-01-06,https://www.inaturalist.org/observations/104489845,"© Ian Manning, some rights reserved (CC-BY)",c42ec73800535d275748d1c3d998d577ba4f65f3f375d49bfc7f8743154e7aa4
Asterias rubens,604252847,https://inaturalist-open-data.s3.amazonaws.com/photos/604252847/medium.jpg,CC-BY 4.0,Jamie O'Neill,swimjamie,2021-03-30,https://www.inaturalist.org/observations/333134949,"© Jamie O'Neill, some rights reserved (CC-BY)",e5474b3467cc188318b740dc705f5a67877db21bed7657cdc6e61c730c5eb24e
Asterias rubens,166983702,https://inaturalist-open-data.s3.amazonaws.com/photos/166983702/medium.jpeg,CC-BY 4.0,Arne Fahrenholz,arnemf,2021-11-02,https://www.inaturalist.org/observations/100078956,"© Arne Fahrenholz, some rights reserved (CC-BY)",59721f7e2b328f0e967a421787a37e0e472a21f8cf83a357af0f7a0cbafebbe0
Asterias rubens,166983762,https://inaturalist-open-data.s3.amazonaws.com/photos/166983762/medium.jpeg,CC-BY 4.0,Arne Fahrenholz,arnemf,2021-11-02,https://www.inaturalist.org/observations/100078956,"© Arne Fahrenholz, some rights reserved (CC-BY)",745eec2b6084537085ec870e98be9efe1edf43ede1e68bc4e55b0b4f64461bb5
Asterias rubens,474325395,https://inaturalist-open-data.s3.amazonaws.com/photos/474325395/medium.jpg,CC-BY 4.0,Vsevolod Rudyi,ruseva,2025-03-05,https://www.inaturalist.org/observations/263978479,"© Vsevolod Rudyi, some rights reserved (CC-BY)",203b5ba4872b96ad397bc98d05ad71964b35693154a9b24118a96babe78f3478
Asterias rubens,474325396,https://inaturalist-open-data.s3.amazonaws.com/photos/474325396/medium.jpg,CC-BY 4.0,Vsevolod Rudyi,ruseva,2025-03-05,https://www.inaturalist.org/observations/263978479,"© Vsevolod Rudyi, some rights reserved (CC-BY)",2a67d6612d48ca9da5c2ef1f57635eea65de79a5f6056b1f81a52193aec9e5b8
Asterias rubens,365415510,https://inaturalist-open-data.s3.amazonaws.com/photos/365415510/medium.jpg,CC-BY 4.0,rmjb,rmjb,2024-04-11,https://www.inaturalist.org/observations/206635516,"© rmjb, some rights reserved (CC-BY)",ca729e64dc4ab3dede4bd89801a680ed4f8e41866643c8346c554168ec39ce51
Asterias rubens,371101382,https://inaturalist-open-data.s3.amazonaws.com/photos/371101382/medium.jpg,CC-BY 4.0,Rebekah Bajkó,rebekahbajko,2024-04-26,https://www.inaturalist.org/observations/209742521,"© Rebekah Bajkó, some rights reserved (CC-BY)",98b4fd3be5dc324fa9921690a5a853934290fd006d80cea9f275d857cd5fe247
Asterias rubens,371101584,https://inaturalist-open-data.s3.amazonaws.com/photos/371101584/medium.jpg,CC-BY 4.0,Rebekah Bajkó,rebekahbajko,2024-04-26,https://www.inaturalist.org/observations/209742521,"© Rebekah Bajkó, some rights reserved (CC-BY)",ab86e8f9f17806a0d1ef4090348f9c9ab622aefc7ba7ebca5b02520bafbf2db8
Asterias rubens,350722037,https://inaturalist-open-data.s3.amazonaws.com/photos/350722037/medium.jpg,CC-BY 4.0,Rebekah Bajkó,rebekahbajko,2024-02-10,https://www.inaturalist.org/observations/198932523,"© Rebekah Bajkó, some rights reserved (CC-BY)",c920d8c7c683a92c6875d8a03a348a0dfe0354bcfbc2b1a4717afd9f1a2d8641
Asterias rubens,350722055,https://inaturalist-open-data.s3.amazonaws.com/photos/350722055/medium.jpg,CC-BY 4.0,Rebekah Bajkó,rebekahbajko,2024-02-10,https://www.inaturalist.org/observations/198932523,"© Rebekah Bajkó, some rights reserved (CC-BY)",1f04a34c371b60d5dd96963fe75b3a5f3b8983037b7fd57744e19955eb74e2d3
Asterias rubens,530801054,https://inaturalist-open-data.s3.amazonaws.com/photos/530801054/medium.jpg,CC-BY 4.0,Rebekah Bajkó,rebekahbajko,2025-07-01,https://www.inaturalist.org/observations/294883019,"© Rebekah Bajkó, some rights reserved (CC-BY)",29b034130217f8908615f16ba141f91a15015e50fb1c41bd96178d56fc19f681
Asterias rubens,530801052,https://inaturalist-open-data.s3.amazonaws.com/photos/530801052/medium.jpg,CC-BY 4.0,Rebekah Bajkó,rebekahbajko,2025-07-01,https://www.inaturalist.org/observations/294883019,"© Rebekah Bajkó, some rights reserved (CC-BY)",3d233f5a5e46bd1c25192a4da00e3f252d43cb48ab99fa8ead08a806e0c4aabb
Asterias rubens,530801167,https://inaturalist-open-data.s3.amazonaws.com/photos/530801167/medium.jpg,CC-BY 4.0,Rebekah Bajkó,rebekahbajko,2025-07-01,https://www.inaturalist.org/observations/294883019,"© Rebekah Bajkó, some rights reserved (CC-BY)",4817cc8463b087ffe4732c488040ddaf9f4aea232b22170543f1a0e94644eb13
Asterias rubens,530801183,https://inaturalist-open-data.s3.amazonaws.com/photos/530801183/medium.jpg,CC-BY 4.0,Rebekah Bajkó,rebekahbajko,2025-07-01,https://www.inaturalist.org/observations/294883019,"© Rebekah Bajkó, some rights reserved (CC-BY)",05aefec307e845e4dc81bb34688dc0b89106dfbf62bd9ca373c0e9a93d094c10
Asterias rubens,27006078,https://inaturalist-open-data.s3.amazonaws.com/photos/27006078/medium.jpg,CC-BY 4.0,Bernard Picton,bernardpicton,2018-10-07,https://www.inaturalist.org/observations/17718326,"© Bernard Picton, some rights reserved (CC-BY)",8812f2ee0d4948b4dc3dc0ef6cafff8f009b500a63a918bbb40d352d8afc5e7f
Asterias rubens,28691704,https://inaturalist-open-data.s3.amazonaws.com/photos/28691704/medium.jpg,CC-BY 4.0,Laura J. Costello,quietlymagical,2016-06-20,https://www.inaturalist.org/observations/18737770,"© Laura J. Costello, some rights reserved (CC-BY)",5fb022a196c113418ae23e3eecbfc6dd0364a2b5873a9253bc2dfd3995cffcad
