species,photo_id,url,license,author,author_login,observed_on,source_page,attribution,sha256
Cyprinus carpio,125892310,https://inaturalist-open-data.s3.amazonaws.com/photos/125892310/medium.jpg,CC-BY 4.0,WATANABE Hitoshi 渡辺仁,tbc_watanabe,2021-05-03,https://www.inaturalist.org/observations/76983420,"© WATANABE Hitoshi 渡辺仁, some rights reserved (CC-BY)",81c4aa55e3354dd1c692fe282775a725dca3d491e86b1ed557cf036bdcde1705
Cyprinus carpio,308439056,https://inaturalist-open-data.s3.amazonaws.com/photos/308439056/medium.jpeg,CC-BY 4.0,Carlos Domínguez-Rodríguez,blakesito,2023-08-04,https://www.inaturalist.org/observations/177350264,"© Carlos Domínguez-Rodríguez, some rights reserved (CC-BY)",379829cdd4353cbf3463fabad9baaac85ab011a30b703737c86209caa7403495
Cyprinus carpio,577120361,https://inaturalist-open-data.s3.amazonaws.com/photos/577120361/medium.jpg,CC-BY 4.0,Robert Roach,broacher,2025-10-06,https://www.inaturalist.org/observations/319274457,"© Robert Roach, some rights reserved (CC-BY)",f8d4a4f4e137c8b3e17b0299dab72b3083b57cd737a61ec5a0d95dc43e71d484
Cyprinus carpio,399346142,https://inaturalist-open-data.s3.amazonaws.com/photos/399346142/medium.jpeg,CC-BY 4.0,Thierry Helminger,thierryh,2024-06-25,https://www.inaturalist.org/observations/225253645,"© Thierry Helminger, some rights reserved (CC-BY)",f598577035b9a4f91ab5cfccf4a4862b7d12ac9d10f2a74f4efa8aeee001cef1
Cyprinus carpio,560031924,https://inaturalist-open-data.s3.amazonaws.com/photos/560031924/medium.jpg,CC-BY 4.0,frangp,frangp,2025-08-30,https://www.inaturalist.org/observations/310312020,"© frangp, some rights reserved (CC-BY)",436543beb3834b37faec2cf38cc0b200b4703916539bf3aa18c96406b90722ce
Cyprinus carpio,116220027,https://inaturalist-open-data.s3.amazonaws.com/photos/116220027/medium.jpeg,CC-BY 4.0,Mohammad Amin Ghaffari,amin_ghaffari,2017-02-10,https://www.inaturalist.org/observations/71387124,"© Mohammad Amin Ghaffari, some rights reserved (CC-BY)",575101d06f1edc7284793d58586621a23e0eb09a14b1b97d421c477619633954
Cyprinus carpio,695509696,https://inaturalist-open-data.s3.amazonaws.com/photos/695509696/medium.jpg,CC-BY 4.0,Aiva Noringseth,aiva,2026-07-10,https://www.inaturalist.org/observations/380178361,"© Aiva Noringseth, some rights reserved (CC-BY)",c488172b62796cc332e2aa13dd5b692b1a5413f02f2f38ce5e95e0e627381225
Cyprinus carpio,611898038,https://inaturalist-open-data.s3.amazonaws.com/photos/611898038/medium.jpg,CC-BY 4.0,Kai Löhr,kai_pirinha,2021-09-11,https://www.inaturalist.org/observations/336691901,"© Kai Löhr, some rights reserved (CC-BY)",803a3c73ebb17654409d8beffee892128891c1f49da0923e6f6873e01c1bce20
Cyprinus carpio,659145564,https://inaturalist-open-data.s3.amazonaws.com/photos/659145564/medium.jpg,CC-BY 4.0,Irina Mitine,irinamitine,2026-05-12,https://www.inaturalist.org/observations/361187214,"© Irina Mitine, some rights reserved (CC-BY)",4e692bc9e84f2abcc48676690d5d8ba83eb568fa34756ce3de20c30100de8da4
Cyprinus carpio,659145520,https://inaturalist-open-data.s3.amazonaws.com/photos/659145520/medium.jpg,CC-BY 4.0,Irina Mitine,irinamitine,2026-05-12,https://www.inaturalist.org/observations/361187214,"© Irina Mitine, some rights reserved (CC-BY)",ac0d8b14838d3be6a0b7ea8737c618ca3c45088071ac8859772cd82eb7618712
Cyprinus carpio,639972494,https://inaturalist-open-data.s3.amazonaws.com/photos/639972494/medium.jpg,CC-BY 4.0,Naturalista,avonensis,2026-02-10,https://www.inaturalist.org/observations/350728514,"© Naturalista, some rights reserved (CC-BY)",377ac07ca831ee03c4b5f44fe809a3b2d331a05d0fdbaf8fa605aa082ff73df9
Cyprinus carpio,639972495,https://inaturalist-open-data.s3.amazonaws.com/photos/639972495/medium.jpg,CC-BY 4.0,Naturalista,avonensis,2026-02-10,https://www.inaturalist.org/observations/350728514,"© Naturalista, some rights reserved (CC-BY)",8c4978c76c927c8ac7d437dbc5c9966f36b5d328e3926f2143518b240fe02ac6
Cyprinus carpio,425346157,https://inaturalist-open-data.s3.amazonaws.com/photos/425346157/medium.jpeg,CC-BY 4.0,Loïc Mathieu,frontyardscientist,2024-08-30,https://www.inaturalist.org/observations/238876041,"© Loïc Mathieu, some rights reserved (CC-BY)",83641d79f30623160be08e47d48b6570644a667b8ee441910de8160088e3152e
Cyprinus carpio,425346180,https://inaturalist-open-data.s3.amazonaws.com/photos/425346180/medium.jpeg,CC-BY 4.0,Loïc Mathieu,frontyardscientist,2024-08-30,https://www.inaturalist.org/observations/238876041,"© Loïc Mathieu, some rights reserved (CC-BY)",933eb091ff2ad65bc39d7d646f802d035b479f38afe813de2e57363164916f05
Cyprinus carpio,261943888,https://inaturalist-open-data.s3.amazonaws.com/photos/261943888/medium.jpeg,CC-BY 4.0,Carlos Domínguez-Rodríguez,blakesito,2023-03-19,https://www.inaturalist.org/observations/151786217,"© Carlos Domínguez-Rodríguez, some rights reserved (CC-BY)",a4d0e9077a3d73559baf17df295b03bfaa4ae5e0bc473a6c734ea82219106894
Cyprinus carpio,261943957,https://inaturalist-open-data.s3.amazonaws.com/photos/261943957/medium.jpeg,CC-BY 4.0,Carlos Domínguez-Rodríguez,blakesito,2023-03-19,https://www.inaturalist.org/observations/151786217,"© Carlos Domínguez-Rodríguez, some rights reserved (CC-BY)",c783c0dd8762da197cd6a165297567c272b163f94744ca649d1b2de2ff4b74a9
Cyprinus carpio,16318124,https://inaturalist-open-data.s3.amazonaws.com/photos/16318124/medium.jpg,CC-BY 4.0,James M. Maley,jmaley,2018-04-21,https://www.inaturalist.org/observations/11440608,"© James M. Maley, some rights reserved (CC-BY)",ce928d91b5c91def120c38b40eb37d8060c40873638006c472ce5cfd76546205
Cyprinus carpio,115519808,https://inaturalist-open-data.s3.amazonaws.com/photos/115519808/medium.jpeg,CC-BY 4.0,Florencia Grattarola,flo_grattarola,2021-02-28,https://www.inaturalist.org/observations/71013035,"© Florencia Grattarola, some rights reserved (CC-BY)",64ff886f293933dd8bca96cf7d6863855f7950f7fb4376dd92b94875f35e815b
Cyprinus carpio,115519816,https://inaturalist-open-data.s3.amazonaws.com/photos/115519816/medium.jpeg,CC-BY 4.0,Florencia Grattarola,flo_grattarola,2021-02-28,https://www.inaturalist.org/observations/71013035,"© Florencia Grattarola, some rights reserved (CC-BY)",b118872658e7f4cdd1d3c3f41d3ec102b3b328bbe8bfa4d14ff20574afb896e9
Cyprinus carpio,571889682,https://inaturalist-open-data.s3.amazonaws.com/photos/571889682/medium.jpg,CC-BY 4.0,Joaquin Valentinuzzi,yako,2020-02-07,https://www.inaturalist.org/observations/316534748,"© Joaquin Valentinuzzi, some rights reserved (CC-BY)",6f0a0742aa126b314759c8894cd6afff1d3d0072e1a64a66cb73fd77f4f891f1
Cyprinus carpio,571889675,https://inaturalist-open-data.s3.amazonaws.com/photos/571889675/medium.jpg,CC-BY 4.0,Joaquin Valentinuzzi,yako,2020-02-07,https://www.inaturalist.org/observations/316534748,"© Joaquin Valentinuzzi, some rights reserved (CC-BY)",f393fb1943e5cd47c44cea971a10975876dc12a5515b538d7534251ab2b21198
Cyprinus carpio,67412398,https://inaturalist-open-data.s3.amazonaws.com/photos/67412398/medium.jpeg,CC-BY 4.0,Nasser Halaweh,nasserhalaweh,2020-04-17,https://www.inaturalist.org/observations/42456097,"© Nasser Halaweh, some rights reserved (CC-BY)",d678d38bcf42e4d562d18b89bdde41c26dd7eeadf41b93862a23f70ae94475b2
Cyprinus carpio,53719144,https://inaturalist-open-data.s3.amazonaws.com/photos/53719144/medium.jpeg,CC-BY 4.0,Guillermo Debandi,guille,2019-04-01,https://www.inaturalist.org/observations/34156598,"© Guillermo Debandi, some rights reserved (CC-BY)",96faad877875b2e0067615496a781e77ce8b40de8834026efdf616c6321f1145
Cyprinus carpio,673976190,https://inaturalist-open-data.s3.amazonaws.com/photos/673976190/medium.jpg,CC-BY 4.0,Matteo Martini,evangmm,2026-06-06,https://www.inaturalist.org/observations/368990938,"© Matteo Martini, some rights reserved (CC-BY)",4472a6b31f3216f989d740922e2c9bc43243c629da32a94f20525ece1488c0f9
Cyprinus carpio,300718067,https://inaturalist-open-data.s3.amazonaws.com/photos/300718067/medium.jpeg,CC-BY 4.0,Philip Schaffer,philip_schaffer,2023-07-15,https://www.inaturalist.org/observations/173180579,"© Philip Schaffer, some rights reserved (CC-BY)",8ec3ca9a18de132bea2c3bb949bee3de903b7b7ffaf18c0cf567d9fab9d29d21
Cyprinus carpio,337074819,https://inaturalist-open-data.s3.amazonaws.com/photos/337074819/medium.jpeg,CC-BY 4.0,Eduardo Luis Beltrocco,elbeltrocco,2023-11-24,https://www.inaturalist.org/observations/192058245,"© Eduardo Luis Beltrocco, some rights reserved (CC-BY)",4ee6bbc9b5e49a78531dd3332a9d548eb88d88e0bdb62b58cfa962e39dbdada2
Cyprinus carpio,636900372,https://inaturalist-open-data.s3.amazonaws.com/photos/636900372/medium.jpg,CC-BY 4.0,"ITÔ, Hiroki",hirokiit,2026-04-12,https://www.inaturalist.org/observations/349160944,"© ITÔ, Hiroki, some rights reserved (CC-BY)",cbf772a6b6484ca904a80beb93812e21a185837b5e63e9713b98ed0c11987613
Cyprinus carpio,382064341,https://inaturalist-open-data.s3.amazonaws.com/photos/382064341/medium.jpg,CC-BY 4.0,Jonathan Eisen,phylogenomics,2024-05-14,https://www.inaturalist.org/observations/216055356,"© Jonathan Eisen, some rights reserved (CC-BY)",0ba89620b640af17a9edecd05481c64a3e3820924c6431e32015dea7f7e5e6b3
Cyprinus carpio,232414241,https://inaturalist-open-data.s3.amazonaws.com/photos/232414241/medium.jpeg,CC-BY 4.0,Céline,prunhel,2022-09-20,https://www.inaturalist.org/observations/136200053,"© Céline, some rights reserved (CC-BY)",a6ca385e3554db07bbbc78d72cdf56ffd599b3c541b93efa4074f7dc77197871
Cyprinus carpio,83789277,https://inaturalist-open-data.s3.amazonaws.com/photos/83789277/medium.jpeg,CC-BY 4.0,brybrysciguy,brybrysciguy,2020-07-11,https://www.inaturalist.org/observations/52698883,"© brybrysciguy, some rights reserved (CC-BY)",5fa4bf166f80d32d3a0e628b6d2aa21ecf088d06110f022df5ab6a8538595787
Cyprinus carpio,337074998,https://inaturalist-open-data.s3.amazonaws.com/photos/337074998/medium.jpeg,CC-BY 4.0,Eduardo Luis Beltrocco,elbeltrocco,2023-11-24,https://www.inaturalist.org/observations/192058248,"© Eduardo Luis Beltrocco, some rights reserved (CC-BY)",990463b032a2016fc1c512bd0deb38473365cf1b7e34643d122a5b057dded338
Cyprinus carpio,481269431,https://inaturalist-open-data.s3.amazonaws.com/photos/481269431/medium.jpg,CC-BY 4.0,gwynmwilliams,gwynmwilliams,2025-03-30,https://www.inaturalist.org/observations/267784216,"© gwynmwilliams, some rights reserved (CC-BY)",3ea91780e03cb9007a37627732f3f3b09f3066fe87d7c262c0d4ad1b2a88fc59
Cyprinus carpio,607887723,https://inaturalist-open-data.s3.amazonaws.com/photos/607887723/medium.jpg,CC-BY 4.0,Liem Malarney,liem_malarney,2026-01-14,https://www.inaturalist.org/observations/334708707,"© Liem Malarney, some rights reserved (CC-BY)",17051c985bc8eccae582de43b0e84641ea40dfa5bf0ae96b4a13ad977d966617
Cyprinus carpio,451232716,https://inaturalist-open-data.s3.amazonaws.com/photos/451232716/medium.jpeg,CC-BY 4.0,Nicola Crockford,nicolacrockford,2024-11-17,https://www.inaturalist.org/observations/252107086,"© Nicola Crockford, some rights reserved (CC-BY)",377550b992aad8f4f13018dea8b266d5d10c578998de26a50bab488fc269176f
Cyprinus carpio,405689360,https://inaturalist-open-data.s3.amazonaws.com/photos/405689360/medium.jpeg,CC-BY 4.0,Hawk T.,hawkparty,2024-07-07,https://www.inaturalist.org/observations/228633717,"© Hawk T., some rights reserved (CC-BY)",b1ae3ace37fea5afb40de88fbf1b57782b791dd9464075f7e623b449450a602e
Cyprinus carpio,626694186,https://inaturalist-open-data.s3.amazonaws.com/photos/626694186/medium.jpg,CC-BY 4.0,Vsevolod Rudyi,ruseva,2026-03-20,https://www.inaturalist.org/observations/343980339,"© Vsevolod Rudyi, some rights reserved (CC-BY)",caa500ca52c3c383a50ee1597e5c114260c6269eb2246f93a88f6a8155329752
Cyprinus carpio,304525201,https://inaturalist-open-data.s3.amazonaws.com/photos/304525201/medium.jpeg,CC-BY 4.0,Vasileia Sef,vasileiasef,2023-07-27,https://www.inaturalist.org/observations/175239871,"© Vasileia Sef, some rights reserved (CC-BY)",764f350f5f8af76f607251be832d0d95e3928a6e3cd7ff907fed6df7df13f57c
Cyprinus carpio,509458788,https://inaturalist-open-data.s3.amazonaws.com/photos/509458788/medium.jpg,CC-BY 4.0,Archer Silverman,archer_birding,2025-05-22,https://www.inaturalist.org/observations/283524192,"© Archer Silverman, some rights reserved (CC-BY)",9bd9cb819e9826d5bca828f36aa4b9a2354db4329c53f83587e40536f316e4b9
Cyprinus carpio,30462768,https://inaturalist-open-data.s3.amazonaws.com/photos/30462768/medium.jpeg,CC-BY 4.0,Lauren McLaurin,mcferny,2016-10-02,https://www.inaturalist.org/observations/19769058,"© Lauren McLaurin, some rights reserved (CC-BY)",27d04af2850c15039a45bdb76730851609adef09464b4150a803881251b867f4
Cyprinus carpio,169114015,https://inaturalist-open-data.s3.amazonaws.com/photos/169114015/medium.jpeg,CC-BY 4.0,Ezequiel Racker,lechuzoologo,2019-02-15,https://www.inaturalist.org/observations/101272700,"© Ezequiel Racker, some rights reserved (CC-BY)",fbada6a5809b57b34d20bf3c075dd5d155f4e98c54bf865a617c65db4cf36ee2
Cyprinus carpio,679156209,https://inaturalist-open-data.s3.amazonaws.com/photos/679156209/medium.jpg,CC-BY 4.0,Mattis,herbalert,2026-06-14,https://www.inaturalist.org/observations/371713903,"© Mattis, some rights reserved (CC-BY)",5dab0089c37ad9ee7d14b69976f6ec1d652c7a5a643ee701e5f111fe87bd4f5e
Cyprinus carpio,45430983,https://inaturalist-open-data.s3.amazonaws.com/photos/45430983/medium.jpeg,CC-BY 4.0,Crap Fou,crapfou,2019-07-19,https://www.inaturalist.org/observations/29118745,"© Crap Fou, some rights reserved (CC-BY)",6764290d7413c2d796654e37fc1996951ceff5d1bb75afb1ff51666dcbf04f1a
Cyprinus carpio,461864259,https://inaturalist-open-data.s3.amazonaws.com/photos/461864259/medium.jpeg,CC-BY 4.0,Javier Sánchez Álvarez,javsagg34,2025-01-02,https://www.inaturalist.org/observations/257463622,"© Javier Sánchez Álvarez, some rights reserved (CC-BY)",7ae25c29c6572a20974f17dbcd21ce1bba62e118a935a199c3f9496622727ed4
Cyprinus carpio,147762395,https://inaturalist-open-data.s3.amazonaws.com/photos/147762395/medium.jpeg,CC-BY 4.0,Tristan Haab,wario512,2021-07-15,https://www.inaturalist.org/observations/89475204,"© Tristan Haab, some rights reserved (CC-BY)",c9b270c598c2ac500e81a8a86cb57e0388e6ce908133b6f3051e789de6917b78
Cyprinus carpio,672128806,https://inaturalist-open-data.s3.amazonaws.com/photos/672128806/medium.jpg,CC-BY 4.0,Theo Rickert,theorickert,2026-05-29,https://www.inaturalist.org/observations/368028983,"© Theo Rickert, some rights reserved (CC-BY)",acdc81281e0f457507cfcdfa4f933821de23ba8f82a180b719ed1550ec390202
Cyprinus carpio,520065898,https://inaturalist-open-data.s3.amazonaws.com/photos/520065898/medium.jpg,CC-BY 4.0,Sean Vanderluit,seanvanderluit,2025-06-09,https://www.inaturalist.org/observations/289160988,"© Sean Vanderluit, some rights reserved (CC-BY)",07970accf808919ca7ba5653311ee5bb4f6efb0d99cbbdec2ac53175eed5a1df
Cyprinus carpio,291740144,https://inaturalist-open-data.s3.amazonaws.com/photos/291740144/medium.jpeg,CC-BY 4.0,Pavel Kacl,pavel_kacl,2023-06-10,https://www.inaturalist.org/observations/168349139,"© Pavel Kacl, some rights reserved (CC-BY)",d547e9d8fe6025d9cd3256bfc4d563b2f4e02a2b2a986b037d9bdd0c0a814d30
Squalius cephalus,519437057,https://inaturalist-open-data.s3.amazonaws.com/photos/519437057/medium.jpg,CC-BY 4.0,Philip Schaffer,philip_schaffer,2025-06-09,https://www.inaturalist.org/observations/288833354,"© Philip Schaffer, some rights reserved (CC-BY)",9842585c288eec6deb03982ee7eae016c9fbb554744d956c4c34b91fb0b87722
Squalius cephalus,338796880,https://inaturalist-open-data.s3.amazonaws.com/photos/338796880/medium.jpeg,CC-BY 4.0,Zakqary Roy,zakqaryroy,2023-12-02,https://www.inaturalist.org/observations/192931022,"© Zakqary Roy, some rights reserved (CC-BY)",38279c7b2f612926f9c602fcc188602a7ea51aaa1ed640bbb45e44fffde10a91
Squalius cephalus,513707577,https://inaturalist-open-data.s3.amazonaws.com/photos/513707577/medium.jpg,CC-BY 4.0,plingus22,plingus22,2025-05-31,https://www.inaturalist.org/observations/285789966,"© plingus22, some rights reserved (CC-BY)",86c74e02c0f7013a94f12c2665e85db648bc0056c4d06ab92a23a39f8353cff0
Squalius cephalus,513707584,https://inaturalist-open-data.s3.amazonaws.com/photos/513707584/medium.jpg,CC-BY 4.0,plingus22,plingus22,2025-05-31,https://www.inaturalist.org/observations/285789966,"© plingus22, some rights reserved (CC-BY)",aa8613dbd7940299d7470ed3597cd416f6ee488a854438bb986c8c6e9d54e6d2
Squalius cephalus,97476738,https://inaturalist-open-data.s3.amazonaws.com/photos/97476738/medium.jpeg,CC-BY 4.0,Tavenetat Kevin,hazek,2020-09-22,https://www.inaturalist.org/observations/60942368,"© Tavenetat Kevin, some rights reserved (CC-BY)",c2f7d67d9d14280f025f5d1918c2c27dddc4f8035b57e4f64be4619731bc6b49
Squalius cephalus,290682144,https://inaturalist-open-data.s3.amazonaws.com/photos/290682144/medium.jpg,CC-BY 4.0,Vsevolod Rudyi,ruseva,2023-06-16,https://www.inaturalist.org/observations/167774936,"© Vsevolod Rudyi, some rights reserved (CC-BY)",b4893ea00deb915bffddf9f85a77bf33194feed6c08bc215863c5f4f4f750180
Squalius cephalus,404010585,https://inaturalist-open-data.s3.amazonaws.com/photos/404010585/medium.jpeg,CC-BY 4.0,Евгений Маринкин,evgeniy_marinkin,2024-07-07,https://www.inaturalist.org/observations/227717982,"© Евгений Маринкин, some rights reserved (CC-BY)",5dfc4611ee876b31f1680a8d1e6d7a077fdaccea937cfaba26cbb194f50ce156
Squalius cephalus,404010552,https://inaturalist-open-data.s3.amazonaws.com/photos/404010552/medium.jpeg,CC-BY 4.0,Евгений Маринкин,evgeniy_marinkin,2024-07-07,https://www.inaturalist.org/observations/227717982,"© Евгений Маринкин, some rights reserved (CC-BY)",96b47d80dba2cf7e5e857e49f2ba87b590124d0d11b0b8e3ba9c443ed14228a4
Squalius cephalus,20089026,https://inaturalist-open-data.s3.amazonaws.com/photos/20089026/medium.jpeg,CC-BY 4.0,Julien Renoult,jujurenoult,2018-06-19,https://www.inaturalist.org/observations/13646568,"© Julien Renoult, some rights reserved (CC-BY)",a224d930525e7ba38fb20458170e7b045da090c375d7f9165bade860684b815e
Squalius cephalus,410609652,https://inaturalist-open-data.s3.amazonaws.com/photos/410609652/medium.jpg,CC-BY 4.0,Donald Davesne,donalddavesne,2024-07-16,https://www.inaturalist.org/observations/231206527,"© Donald Davesne, some rights reserved (CC-BY)",c0b952f7bef2d4f2c96955000dc18b95e166ce6ed5051031daa99f9437240c98
Squalius cephalus,382115208,https://inaturalist-open-data.s3.amazonaws.com/photos/382115208/medium.jpg,CC-BY 4.0,Thierry Arbault,thierrya,2019-07-12,https://www.inaturalist.org/observations/216082565,"© Thierry Arbault, some rights reserved (CC-BY)",f38d4e800254486b386dc904d7fb880217ed46950285759479e6a29883cf579a
Squalius cephalus,697800308,https://inaturalist-open-data.s3.amazonaws.com/photos/697800308/medium.jpg,CC-BY 4.0,Heather Alice-Grace Orchard,heather-hyfae,2026-07-14,https://www.inaturalist.org/observations/381365639,"© Heather Alice-Grace Orchard, some rights reserved (CC-BY)",cc30878c6668ed6b7433e3877fea4509c3256860663f5cf5e9c65d5806a3c42e
Squalius cephalus,697800216,https://inaturalist-open-data.s3.amazonaws.com/photos/697800216/medium.jpg,CC-BY 4.0,Heather Alice-Grace Orchard,heather-hyfae,2026-07-14,https://www.inaturalist.org/observations/381365639,"© Heather Alice-Grace Orchard, some rights reserved (CC-BY)",f11fb65489fbb056ea1f40c8aa5ee9cc65bd85bf759ac585733e147e1eeec870
Squalius cephalus,680527017,https://inaturalist-open-data.s3.amazonaws.com/photos/680527017/medium.jpg,CC-BY 4.0,harry beaman,harrybeaman,2026-06-16,https://www.inaturalist.org/observations/372419339,"© harry beaman, some rights reserved (CC-BY)",f9ebbae4c34c5b53e9d965fb75ad5118253353db3bb113de30750f2d0d553ee5
Squalius cephalus,513290061,https://inaturalist-open-data.s3.amazonaws.com/photos/513290061/medium.jpg,CC-BY 4.0,Thomas Ebner,mondseeirrsee,2025-05-31,https://www.inaturalist.org/observations/285560593,"© Thomas Ebner, some rights reserved (CC-BY)",f3c27588226eaa4414c87534832a8d708d45339dfaf5de198f3bba8bb4194daa
Squalius cephalus,513290098,https://inaturalist-open-data.s3.amazonaws.com/photos/513290098/medium.jpg,CC-BY 4.0,Thomas Ebner,mondseeirrsee,2025-05-31,https://www.inaturalist.org/observations/285560593,"© Thomas Ebner, some rights reserved (CC-BY)",7ecdfc62390c34f46483842b6d14c42d66d036d3f196e0034cc9f8fd48ae17c7
Squalius cephalus,288571218,https://inaturalist-open-data.s3.amazonaws.com/photos/288571218/medium.jpeg,CC-BY 4.0,Elias,elias105,2023-06-10,https://www.inaturalist.org/observations/166632395,"© Elias, some rights reserved (CC-BY)",e67d6c13ddcfeca7a72112b61a36c5d2d03fc5d1e5786a0b49ac0a31bc972a8d
Squalius cephalus,288571177,https://inaturalist-open-data.s3.amazonaws.com/photos/288571177/medium.jpeg,CC-BY 4.0,Elias,elias105,2023-06-10,https://www.inaturalist.org/observations/166632395,"© Elias, some rights reserved (CC-BY)",ec17dfabc6e40b04bccc47eca019d766a38c1fdc9efb663387f4f156b12903e0
Squalius cephalus,557645112,https://inaturalist-open-data.s3.amazonaws.com/photos/557645112/medium.jpg,CC-BY 4.0,Pete Bradshaw,chinbrad,2025-08-25,https://www.inaturalist.org/observations/309070763,"© Pete Bradshaw, some rights reserved (CC-BY)",3a969015c1b6a2d6da7d33b266eb60542f59824a74f65651f43cdec76f74d3f8
Squalius cephalus,445387239,https://inaturalist-open-data.s3.amazonaws.com/photos/445387239/medium.jpeg,CC-BY 4.0,Yvan Papa,yvanpapa,2024-09-01,https://www.inaturalist.org/observations/249184441,"© Yvan Papa, some rights reserved (CC-BY)",50e8ca4c1f59a5380becd2f4e5294fe6e30335647d7f20e1711f4ee71825f416
Squalius cephalus,318436660,https://inaturalist-open-data.s3.amazonaws.com/photos/318436660/medium.jpeg,CC-BY 4.0,Francesco Santoro,f_s,2023-09-10,https://www.inaturalist.org/observations/182615908,"© Francesco Santoro, some rights reserved (CC-BY)",5ba60b3403e289b50e6fac9e3680a6a197b40c2202a11bab7f5b23ec7085a0f7
Squalius cephalus,318436646,https://inaturalist-open-data.s3.amazonaws.com/photos/318436646/medium.jpeg,CC-BY 4.0,Francesco Santoro,f_s,2023-09-10,https://www.inaturalist.org/observations/182615908,"© Francesco Santoro, some rights reserved (CC-BY)",74202f7ffd053edd9b874935f853ec655ba8bc2d106e81b3656f533607ef2643
Squalius cephalus,624924082,https://inaturalist-open-data.s3.amazonaws.com/photos/624924082/medium.jpg,CC-BY 4.0,Artem Abdukakharov,artem_abdukakharov,2017-08-13,https://www.inaturalist.org/observations/343103702,"© Artem Abdukakharov, some rights reserved (CC-BY)",5282c26d4a9890d74283799112210d80ee787e4dbd2265794ee14b58ad8c63a5
Squalius cephalus,100578486,https://inaturalist-open-data.s3.amazonaws.com/photos/100578486/medium.jpeg,CC-BY 4.0,Valentin Moser,vmoser,2020-10-16,https://www.inaturalist.org/observations/62742572,"© Valentin Moser, some rights reserved (CC-BY)",2c90782c48d49f06f8713e78179ec25360ddc39bd9b14efee5cd5e35094bcd8b
Squalius cephalus,225464573,https://inaturalist-open-data.s3.amazonaws.com/photos/225464573/medium.jpeg,CC-BY 4.0,Crap Fou,crapfou,2022-08-25,https://www.inaturalist.org/observations/132398810,"© Crap Fou, some rights reserved (CC-BY)",d4332441bb81b40b7d464d9d4033cfd23c063d147c69e015d677f675460c2d7d
Squalius cephalus,4644313,https://inaturalist-open-data.s3.amazonaws.com/photos/4644313/medium.jpeg,CC-BY 4.0,Julien Renoult,jujurenoult,2016-08-21,https://www.inaturalist.org/observations/3942652,"© Julien Renoult, some rights reserved (CC-BY)",7879dd12f3cde5c30225f34beaa7595684f1ef885f8e52b5f44d22d36d5ee4e0
Squalius cephalus,218742488,https://inaturalist-open-data.s3.amazonaws.com/photos/218742488/medium.jpeg,CC-BY 4.0,Christoph Moning,christoph_moning,2022-07-17,https://www.inaturalist.org/observations/128762897,"© Christoph Moning, some rights reserved (CC-BY)",b885bce0626bd326c48e81a82c62d48b2721b8091a3ddfa1c837b416b9ab311d
Squalius cephalus,28650654,https://inaturalist-open-data.s3.amazonaws.com/photos/28650654/medium.jpeg,CC-BY 4.0,Nasser Halaweh,nasserhalaweh,2008-06-08,https://www.inaturalist.org/observations/18711427,"© Nasser Halaweh, some rights reserved (CC-BY)",74ebe80b6632c1deb09701cbab0de965c155594bb21004382454ec9a56f57e6e
Squalius cephalus,520250012,https://inaturalist-open-data.s3.amazonaws.com/photos/520250012/medium.jpg,CC-BY 4.0,Christoph Moning,christoph_moning,2025-06-13,https://www.inaturalist.org/observations/289255620,"© Christoph Moning, some rights reserved (CC-BY)",5053258dddbc329a6a219b97464d559477c5ea19e99954c6b053556f0f12bbf2
Squalius cephalus,520250064,https://inaturalist-open-data.s3.amazonaws.com/photos/520250064/medium.jpg,CC-BY 4.0,Christoph Moning,christoph_moning,2025-06-13,https://www.inaturalist.org/observations/289255620,"© Christoph Moning, some rights reserved (CC-BY)",701d1ef64100e0584cec377e66190f3499e85b2c0ef8ad3d7bfcae9c72853afc
Squalius cephalus,409426531,https://inaturalist-open-data.s3.amazonaws.com/photos/409426531/medium.jpeg,CC-BY 4.0,Yves Bas,yvesbas,2023-08-14,https://www.inaturalist.org/observations/230578590,"© Yves Bas, some rights reserved (CC-BY)",3d0147c0ee2bc94cfb3ec655832d540e715f0ad849e11d8d1e7b90d7d61677bb
Squalius cephalus,306199220,https://inaturalist-open-data.s3.amazonaws.com/photos/306199220/medium.jpeg,CC-BY 4.0,Sylvain Montagner,sylvainm_53,2015-08-20,https://www.inaturalist.org/observations/176144213,"© Sylvain Montagner, some rights reserved (CC-BY)",9663eda131a485310af27677b3f7789061de642befbc819a59c50026718ec2df
Squalius cephalus,555894287,https://inaturalist-open-data.s3.amazonaws.com/photos/555894287/medium.jpg,CC-BY 4.0,Stephan Mende,grid33,2025-08-19,https://www.inaturalist.org/observations/308138980,"© Stephan Mende, some rights reserved (CC-BY)",2e7f0a0ddb9761f470fc2593d4aedcd3b147dbe8aca0560f40b7b77c8108c12e
Squalius cephalus,689256163,https://inaturalist-open-data.s3.amazonaws.com/photos/689256163/medium.jpg,CC-BY 4.0,harry beaman,harrybeaman,2026-06-27,https://www.inaturalist.org/observations/376947512,"© harry beaman, some rights reserved (CC-BY)",74b73b581070819df8718ec6ce3573520d7c1daca1e5fc9810dda61e3ef35735
Squalius cephalus,692728173,https://inaturalist-open-data.s3.amazonaws.com/photos/692728173/medium.jpg,CC-BY 4.0,Richard Nuttall,richard2082,2026-07-06,https://www.inaturalist.org/observations/378744714,"© Richard Nuttall, some rights reserved (CC-BY)",562fcff1e1e89d20449d43482c3f577c6d16889fc89986dbfb175d1ab1f632c7
Squalius cephalus,728996010,https://inaturalist-open-data.s3.amazonaws.com/photos/728996010/medium.jpg,CC-BY 4.0,Ioannis Magouras,ioannis_magouras,2026-09-05,https://www.inaturalist.org/observations/397462642,"© Ioannis Magouras, some rights reserved (CC-BY)",a59aa90862ee52bb723f388d2e970911d1c485ad2a5402426b5eaeb44584a289
Squalius cephalus,731608194,https://inaturalist-open-data.s3.amazonaws.com/photos/731608194/medium.jpg,CC-BY 4.0,Demian Hiß,demianhiss,2026-06-18,https://www.inaturalist.org/observations/398817482,"© Demian Hiß, some rights reserved (CC-BY)",f652cc69d6e6b467c7608118d7ed8c80be22fc792717b54ac77e6dc507efe0fa
Squalius cephalus,409938336,https://inaturalist-open-data.s3.amazonaws.com/photos/409938336/medium.jpg,CC-BY 4.0,Donald Davesne,donalddavesne,2024-07-16,https://www.inaturalist.org/observations/230855401,"© Donald Davesne, some rights reserved (CC-BY)",2d6f040578b6e4c8fb10ef10f806973a5154fa93229e2a0e75ce494c49d05e6e
Squalius cephalus,409938363,https://inaturalist-open-data.s3.amazonaws.com/photos/409938363/medium.jpg,CC-BY 4.0,Donald Davesne,donalddavesne,2024-07-16,https://www.inaturalist.org/observations/230855401,"© Donald Davesne, some rights reserved (CC-BY)",530168f13b9319ac99d960f4b2759015d1baea833a193c6bcf3fc71868c85836
Squalius cephalus,558837417,https://inaturalist-open-data.s3.amazonaws.com/photos/558837417/medium.jpg,CC-BY 4.0,Markus Huber,mhub94,2025-08-28,https://www.inaturalist.org/observations/309671169,"© Markus Huber, some rights reserved (CC-BY)",2d9d77de3fcb503296caf2d45e5c504abe9f61b61add24aee41a933bd482d45a
Squalius cephalus,558837433,https://inaturalist-open-data.s3.amazonaws.com/photos/558837433/medium.jpg,CC-BY 4.0,Markus Huber,mhub94,2025-08-28,https://www.inaturalist.org/observations/309671169,"© Markus Huber, some rights reserved (CC-BY)",5eb4e67037144e3ac45d077d8d3a1d1d14edd04fd29a59a84721a4b67cc46916
Squalius cephalus,296688261,https://inaturalist-open-data.s3.amazonaws.com/photos/296688261/medium.jpg,CC-BY 4.0,tomas_kay,tomas_kay,2023-07-04,https://www.inaturalist.org/observations/171005025,"© tomas_kay, some rights reserved (CC-BY)",71c5a240cdcf2d7976a2c09d5aeb10e28de9c56a170b4a93b6c505414b1bdf63
Squalius cephalus,610652874,https://inaturalist-open-data.s3.amazonaws.com/photos/610652874/medium.jpg,CC-BY 4.0,Stephan Mende,grid33,2025-05-27,https://www.inaturalist.org/observations/336077083,"© Stephan Mende, some rights reserved (CC-BY)",f291f9895bdce5fe092f54cf945f71a84d6cb3390ffa2f7cacbab4f581520317
Squalius cephalus,49178169,https://inaturalist-open-data.s3.amazonaws.com/photos/49178169/medium.jpeg,CC-BY 4.0,agujaceratops,agujaceratops,2019-08-24,https://www.inaturalist.org/observations/31427712,"© agujaceratops, some rights reserved (CC-BY)",8c9c675ff9ec94377ebfa9a356b4765cddeb87c66de21ac8fec2120861e7fb0c
Squalius cephalus,322340994,https://inaturalist-open-data.s3.amazonaws.com/photos/322340994/medium.jpg,CC-BY 4.0,Michael Grundner,migru,2023-09-15,https://www.inaturalist.org/observations/184642292,"© Michael Grundner, some rights reserved (CC-BY)",3420ee79015520aa59a8bb19832c45af25ab9b71db86f1d4bda4961f359d2ec5
Squalius cephalus,220607296,https://inaturalist-open-data.s3.amazonaws.com/photos/220607296/medium.jpeg,CC-BY 4.0,Luke Lythgoe,lukelythgoe,2022-08-06,https://www.inaturalist.org/observations/129783760,"© Luke Lythgoe, some rights reserved (CC-BY)",36b6cc3a1832d3652e4ec3b9c658dfdc2004382bca15c78b81c765b31d7461a3
Squalius cephalus,725761628,https://inaturalist-open-data.s3.amazonaws.com/photos/725761628/medium.jpg,CC-BY 4.0,Nikolaus Helmer,oklin,2026-08-30,https://www.inaturalist.org/observations/395793641,"© Nikolaus Helmer, some rights reserved (CC-BY)",f73325a2a1a3d30e0b8014b23934dab2441600498d3c21bf836f65f2844ccb67
Squalius cephalus,243960251,https://inaturalist-open-data.s3.amazonaws.com/photos/243960251/medium.jpg,CC-BY 4.0,Michael Berardozzi,berardom,2015-06-28,https://www.inaturalist.org/observations/142313671,"© Michael Berardozzi, some rights reserved (CC-BY)",56bdbb19ff3537e231be50df8af6f355ec25ecbcf6f107e887faed5b66b4803b
Squalius cephalus,348300717,https://inaturalist-open-data.s3.amazonaws.com/photos/348300717/medium.jpeg,CC-BY 4.0,cappycollins,cappycollins,2022-08-23,https://www.inaturalist.org/observations/197715789,"© cappycollins, some rights reserved (CC-BY)",89bd9cc47dd028d389ab9a9ffc6ec21f33497b32a9118ca6d05bf581ed39d4d4
Squalius cephalus,45755644,https://inaturalist-open-data.s3.amazonaws.com/photos/45755644/medium.jpeg,CC-BY 4.0,Crap Fou,crapfou,2019-07-22,https://www.inaturalist.org/observations/29321588,"© Crap Fou, some rights reserved (CC-BY)",691ca62e5404ebf8e3d87d71c0afd14a6ddf696bbcc24bd266ae2d61ad8dcedb
Squalius cephalus,531353034,https://inaturalist-open-data.s3.amazonaws.com/photos/531353034/medium.jpg,CC-BY 4.0,René Boe Sørensen,reneboe,2025-07-02,https://www.inaturalist.org/observations/295171624,"© René Boe Sørensen, some rights reserved (CC-BY)",55021ec0e257d905acd589bbc07dfec748a87e5016297c19013d3536ae79887b
Squalius cephalus,519470773,https://inaturalist-open-data.s3.amazonaws.com/photos/519470773/medium.jpg,CC-BY 4.0,Julien Renoult,jujurenoult,2025-06-07,https://www.inaturalist.org/observations/288848514,"© Julien Renoult, some rights reserved (CC-BY)",ddd6ea5642198b76b3ea2ce5f8fe18114e5133b3185c7c91a87a7de5b4ae33fe
Squalius cephalus,152717341,https://inaturalist-open-data.s3.amazonaws.com/photos/152717341/medium.jpg,CC-BY 4.0,Gergely Nigg,naturebynigg,2021-08-18,https://www.inaturalist.org/observations/92253620,"© Gergely Nigg, some rights reserved (CC-BY)",ad8d0d81ce26a2c24ad0fe4c4f1c3a98bc9bed67800ad7e434bce4918ad6bed2
Squalius cephalus,360368567,https://inaturalist-open-data.s3.amazonaws.com/photos/360368567/medium.jpeg,CC-BY 4.0,Rhys,rhys-outsidelens,2024-03-25,https://www.inaturalist.org/observations/203924631,"© Rhys, some rights reserved (CC-BY)",df65dab024b582a702277410a623633a2aa9b514a882e4df61dfd8264bbe0a11
Salmo trutta,76213678,https://inaturalist-open-data.s3.amazonaws.com/photos/76213678/medium.jpg,CC-BY 4.0,Julien Renoult,jujurenoult,2020-05-30,https://www.inaturalist.org/observations/48052239,"© Julien Renoult, some rights reserved (CC-BY)",24e380f9883cbe434c5b8ae44fae9a96fe1fa2388c06c3cd4d59e98f731ecbf9
Salmo trutta,76215411,https://inaturalist-open-data.s3.amazonaws.com/photos/76215411/medium.jpg,CC-BY 4.0,Julien Renoult,jujurenoult,2020-05-30,https://www.inaturalist.org/observations/48052239,"© Julien Renoult, some rights reserved (CC-BY)",5e53600002132f6cd249174c36a9a263939c5740d883933fa4f8768ce38a8a9d
Salmo trutta,308033167,https://inaturalist-open-data.s3.amazonaws.com/photos/308033167/medium.jpg,CC-BY 4.0,Nicola Crockford,nicolacrockford,2023-08-06,https://www.inaturalist.org/observations/177131303,"© Nicola Crockford, some rights reserved (CC-BY)",509b3f8d318347765fabc571a2733f7e5bc7d15542c2b477fe086d8d7928fd05
Salmo trutta,667019808,https://inaturalist-open-data.s3.amazonaws.com/photos/667019808/medium.jpg,CC-BY 4.0,Nicola Crockford,nicolacrockford,2026-05-25,https://www.inaturalist.org/observations/365339831,"© Nicola Crockford, some rights reserved (CC-BY)",0ad22b726b3895a73a14dfdd7a565b75681260c5a590e387c779a6f5187e77c1
Salmo trutta,667019806,https://inaturalist-open-data.s3.amazonaws.com/photos/667019806/medium.jpg,CC-BY 4.0,Nicola Crockford,nicolacrockford,2026-05-25,https://www.inaturalist.org/observations/365339831,"© Nicola Crockford, some rights reserved (CC-BY)",e0c23638b1a21eb2b8a665b7fe5795804293dd2c49a7655289854761f5095b5b
Salmo trutta,222327633,https://inaturalist-open-data.s3.amazonaws.com/photos/222327633/medium.jpeg,CC-BY 4.0,Kai Squires,squiresk,2022-08-13,https://www.inaturalist.org/observations/130709665,"© Kai Squires, some rights reserved (CC-BY)",ab4266d02353f34f7b08f7e83288157efb052728fe2675a544238bc89373881f
Salmo trutta,54032080,https://inaturalist-open-data.s3.amazonaws.com/photos/54032080/medium.jpeg,CC-BY 4.0,Karen (with occasional help from Mike),mpkw,2019-10-10,https://www.inaturalist.org/observations/34340357,"© Karen (with occasional help from Mike), some rights reserved (CC-BY)",bcad73611d064d760a1e53d934cec0de55881b31dc00169cc131f21447f60733
Salmo trutta,687277706,https://inaturalist-open-data.s3.amazonaws.com/photos/687277706/medium.jpg,CC-BY 4.0,Gonzalo Colomer,gonzalocolomer2,2026-06-27,https://www.inaturalist.org/observations/375920484,"© Gonzalo Colomer, some rights reserved (CC-BY)",4e0b12f2c7f68cca0411499569e1b5946c410266e1a1619839a4bb79c39f8a9c
Salmo trutta,494267840,https://inaturalist-open-data.s3.amazonaws.com/photos/494267840/medium.jpeg,CC-BY 4.0,Sabarni Sarker,sabarnisarker,2025-04-27,https://www.inaturalist.org/observations/275011202,"© Sabarni Sarker, some rights reserved (CC-BY)",c5e6934a8adfe1dcf0c2522b0985973fbdc9ff5a238d7f67934506234cb1080a
Salmo trutta,559830056,https://inaturalist-open-data.s3.amazonaws.com/photos/559830056/medium.jpg,CC-BY 4.0,Viktor,viktor-n,2025-08-25,https://www.inaturalist.org/observations/310202440,"© Viktor, some rights reserved (CC-BY)",1b0cfe42d24c88937395cf8358f84f782382877a4bedc36b8f92354a0d7a6d58
Salmo trutta,514921623,https://inaturalist-open-data.s3.amazonaws.com/photos/514921623/medium.jpg,CC-BY 4.0,Liren Varghese,liren,2025-06-01,https://www.inaturalist.org/observations/286426647,"© Liren Varghese, some rights reserved (CC-BY)",527e3a36ecfd916dffa911b206327400b6c6dc88525c0abaabcc5b3a14001333
Salmo trutta,543832278,https://inaturalist-open-data.s3.amazonaws.com/photos/543832278/medium.jpg,CC-BY 4.0,Tristo,tristo,2025-07-26,https://www.inaturalist.org/observations/301781113,"© Tristo, some rights reserved (CC-BY)",665063d3753c62d2a86a19640f6e65c01307cc280beb9dc2515ebe280e786013
Salmo trutta,306556380,https://inaturalist-open-data.s3.amazonaws.com/photos/306556380/medium.jpg,CC-BY 4.0,dennisvo,dennisvo,2023-08-02,https://www.inaturalist.org/observations/176335541,"© dennisvo, some rights reserved (CC-BY)",5e2bb7de586a9450aa2731cd5d7ccd608334950a21a879fdf8af46aa038bdb0a
Salmo trutta,163837829,https://inaturalist-open-data.s3.amazonaws.com/photos/163837829/medium.jpeg,CC-BY 4.0,Jared Shorma,blazeclaw,2021-10-02,https://www.inaturalist.org/observations/98414326,"© Jared Shorma, some rights reserved (CC-BY)",0c75374bcc7cf05503f7b23e2f14188b0c3b7b78b487227fb9fa597259f9b190
Salmo trutta,163837885,https://inaturalist-open-data.s3.amazonaws.com/photos/163837885/medium.jpeg,CC-BY 4.0,Jared Shorma,blazeclaw,2021-10-02,https://www.inaturalist.org/observations/98414326,"© Jared Shorma, some rights reserved (CC-BY)",6f17e1caf8485a1e1d96fe755c740650dd71a08d6eaf43c58c064f659201c5c1
Salmo trutta,498032723,https://inaturalist-open-data.s3.amazonaws.com/photos/498032723/medium.jpeg,CC-BY 4.0,Jerry Lanfear,jerry2018,2025-05-01,https://www.inaturalist.org/observations/277368964,"© Jerry Lanfear, some rights reserved (CC-BY)",505e0a1ad559c5fd0d4c5d56a148a96a635f7dd632f7fabb91295be79d373622
Salmo trutta,710195328,https://inaturalist-open-data.s3.amazonaws.com/photos/710195328/medium.jpg,CC-BY 4.0,Flavien Saboureau,flaviensaboureau,2026-07-21,https://www.inaturalist.org/observations/387815619,"© Flavien Saboureau, some rights reserved (CC-BY)",c9715e05b88e3d44f6f25a8bf30ffe052634dbfe846d92e682b3554ba3a55b69
Salmo trutta,468436888,https://inaturalist-open-data.s3.amazonaws.com/photos/468436888/medium.jpg,CC-BY 4.0,ajott,ajott,2025-02-04,https://www.inaturalist.org/observations/260809812,"© ajott, some rights reserved (CC-BY)",f26361d8514f071234cb68ab1a399c2a3a742ff2119b84ef33685e52d5ed1608
Salmo trutta,468436878,https://inaturalist-open-data.s3.amazonaws.com/photos/468436878/medium.jpg,CC-BY 4.0,ajott,ajott,2025-02-04,https://www.inaturalist.org/observations/260809812,"© ajott, some rights reserved (CC-BY)",b229a6b4f57a21005997be8af8154f5bd137724f8c71d392deadfeb201d6e0d7
Salmo trutta,1183799,https://inaturalist-open-data.s3.amazonaws.com/photos/1183799/medium.jpg,CC-BY 4.0,Jon Sullivan,jon_sullivan,2010-10-16,https://www.inaturalist.org/observations/947365,"© Jon Sullivan, some rights reserved (CC-BY)",6c1963d97daae17ff95fd097ca8c5685ed4c5e83a6eeb1327290e3ae3fa9c10d
Salmo trutta,163837212,https://inaturalist-open-data.s3.amazonaws.com/photos/163837212/medium.jpeg,CC-BY 4.0,Jared Shorma,blazeclaw,2021-10-02,https://www.inaturalist.org/observations/98414300,"© Jared Shorma, some rights reserved (CC-BY)",38d925714fd124610f363e3f0775cb281a62b0f696bbf9ac760e5509defe6afc
Salmo trutta,163837235,https://inaturalist-open-data.s3.amazonaws.com/photos/163837235/medium.jpeg,CC-BY 4.0,Jared Shorma,blazeclaw,2021-10-02,https://www.inaturalist.org/observations/98414300,"© Jared Shorma, some rights reserved (CC-BY)",3a8d874003031db4f5f8b1d76f376f5fd78cf8bb97be85ae2a0ec6c0a1db8e1a
Salmo trutta,548405229,https://inaturalist-open-data.s3.amazonaws.com/photos/548405229/medium.jpg,CC-BY 4.0,Matteo Bellucci,matteobellu239,2025-08-04,https://www.inaturalist.org/observations/304220808,"© Matteo Bellucci, some rights reserved (CC-BY)",a88af47195071137818b9f7155e0770730991834423f87d9db89e4f4d1704670
Salmo trutta,54276788,https://inaturalist-open-data.s3.amazonaws.com/photos/54276788/medium.jpg,CC-BY 4.0,Bob Nieman,bobnieman,2006-06-20,https://www.inaturalist.org/observations/34483855,"© Bob Nieman, some rights reserved (CC-BY)",a9c241645ead1e75563508fdb66b3079b346bb8d673312b9c000e02af2142bd3
Salmo trutta,398756603,https://inaturalist-open-data.s3.amazonaws.com/photos/398756603/medium.jpg,CC-BY 4.0,Tristo,tristo,2024-06-23,https://www.inaturalist.org/observations/224948532,"© Tristo, some rights reserved (CC-BY)",181fa4fa45e5cceb64fd97f9773eb6f6b99aa0aa48321248bf75eb15b4d27c0d
Salmo trutta,501130586,https://inaturalist-open-data.s3.amazonaws.com/photos/501130586/medium.jpeg,CC-BY 4.0,Nicola Crockford,nicolacrockford,2025-05-03,https://www.inaturalist.org/observations/279079513,"© Nicola Crockford, some rights reserved (CC-BY)",56a053ba42e7acd9f8dc90253165c2b3028e3631f96af97e3b35100d474d2da2
Salmo trutta,501130584,https://inaturalist-open-data.s3.amazonaws.com/photos/501130584/medium.jpeg,CC-BY 4.0,Nicola Crockford,nicolacrockford,2025-05-03,https://www.inaturalist.org/observations/279079513,"© Nicola Crockford, some rights reserved (CC-BY)",bfad395ffe08fa0455b3b4eb191e6b66823dda04296ec4b8299f7ae2a7663658
Salmo trutta,514919940,https://inaturalist-open-data.s3.amazonaws.com/photos/514919940/medium.jpg,CC-BY 4.0,Liren Varghese,liren,2025-06-01,https://www.inaturalist.org/observations/286426628,"© Liren Varghese, some rights reserved (CC-BY)",b4e057b3fee5dd39a06ec1a4941bbcffbee338258a2f80976e3c8ddd987b513c
Salmo trutta,514919944,https://inaturalist-open-data.s3.amazonaws.com/photos/514919944/medium.jpg,CC-BY 4.0,Liren Varghese,liren,2025-06-01,https://www.inaturalist.org/observations/286426628,"© Liren Varghese, some rights reserved (CC-BY)",9ef9f30a4347ef73347283fefd4c75aede501456e334766e79bbac4b729193b4
Salmo trutta,591513624,https://inaturalist-open-data.s3.amazonaws.com/photos/591513624/medium.jpg,CC-BY 4.0,William Harland,william-harland,2025-11-07,https://www.inaturalist.org/observations/326585656,"© William Harland, some rights reserved (CC-BY)",e463a51899ad5394650d590858ae94f8a5bdd71c169754556b0e29482753dd9a
Salmo trutta,591513626,https://inaturalist-open-data.s3.amazonaws.com/photos/591513626/medium.jpg,CC-BY 4.0,William Harland,william-harland,2025-11-07,https://www.inaturalist.org/observations/326585656,"© William Harland, some rights reserved (CC-BY)",528b70161b6c0b63af23dfe7e81f94859d07588a09151dc727ac28d5faed60b2
Salmo trutta,728319322,https://inaturalist-open-data.s3.amazonaws.com/photos/728319322/medium.jpg,CC-BY 4.0,Aiva Noringseth,aiva,2026-09-03,https://www.inaturalist.org/observations/397114738,"© Aiva Noringseth, some rights reserved (CC-BY)",361a4a113ffd5bdf0557a7b4adf96912193d1772510ae96ea95cab19e1f5a709
Salmo trutta,728319312,https://inaturalist-open-data.s3.amazonaws.com/photos/728319312/medium.jpg,CC-BY 4.0,Aiva Noringseth,aiva,2026-09-03,https://www.inaturalist.org/observations/397114738,"© Aiva Noringseth, some rights reserved (CC-BY)",92115b53965dab7d9f0140cf20a704fceae24f3851f58b83ff7f4e530ef6c48a
Salmo trutta,511564504,https://inaturalist-open-data.s3.amazonaws.com/photos/511564504/medium.jpg,CC-BY 4.0,Jonathan Curley,curleycurlew,2025-05-21,https://www.inaturalist.org/observations/284638815,"© Jonathan Curley, some rights reserved (CC-BY)",2b2e572f21e2ef0ba967dfdce8fe2c9d370d1ca16f8d58de7ebfbafc936291e7
Salmo trutta,236238299,https://inaturalist-open-data.s3.amazonaws.com/photos/236238299/medium.jpeg,CC-BY 4.0,Valentin Moser,vmoser,2022-10-07,https://www.inaturalist.org/observations/138235629,"© Valentin Moser, some rights reserved (CC-BY)",da59b1aab52d49556be2b177219fb59546521b4082ca384cc4fd15e1e8c6dd8a
Salmo trutta,595861588,https://inaturalist-open-data.s3.amazonaws.com/photos/595861588/medium.jpg,CC-BY 4.0,Roland Gromes,rolandgromes,2022-08-30,https://www.inaturalist.org/observations/328792252,"© Roland Gromes, some rights reserved (CC-BY)",6b92d4a9e8e2e4e7db3f67d078a688c8372a9f84cf9de179bce6a61c47bb4a48
Salmo trutta,468404084,https://inaturalist-open-data.s3.amazonaws.com/photos/468404084/medium.jpeg,CC-BY 4.0,Jenny Saito,jennysaito,2025-02-05,https://www.inaturalist.org/observations/260792057,"© Jenny Saito, some rights reserved (CC-BY)",0bd1a0ef96a1b8fbe911240c9a58f6db88f4f304b0f374cd59d3e5c27e4fe421
Salmo trutta,503880458,https://inaturalist-open-data.s3.amazonaws.com/photos/503880458/medium.jpeg,CC-BY 4.0,Jan Ebr &amp; Ivana Ebrová,opisska,2025-05-10,https://www.inaturalist.org/observations/280548619,"© Jan Ebr &amp; Ivana Ebrová, some rights reserved (CC-BY)",a9b055a21e46bf554328cc7a50ae67a22f9d5b4009346bd2dd7a79eaafdfa306
Salmo trutta,440729377,https://inaturalist-open-data.s3.amazonaws.com/photos/440729377/medium.jpeg,CC-BY 4.0,Nicola Crockford,nicolacrockford,2024-10-11,https://www.inaturalist.org/observations/246834216,"© Nicola Crockford, some rights reserved (CC-BY)",7080dcac5cc4fa4e609e5072bec32f996e20e0e330e1591d601a5882d4bbd385
Salmo trutta,441046216,https://inaturalist-open-data.s3.amazonaws.com/photos/441046216/medium.jpeg,CC-BY 4.0,Lukas Schärer,lukas_scharer,2024-09-01,https://www.inaturalist.org/observations/246996319,"© Lukas Schärer, some rights reserved (CC-BY)",2abd309cf1191f84c08dfc9252a814b739a195b944271e0b8c6a79bd54ebe148
Salmo trutta,532646861,https://inaturalist-open-data.s3.amazonaws.com/photos/532646861/medium.jpg,CC-BY 4.0,Mark Hiner,hineroptera,2025-07-06,https://www.inaturalist.org/observations/295852782,"© Mark Hiner, some rights reserved (CC-BY)",20588ddb20282690bdc68e81b2dce514ab237f6ea16067176fbc88d945d8ce3d
Salmo trutta,402265313,https://inaturalist-open-data.s3.amazonaws.com/photos/402265313/medium.jpeg,CC-BY 4.0,Lorelei Finley,loreleiiii,2024-07-01,https://www.inaturalist.org/observations/226579910,"© Lorelei Finley, some rights reserved (CC-BY)",588ec0e095e4dd2f253a9c44067d731c63943eb6cd7977a41e94ed6e903a6599
Salmo trutta,400845996,https://inaturalist-open-data.s3.amazonaws.com/photos/400845996/medium.jpeg,CC-BY 4.0,Jose Castro,jose_castro,2024-05-29,https://www.inaturalist.org/observations/226047497,"© Jose Castro, some rights reserved (CC-BY)",73dafe55de34c172b539e0ee8a8c77473fb51f5791f52c31b616eb2cd3f514a3
Salmo trutta,349515305,https://inaturalist-open-data.s3.amazonaws.com/photos/349515305/medium.jpg,CC-BY 4.0,Chris walker,squirrel1,2022-06-03,https://www.inaturalist.org/observations/198318611,"© Chris walker, some rights reserved (CC-BY)",8e7108486811fb12a18985032b1011c2db1c374ca939f67c9511ba1d0ccfc03b
Salmo trutta,33645996,https://inaturalist-open-data.s3.amazonaws.com/photos/33645996/medium.jpg,CC-BY 4.0,Steve Kerr,steve_kerr,2019-03-29,https://www.inaturalist.org/observations/21726769,"© Steve Kerr, some rights reserved (CC-BY)",e9929e072fd44828b4bc78338e089f144695723317bcb01920be3d06155968e6
Salmo trutta,588893892,https://inaturalist-open-data.s3.amazonaws.com/photos/588893892/medium.jpg,CC-BY 4.0,Frank Ashwood,frankashwood,2025-11-07,https://www.inaturalist.org/observations/325273431,"© Frank Ashwood, some rights reserved (CC-BY)",19fc55785c9680e0c607f8ab4b013f8eb12243ccce1c2d0eeb80714fc149198e
Salmo trutta,241250673,https://inaturalist-open-data.s3.amazonaws.com/photos/241250673/medium.jpeg,CC-BY 4.0,E. A.,kupferglucke,2022-11-01,https://www.inaturalist.org/observations/140894115,"© E. A., some rights reserved (CC-BY)",3e554bed7c8a9f29f0cbbff4a3da3e3d5cd5189396e96dadd2a8eba5f7fcfe6e
Salmo trutta,467449818,https://inaturalist-open-data.s3.amazonaws.com/photos/467449818/medium.jpeg,CC-BY 4.0,Hunter Hickok,once_casadastraphobic_bird,2025-02-01,https://www.inaturalist.org/observations/260309318,"© Hunter Hickok, some rights reserved (CC-BY)",b1f14ff89e1b523d0d4a9d2d239d4b7cd98ca45e68d91417748d1208e31b5cbb
Salmo trutta,731283690,https://inaturalist-open-data.s3.amazonaws.com/photos/731283690/medium.jpg,CC-BY 4.0,William Walker,decoyhedgehog,2026-09-05,https://www.inaturalist.org/observations/398631433,"© William Walker, some rights reserved (CC-BY)",8e3033d30e0bccb415f853d38e5475bce06bd2b325054fa40f8321208f65f483
Salmo trutta,476810953,https://inaturalist-open-data.s3.amazonaws.com/photos/476810953/medium.jpeg,CC-BY 4.0,Nicola Crockford,nicolacrockford,2025-03-15,https://www.inaturalist.org/observations/265453648,"© Nicola Crockford, some rights reserved (CC-BY)",8dba3af1ceb37340caafa68f02ddc291f1f99d23f4dd5999ffa8acb949c2ec75
Salmo trutta,438729222,https://inaturalist-open-data.s3.amazonaws.com/photos/438729222/medium.jpg,CC-BY 4.0,Demian Hiß,demianhiss,2024-09-27,https://www.inaturalist.org/observations/245826895,"© Demian Hiß, some rights reserved (CC-BY)",3b4500074ac8a5ef645540a28dc968a3a3cc5084b70fa29bc11075a78c37b947
Lepomis macrochirus,201385257,https://inaturalist-open-data.s3.amazonaws.com/photos/201385257/medium.jpg,CC-BY 4.0,Melissa McMasters,mmcmasters,2022-05-05,https://www.inaturalist.org/observations/119149209,"© Melissa McMasters, some rights reserved (CC-BY)",e8949afd3f5920c7b49a3037ab7c82f66717ec66e11a765f68a184d485a45804
Lepomis macrochirus,358473347,https://inaturalist-open-data.s3.amazonaws.com/photos/358473347/medium.jpeg,CC-BY 4.0,Ken Clark,peliken,2024-03-17,https://www.inaturalist.org/observations/202933403,"© Ken Clark, some rights reserved (CC-BY)",0decbd5c60864013280e04ff13333782d28fb70054cb93f14bb5fa01cbe388fa
Lepomis macrochirus,599880750,https://inaturalist-open-data.s3.amazonaws.com/photos/599880750/medium.jpg,CC-BY 4.0,Dominic,dominic,2025-12-10,https://www.inaturalist.org/observations/330769781,"© Dominic, some rights reserved (CC-BY)",1b5461e3f5fee49e5cb1fec94216e6779f6302f433735255c69adbacd99aa5cf
Lepomis macrochirus,599880752,https://inaturalist-open-data.s3.amazonaws.com/photos/599880752/medium.jpg,CC-BY 4.0,Dominic,dominic,2025-12-10,https://www.inaturalist.org/observations/330769781,"© Dominic, some rights reserved (CC-BY)",29319cfff3896fc9e6e5964647d26e3b1bb18c36e79185c47cb1bc11332ba9ea
Lepomis macrochirus,215809760,https://inaturalist-open-data.s3.amazonaws.com/photos/215809760/medium.jpeg,CC-BY 4.0,Emmett Collins-Sussman,mettcollsuss,2022-07-10,https://www.inaturalist.org/observations/127140373,"© Emmett Collins-Sussman, some rights reserved (CC-BY)",b7b20ea8ee23da0f69b61305a523aaacefdaef71b8fd7ef19f5b349021a3f7b7
Lepomis macrochirus,215809822,https://inaturalist-open-data.s3.amazonaws.com/photos/215809822/medium.jpeg,CC-BY 4.0,Emmett Collins-Sussman,mettcollsuss,2022-07-10,https://www.inaturalist.org/observations/127140373,"© Emmett Collins-Sussman, some rights reserved (CC-BY)",9e97a1bca6514f69a3ad5048909db2361f2fadc5c259df146c7a7220a2e304cb
Lepomis macrochirus,273562891,https://inaturalist-open-data.s3.amazonaws.com/photos/273562891/medium.jpg,CC-BY 4.0,Thomas J Nolan,tnolan,2023-04-19,https://www.inaturalist.org/observations/158278765,"© Thomas J Nolan, some rights reserved (CC-BY)",7185e913661891e0ee235ebcb43d7c1b9fcff32ffa2438cfbb90107a702b2bda
Lepomis macrochirus,10850703,https://inaturalist-open-data.s3.amazonaws.com/photos/10850703/medium.jpg,CC-BY 4.0,CK2AZ,ck2az,2017-09-28,https://www.inaturalist.org/observations/8190438,"© CK2AZ, some rights reserved (CC-BY)",2dcbe2b1c4673e9f2c5b6203eebccb920e7678c9e1f2948cc5279230cfd6a6bc
Lepomis macrochirus,10850708,https://inaturalist-open-data.s3.amazonaws.com/photos/10850708/medium.jpg,CC-BY 4.0,CK2AZ,ck2az,2017-09-28,https://www.inaturalist.org/observations/8190438,"© CK2AZ, some rights reserved (CC-BY)",0b42501187e07d871c50d3f19e44c06175da1329e1922b3c9eaa18415b61b874
Lepomis macrochirus,619189832,https://inaturalist-open-data.s3.amazonaws.com/photos/619189832/medium.jpg,CC-BY 4.0,Cricket Raspet,chilipossum,2026-02-23,https://www.inaturalist.org/observations/340271270,"© Cricket Raspet, some rights reserved (CC-BY)",5bf69e174a6d582f88c790a1026a29a6d74f0cbd0f263761fc539b1b2b7043fc
Lepomis macrochirus,633491541,https://inaturalist-open-data.s3.amazonaws.com/photos/633491541/medium.jpg,CC-BY 4.0,Neli Kanonerova,lululunar,2026-04-04,https://www.inaturalist.org/observations/347439009,"© Neli Kanonerova, some rights reserved (CC-BY)",cf28d4a9fbbbcdca4d440e5f64844f762e663be5f7e6e0c2bb15728ad794580c
Lepomis macrochirus,633491557,https://inaturalist-open-data.s3.amazonaws.com/photos/633491557/medium.jpg,CC-BY 4.0,Neli Kanonerova,lululunar,2026-04-04,https://www.inaturalist.org/observations/347439009,"© Neli Kanonerova, some rights reserved (CC-BY)",6c877fadc94524648e16e7a2f414405e1772cf9b410bce87049f315c1f55103f
Lepomis macrochirus,147081483,https://inaturalist-open-data.s3.amazonaws.com/photos/147081483/medium.jpg,CC-BY 4.0,Julia Beach,chamelea,2021-07-20,https://www.inaturalist.org/observations/88924228,"© Julia Beach, some rights reserved (CC-BY)",c9ab49306486309c3cbd6433ec7db9e6044379a0bfd84354695176d86b76c0d3
Lepomis macrochirus,146786753,https://inaturalist-open-data.s3.amazonaws.com/photos/146786753/medium.jpg,CC-BY 4.0,Julia Beach,chamelea,2021-07-20,https://www.inaturalist.org/observations/88924228,"© Julia Beach, some rights reserved (CC-BY)",66bda65a00ae0ad4a4114e995a5f177b5b4e0d2329718a89cc4411ca75d6b50b
Lepomis macrochirus,63940999,https://inaturalist-open-data.s3.amazonaws.com/photos/63940999/medium.jpg,CC-BY 4.0,Amanda Janusz,featherenthusiast,2020-03-19,https://www.inaturalist.org/observations/40250033,"© Amanda Janusz, some rights reserved (CC-BY)",319cb2f6d786fba04eecb587e7863f263e71d58cd3ddf2f9dafcfae5e90327c5
Lepomis macrochirus,63940985,https://inaturalist-open-data.s3.amazonaws.com/photos/63940985/medium.jpg,CC-BY 4.0,Amanda Janusz,featherenthusiast,2020-03-19,https://www.inaturalist.org/observations/40250033,"© Amanda Janusz, some rights reserved (CC-BY)",a8ad1143b1fbc04f66837ca408ea54790a6f558af258637fce5b8ea30afa4531
Lepomis macrochirus,183809517,https://inaturalist-open-data.s3.amazonaws.com/photos/183809517/medium.jpeg,CC-BY 4.0,Mike Tilley,miketilley,2022-03-20,https://www.inaturalist.org/observations/109090767,"© Mike Tilley, some rights reserved (CC-BY)",2f143a98533555aa763a41abc434763a56e8fbaee8a4880d4cfb9ba15ae36a0d
Lepomis macrochirus,408920167,https://inaturalist-open-data.s3.amazonaws.com/photos/408920167/medium.jpeg,CC-BY 4.0,Russell Parsons,detroitredwinged,2020-08-08,https://www.inaturalist.org/observations/230307893,"© Russell Parsons, some rights reserved (CC-BY)",dffdc6c45c827793f80a7fe43e9ca94399134e3d8a690f26db218d8415c84524
Lepomis macrochirus,49233903,https://inaturalist-open-data.s3.amazonaws.com/photos/49233903/medium.jpg,CC-BY 4.0,James M. Maley,jmaley,2019-08-24,https://www.inaturalist.org/observations/31457014,"© James M. Maley, some rights reserved (CC-BY)",603b2fc74c7c33d5e96fbe4c41e61afd7aeb26e930c3e63d71f908b1b43124df
Lepomis macrochirus,144479320,https://inaturalist-open-data.s3.amazonaws.com/photos/144479320/medium.jpg,CC-BY 4.0,Ashwin Srinivasan,ash2016,2021-07-18,https://www.inaturalist.org/observations/87620590,"© Ashwin Srinivasan, some rights reserved (CC-BY)",bd20b0c8990e5df14bf8d895b09b959a7026289ae063970570c51daf19d9bfcf
Lepomis macrochirus,27719242,https://inaturalist-open-data.s3.amazonaws.com/photos/27719242/medium.jpg,CC-BY 4.0,L. K. Holt,lkholt,2018-11-03,https://www.inaturalist.org/observations/18129206,"© L. K. Holt, some rights reserved (CC-BY)",951c2cc7f813ffe9a12e0f6688e185fb25bf26912fdf7f2a45bd063377ce6910
Lepomis macrochirus,82390008,https://inaturalist-open-data.s3.amazonaws.com/photos/82390008/medium.jpeg,CC-BY 4.0,stephen,schizoform,2020-07-01,https://www.inaturalist.org/observations/51846309,"© stephen, some rights reserved (CC-BY)",4748836494b621f84738ced4d9c7481d033b81910c88c953f4b2496c7b65a287
Lepomis macrochirus,18197693,https://inaturalist-open-data.s3.amazonaws.com/photos/18197693/medium.jpg,CC-BY 4.0,Laura Clark,lauramorganclark,2018-05-18,https://www.inaturalist.org/observations/12590601,"© Laura Clark, some rights reserved (CC-BY)",3a14fdb480775dff4394630c0b42e5567952843aebb5b67fd449c977e5c91c26
Lepomis macrochirus,2222074,https://inaturalist-open-data.s3.amazonaws.com/photos/2222074/medium.JPG,CC-BY 4.0,Jesse Rorabaugh,glmory,2015-07-31,https://www.inaturalist.org/observations/1830236,"© Jesse Rorabaugh, some rights reserved (CC-BY)",0d880aee064b28f866a4460efcb105687e16fce4388eb100aa02f122ec915cf7
Lepomis macrochirus,23151583,https://inaturalist-open-data.s3.amazonaws.com/photos/23151583/medium.jpeg,CC-BY 4.0,Thomas Koffel,tkoffel,2018-07-30,https://www.inaturalist.org/observations/15437853,"© Thomas Koffel, some rights reserved (CC-BY)",6bb95aaa56162d0a7b5aa5e2f32da89d36ca9d74aaae25436378b2d9b403a403
Lepomis macrochirus,60515938,https://inaturalist-open-data.s3.amazonaws.com/photos/60515938/medium.jpeg,CC-BY 4.0,botanygirl,botanygirl,2020-01-15,https://www.inaturalist.org/observations/38106641,"© botanygirl, some rights reserved (CC-BY)",387588110df2b8de0badb5b5390a465d670e9120f531a35599ddad6004a0d88c
Lepomis macrochirus,701492193,https://inaturalist-open-data.s3.amazonaws.com/photos/701492193/medium.jpg,CC-BY 4.0,yajapin,yajapin,2026-07-20,https://www.inaturalist.org/observations/383280685,"© yajapin, some rights reserved (CC-BY)",6610308ecd41af6fa6e31abaf75fe0f25a7ccf9db64275fb6b63d809031135ba
Lepomis macrochirus,33548668,https://inaturalist-open-data.s3.amazonaws.com/photos/33548668/medium.jpg,CC-BY 4.0,CK2AZ,ck2az,2019-03-26,https://www.inaturalist.org/observations/21667966,"© CK2AZ, some rights reserved (CC-BY)",12b16efefcbd1a8297d8d411f64ccc8aa0ec95d2d4e13980b805776a40aef8fe
Lepomis macrochirus,33548676,https://inaturalist-open-data.s3.amazonaws.com/photos/33548676/medium.jpg,CC-BY 4.0,CK2AZ,ck2az,2019-03-26,https://www.inaturalist.org/observations/21667966,"© CK2AZ, some rights reserved (CC-BY)",0032ee71f774d04d6aab401b44d2fcc76311ff12dd48d6830318c906e26cd6f7
Lepomis macrochirus,142768186,https://inaturalist-open-data.s3.amazonaws.com/photos/142768186/medium.jpeg,CC-BY 4.0,Garth Harwood,garth_harwood,2021-07-08,https://www.inaturalist.org/observations/86643110,"© Garth Harwood, some rights reserved (CC-BY)",25304f28eee488b4906896f3277807d73fab24a5f3942d127d6324dc3c17145f
Lepomis macrochirus,142768309,https://inaturalist-open-data.s3.amazonaws.com/photos/142768309/medium.jpeg,CC-BY 4.0,Garth Harwood,garth_harwood,2021-07-08,https://www.inaturalist.org/observations/86643110,"© Garth Harwood, some rights reserved (CC-BY)",6e1df5873b85e5d0a0b5b7b43a13396545926c753283ddc5e505e827c400d610
Lepomis macrochirus,309749281,https://inaturalist-open-data.s3.amazonaws.com/photos/309749281/medium.jpeg,CC-BY 4.0,geosesarma,geosesarma,2023-08-12,https://www.inaturalist.org/observations/178048021,"© geosesarma, some rights reserved (CC-BY)",9544275276ebd1172762f1f4ff2b05d4232d773f502422eb9729c66b16d99376
Lepomis macrochirus,422773859,https://inaturalist-open-data.s3.amazonaws.com/photos/422773859/medium.jpeg,CC-BY 4.0,daksu,daksu,2024-08-23,https://www.inaturalist.org/observations/237545511,"© daksu, some rights reserved (CC-BY)",7ac283068552c3d95b0b0cf3032ee60b0732be38bd80778726bdcf287abc5cdf
Lepomis macrochirus,712807951,https://inaturalist-open-data.s3.amazonaws.com/photos/712807951/medium.jpg,CC-BY 4.0,anoleinwoods,anoleinwoods,2026-08-07,https://www.inaturalist.org/observations/389160155,"© anoleinwoods, some rights reserved (CC-BY)",7970498bba2577a17569f6699728b22b70e17b38a7380423a446122881b1f0d0
Lepomis macrochirus,712808778,https://inaturalist-open-data.s3.amazonaws.com/photos/712808778/medium.jpg,CC-BY 4.0,anoleinwoods,anoleinwoods,2026-08-07,https://www.inaturalist.org/observations/389160155,"© anoleinwoods, some rights reserved (CC-BY)",6d8240d1c21274fcd594abbfbc8c363fbba6ed3c1a96436d24bc0533deeb4a13
Lepomis macrochirus,224189460,https://inaturalist-open-data.s3.amazonaws.com/photos/224189460/medium.jpeg,CC-BY 4.0,Steven Lamonde,slamonde,2022-08-20,https://www.inaturalist.org/observations/131714213,"© Steven Lamonde, some rights reserved (CC-BY)",02298e76a0b5041308a5f249db1b366146880fcbc9ad80ed188643bcca145b63
Lepomis macrochirus,187951108,https://inaturalist-open-data.s3.amazonaws.com/photos/187951108/medium.jpeg,CC-BY 4.0,johnyochum,johnyochum,2022-04-12,https://www.inaturalist.org/observations/111343648,"© johnyochum, some rights reserved (CC-BY)",8f3da1fcc5246ea690576af30d566d6b246a22a4eab9956a577b611ea50587a9
Lepomis macrochirus,145606549,https://inaturalist-open-data.s3.amazonaws.com/photos/145606549/medium.jpeg,CC-BY 4.0,Josiah Londerée,gatorhawk,2018-03-03,https://www.inaturalist.org/observations/88263586,"© Josiah Londerée, some rights reserved (CC-BY)",992f5600fdc4a6800c4e28dbf9c855171dec0dbf862488f40a919164c0308074
Lepomis macrochirus,72498288,https://inaturalist-open-data.s3.amazonaws.com/photos/72498288/medium.jpeg,CC-BY 4.0,Clay Gibbons,ccgibbons,2020-05-12,https://www.inaturalist.org/observations/45713869,"© Clay Gibbons, some rights reserved (CC-BY)",7a2057e405ba60be2774b10f8508cbd35b0a874e476c46d4a09eb3955bb10732
Lepomis macrochirus,6824208,https://inaturalist-open-data.s3.amazonaws.com/photos/6824208/medium.jpeg,CC-BY 4.0,Sam Kieschnick,sambiology,2017-03-31,https://www.inaturalist.org/observations/5530593,"© Sam Kieschnick, some rights reserved (CC-BY)",0e532a48cffc0d231f9e3ec6effa1b74ff3cccb7c82d38bfcd9bea1c84647a6c
Lepomis macrochirus,525283335,https://inaturalist-open-data.s3.amazonaws.com/photos/525283335/medium.jpg,CC-BY 4.0,moxostoma,moxostoma,2016-05-30,https://www.inaturalist.org/observations/292140792,"© moxostoma, some rights reserved (CC-BY)",ed43c6df093e682acf682bc02c21a33da44aa97fdb31aa88a95e8e121ff23dca
Lepomis macrochirus,214530547,https://inaturalist-open-data.s3.amazonaws.com/photos/214530547/medium.jpeg,CC-BY 4.0,Cricket Raspet,chilipossum,2022-07-15,https://www.inaturalist.org/observations/126437271,"© Cricket Raspet, some rights reserved (CC-BY)",4361abbae17c0069f726d0437a4755a92df484fd5af83cdd823e016bfdd35c2e
Lepomis macrochirus,309416390,https://inaturalist-open-data.s3.amazonaws.com/photos/309416390/medium.jpeg,CC-BY 4.0,Cole Wolf,colejwolf,2023-08-11,https://www.inaturalist.org/observations/177871623,"© Cole Wolf, some rights reserved (CC-BY)",ef3f6e12e81dc27db48910fdeb6ada37e6367151a2ef8ad75739b403ef900294
Lepomis macrochirus,220072893,https://inaturalist-open-data.s3.amazonaws.com/photos/220072893/medium.jpeg,CC-BY 4.0,Stephanie Tran,stephtran,2022-08-04,https://www.inaturalist.org/observations/129497755,"© Stephanie Tran, some rights reserved (CC-BY)",553de12fa4e52bff21c181a31606712bc911dc88a6176c4ac562b724c3e55f2a
Lepomis macrochirus,231026533,https://inaturalist-open-data.s3.amazonaws.com/photos/231026533/medium.jpeg,CC-BY 4.0,Mark Apgar,apgarm,2022-09-17,https://www.inaturalist.org/observations/135455273,"© Mark Apgar, some rights reserved (CC-BY)",3102ae703023ad6fc8d67cba6112156c967b373cee728fc306b451099311ca2d
Lepomis macrochirus,310395165,https://inaturalist-open-data.s3.amazonaws.com/photos/310395165/medium.jpg,CC-BY 4.0,Michael Pirrello,michaelpirrello,2023-08-14,https://www.inaturalist.org/observations/178383538,"© Michael Pirrello, some rights reserved (CC-BY)",0172fb8a13047b22aa2c0e3929018e949fe37f861a35a0d8f8e7f9310a7d201c
Lepomis macrochirus,215809601,https://inaturalist-open-data.s3.amazonaws.com/photos/215809601/medium.jpeg,CC-BY 4.0,Emmett Collins-Sussman,mettcollsuss,2022-07-10,https://www.inaturalist.org/observations/127140368,"© Emmett Collins-Sussman, some rights reserved (CC-BY)",92276dd0086f69cb9182fd257a433b4c9166d0f0bd66218562bb456830aead27
Lepomis macrochirus,423224974,https://inaturalist-open-data.s3.amazonaws.com/photos/423224974/medium.jpeg,CC-BY 4.0,stephen,schizoform,2024-08-24,https://www.inaturalist.org/observations/237780749,"© stephen, some rights reserved (CC-BY)",2273d35984c52790989b96e2e0cb981ddbd0f17fa6d85f08b986961d430c8f65
Lepomis gibbosus,82973435,https://inaturalist-open-data.s3.amazonaws.com/photos/82973435/medium.jpeg,CC-BY 4.0,Liam Steele,liamsteele,2020-07-06,https://www.inaturalist.org/observations/52205770,"© Liam Steele, some rights reserved (CC-BY)",5e489505cb5806c612a9378904fdf851c4dbdac93cdace70fcde3d8aa87fd279
Lepomis gibbosus,688692684,https://inaturalist-open-data.s3.amazonaws.com/photos/688692684/medium.jpg,CC-BY 4.0,Sinéad Tuttle-Lerner,gwt2102,2026-06-29,https://www.inaturalist.org/observations/376653997,"© Sinéad Tuttle-Lerner, some rights reserved (CC-BY)",6720332ca70dc35819e471e1b5d5ee14a8fba715d9fc74e906fd402bb1d7c7dc
Lepomis gibbosus,401025577,https://inaturalist-open-data.s3.amazonaws.com/photos/401025577/medium.jpeg,CC-BY 4.0,Michael Haag,michaelhaag,2024-06-29,https://www.inaturalist.org/observations/226140046,"© Michael Haag, some rights reserved (CC-BY)",99824896804428125c25816d83914f271fa722dbf24eb262e3c52b881b6ad91b
Lepomis gibbosus,401025464,https://inaturalist-open-data.s3.amazonaws.com/photos/401025464/medium.jpeg,CC-BY 4.0,Michael Haag,michaelhaag,2024-06-29,https://www.inaturalist.org/observations/226140046,"© Michael Haag, some rights reserved (CC-BY)",d877b6888027dd9bce03e1501fb3029c666a905b8e25b7061ced75485ef229ab
Lepomis gibbosus,81409017,https://inaturalist-open-data.s3.amazonaws.com/photos/81409017/medium.jpg,CC-BY 4.0,Forest Botial-Jarvis,tiluchi,2020-06-27,https://www.inaturalist.org/observations/51250347,"© Forest Botial-Jarvis, some rights reserved (CC-BY)",5e9917abcc402075ecba830c8b3f018dc60027288fd664e83df93cab79e3a555
Lepomis gibbosus,221031825,https://inaturalist-open-data.s3.amazonaws.com/photos/221031825/medium.jpg,CC-BY 4.0,Roman,efarilis,2022-08-08,https://www.inaturalist.org/observations/130012350,"© Roman, some rights reserved (CC-BY)",9587adfa153c92f40620a9498097537b890170ccdf37948f3b061a9c49b26a55
Lepomis gibbosus,362939395,https://inaturalist-open-data.s3.amazonaws.com/photos/362939395/medium.jpeg,CC-BY 4.0,Nicola Crockford,nicolacrockford,2021-09-18,https://www.inaturalist.org/observations/205273898,"© Nicola Crockford, some rights reserved (CC-BY)",add17a19f856081c8e9074710faea425ed09533c62ff8e839c717945d2e789cd
Lepomis gibbosus,476350052,https://inaturalist-open-data.s3.amazonaws.com/photos/476350052/medium.jpeg,CC-BY 4.0,Skyler Principe,bluebellprince,2024-05-02,https://www.inaturalist.org/observations/265221111,"© Skyler Principe, some rights reserved (CC-BY)",eb248dbaa41e360ecb04e0c1fa3951ff2900a8a4e9bc4f0bdb87ef051df94a61
Lepomis gibbosus,320155657,https://inaturalist-open-data.s3.amazonaws.com/photos/320155657/medium.jpeg,CC-BY 4.0,Antoine Thivolle,antoine2684,2021-06-19,https://www.inaturalist.org/observations/183503435,"© Antoine Thivolle, some rights reserved (CC-BY)",159f3a815544e590ac80d2e64dad585215055691537a191f50b1d20e3d09ed29
Lepomis gibbosus,317442308,https://inaturalist-open-data.s3.amazonaws.com/photos/317442308/medium.jpeg,CC-BY 4.0,Aiva Noringseth,aiva,2023-07-14,https://www.inaturalist.org/observations/182103884,"© Aiva Noringseth, some rights reserved (CC-BY)",98dbd5a9abd7f9cecdccf12ddd6e177ee031a47bce13e00357330a53fef039ab
Lepomis gibbosus,317442318,https://inaturalist-open-data.s3.amazonaws.com/photos/317442318/medium.jpeg,CC-BY 4.0,Aiva Noringseth,aiva,2023-07-14,https://www.inaturalist.org/observations/182103884,"© Aiva Noringseth, some rights reserved (CC-BY)",4f063849c33f62312e09931d6869d2a666552835a095fe7c2012edbda1943bf2
Lepomis gibbosus,235019798,https://inaturalist-open-data.s3.amazonaws.com/photos/235019798/medium.jpg,CC-BY 4.0,Alec McClay,alec_mcclay,2022-09-29,https://www.inaturalist.org/observations/137592429,"© Alec McClay, some rights reserved (CC-BY)",5477ae44d2236cc706e00e8f9f46d127820a14ee0039032560a100dce343a180
Lepomis gibbosus,410270164,https://inaturalist-open-data.s3.amazonaws.com/photos/410270164/medium.jpeg,CC-BY 4.0,DDutrey,ddutrey,2024-07-22,https://www.inaturalist.org/observations/231031030,"© DDutrey, some rights reserved (CC-BY)",c1ad2bbc59e1ae80c55abf948ba1cded371d17b672011d884960578e58ab32fb
Lepomis gibbosus,500121721,https://inaturalist-open-data.s3.amazonaws.com/photos/500121721/medium.jpeg,CC-BY 4.0,Kim,mcburly,2025-05-04,https://www.inaturalist.org/observations/278532168,"© Kim, some rights reserved (CC-BY)",9e5260f3e8b4324e25d9fc90634061a1f4fcb251851f9e8334468ae220e50d29
Lepomis gibbosus,500121717,https://inaturalist-open-data.s3.amazonaws.com/photos/500121717/medium.jpeg,CC-BY 4.0,Kim,mcburly,2025-05-04,https://www.inaturalist.org/observations/278532168,"© Kim, some rights reserved (CC-BY)",e6f5356ba797b8e954519a313fd217061122f9c9a8b44ec024a0b68ba1cee981
Lepomis gibbosus,285803875,https://inaturalist-open-data.s3.amazonaws.com/photos/285803875/medium.jpeg,CC-BY 4.0,Giuliana Pirotta,giulianapirotta,2023-06-02,https://www.inaturalist.org/observations/165128346,"© Giuliana Pirotta, some rights reserved (CC-BY)",7e3ca32779988e1f6e7d1ddfaf6a275cac45474993a7a1d762bb5c07cc349c70
Lepomis gibbosus,555292078,https://inaturalist-open-data.s3.amazonaws.com/photos/555292078/medium.jpg,CC-BY 4.0,Duarte Frade,duarte,2025-08-20,https://www.inaturalist.org/observations/307830179,"© Duarte Frade, some rights reserved (CC-BY)",880ccc97a0482cbf2c32584fa0fbd7560812a6570a4e0edb444fc0f783215a83
Lepomis gibbosus,293861733,https://inaturalist-open-data.s3.amazonaws.com/photos/293861733/medium.jpeg,CC-BY 4.0,Zac Peterson,zacpeterson,2023-06-25,https://www.inaturalist.org/observations/169497022,"© Zac Peterson, some rights reserved (CC-BY)",a6cc1a75da8727bc4b097a4263dc157da5d6091f630c2d0fdca2b0e69a80993f
Lepomis gibbosus,293861668,https://inaturalist-open-data.s3.amazonaws.com/photos/293861668/medium.jpeg,CC-BY 4.0,Zac Peterson,zacpeterson,2023-06-25,https://www.inaturalist.org/observations/169497022,"© Zac Peterson, some rights reserved (CC-BY)",e3ac80dc8bcc51da0e5583c103a2e87b8c88690a81be0ef1bfb2fe2971b97a7c
Lepomis gibbosus,415021281,https://inaturalist-open-data.s3.amazonaws.com/photos/415021281/medium.jpeg,CC-BY 4.0,Oliver Hlasný,oliver_hlasny,2024-08-03,https://www.inaturalist.org/observations/233526624,"© Oliver Hlasný, some rights reserved (CC-BY)",cd0d0afbbb2bc612cf2e9c0772c1e5b3719e9ee605dd79506638cdadeb179691
Lepomis gibbosus,192428122,https://inaturalist-open-data.s3.amazonaws.com/photos/192428122/medium.jpeg,CC-BY 4.0,Barnaby Walters,barnabywalters,2022-04-30,https://www.inaturalist.org/observations/113930653,"© Barnaby Walters, some rights reserved (CC-BY)",fe23171f7fa7bfdd4cb13184f0f9e0d39e8374dab76f588904ecdc239ec310f4
Lepomis gibbosus,671461499,https://inaturalist-open-data.s3.amazonaws.com/photos/671461499/medium.jpg,CC-BY 4.0,Lennart Hudel,lennarthud,2026-05-28,https://www.inaturalist.org/observations/367669833,"© Lennart Hudel, some rights reserved (CC-BY)",b478013115c811cb677e00566203f89365e70cff867286ac2a5c4cc836d8df34
Lepomis gibbosus,557019757,https://inaturalist-open-data.s3.amazonaws.com/photos/557019757/medium.jpg,CC-BY 4.0,Viktor,viktor-n,2025-08-24,https://www.inaturalist.org/observations/308728414,"© Viktor, some rights reserved (CC-BY)",94df9d7e67858b647aa56604471317e639dda64cd7ad52b8e8691199d59e2591
Lepomis gibbosus,43895391,https://inaturalist-open-data.s3.amazonaws.com/photos/43895391/medium.jpg,CC-BY 4.0,Dan MacNeal,dan_macneal,2019-07-04,https://www.inaturalist.org/observations/28169933,"© Dan MacNeal, some rights reserved (CC-BY)",137e65cfd27d7aa3b57c9c772e5652566d323c49c8b154efce67ca5f96994b02
Lepomis gibbosus,43895454,https://inaturalist-open-data.s3.amazonaws.com/photos/43895454/medium.jpg,CC-BY 4.0,Dan MacNeal,dan_macneal,2019-07-04,https://www.inaturalist.org/observations/28169933,"© Dan MacNeal, some rights reserved (CC-BY)",af5159e5ac323071ea08037a4d1eb06c7084a86d307685aeb214d5c04ad5af41
Lepomis gibbosus,738376578,https://inaturalist-open-data.s3.amazonaws.com/photos/738376578/medium.jpg,CC-BY 4.0,L Rose,lrose23,2026-09-21,https://www.inaturalist.org/observations/402230955,"© L Rose, some rights reserved (CC-BY)",1b5f43e0a349a179e547d042551d0b9c26ebb69199fc8e6fd32624ddf3b7151f
Lepomis gibbosus,489284289,https://inaturalist-open-data.s3.amazonaws.com/photos/489284289/medium.jpeg,CC-BY 4.0,Hannes Oberreiter,btree,2025-04-20,https://www.inaturalist.org/observations/271983176,"© Hannes Oberreiter, some rights reserved (CC-BY)",34e19321ad19bc6ba4109fb7e9ce9e23a2c38bceb346de03518e0bec20dd1562
Lepomis gibbosus,551952688,https://inaturalist-open-data.s3.amazonaws.com/photos/551952688/medium.jpg,CC-BY 4.0,Samuel GUIRAUDOU,samuel_guiraudou,2025-03-06,https://www.inaturalist.org/observations/306090380,"© Samuel GUIRAUDOU, some rights reserved (CC-BY)",d966738b46c84151625fd3dee894b67420d820d4ca91fff6b76fa3d5c811b93c
Lepomis gibbosus,544972781,https://inaturalist-open-data.s3.amazonaws.com/photos/544972781/medium.jpg,CC-BY 4.0,Donald Davesne,donalddavesne,2025-05-19,https://www.inaturalist.org/observations/302394136,"© Donald Davesne, some rights reserved (CC-BY)",01cdd5b9de765cbc36964104f6f041f3e3bf09657b2c81ba20d4a98d8b178b4d
Lepomis gibbosus,544972652,https://inaturalist-open-data.s3.amazonaws.com/photos/544972652/medium.jpg,CC-BY 4.0,Donald Davesne,donalddavesne,2025-05-19,https://www.inaturalist.org/observations/302394136,"© Donald Davesne, some rights reserved (CC-BY)",2514716366ff5f1c5e97197b58009f2a8524a082082ec8e55c90b72c628e5749
Lepomis gibbosus,700620018,https://inaturalist-open-data.s3.amazonaws.com/photos/700620018/medium.jpg,CC-BY 4.0,Liren Varghese,liren,2026-07-18,https://www.inaturalist.org/observations/382826702,"© Liren Varghese, some rights reserved (CC-BY)",ef50c0908be1f64d46de1798e732e68a1175de71dc5dfcb549a2761f5ff6565e
Lepomis gibbosus,700620015,https://inaturalist-open-data.s3.amazonaws.com/photos/700620015/medium.jpg,CC-BY 4.0,Liren Varghese,liren,2026-07-18,https://www.inaturalist.org/observations/382826702,"© Liren Varghese, some rights reserved (CC-BY)",defa7e9e52aae463f8bdda52687dcab5e5cf336d6b21cfe45729f9a795fbfcd7
Lepomis gibbosus,474624133,https://inaturalist-open-data.s3.amazonaws.com/photos/474624133/medium.jpeg,CC-BY 4.0,Valentin Moser,vmoser,2025-03-05,https://www.inaturalist.org/observations/264142572,"© Valentin Moser, some rights reserved (CC-BY)",cd8d18db584932d412cc9867bdcc428cf20d38e79f942d4a595645ccfeafa545
Lepomis gibbosus,317442420,https://inaturalist-open-data.s3.amazonaws.com/photos/317442420/medium.jpeg,CC-BY 4.0,Aiva Noringseth,aiva,2023-07-14,https://www.inaturalist.org/observations/182103897,"© Aiva Noringseth, some rights reserved (CC-BY)",4b554ab61f241ea080639e932f374f8108908f84b2b44408a5ce6fada58d82ca
Lepomis gibbosus,23168615,https://inaturalist-open-data.s3.amazonaws.com/photos/23168615/medium.jpeg,CC-BY 4.0,Julien Renoult,jujurenoult,2018-08-14,https://www.inaturalist.org/observations/15445823,"© Julien Renoult, some rights reserved (CC-BY)",000e24f2b3f4ece74173ca5bc1ea5e3400dd5922cdca04109a78ded9381386e1
Lepomis gibbosus,302568530,https://inaturalist-open-data.s3.amazonaws.com/photos/302568530/medium.jpg,CC-BY 4.0,Sandy Wolkenberg,sadawolk,2023-07-21,https://www.inaturalist.org/observations/174178301,"© Sandy Wolkenberg, some rights reserved (CC-BY)",c45ddbf85b993b947632b5fd5d60cdb7bf4d9bda79087d55d0b8a63e7d896f96
Lepomis gibbosus,514126998,https://inaturalist-open-data.s3.amazonaws.com/photos/514126998/medium.jpg,CC-BY 4.0,Jacek Pietruszewski,hyacinthus,2025-06-01,https://www.inaturalist.org/observations/286011657,"© Jacek Pietruszewski, some rights reserved (CC-BY)",c1368595ec8770e0b4e45dd22cb7e0f9ee86e9d73dc990fb58b4bc52ceb5bc9f
Lepomis gibbosus,674969770,https://inaturalist-open-data.s3.amazonaws.com/photos/674969770/medium.jpg,CC-BY 4.0,Abby Hyde,abbyhyde,2026-06-07,https://www.inaturalist.org/observations/369513953,"© Abby Hyde, some rights reserved (CC-BY)",f56575ef182d56d6498bd39ccd413f11de1163e596cea7d36856b9830cd0e89b
Lepomis gibbosus,536052456,https://inaturalist-open-data.s3.amazonaws.com/photos/536052456/medium.jpg,CC-BY 4.0,Edoardo Nardelli,edonardo,2025-07-12,https://www.inaturalist.org/observations/297645267,"© Edoardo Nardelli, some rights reserved (CC-BY)",7680d63d3cb0fc08513f5e019fc2a7695e5245d72c8c1ccfbfebfdd5049f2924
Lepomis gibbosus,203402335,https://inaturalist-open-data.s3.amazonaws.com/photos/203402335/medium.jpg,CC-BY 4.0,inbetweenbays,inbetweenbays,2022-06-04,https://www.inaturalist.org/observations/120272165,"© inbetweenbays, some rights reserved (CC-BY)",b37aec3dc8bf377ca7fb77fecc66ed038140b5bb05e2766f544fc53a2dcffa3a
Lepomis gibbosus,135129373,https://inaturalist-open-data.s3.amazonaws.com/photos/135129373/medium.jpg,CC-BY 4.0,Kathleen Houlahan Chayer,kat_the_nat,2021-06-09,https://www.inaturalist.org/observations/82339113,"© Kathleen Houlahan Chayer, some rights reserved (CC-BY)",b952c6f4f83410ffa1ed39821b157875723164f419c6b37412a56e607d36045d
Lepomis gibbosus,21159531,https://inaturalist-open-data.s3.amazonaws.com/photos/21159531/medium.jpg,CC-BY 4.0,Bill Levine,blevine,2018-07-02,https://www.inaturalist.org/observations/14255738,"© Bill Levine, some rights reserved (CC-BY)",7155e40642b6506c57d1d1f4d7416343f770d5633c48086970be22aca2a0c015
Lepomis gibbosus,700197567,https://inaturalist-open-data.s3.amazonaws.com/photos/700197567/medium.jpg,CC-BY 4.0,Jaime McGuigan,jmcguigan,2026-07-01,https://www.inaturalist.org/observations/382629377,"© Jaime McGuigan, some rights reserved (CC-BY)",3d39f70c33e8c3ac4d377aa5d3531dc418318ee0799c5272502a8ce54ce0c613
Lepomis gibbosus,682824061,https://inaturalist-open-data.s3.amazonaws.com/photos/682824061/medium.jpg,CC-BY 4.0,Martin Scheidleder,headlounge,2026-06-20,https://www.inaturalist.org/observations/373622563,"© Martin Scheidleder, some rights reserved (CC-BY)",31920d22ac9e5c7a285b5ecb783e2a7f118facaeb78f24ba7a3502c8d8967aaa
Lepomis gibbosus,176786939,https://inaturalist-open-data.s3.amazonaws.com/photos/176786939/medium.jpeg,CC-BY 4.0,Maurice Raymond,maurice13,2017-06-08,https://www.inaturalist.org/observations/105373237,"© Maurice Raymond, some rights reserved (CC-BY)",ac0366c85f21988e0d63ac5f8f6f2a3fe590e03688db3a27b288083cc8b9cd73
Lepomis gibbosus,292226422,https://inaturalist-open-data.s3.amazonaws.com/photos/292226422/medium.jpeg,CC-BY 4.0,Marilynn Miller,mmmiller,2023-06-20,https://www.inaturalist.org/observations/168606471,"© Marilynn Miller, some rights reserved (CC-BY)",777a0e8b406fa942b97ba23cf09756396096b74c895041100ce60f9cd1430a2c
Lepomis gibbosus,298379883,https://inaturalist-open-data.s3.amazonaws.com/photos/298379883/medium.jpg,CC-BY 4.0,Donald Davesne,donalddavesne,2023-07-08,https://www.inaturalist.org/observations/171921221,"© Donald Davesne, some rights reserved (CC-BY)",14eb7978fb9356f579bd135e8d75a956475a815330f70a85a7d4a54f7762461c
Lepomis gibbosus,151066574,https://inaturalist-open-data.s3.amazonaws.com/photos/151066574/medium.jpg,CC-BY 4.0,Andrew Sebastian,data_nerd,2021-08-15,https://www.inaturalist.org/observations/91341048,"© Andrew Sebastian, some rights reserved (CC-BY)",46bb020be4742072211ac23faee1199fe55d51c886452e213d8aa8a5116597c9
Salvelinus fontinalis,309747659,https://inaturalist-open-data.s3.amazonaws.com/photos/309747659/medium.jpeg,CC-BY 4.0,E. A.,kupferglucke,2023-08-11,https://www.inaturalist.org/observations/178046877,"© E. A., some rights reserved (CC-BY)",1683e46327827397d01974124c9cea08aeee1cd639d9cbbebe914109ec6e108e
Salvelinus fontinalis,311040650,https://inaturalist-open-data.s3.amazonaws.com/photos/311040650/medium.jpg,CC-BY 4.0,E. A.,kupferglucke,2023-08-11,https://www.inaturalist.org/observations/178046877,"© E. A., some rights reserved (CC-BY)",8be00d48f0a167262b074aaea3a25958fd38b5942cd297ce2bc32562069496e0
Salvelinus fontinalis,215179995,https://inaturalist-open-data.s3.amazonaws.com/photos/215179995/medium.jpeg,CC-BY 4.0,Steven Lamonde,slamonde,2022-07-16,https://www.inaturalist.org/observations/126795897,"© Steven Lamonde, some rights reserved (CC-BY)",b228756efd5c7aabbcc0bcfb9b056df5350095ec159c3a7e56865db0de9de029
Salvelinus fontinalis,168654924,https://inaturalist-open-data.s3.amazonaws.com/photos/168654924/medium.jpeg,CC-BY 4.0,E. A.,kupferglucke,2021-11-13,https://www.inaturalist.org/observations/101013889,"© E. A., some rights reserved (CC-BY)",1255355b40bac2cb0fa8bda754905702dc42bf222d4fe32d7139939399772cb0
Salvelinus fontinalis,426679785,https://inaturalist-open-data.s3.amazonaws.com/photos/426679785/medium.jpeg,CC-BY 4.0,Colin Croft,colincroft,2024-08-31,https://www.inaturalist.org/observations/239557986,"© Colin Croft, some rights reserved (CC-BY)",1791c93f8cef44d8d629bb1e6a471060027617de4e2534659aa9ef71e8af3bb9
Salvelinus fontinalis,311355810,https://inaturalist-open-data.s3.amazonaws.com/photos/311355810/medium.jpeg,CC-BY 4.0,Justin Paulin,thehyphaemovement,2023-08-14,https://www.inaturalist.org/observations/178887602,"© Justin Paulin, some rights reserved (CC-BY)",fb186245540e3cb290b9ceaddd4ecce3f14c311b9f28e0db1d27657be161dcbe
Salvelinus fontinalis,311355792,https://inaturalist-open-data.s3.amazonaws.com/photos/311355792/medium.jpeg,CC-BY 4.0,Justin Paulin,thehyphaemovement,2023-08-14,https://www.inaturalist.org/observations/178887602,"© Justin Paulin, some rights reserved (CC-BY)",4a823f53e3c540fc1ada14142c846b40e33e4acb21b6f91fce7669bab4348928
Salvelinus fontinalis,724046201,https://inaturalist-open-data.s3.amazonaws.com/photos/724046201/medium.jpg,CC-BY 4.0,amelie,everly2000,2026-08-23,https://www.inaturalist.org/observations/394912635,"© amelie, some rights reserved (CC-BY)",c4c3109dfcc68b090c44d78448bba0f127feb85565f851af22ba7a13dde09344
Salvelinus fontinalis,724045856,https://inaturalist-open-data.s3.amazonaws.com/photos/724045856/medium.jpg,CC-BY 4.0,amelie,everly2000,2026-08-23,https://www.inaturalist.org/observations/394912635,"© amelie, some rights reserved (CC-BY)",6572951d3a49925c235fe73f62faac762295fab262e21b451a3b2a26b6643381
Salvelinus fontinalis,506299794,https://inaturalist-open-data.s3.amazonaws.com/photos/506299794/medium.jpg,CC-BY 4.0,Jenni Ly,jenni_ly,2025-05-17,https://www.inaturalist.org/observations/281831215,"© Jenni Ly, some rights reserved (CC-BY)",4e14fb9b94219b11276e7bb4263793a3a1ae703e692886b7cc0874d179121fb2
Salvelinus fontinalis,51361857,https://inaturalist-open-data.s3.amazonaws.com/photos/51361857/medium.jpeg,CC-BY 4.0,Dan Johnson,dan_johnson,2019-09-11,https://www.inaturalist.org/observations/32734858,"© Dan Johnson, some rights reserved (CC-BY)",7c30f4124aa97ac07cd1d69a09ab1c79a51621bda36cc7c6599b0f805d7bd756
Salvelinus fontinalis,306171233,https://inaturalist-open-data.s3.amazonaws.com/photos/306171233/medium.jpg,CC-BY 4.0,Rajan Rao,rajanrao,2023-07-21,https://www.inaturalist.org/observations/176130424,"© Rajan Rao, some rights reserved (CC-BY)",f522e010fe6c7e90d6c71dffe378e8035890594ef70900ff365390e637548c49
Salvelinus fontinalis,163450514,https://inaturalist-open-data.s3.amazonaws.com/photos/163450514/medium.jpeg,CC-BY 4.0,E. A.,kupferglucke,2021-10-14,https://www.inaturalist.org/observations/98199438,"© E. A., some rights reserved (CC-BY)",89d69e0d168a37b92d8d9f7bced0e6ed8881861836329629f62b4f5b2491ddcf
Salvelinus fontinalis,163450563,https://inaturalist-open-data.s3.amazonaws.com/photos/163450563/medium.jpeg,CC-BY 4.0,E. A.,kupferglucke,2021-10-14,https://www.inaturalist.org/observations/98199438,"© E. A., some rights reserved (CC-BY)",8286e08a97f33d04d8883d9e2ae96cb64ed147bbeef323259d6b25c6a27e9e77
Salvelinus fontinalis,428370058,https://inaturalist-open-data.s3.amazonaws.com/photos/428370058/medium.jpeg,CC-BY 4.0,Nick Tobler (Cowturtle),cowturtle,2024-09-07,https://www.inaturalist.org/observations/240441427,"© Nick Tobler (Cowturtle), some rights reserved (CC-BY)",98ecd0a90b6bb623e9a1560f1798e9d317f10c52cca921a3c80ac175bb87f548
Salvelinus fontinalis,428370135,https://inaturalist-open-data.s3.amazonaws.com/photos/428370135/medium.jpeg,CC-BY 4.0,Nick Tobler (Cowturtle),cowturtle,2024-09-07,https://www.inaturalist.org/observations/240441427,"© Nick Tobler (Cowturtle), some rights reserved (CC-BY)",61b3bfb52ed7771d67c9df5ba7d60fe31db368320d74a574880710f967cf0c15
Salvelinus fontinalis,96098,https://inaturalist-open-data.s3.amazonaws.com/photos/96098/medium.JPG,CC-BY 4.0,Justin,justin2,2010-07-08,https://www.inaturalist.org/observations/62524,"© Justin, some rights reserved (CC-BY)",5fc69cdca54d9af589748641180370bf936d4417195e67326e194fcabd6fbfae
Salvelinus fontinalis,608533755,https://inaturalist-open-data.s3.amazonaws.com/photos/608533755/medium.jpg,CC-BY 4.0,Tom Field,tomfeild,2025-09-07,https://www.inaturalist.org/observations/335023313,"© Tom Field, some rights reserved (CC-BY)",5ceaf7d3568aaf3483c806dbdf8d06e449c8d39b49c8da60732687abfa95c41f
Salvelinus fontinalis,198670510,https://inaturalist-open-data.s3.amazonaws.com/photos/198670510/medium.jpg,CC-BY 4.0,Brian White,brianwhite,2022-05-18,https://www.inaturalist.org/observations/117625733,"© Brian White, some rights reserved (CC-BY)",3443740d20c7cd495078a95c52aedea43721fa57ab733b0a784f2ccd84b9df99
Salvelinus fontinalis,7363247,https://inaturalist-open-data.s3.amazonaws.com/photos/7363247/medium.jpg,CC-BY 4.0,Evan M. Raskin,eraskin,2017-04-16,https://www.inaturalist.org/observations/5904771,"© Evan M. Raskin, some rights reserved (CC-BY)",7c04f2d310ba2ac9bc2e3f005bf5ffbcd959ce4684b5772bdcd5da7138b31c7b
Salvelinus fontinalis,7363242,https://inaturalist-open-data.s3.amazonaws.com/photos/7363242/medium.jpg,CC-BY 4.0,Evan M. Raskin,eraskin,2017-04-16,https://www.inaturalist.org/observations/5904771,"© Evan M. Raskin, some rights reserved (CC-BY)",a1b3e2ca7a487213c45fdae8123c29e6976bac03957fc87ed55cb2e6c3d4b4fb
Salvelinus fontinalis,729344953,https://inaturalist-open-data.s3.amazonaws.com/photos/729344953/medium.jpg,CC-BY 4.0,Oliver Stringham,olistr,2026-09-05,https://www.inaturalist.org/observations/397639587,"© Oliver Stringham, some rights reserved (CC-BY)",a8d0570149b6850617c201267414dad29101cece4f5e492304f8f42e2cf663f5
Salvelinus fontinalis,51365916,https://inaturalist-open-data.s3.amazonaws.com/photos/51365916/medium.jpeg,CC-BY 4.0,Dan Johnson,dan_johnson,2019-09-11,https://www.inaturalist.org/observations/32737099,"© Dan Johnson, some rights reserved (CC-BY)",e3ea2084b898ca9e9cc712948ee207027f10da08ac9ae406d6cdedda1e613a47
Salvelinus fontinalis,51366230,https://inaturalist-open-data.s3.amazonaws.com/photos/51366230/medium.jpeg,CC-BY 4.0,Dan Johnson,dan_johnson,2019-09-11,https://www.inaturalist.org/observations/32737124,"© Dan Johnson, some rights reserved (CC-BY)",769f2302e992679a88f9e27d89b06165ce7c93f5dd3f46297eb71194c7ae04f2
Salvelinus fontinalis,514690019,https://inaturalist-open-data.s3.amazonaws.com/photos/514690019/medium.jpg,CC-BY 4.0,James Tetreau,monkeyfan98,2025-04-23,https://www.inaturalist.org/observations/286306612,"© James Tetreau, some rights reserved (CC-BY)",05578b9a86ad5ce8909ad2145ba2294710494add38ec2b79216f8c90762a58d8
Salvelinus fontinalis,514690024,https://inaturalist-open-data.s3.amazonaws.com/photos/514690024/medium.jpg,CC-BY 4.0,James Tetreau,monkeyfan98,2025-04-23,https://www.inaturalist.org/observations/286306612,"© James Tetreau, some rights reserved (CC-BY)",79b4cd778b5af6d824a8895ce995cff59da4a32769b004ed77c62f16f2d11243
Salvelinus fontinalis,22220420,https://inaturalist-open-data.s3.amazonaws.com/photos/22220420/medium.jpg,CC-BY 4.0,Rolf Lawrenz,rlawrenz,2018-07-24,https://www.inaturalist.org/observations/14889463,"© Rolf Lawrenz, some rights reserved (CC-BY)",324a1cba72ae801aad0833e3df709e0c2c6820eeddfdf44d7bc19ec7448dc295
Salvelinus fontinalis,331950951,https://inaturalist-open-data.s3.amazonaws.com/photos/331950951/medium.jpeg,CC-BY 4.0,Wolfgang Ahlmer,wolfgang_ahlmer,2012-08-20,https://www.inaturalist.org/observations/189483124,"© Wolfgang Ahlmer, some rights reserved (CC-BY)",ed3dbf1106b9a096b2e3e792d8ed7b7540a15012f320111b9f9509e7df6e3b75
Salvelinus fontinalis,299365668,https://inaturalist-open-data.s3.amazonaws.com/photos/299365668/medium.jpeg,CC-BY 4.0,Blake Ross,blakemross,2023-07-10,https://www.inaturalist.org/observations/172446052,"© Blake Ross, some rights reserved (CC-BY)",acc8c1d32ca4f286456eaa890649730f5ae3aa77149553d85988bf370a236bd6
Salvelinus fontinalis,238553764,https://inaturalist-open-data.s3.amazonaws.com/photos/238553764/medium.jpeg,CC-BY 4.0,Arvel Hernandez,arvel,2022-10-17,https://www.inaturalist.org/observations/139471483,"© Arvel Hernandez, some rights reserved (CC-BY)",b6350924f2d9dba2812dc8832fd03f584f7151ab4f1ace8f19e6d31ff0448bd9
Salvelinus fontinalis,238553754,https://inaturalist-open-data.s3.amazonaws.com/photos/238553754/medium.jpeg,CC-BY 4.0,Arvel Hernandez,arvel,2022-10-17,https://www.inaturalist.org/observations/139471483,"© Arvel Hernandez, some rights reserved (CC-BY)",86a957a472ba579db21f74ce5e4b0ce6c0c611a67c192a2591fd2273116a4b46
Salvelinus fontinalis,441856390,https://inaturalist-open-data.s3.amazonaws.com/photos/441856390/medium.jpeg,CC-BY 4.0,Adam Petrucco,adamxxp,2024-10-12,https://www.inaturalist.org/observations/247400348,"© Adam Petrucco, some rights reserved (CC-BY)",594f75d4d7a118c8222b6fd88fbfc8840e2c865a936e854c44a6ad3241ca2267
Salvelinus fontinalis,126521759,https://inaturalist-open-data.s3.amazonaws.com/photos/126521759/medium.jpeg,CC-BY 4.0,alicia penney,jollygoodyellow,2021-05-03,https://www.inaturalist.org/observations/77367417,"© alicia penney, some rights reserved (CC-BY)",c2745ffea5fb42104792840b9a6140f911b754b5d4e8a93163eb699c1625f5bd
Salvelinus fontinalis,126521741,https://inaturalist-open-data.s3.amazonaws.com/photos/126521741/medium.jpeg,CC-BY 4.0,alicia penney,jollygoodyellow,2021-05-03,https://www.inaturalist.org/observations/77367417,"© alicia penney, some rights reserved (CC-BY)",4f5716cefefc580a0e9137ace6ce1b5eb56bd4e8d171fa7b56e117c383c6b161
Salvelinus fontinalis,56052278,https://inaturalist-open-data.s3.amazonaws.com/photos/56052278/medium.jpeg,CC-BY 4.0,Rusty,crusty,2019-10-14,https://www.inaturalist.org/observations/35540918,"© Rusty, some rights reserved (CC-BY)",0a5b49d070375dc68a3f855e74534915eaf6e39f0d84a0d1e508d113a83cd3ee
Salvelinus fontinalis,60524659,https://inaturalist-open-data.s3.amazonaws.com/photos/60524659/medium.jpg,CC-BY 4.0,Sinéad Tuttle-Lerner,gwt2102,2016-09-05,https://www.inaturalist.org/observations/38111336,"© Sinéad Tuttle-Lerner, some rights reserved (CC-BY)",5aae14cd060771e7d2c480e5caf83449b692b2b6c914ef51a00b0a25ed974024
Salvelinus fontinalis,299367748,https://inaturalist-open-data.s3.amazonaws.com/photos/299367748/medium.jpeg,CC-BY 4.0,Blake Ross,blakemross,2023-07-10,https://www.inaturalist.org/observations/172446954,"© Blake Ross, some rights reserved (CC-BY)",8e08311ab26d74c97adffd71c36e54b6ae4001ee82933f1f018271eb330ec127
Salvelinus fontinalis,153222302,https://inaturalist-open-data.s3.amazonaws.com/photos/153222302/medium.jpg,CC-BY 4.0,Melissa McMasters,mmcmasters,2021-07-20,https://www.inaturalist.org/observations/92530227,"© Melissa McMasters, some rights reserved (CC-BY)",78cfe36420bfb7fa7669a80bdfd4ef16e2c2251a3bce2ec332e11d51dc56c685
Salvelinus fontinalis,306556121,https://inaturalist-open-data.s3.amazonaws.com/photos/306556121/medium.jpg,CC-BY 4.0,dennisvo,dennisvo,2023-08-02,https://www.inaturalist.org/observations/176335437,"© dennisvo, some rights reserved (CC-BY)",ae93aee6d58a9e699fb41a353d2ee3694e494b910d8f7bdbb1d4961cf61d92ee
Salvelinus fontinalis,46751684,https://inaturalist-open-data.s3.amazonaws.com/photos/46751684/medium.jpeg,CC-BY 4.0,Jens-Christian Svenning,jcsvenning,2019-07-20,https://www.inaturalist.org/observations/29938970,"© Jens-Christian Svenning, some rights reserved (CC-BY)",631bc365febcd6f09d5519d219d4bb8e7931777f54011327295f0b72e2e8d222
Salvelinus fontinalis,547347977,https://inaturalist-open-data.s3.amazonaws.com/photos/547347977/medium.jpg,CC-BY 4.0,harrii,harrii,2025-08-02,https://www.inaturalist.org/observations/303664220,"© harrii, some rights reserved (CC-BY)",6ad3204d217f7d3180df3cc3796049e4ba51e34a8476242d12a7215786e47686
Salvelinus fontinalis,29769986,https://inaturalist-open-data.s3.amazonaws.com/photos/29769986/medium.jpg,CC-BY 4.0,Vsevolod Rudyi,ruseva,2016-08-15,https://www.inaturalist.org/observations/19359144,"© Vsevolod Rudyi, some rights reserved (CC-BY)",f545c603aa7940b36ebe46adbe4931f0d0604d611399ecfad3b4398afdfdc40f
Salvelinus fontinalis,407125820,https://inaturalist-open-data.s3.amazonaws.com/photos/407125820/medium.jpeg,CC-BY 4.0,marius,curia,2024-07-14,https://www.inaturalist.org/observations/229366377,"© marius, some rights reserved (CC-BY)",be7d71317823f0999e5d2444600c84a75f81eca2deba602587334d586c6f7e51
Salvelinus fontinalis,722598620,https://inaturalist-open-data.s3.amazonaws.com/photos/722598620/medium.jpg,CC-BY 4.0,Derek Duplessis,lithobates,2026-08-24,https://www.inaturalist.org/observations/394177250,"© Derek Duplessis, some rights reserved (CC-BY)",2b202b70db2a758ee48f7e58b2070e9389fe1acc17c8fd5d7d526e8757b7cd77
Salvelinus fontinalis,429144259,https://inaturalist-open-data.s3.amazonaws.com/photos/429144259/medium.jpeg,CC-BY 4.0,Nick Tobler (Cowturtle),cowturtle,2024-09-07,https://www.inaturalist.org/observations/240841731,"© Nick Tobler (Cowturtle), some rights reserved (CC-BY)",4c181bba6cb3234f3ae85bbcfbfe481cbf4591bdfb6bc20dac681dc3cf330edc
Salvelinus fontinalis,168248456,https://inaturalist-open-data.s3.amazonaws.com/photos/168248456/medium.jpg,CC-BY 4.0,Paul Asman,paulasman,2010-07-06,https://www.inaturalist.org/observations/100786552,"© Paul Asman, some rights reserved (CC-BY)",1903800861e6648a369aba67817fe0a506ca9efa0101e83b6a37ff9347d323eb
Salvelinus fontinalis,394293023,https://inaturalist-open-data.s3.amazonaws.com/photos/394293023/medium.jpg,CC-BY 4.0,hanyiwang,hanyiwang,2024-06-08,https://www.inaturalist.org/observations/222578457,"© hanyiwang, some rights reserved (CC-BY)",86890de31d79fb8778e2eaf4cfdeb9635f945d7368782cbb7b9656dba40c5778
Salvelinus fontinalis,580088186,https://inaturalist-open-data.s3.amazonaws.com/photos/580088186/medium.jpg,CC-BY 4.0,Min-Hsuan NI,minhsuan,2025-10-07,https://www.inaturalist.org/observations/320806748,"© Min-Hsuan NI, some rights reserved (CC-BY)",3ea3ccefb6dd264d30fbad59d792cb7fab65f1d498fb70fbe0f968058880982e
Salvelinus fontinalis,288446995,https://inaturalist-open-data.s3.amazonaws.com/photos/288446995/medium.jpg,CC-BY 4.0,Daniel Benák,benake,2023-06-10,https://www.inaturalist.org/observations/166561027,"© Daniel Benák, some rights reserved (CC-BY)",2b7e3589e1d9f0c092f41cd454f13b72d742c073d30881a701e110a821cd5c3d
Salvelinus fontinalis,453276327,https://inaturalist-open-data.s3.amazonaws.com/photos/453276327/medium.jpeg,CC-BY 4.0,Gabriele Vaudano,gabrivauda,2024-11-24,https://www.inaturalist.org/observations/253176156,"© Gabriele Vaudano, some rights reserved (CC-BY)",6599c4f1776476f7af150bd6fa5b205d108d24d52a1a08abbaff6c490dfe3e6e
Salvelinus fontinalis,204146763,https://inaturalist-open-data.s3.amazonaws.com/photos/204146763/medium.jpeg,CC-BY 4.0,Leora Fitz,leorafitz,2015-09-20,https://www.inaturalist.org/observations/120685781,"© Leora Fitz, some rights reserved (CC-BY)",1815e2cf353308d02f1759619590d5c2a18ac1e0d22640fc1ddd9371cbd17276
Perca fluviatilis,424439973,https://inaturalist-open-data.s3.amazonaws.com/photos/424439973/medium.jpeg,CC-BY 4.0,Rhys,rhys-outsidelens,2024-07-18,https://www.inaturalist.org/observations/238406949,"© Rhys, some rights reserved (CC-BY)",0b4f5ba61ebc7be7bb392a3c789ee5910d4f46c94dff42fc664fdf8fc86451cc
Perca fluviatilis,424439954,https://inaturalist-open-data.s3.amazonaws.com/photos/424439954/medium.jpeg,CC-BY 4.0,Rhys,rhys-outsidelens,2024-07-18,https://www.inaturalist.org/observations/238406949,"© Rhys, some rights reserved (CC-BY)",4e73923a86074478f099b236daf2317411538cf3e57df776d7b65cee93355025
Perca fluviatilis,246127959,https://inaturalist-open-data.s3.amazonaws.com/photos/246127959/medium.jpg,CC-BY 4.0,Daniel Benák,benake,2020-09-05,https://www.inaturalist.org/observations/143510397,"© Daniel Benák, some rights reserved (CC-BY)",e58268ccb9a65babba771b294ee7c497a1ac1f8ce341426cb4003cdee474bb3e
Perca fluviatilis,704088713,https://inaturalist-open-data.s3.amazonaws.com/photos/704088713/medium.jpg,CC-BY 4.0,Евгений Маринкин,evgeniy_marinkin,2026-07-24,https://www.inaturalist.org/observations/384629000,"© Евгений Маринкин, some rights reserved (CC-BY)",eb022e538831c8835d1faceec4ed7c84eb400c147018e3c77eee776b47a2b164
Perca fluviatilis,530853136,https://inaturalist-open-data.s3.amazonaws.com/photos/530853136/medium.jpg,CC-BY 4.0,Michel Frisch,michelfrisch,2025-07-02,https://www.inaturalist.org/observations/294906132,"© Michel Frisch, some rights reserved (CC-BY)",957746af7171398ea56924b7c9c85627f867b6c135c59cce9b5a1475a6f015a3
Perca fluviatilis,691342703,https://inaturalist-open-data.s3.amazonaws.com/photos/691342703/medium.jpg,CC-BY 4.0,Nicola Crockford,nicolacrockford,2026-07-03,https://www.inaturalist.org/observations/378024609,"© Nicola Crockford, some rights reserved (CC-BY)",087b2b5025db8b697c54bfef87bc1c65603a54f983213a97e586d31b85d5e65c
Perca fluviatilis,550369646,https://inaturalist-open-data.s3.amazonaws.com/photos/550369646/medium.jpg,CC-BY 4.0,audili,audili,2025-08-02,https://www.inaturalist.org/observations/305257110,"© audili, some rights reserved (CC-BY)",8cacc94a7ddeda6abe891a074940f44738d3ba1529c0fd7de7ffb5d85e5653fb
Perca fluviatilis,611016840,https://inaturalist-open-data.s3.amazonaws.com/photos/611016840/medium.jpg,CC-BY 4.0,Павел Кунгуров,pchelovek1205,2024-07-02,https://www.inaturalist.org/observations/336259773,"© Павел Кунгуров, some rights reserved (CC-BY)",0d23d00a52ac22bf18c2860178e18c8816f7c93d39605de15e05767d9a1ce865
Perca fluviatilis,220699580,https://inaturalist-open-data.s3.amazonaws.com/photos/220699580/medium.jpg,CC-BY 4.0,Alexis Tinker-Tsavalas,alexis_orion,2022-08-06,https://www.inaturalist.org/observations/129834963,"© Alexis Tinker-Tsavalas, some rights reserved (CC-BY)",5d64aa3a2a8a272ff8a44372ae42db989a6a884c97c413347cad6caf5ce2cc09
Perca fluviatilis,220699416,https://inaturalist-open-data.s3.amazonaws.com/photos/220699416/medium.jpg,CC-BY 4.0,Alexis Tinker-Tsavalas,alexis_orion,2022-08-06,https://www.inaturalist.org/observations/129834963,"© Alexis Tinker-Tsavalas, some rights reserved (CC-BY)",cf999c490a26c076a706fc4abc14e44b15c7eb4f24038ecf1e934f71e31f0a68
Perca fluviatilis,337404406,https://inaturalist-open-data.s3.amazonaws.com/photos/337404406/medium.jpeg,CC-BY 4.0,Samuel GUIRAUDOU,samuel_guiraudou,2023-08-06,https://www.inaturalist.org/observations/192227595,"© Samuel GUIRAUDOU, some rights reserved (CC-BY)",e33777f9deacf3204bf5a09d24aaa6243428e1da60da3baad3d04062f6ea73f8
Perca fluviatilis,629234232,https://inaturalist-open-data.s3.amazonaws.com/photos/629234232/medium.jpg,CC-BY 4.0,Евгений Маринкин,evgeniy_marinkin,2026-03-26,https://www.inaturalist.org/observations/345284917,"© Евгений Маринкин, some rights reserved (CC-BY)",163a69210ec545363918a154b5c49ec42d79cb5366ea24141915e139a972eb93
Perca fluviatilis,255036582,https://inaturalist-open-data.s3.amazonaws.com/photos/255036582/medium.jpg,CC-BY 4.0,Oleksandr Shynder,oleksandr_shynder,2022-07-23,https://www.inaturalist.org/observations/148135613,"© Oleksandr Shynder, some rights reserved (CC-BY)",16cb45b563e60bc5777c405afdcccca8bbeb2eef7a02957a63dfa4cbd52fe8c2
Perca fluviatilis,255036460,https://inaturalist-open-data.s3.amazonaws.com/photos/255036460/medium.jpg,CC-BY 4.0,Oleksandr Shynder,oleksandr_shynder,2022-07-23,https://www.inaturalist.org/observations/148135613,"© Oleksandr Shynder, some rights reserved (CC-BY)",cb6bbaa95e58fb08a275f0ad900ed4c4df4f93231deec3e9392aaa0a8771da22
Perca fluviatilis,91761626,https://inaturalist-open-data.s3.amazonaws.com/photos/91761626/medium.jpeg,CC-BY 4.0,Gergely Nigg,naturebynigg,2020-08-23,https://www.inaturalist.org/observations/57523386,"© Gergely Nigg, some rights reserved (CC-BY)",70a36710dc8ade4cc3c05ed979ecafbc2a41b30384ad2c00feb69ee67e5a070f
Perca fluviatilis,693983810,https://inaturalist-open-data.s3.amazonaws.com/photos/693983810/medium.jpg,CC-BY 4.0,Priya Sandhu,priyastoric,2026-07-08,https://www.inaturalist.org/observations/379393909,"© Priya Sandhu, some rights reserved (CC-BY)",9293ff97d026d226dcf76c1ba7364ad990aff156d20c62e9cd24618fb936422b
Perca fluviatilis,154599248,https://inaturalist-open-data.s3.amazonaws.com/photos/154599248/medium.jpg,CC-BY 4.0,Florin Feneru,florin_feneru,2021-08-28,https://www.inaturalist.org/observations/93291434,"© Florin Feneru, some rights reserved (CC-BY)",5ba40c943ae75ed5f927477f21e73713d017edc03e37b293d4e79445402f01a4
Perca fluviatilis,154599265,https://inaturalist-open-data.s3.amazonaws.com/photos/154599265/medium.jpg,CC-BY 4.0,Florin Feneru,florin_feneru,2021-08-28,https://www.inaturalist.org/observations/93291434,"© Florin Feneru, some rights reserved (CC-BY)",88de448c15734e21950a51e3970a2369c8361d44236768f6bc1964f387495c03
Perca fluviatilis,233961269,https://inaturalist-open-data.s3.amazonaws.com/photos/233961269/medium.jpeg,CC-BY 4.0,Valentin Moser,vmoser,2022-09-13,https://www.inaturalist.org/observations/137035030,"© Valentin Moser, some rights reserved (CC-BY)",824716431a5813e493159ea954fef42186f7497ad7fc8156f12a5bfd621dc0d5
Perca fluviatilis,720133149,https://inaturalist-open-data.s3.amazonaws.com/photos/720133149/medium.jpg,CC-BY 4.0,Nicola Crockford,nicolacrockford,2026-08-11,https://www.inaturalist.org/observations/392919124,"© Nicola Crockford, some rights reserved (CC-BY)",b1e6692f3bea840fd127770620fa79a9368c1fda54b427de4b11849315c27799
Perca fluviatilis,720133137,https://inaturalist-open-data.s3.amazonaws.com/photos/720133137/medium.jpg,CC-BY 4.0,Nicola Crockford,nicolacrockford,2026-08-11,https://www.inaturalist.org/observations/392919124,"© Nicola Crockford, some rights reserved (CC-BY)",4c2ee187ad0b9a08980b5e45198dfa7eb648797c14c0658d92c02c47de89a390
Perca fluviatilis,254571845,https://inaturalist-open-data.s3.amazonaws.com/photos/254571845/medium.jpeg,CC-BY 4.0,Евгений Маринкин,evgeniy_marinkin,2019-02-26,https://www.inaturalist.org/observations/147892970,"© Евгений Маринкин, some rights reserved (CC-BY)",fa739d4d7bdc78d12f69a9057386f0dd97516fcffba3cded8380db38b9808ab6
Perca fluviatilis,733667089,https://inaturalist-open-data.s3.amazonaws.com/photos/733667089/medium.jpg,CC-BY 4.0,Albert Rainbow,phillip-a,2026-09-13,https://www.inaturalist.org/observations/399855782,"© Albert Rainbow, some rights reserved (CC-BY)",617c8c6f7af6f8d78ccba864da2fb5c3235378f5dcd131ff3f271cfed896dc66
Perca fluviatilis,240013865,https://inaturalist-open-data.s3.amazonaws.com/photos/240013865/medium.jpeg,CC-BY 4.0,Valentin Moser,vmoser,2022-10-27,https://www.inaturalist.org/observations/140232675,"© Valentin Moser, some rights reserved (CC-BY)",7256c807511f1a1a5c7653358218d0435da2623b0ffa6cdcc0992e256667dd31
Perca fluviatilis,710222962,https://inaturalist-open-data.s3.amazonaws.com/photos/710222962/medium.jpg,CC-BY 4.0,Nicola Crockford,nicolacrockford,2026-08-02,https://www.inaturalist.org/observations/387829604,"© Nicola Crockford, some rights reserved (CC-BY)",67ee3afa1660db52916d30f550d4c1008d5a8f522ed8bed07176fb8d32378252
Perca fluviatilis,710222942,https://inaturalist-open-data.s3.amazonaws.com/photos/710222942/medium.jpg,CC-BY 4.0,Nicola Crockford,nicolacrockford,2026-08-02,https://www.inaturalist.org/observations/387829604,"© Nicola Crockford, some rights reserved (CC-BY)",56eb20a94bed4c3a885a4f527d735e9aa53733d0b7d3af5fa1e4fc50b1fdab25
Perca fluviatilis,65274552,https://inaturalist-open-data.s3.amazonaws.com/photos/65274552/medium.jpeg,CC-BY 4.0,Vsevolod Rudyi,ruseva,2020-03-31,https://www.inaturalist.org/observations/41161741,"© Vsevolod Rudyi, some rights reserved (CC-BY)",e362a57ffc11bdd19fdaab174f374b3e0b4477516200d738118e05d41f302c41
Perca fluviatilis,595612317,https://inaturalist-open-data.s3.amazonaws.com/photos/595612317/medium.jpg,CC-BY 4.0,Roland Gromes,rolandgromes,2024-09-06,https://www.inaturalist.org/observations/328665579,"© Roland Gromes, some rights reserved (CC-BY)",df48f02a0931bb704239861d15560411d535d9df8460fbcfa35a2c5781a24020
Perca fluviatilis,362944381,https://inaturalist-open-data.s3.amazonaws.com/photos/362944381/medium.jpeg,CC-BY 4.0,Nicola Crockford,nicolacrockford,2021-09-18,https://www.inaturalist.org/observations/205275917,"© Nicola Crockford, some rights reserved (CC-BY)",9d3b5de09a79722669af57572cc936fc6b9046a8d93a367a0d4699e4740f2e2a
Perca fluviatilis,107811569,https://inaturalist-open-data.s3.amazonaws.com/photos/107811569/medium.jpeg,CC-BY 4.0,Юлия,wrrite,2020-12-19,https://www.inaturalist.org/observations/66822538,"© Юлия, some rights reserved (CC-BY)",86225791a17b431ee0599a4d01d24937a30fab85a201d1f2f1e3183176365e0e
Perca fluviatilis,134408383,https://inaturalist-open-data.s3.amazonaws.com/photos/134408383/medium.jpeg,CC-BY 4.0,Jan Ebr &amp; Ivana Ebrová,opisska,2021-06-06,https://www.inaturalist.org/observations/81925650,"© Jan Ebr &amp; Ivana Ebrová, some rights reserved (CC-BY)",648d2f56e6138ea725d813547f5373dbe3d14f3da3a2ca44fb0ce2afcbb90750
Perca fluviatilis,572883994,https://inaturalist-open-data.s3.amazonaws.com/photos/572883994/medium.jpg,CC-BY 4.0,dphone,dphone,2025-09-26,https://www.inaturalist.org/observations/317059783,"© dphone, some rights reserved (CC-BY)",333e0cce2febbafcabe07e609984adbf9c0908445ef8703e8b94e75526e6da58
Perca fluviatilis,59616506,https://inaturalist-open-data.s3.amazonaws.com/photos/59616506/medium.jpg,CC-BY 4.0,Matthew Blissett,mattblissett,2019-06-03,https://www.inaturalist.org/observations/37588815,"© Matthew Blissett, some rights reserved (CC-BY)",19e0c44d96ba3be50cc78c37e4788bbbd69dfcd3e6ff4581c7b37880970b7b67
Perca fluviatilis,558971215,https://inaturalist-open-data.s3.amazonaws.com/photos/558971215/medium.jpg,CC-BY 4.0,Quirijn V,quirijnvds,2025-08-22,https://www.inaturalist.org/observations/309744178,"© Quirijn V, some rights reserved (CC-BY)",c76be79a0de09e1e7e6f407131f325f5ada9b4eeb7ad2eec4df7127b9ee11544
Perca fluviatilis,558971214,https://inaturalist-open-data.s3.amazonaws.com/photos/558971214/medium.jpg,CC-BY 4.0,Quirijn V,quirijnvds,2025-08-22,https://www.inaturalist.org/observations/309744178,"© Quirijn V, some rights reserved (CC-BY)",4967a85810fbab5ba8b73b2cbe0dc4a7fdc77dbe84670f330b563cd223982fcb
Perca fluviatilis,420277157,https://inaturalist-open-data.s3.amazonaws.com/photos/420277157/medium.jpeg,CC-BY 4.0,Nicola Crockford,nicolacrockford,2024-08-16,https://www.inaturalist.org/observations/236246763,"© Nicola Crockford, some rights reserved (CC-BY)",8717bd70b04af6794724f79888ccb5d217cb0f543218f332259a3519007835ca
Perca fluviatilis,733240274,https://inaturalist-open-data.s3.amazonaws.com/photos/733240274/medium.jpg,CC-BY 4.0,Nicola Crockford,nicolacrockford,2026-09-12,https://www.inaturalist.org/observations/399644092,"© Nicola Crockford, some rights reserved (CC-BY)",1b3fd22943063d389671bcd0ec82f808e69ccc5f9c133a058b1b68d9e263e6de
Perca fluviatilis,402389481,https://inaturalist-open-data.s3.amazonaws.com/photos/402389481/medium.jpeg,CC-BY 4.0,Sofia Voynovskaya,v_sofishka,2024-07-03,https://www.inaturalist.org/observations/226859275,"© Sofia Voynovskaya, some rights reserved (CC-BY)",55c3ef894691fb207a7a72a66ab98e2e2c9e96515cdb87a6bae6ced12a17632f
Perca fluviatilis,711119197,https://inaturalist-open-data.s3.amazonaws.com/photos/711119197/medium.jpg,CC-BY 4.0,Nicola Crockford,nicolacrockford,2026-08-04,https://www.inaturalist.org/observations/388289354,"© Nicola Crockford, some rights reserved (CC-BY)",4610deb8686689627f831b8ad7a781fbb27c6bab2c870b6db67d041780d003ce
Perca fluviatilis,477852416,https://inaturalist-open-data.s3.amazonaws.com/photos/477852416/medium.jpeg,CC-BY 4.0,Евгений Маринкин,evgeniy_marinkin,2025-03-19,https://www.inaturalist.org/observations/265983828,"© Евгений Маринкин, some rights reserved (CC-BY)",475192ea6fea2301aacc2ece50fc3a08cf13f5ed616c6d287dbf4b44a938e00f
Perca fluviatilis,22954253,https://inaturalist-open-data.s3.amazonaws.com/photos/22954253/medium.jpg,CC-BY 4.0,Jason Grant,jasonrgrant,2018-08-11,https://www.inaturalist.org/observations/15326846,"© Jason Grant, some rights reserved (CC-BY)",e4359ea7cbdda6b624f44e63244390689e61add4108aba6b471ef5bd03836c74
Perca fluviatilis,675553613,https://inaturalist-open-data.s3.amazonaws.com/photos/675553613/medium.jpg,CC-BY 4.0,Philip Schaffer,philip_schaffer,2026-06-07,https://www.inaturalist.org/observations/369833740,"© Philip Schaffer, some rights reserved (CC-BY)",27c4e33bd8c50585600d3e128e1772b55aa8b2179361860def3450a0f21244da
Perca fluviatilis,563536374,https://inaturalist-open-data.s3.amazonaws.com/photos/563536374/medium.jpg,CC-BY 4.0,Dmitry Ivanov,ivanovdg19,2025-09-06,https://www.inaturalist.org/observations/312143140,"© Dmitry Ivanov, some rights reserved (CC-BY)",3083c27722f16f61a09cd5478bba840ca56f5e34bd60f3de175a0206fc7bb81e
Perca fluviatilis,305067832,https://inaturalist-open-data.s3.amazonaws.com/photos/305067832/medium.jpeg,CC-BY 4.0,Philip Schaffer,philip_schaffer,2023-07-23,https://www.inaturalist.org/observations/175535043,"© Philip Schaffer, some rights reserved (CC-BY)",24b28b88813730a1d5aa6a4fa6efd860614e39697e0be471b553026b03f9cb0e
Perca fluviatilis,698643505,https://inaturalist-open-data.s3.amazonaws.com/photos/698643505/medium.jpg,CC-BY 4.0,Nicola Crockford,nicolacrockford,2026-07-10,https://www.inaturalist.org/observations/381800456,"© Nicola Crockford, some rights reserved (CC-BY)",9255e7749756877b202cc1962d190c1f40e286037ed3b68fa3a6181e25f5b73a
Perca fluviatilis,714304394,https://inaturalist-open-data.s3.amazonaws.com/photos/714304394/medium.jpg,CC-BY 4.0,Maria,natteheks,2026-08-09,https://www.inaturalist.org/observations/389938215,"© Maria, some rights reserved (CC-BY)",f8f3fd00a921b5af05fcbdd01abbfff85afcdb0a368752cbb65acfbd3be57539
Perca fluviatilis,424172128,https://inaturalist-open-data.s3.amazonaws.com/photos/424172128/medium.jpeg,CC-BY 4.0,Philip Schaffer,philip_schaffer,2024-08-27,https://www.inaturalist.org/observations/238275204,"© Philip Schaffer, some rights reserved (CC-BY)",6c99b1febf8c216cd0a9c78acea26766c44b40e5db0a0810a19004debc432a6d
Perca fluviatilis,290908379,https://inaturalist-open-data.s3.amazonaws.com/photos/290908379/medium.jpeg,CC-BY 4.0,Andreas Schneider,andreass1,2023-06-16,https://www.inaturalist.org/observations/167898816,"© Andreas Schneider, some rights reserved (CC-BY)",b05e7505751f7107b79f662cbf61cbc42bd89795157d00b4935dc3ba3758dddd
Perca fluviatilis,425632722,https://inaturalist-open-data.s3.amazonaws.com/photos/425632722/medium.jpg,CC-BY 4.0,F. Bemmerlein-Lux,ablfabl,2024-08-31,https://www.inaturalist.org/observations/239025899,"© F. Bemmerlein-Lux, some rights reserved (CC-BY)",ea33b5d361ad01bf19017eb53d4f1cd579c96df43e99e5decca1393353e9c2ae
Perca fluviatilis,698643486,https://inaturalist-open-data.s3.amazonaws.com/photos/698643486/medium.jpg,CC-BY 4.0,Nicola Crockford,nicolacrockford,2026-07-10,https://www.inaturalist.org/observations/381800451,"© Nicola Crockford, some rights reserved (CC-BY)",3a7536ccc5bece4a65335858ac5572355fc607c6561263ebc6cd1416ee23e9df
Perca fluviatilis,284600296,https://inaturalist-open-data.s3.amazonaws.com/photos/284600296/medium.jpeg,CC-BY 4.0,Thomas Koffel,tkoffel,2023-05-28,https://www.inaturalist.org/observations/164486059,"© Thomas Koffel, some rights reserved (CC-BY)",0f737d2e738948f51da08286ddcc78850274bac18a9c4080c026024858a97f2c
Gasterosteus aculeatus,485093090,https://inaturalist-open-data.s3.amazonaws.com/photos/485093090/medium.jpeg,CC-BY 4.0,Jay Miles,aceofjays,2025-04-04,https://www.inaturalist.org/observations/269771485,"© Jay Miles, some rights reserved (CC-BY)",9e6f9fa09af96bb4adc3f37b1247bc3c03d47263158eb4c9ebefc4716c7e1dad
Gasterosteus aculeatus,485093111,https://inaturalist-open-data.s3.amazonaws.com/photos/485093111/medium.jpeg,CC-BY 4.0,Jay Miles,aceofjays,2025-04-04,https://www.inaturalist.org/observations/269771485,"© Jay Miles, some rights reserved (CC-BY)",4297edb841a8dd51c51b4992699877a4e70c9173ba0bf4401a5f4612b0aa28e2
Gasterosteus aculeatus,95727139,https://inaturalist-open-data.s3.amazonaws.com/photos/95727139/medium.jpeg,CC-BY 4.0,John G. Phillips,johngsalamander,2020-08-28,https://www.inaturalist.org/observations/59889746,"© John G. Phillips, some rights reserved (CC-BY)",ca385e0c457c8dbc4a8fd84fb46a97d6a02eae488624220ce0acc06acf658532
Gasterosteus aculeatus,399135157,https://inaturalist-open-data.s3.amazonaws.com/photos/399135157/medium.jpeg,CC-BY 4.0,Steve Lawson,sjlawson67,2024-06-25,https://www.inaturalist.org/observations/225144835,"© Steve Lawson, some rights reserved (CC-BY)",5edd80aab0fd836b4eacd8c36e1d5b0c11276520e075d5bbc566b3c63aea3cbd
Gasterosteus aculeatus,693591419,https://inaturalist-open-data.s3.amazonaws.com/photos/693591419/medium.jpg,CC-BY 4.0,Nicola Crockford,nicolacrockford,2026-07-06,https://www.inaturalist.org/observations/379192167,"© Nicola Crockford, some rights reserved (CC-BY)",95d678e1024ef4ccc9aaec01214f19c9f966b35d84af6bd8b4dc12bd37aeebe1
Gasterosteus aculeatus,693591414,https://inaturalist-open-data.s3.amazonaws.com/photos/693591414/medium.jpg,CC-BY 4.0,Nicola Crockford,nicolacrockford,2026-07-06,https://www.inaturalist.org/observations/379192167,"© Nicola Crockford, some rights reserved (CC-BY)",03798cffb7ae9a9648038a4af95294a21b5821fbff211bdae79a298ddac8c06a
Gasterosteus aculeatus,133780887,https://inaturalist-open-data.s3.amazonaws.com/photos/133780887/medium.jpeg,CC-BY 4.0,Jan Ebr &amp; Ivana Ebrová,opisska,2021-06-04,https://www.inaturalist.org/observations/81554930,"© Jan Ebr &amp; Ivana Ebrová, some rights reserved (CC-BY)",1a81298380e8cfdf0c9a36494665eabecafda93c778410d5d90c0f79b4aa4a88
Gasterosteus aculeatus,133780900,https://inaturalist-open-data.s3.amazonaws.com/photos/133780900/medium.jpeg,CC-BY 4.0,Jan Ebr &amp; Ivana Ebrová,opisska,2021-06-04,https://www.inaturalist.org/observations/81554930,"© Jan Ebr &amp; Ivana Ebrová, some rights reserved (CC-BY)",bbb1090ed2968be43568ae377175cb65acba810f4dd27a0157f77368e19ad94d
Gasterosteus aculeatus,506638252,https://inaturalist-open-data.s3.amazonaws.com/photos/506638252/medium.jpg,CC-BY 4.0,Dylan Findlay,dylanfindlay1,2025-05-17,https://www.inaturalist.org/observations/282010567,"© Dylan Findlay, some rights reserved (CC-BY)",75a191c7716f5d72af4690b7089587eb2e8d6c1945c6143abb3f9e22c3dae6a1
Gasterosteus aculeatus,271538884,https://inaturalist-open-data.s3.amazonaws.com/photos/271538884/medium.jpg,CC-BY 4.0,Adam J. Searcy,serpophaga,2019-07-14,https://www.inaturalist.org/observations/157009211,"© Adam J. Searcy, some rights reserved (CC-BY)",36a13850d7f0d805a4131a7392ed0cec2aa18dcef9cb89874ef897ac79a9bca2
Gasterosteus aculeatus,366194710,https://inaturalist-open-data.s3.amazonaws.com/photos/366194710/medium.jpeg,CC-BY 4.0,Nicola Crockford,nicolacrockford,2024-04-13,https://www.inaturalist.org/observations/207051639,"© Nicola Crockford, some rights reserved (CC-BY)",9d7ffb21d52007d1e0b6719845943c7ebeedd8f687e5d8f0db9d71c5b0d469b3
Gasterosteus aculeatus,538691759,https://inaturalist-open-data.s3.amazonaws.com/photos/538691759/medium.jpg,CC-BY 4.0,le0p0ld_d,le0p0ld_d,2025-07-18,https://www.inaturalist.org/observations/299025650,"© le0p0ld_d, some rights reserved (CC-BY)",304c5cd07b769529b13e0ff35de7797c5beeac5f10daba75d15985443ca3925d
Gasterosteus aculeatus,538691931,https://inaturalist-open-data.s3.amazonaws.com/photos/538691931/medium.jpg,CC-BY 4.0,le0p0ld_d,le0p0ld_d,2025-07-18,https://www.inaturalist.org/observations/299025650,"© le0p0ld_d, some rights reserved (CC-BY)",38bab72e861153827ec1a5427812923be11221e8008851d26370c406d274007e
Gasterosteus aculeatus,399626602,https://inaturalist-open-data.s3.amazonaws.com/photos/399626602/medium.jpeg,CC-BY 4.0,Nicola Crockford,nicolacrockford,2024-06-26,https://www.inaturalist.org/observations/225403037,"© Nicola Crockford, some rights reserved (CC-BY)",f6803f423344ff61aaae095199cf7bcc6c7d234a7c2db6f832bd6fae2741ba12
Gasterosteus aculeatus,549964732,https://inaturalist-open-data.s3.amazonaws.com/photos/549964732/medium.jpg,CC-BY 4.0,Abby Hyde,abbyhyde,2025-08-09,https://www.inaturalist.org/observations/305043454,"© Abby Hyde, some rights reserved (CC-BY)",90adb55b119b57f797f44445b9d9d7d0ac68a6114b638062a391900b02826597
Gasterosteus aculeatus,549964695,https://inaturalist-open-data.s3.amazonaws.com/photos/549964695/medium.jpg,CC-BY 4.0,Abby Hyde,abbyhyde,2025-08-09,https://www.inaturalist.org/observations/305043454,"© Abby Hyde, some rights reserved (CC-BY)",5c5cbdc40967ffe00ed15a91c98d8671f288e0ba27425f8e57f7921f29735cb8
Gasterosteus aculeatus,407335026,https://inaturalist-open-data.s3.amazonaws.com/photos/407335026/medium.jpg,CC-BY 4.0,gwynmwilliams,gwynmwilliams,2024-05-24,https://www.inaturalist.org/observations/229473155,"© gwynmwilliams, some rights reserved (CC-BY)",3df6887bb7cfde51c889203e258c9ed7474bfa00b7e79ec1658b4a5ad8f0961e
Gasterosteus aculeatus,434316806,https://inaturalist-open-data.s3.amazonaws.com/photos/434316806/medium.jpeg,CC-BY 4.0,R Clarke,cardinal831,2024-08-09,https://www.inaturalist.org/observations/243558864,"© R Clarke, some rights reserved (CC-BY)",7b2bb26453bdb8d1ca54a2b1f81140f14b4c36dfd93aaae529f96d276d5a91f2
Gasterosteus aculeatus,496930938,https://inaturalist-open-data.s3.amazonaws.com/photos/496930938/medium.jpeg,CC-BY 4.0,Nicola Crockford,nicolacrockford,2025-04-29,https://www.inaturalist.org/observations/276734659,"© Nicola Crockford, some rights reserved (CC-BY)",a52bbf9c1bd0f881e77e90fa8e71514e5b217181e1237bb685081824733ca2d3
Gasterosteus aculeatus,271538726,https://inaturalist-open-data.s3.amazonaws.com/photos/271538726/medium.jpeg,CC-BY 4.0,Adam J. Searcy,serpophaga,2019-07-14,https://www.inaturalist.org/observations/157009200,"© Adam J. Searcy, some rights reserved (CC-BY)",7b69133690799ef734fc04f30868ac9a089d62305df496e3f004699957221241
Gasterosteus aculeatus,333174058,https://inaturalist-open-data.s3.amazonaws.com/photos/333174058/medium.jpeg,CC-BY 4.0,Masumi Palhof,machi,2023-08-25,https://www.inaturalist.org/observations/190099902,"© Masumi Palhof, some rights reserved (CC-BY)",4cab2ca6a6a2c75b5d36064df3359f14d8fe535a257efe535b47b8507bbbfd59
Gasterosteus aculeatus,395188616,https://inaturalist-open-data.s3.amazonaws.com/photos/395188616/medium.jpg,CC-BY 4.0,Hannes Dahm,eyekosaeder,2024-06-16,https://www.inaturalist.org/observations/223056593,"© Hannes Dahm, some rights reserved (CC-BY)",1908e167a8133e76f966c0591f8ac176e123f1cf658a4f79412b1eca86964bd7
Gasterosteus aculeatus,690652213,https://inaturalist-open-data.s3.amazonaws.com/photos/690652213/medium.jpg,CC-BY 4.0,bloodshot20,bloodshot20,2026-06-29,https://www.inaturalist.org/observations/377664868,"© bloodshot20, some rights reserved (CC-BY)",0c7e3e270cd5fba42d323016ab5063407f3696c82a9e0f0d7560e5831411c91c
Gasterosteus aculeatus,690652150,https://inaturalist-open-data.s3.amazonaws.com/photos/690652150/medium.jpg,CC-BY 4.0,bloodshot20,bloodshot20,2026-06-29,https://www.inaturalist.org/observations/377664868,"© bloodshot20, some rights reserved (CC-BY)",4b16e10b8d48f8f9dbdb163bddd46eccd2ac2975c9e60ecf78214d4c312c307d
Gasterosteus aculeatus,531456203,https://inaturalist-open-data.s3.amazonaws.com/photos/531456203/medium.jpg,CC-BY 4.0,Nicola Crockford,nicolacrockford,2025-07-04,https://www.inaturalist.org/observations/295225988,"© Nicola Crockford, some rights reserved (CC-BY)",11752a8b8ba5928413323fce3c4e7a1749777cddcbd4e850add4fbaf0ae9e1d4
Gasterosteus aculeatus,507477074,https://inaturalist-open-data.s3.amazonaws.com/photos/507477074/medium.jpg,CC-BY 4.0,Nicola Crockford,nicolacrockford,2025-05-17,https://www.inaturalist.org/observations/282462539,"© Nicola Crockford, some rights reserved (CC-BY)",170d15a6c022b0a622ed3e657fe3ad9399b4c40efe667903c27161aa7347bd2a
Gasterosteus aculeatus,524096716,https://inaturalist-open-data.s3.amazonaws.com/photos/524096716/medium.jpg,CC-BY 4.0,Nicola Crockford,nicolacrockford,2025-06-20,https://www.inaturalist.org/observations/291297927,"© Nicola Crockford, some rights reserved (CC-BY)",b9b4a5986befeab37291d7b41908db93585486c9fa1cd147d32f9c2978721499
Gasterosteus aculeatus,425323670,https://inaturalist-open-data.s3.amazonaws.com/photos/425323670/medium.jpeg,CC-BY 4.0,Nicola Crockford,nicolacrockford,2024-08-30,https://www.inaturalist.org/observations/238864744,"© Nicola Crockford, some rights reserved (CC-BY)",ddd8858719a7f56b709e50527095fa4a37d8b03bd73c234e63f9e992e0878f29
Gasterosteus aculeatus,86936756,https://inaturalist-open-data.s3.amazonaws.com/photos/86936756/medium.jpeg,CC-BY 4.0,Liam Steele,liamsteele,2020-07-27,https://www.inaturalist.org/observations/54631717,"© Liam Steele, some rights reserved (CC-BY)",fc5d5292205cd161b61beda571d3f6de6bc7040a5cf5697824cbecb5992da5db
Gasterosteus aculeatus,380722239,https://inaturalist-open-data.s3.amazonaws.com/photos/380722239/medium.jpeg,CC-BY 4.0,Nicola Crockford,nicolacrockford,2024-05-12,https://www.inaturalist.org/observations/215349196,"© Nicola Crockford, some rights reserved (CC-BY)",a99ad9b0914f211176a1d317bb37465bba006a02d55ddd8184229c94aa53a8d8
Gasterosteus aculeatus,519470694,https://inaturalist-open-data.s3.amazonaws.com/photos/519470694/medium.jpg,CC-BY 4.0,Julien Renoult,jujurenoult,2025-06-07,https://www.inaturalist.org/observations/288848511,"© Julien Renoult, some rights reserved (CC-BY)",14564b0300a878f207684ccd790814ec45d8f871b19c4eddf7e92a358def7d34
Gasterosteus aculeatus,513873618,https://inaturalist-open-data.s3.amazonaws.com/photos/513873618/medium.jpg,CC-BY 4.0,Nicola Crockford,nicolacrockford,2025-05-30,https://www.inaturalist.org/observations/285873212,"© Nicola Crockford, some rights reserved (CC-BY)",2f002f8d7561dd479990275e37e38bf3f993d5a25c4f3a6f32804d1c3d285b49
Gasterosteus aculeatus,513873611,https://inaturalist-open-data.s3.amazonaws.com/photos/513873611/medium.jpg,CC-BY 4.0,Nicola Crockford,nicolacrockford,2025-05-30,https://www.inaturalist.org/observations/285873212,"© Nicola Crockford, some rights reserved (CC-BY)",1df4fdaa5a9c24d189246e714ca44fd9646edef3780d78990c58d4032dd7c6d9
Gasterosteus aculeatus,83303751,https://inaturalist-open-data.s3.amazonaws.com/photos/83303751/medium.jpg,CC-BY 4.0,Zack Abbey,zabbey,2020-07-08,https://www.inaturalist.org/observations/52404862,"© Zack Abbey, some rights reserved (CC-BY)",48fb938dc1eb8591600f9c519005f1a06388f9ecc5fd224a8a285e4b2f9fd0d6
Gasterosteus aculeatus,541146887,https://inaturalist-open-data.s3.amazonaws.com/photos/541146887/medium.jpg,CC-BY 4.0,Janne Teivonen,janne_naturephoto,2025-07-23,https://www.inaturalist.org/observations/300339796,"© Janne Teivonen, some rights reserved (CC-BY)",21c044ce1490647c30222cbdfbb7db7fa2436a09158519ba19a4c60ba191ef4b
Gasterosteus aculeatus,474822755,https://inaturalist-open-data.s3.amazonaws.com/photos/474822755/medium.jpeg,CC-BY 4.0,ikelman,ikelman,2025-03-07,https://www.inaturalist.org/observations/264388867,"© ikelman, some rights reserved (CC-BY)",99aae739dff3013c868b8fd6aaef26395163c6c13d0b4b89808239db61f5bae0
Gasterosteus aculeatus,280113536,https://inaturalist-open-data.s3.amazonaws.com/photos/280113536/medium.jpeg,CC-BY 4.0,Phil James,wyvern63,2023-05-16,https://www.inaturalist.org/observations/162025160,"© Phil James, some rights reserved (CC-BY)",e720bd9eef8aaa33be221f19a5ff9cdc9c5e58cc45b71a86c0a25a9af85a3c99
Gasterosteus aculeatus,483621328,https://inaturalist-open-data.s3.amazonaws.com/photos/483621328/medium.jpeg,CC-BY 4.0,Nicola Crockford,nicolacrockford,2025-04-05,https://www.inaturalist.org/observations/269012560,"© Nicola Crockford, some rights reserved (CC-BY)",0897537609eb2d2e2f4c198ee55b558d74e6576c3184fc572524117cb4aa0e7d
Gasterosteus aculeatus,271538742,https://inaturalist-open-data.s3.amazonaws.com/photos/271538742/medium.jpg,CC-BY 4.0,Adam J. Searcy,serpophaga,2019-07-14,https://www.inaturalist.org/observations/157009201,"© Adam J. Searcy, some rights reserved (CC-BY)",bfae5838481dbaa025134e72d14372aea6f1d20e7485e12637c65698bdafb53b
Gasterosteus aculeatus,144423551,https://inaturalist-open-data.s3.amazonaws.com/photos/144423551/medium.jpg,CC-BY 4.0,Георгий Виноградов (Georgy Vinogradov),prokhozhyj,2021-07-06,https://www.inaturalist.org/observations/87588654,"© Георгий Виноградов (Georgy Vinogradov), some rights reserved (CC-BY)",fcdaef2cbfb45ffd4c889167395bc9e57732a80c4fd0e5a3bfc411980b113bf3
Gasterosteus aculeatus,392841264,https://inaturalist-open-data.s3.amazonaws.com/photos/392841264/medium.jpg,CC-BY 4.0,Jenn Wren,jennwren,2024-06-06,https://www.inaturalist.org/observations/221809822,"© Jenn Wren, some rights reserved (CC-BY)",2cea107911bbed3035951fb7c9b52666dd6a023f2539233548a2872da30833c0
Gasterosteus aculeatus,271538704,https://inaturalist-open-data.s3.amazonaws.com/photos/271538704/medium.jpg,CC-BY 4.0,Adam J. Searcy,serpophaga,2019-07-14,https://www.inaturalist.org/observations/157009198,"© Adam J. Searcy, some rights reserved (CC-BY)",7605ef1ca4aeb2012f6b5dc8aebf5c71cc8772be49aca48f68a85280b00a3ac1
Gasterosteus aculeatus,410743781,https://inaturalist-open-data.s3.amazonaws.com/photos/410743781/medium.jpeg,CC-BY 4.0,Nicola Crockford,nicolacrockford,2024-07-23,https://www.inaturalist.org/observations/231277724,"© Nicola Crockford, some rights reserved (CC-BY)",8e216540eb88b5759cd8fb5a4030af503eb296a3ff657bc17fe144a4ea3509fc
Gasterosteus aculeatus,468671160,https://inaturalist-open-data.s3.amazonaws.com/photos/468671160/medium.jpeg,CC-BY 4.0,Nicola Crockford,nicolacrockford,2025-02-06,https://www.inaturalist.org/observations/260927235,"© Nicola Crockford, some rights reserved (CC-BY)",b4d11f148faeb3885328f910345ea102f47c79a91074417278499cd6a991035a
Gasterosteus aculeatus,271538771,https://inaturalist-open-data.s3.amazonaws.com/photos/271538771/medium.jpg,CC-BY 4.0,Adam J. Searcy,serpophaga,2019-07-14,https://www.inaturalist.org/observations/157009202,"© Adam J. Searcy, some rights reserved (CC-BY)",392e44a40e6ac2fa879076e0489e78036b91003e781cce07138c2250422ef9d9
Gasterosteus aculeatus,438967897,https://inaturalist-open-data.s3.amazonaws.com/photos/438967897/medium.jpg,CC-BY 4.0,Donald Davesne,donalddavesne,2024-10-02,https://www.inaturalist.org/observations/245944546,"© Donald Davesne, some rights reserved (CC-BY)",dfbc6a9b8e86482eac072cbfa60d4454b313e704e49c8f0485dfcff44cf9d350
Gasterosteus aculeatus,175955498,https://inaturalist-open-data.s3.amazonaws.com/photos/175955498/medium.jpg,CC-BY 4.0,Jon Mortin,major_bombylius,2019-05-04,https://www.inaturalist.org/observations/104939863,"© Jon Mortin, some rights reserved (CC-BY)",b6a834d1fc14a51fde2f9e253d30d3bccf3a1202dd0d1784d0c2644dc1bfaafc
Gasterosteus aculeatus,710231646,https://inaturalist-open-data.s3.amazonaws.com/photos/710231646/medium.jpg,CC-BY 4.0,Nicola Crockford,nicolacrockford,2026-08-02,https://www.inaturalist.org/observations/387834458,"© Nicola Crockford, some rights reserved (CC-BY)",d99d068c89c62a6f5e24d21403a9e2eec88fe54a35760f432acb024d1200c661
Gasterosteus aculeatus,719558598,https://inaturalist-open-data.s3.amazonaws.com/photos/719558598/medium.jpg,CC-BY 4.0,Albert Rainbow,phillip-a,2026-08-19,https://www.inaturalist.org/observations/392623457,"© Albert Rainbow, some rights reserved (CC-BY)",36b097ee74ef7fa193aa9d715c7bdc3d14ae022a0d41b9edbb951b51bdf9b34b
Gasterosteus aculeatus,220841494,https://inaturalist-open-data.s3.amazonaws.com/photos/220841494/medium.jpeg,CC-BY 4.0,Garth Harwood,garth_harwood,2022-07-26,https://www.inaturalist.org/observations/129912133,"© Garth Harwood, some rights reserved (CC-BY)",2edfe871e310d048c2a5ac20a2676d990e3da386306d5a816dcb0e136a5fb92e
Scardinius erythrophthalmus,384926989,https://inaturalist-open-data.s3.amazonaws.com/photos/384926989/medium.jpeg,CC-BY 4.0,Ross McCallum,ross291,2024-05-19,https://www.inaturalist.org/observations/217579565,"© Ross McCallum, some rights reserved (CC-BY)",e5e7cf3f5b4008e2dfe0eacfe5d79995e5307e71bef7b442bbb55ce8f2361278
Scardinius erythrophthalmus,310733425,https://inaturalist-open-data.s3.amazonaws.com/photos/310733425/medium.jpg,CC-BY 4.0,Борис Георги,beetle23,2023-08-12,https://www.inaturalist.org/observations/178560993,"© Борис Георги, some rights reserved (CC-BY)",78857972ead5ac697a8192640a48bb47229c2dbf90c2d40803ed972922d39d5e
Scardinius erythrophthalmus,310733429,https://inaturalist-open-data.s3.amazonaws.com/photos/310733429/medium.jpg,CC-BY 4.0,Борис Георги,beetle23,2023-08-12,https://www.inaturalist.org/observations/178560993,"© Борис Георги, some rights reserved (CC-BY)",f6dcfb79568119ce042a3bdff8ff15c25d3ff9db6f7ed71164aa34cf325c7fde
Scardinius erythrophthalmus,433398534,https://inaturalist-open-data.s3.amazonaws.com/photos/433398534/medium.jpeg,CC-BY 4.0,Subir B. Shakya,subirshakya,2024-09-21,https://www.inaturalist.org/observations/243074697,"© Subir B. Shakya, some rights reserved (CC-BY)",aa1046a944dbffb0ceddb673d32b8d6296eb307ebb106631b27f87af0452ac7e
Scardinius erythrophthalmus,433398567,https://inaturalist-open-data.s3.amazonaws.com/photos/433398567/medium.jpeg,CC-BY 4.0,Subir B. Shakya,subirshakya,2024-09-21,https://www.inaturalist.org/observations/243074697,"© Subir B. Shakya, some rights reserved (CC-BY)",160d5120fd438b590dd445723db725ae348363380fa4f669ca0cfd62cb5c0506
Scardinius erythrophthalmus,85720354,https://inaturalist-open-data.s3.amazonaws.com/photos/85720354/medium.jpeg,CC-BY 4.0,Luca Napelo,nappe89,2018-08-05,https://www.inaturalist.org/observations/53887579,"© Luca Napelo, some rights reserved (CC-BY)",7342461e03eade2ae412373597a95036d876ff8b0ba41d436896d0ccd89de45d
Scardinius erythrophthalmus,316807843,https://inaturalist-open-data.s3.amazonaws.com/photos/316807843/medium.jpeg,CC-BY 4.0,Jason Grant,jasonrgrant,2023-09-04,https://www.inaturalist.org/observations/181775402,"© Jason Grant, some rights reserved (CC-BY)",d46fc37532d4040d7b32ff3a71098f3e71b5afe4fa54b0b0cb9e851bf3a406a8
Scardinius erythrophthalmus,434805472,https://inaturalist-open-data.s3.amazonaws.com/photos/434805472/medium.jpeg,CC-BY 4.0,Rich Agar,derbyshirewoodwose,2022-07-17,https://www.inaturalist.org/observations/243811692,"© Rich Agar, some rights reserved (CC-BY)",efbacb12b259ea495f5683e0bce0acee0b19d450e968ee8ccec7cf97708b2447
Scardinius erythrophthalmus,299504627,https://inaturalist-open-data.s3.amazonaws.com/photos/299504627/medium.jpeg,CC-BY 4.0,ahabo,ahabo,2023-07-12,https://www.inaturalist.org/observations/172521139,"© ahabo, some rights reserved (CC-BY)",ba9b35a96f77133b098cd0560a052df15e5213046b3a15a687321957862c4cb3
Scardinius erythrophthalmus,514311816,https://inaturalist-open-data.s3.amazonaws.com/photos/514311816/medium.jpg,CC-BY 4.0,Nicola Crockford,nicolacrockford,2025-05-31,https://www.inaturalist.org/observations/286109617,"© Nicola Crockford, some rights reserved (CC-BY)",d92fa3616c880264dc01595ddef86c0d94a87a3a497956dcc0cb7f191e152c5a
Scardinius erythrophthalmus,714004199,https://inaturalist-open-data.s3.amazonaws.com/photos/714004199/medium.jpg,CC-BY 4.0,Nicola Crockford,nicolacrockford,2026-08-07,https://www.inaturalist.org/observations/389778524,"© Nicola Crockford, some rights reserved (CC-BY)",3a2e98e0a83f27dc7ab6f90d21d118f6b60a47a7512d6e09b5c780fbdc0dc531
Scardinius erythrophthalmus,714004182,https://inaturalist-open-data.s3.amazonaws.com/photos/714004182/medium.jpg,CC-BY 4.0,Nicola Crockford,nicolacrockford,2026-08-07,https://www.inaturalist.org/observations/389778524,"© Nicola Crockford, some rights reserved (CC-BY)",d00ff211b3e7aeed1689d02205a4cbefe7435406b0764b97b214cd263b5b1425
Scardinius erythrophthalmus,204084776,https://inaturalist-open-data.s3.amazonaws.com/photos/204084776/medium.jpeg,CC-BY 4.0,Christoph Moning,christoph_moning,2022-06-06,https://www.inaturalist.org/observations/120651532,"© Christoph Moning, some rights reserved (CC-BY)",7a0d42fa5957e6f66828fcd6236b50d01da81a4aefed4b6d12c020ed940d96b0
Scardinius erythrophthalmus,433810458,https://inaturalist-open-data.s3.amazonaws.com/photos/433810458/medium.jpeg,CC-BY 4.0,Nicola Crockford,nicolacrockford,2024-09-21,https://www.inaturalist.org/observations/243290147,"© Nicola Crockford, some rights reserved (CC-BY)",b644756b4667264ff7db09bbd6440e8b65d1e76da61d633cb8f93f5c7e960841
Scardinius erythrophthalmus,88950615,https://inaturalist-open-data.s3.amazonaws.com/photos/88950615/medium.jpeg,CC-BY 4.0,Gergely Nigg,naturebynigg,2020-07-08,https://www.inaturalist.org/observations/55845708,"© Gergely Nigg, some rights reserved (CC-BY)",ad93d4c193f7f750de6b9b168d6323699dca95c98f4ddeeb84eb99e92a5f4096
Scardinius erythrophthalmus,226449635,https://inaturalist-open-data.s3.amazonaws.com/photos/226449635/medium.jpeg,CC-BY 4.0,Guillaume Hoffmann,hiouf,2022-07-17,https://www.inaturalist.org/observations/132986245,"© Guillaume Hoffmann, some rights reserved (CC-BY)",df229f1dd4fc8951e988d948fb159c2a73401b71400cf3e3712cfbdd79e14a94
Scardinius erythrophthalmus,205449449,https://inaturalist-open-data.s3.amazonaws.com/photos/205449449/medium.jpg,CC-BY 4.0,Andreas Stiller,astmuc,2022-06-12,https://www.inaturalist.org/observations/121413054,"© Andreas Stiller, some rights reserved (CC-BY)",135b55e824f4bde0577117b89a9a12d18c7d58d18277b70e4ec2ba7ca9983889
Scardinius erythrophthalmus,481271804,https://inaturalist-open-data.s3.amazonaws.com/photos/481271804/medium.jpg,CC-BY 4.0,gwynmwilliams,gwynmwilliams,2025-03-30,https://www.inaturalist.org/observations/267785136,"© gwynmwilliams, some rights reserved (CC-BY)",df15e76950cc462a49a0b0c1e6861fea29e943e065b31a8f59e8db0fec5add6a
Scardinius erythrophthalmus,311407861,https://inaturalist-open-data.s3.amazonaws.com/photos/311407861/medium.jpg,CC-BY 4.0,Nicola Crockford,nicolacrockford,2023-08-08,https://www.inaturalist.org/observations/178913634,"© Nicola Crockford, some rights reserved (CC-BY)",9f9e96ec27f42a6f1b0661c0be47148961cc004d3b05f7d9b5b3fc733a1e5f67
Scardinius erythrophthalmus,330715411,https://inaturalist-open-data.s3.amazonaws.com/photos/330715411/medium.jpg,CC-BY 4.0,luluchouette,luluchouette,2023-09-09,https://www.inaturalist.org/observations/188877855,"© luluchouette, some rights reserved (CC-BY)",8279e75c8712682e15dd749c08fdac61658fb668a256b750ddcd6b04abd15173
Scardinius erythrophthalmus,305067735,https://inaturalist-open-data.s3.amazonaws.com/photos/305067735/medium.jpeg,CC-BY 4.0,Philip Schaffer,philip_schaffer,2023-07-23,https://www.inaturalist.org/observations/175535035,"© Philip Schaffer, some rights reserved (CC-BY)",bcbe3dfe40507e080092a362cbe3e957e79d4828b8503b472ec0421a2400b7af
Scardinius erythrophthalmus,677569759,https://inaturalist-open-data.s3.amazonaws.com/photos/677569759/medium.jpg,CC-BY 4.0,Frank,frank_hornig,2026-06-06,https://www.inaturalist.org/observations/370869155,"© Frank, some rights reserved (CC-BY)",0d1ccbb7fec27b9796167dd7912a70eff015c761034b87020518bb2a45415108
Scardinius erythrophthalmus,4592663,https://inaturalist-open-data.s3.amazonaws.com/photos/4592663/medium.jpg,CC-BY 4.0,Donald Hobern,dhobern,2016-08-15,https://www.inaturalist.org/observations/3907411,"© Donald Hobern, some rights reserved (CC-BY)",a2f8a88068d5dac6cf99446469380b28e6592c1619c663745210e2428abbe004
Scardinius erythrophthalmus,70030964,https://inaturalist-open-data.s3.amazonaws.com/photos/70030964/medium.jpeg,CC-BY 4.0,Patrick Hacker,pastabaum,2020-04-25,https://www.inaturalist.org/observations/44173001,"© Patrick Hacker, some rights reserved (CC-BY)",db0939a58bcc3a802f5b24873efab73f2669e6fbbb9297d85fb7a41c075edbf6
Scardinius erythrophthalmus,70030903,https://inaturalist-open-data.s3.amazonaws.com/photos/70030903/medium.jpeg,CC-BY 4.0,Patrick Hacker,pastabaum,2020-04-25,https://www.inaturalist.org/observations/44173001,"© Patrick Hacker, some rights reserved (CC-BY)",99fe098d628e47e628194a9f65f514e3a57663640096a4aa98dfa2a1c9c4feb7
Scardinius erythrophthalmus,433333799,https://inaturalist-open-data.s3.amazonaws.com/photos/433333799/medium.jpeg,CC-BY 4.0,Ludovic Trochadero,lobelia_tupa,2020-05-12,https://www.inaturalist.org/observations/243039602,"© Ludovic Trochadero, some rights reserved (CC-BY)",70fe8dc9fc9ededa6bd3e7ed6ba58903c940f6fd82185143dc3ac9371abdeb0a
Scardinius erythrophthalmus,75529794,https://inaturalist-open-data.s3.amazonaws.com/photos/75529794/medium.jpeg,CC-BY 4.0,Gergely Nigg,naturebynigg,2020-05-27,https://www.inaturalist.org/observations/47619020,"© Gergely Nigg, some rights reserved (CC-BY)",f377aed1ea5f238bcd160f05705b6989a8f1585e4a6c71be49fa74dfa30f7b75
Scardinius erythrophthalmus,269778495,https://inaturalist-open-data.s3.amazonaws.com/photos/269778495/medium.jpg,CC-BY 4.0,Donald Davesne,donalddavesne,2023-04-16,https://www.inaturalist.org/observations/156036801,"© Donald Davesne, some rights reserved (CC-BY)",aa666dc4327c2c51602e2bfdb1445a3be13d85af837454d5612660177126ca1e
Scardinius erythrophthalmus,317306144,https://inaturalist-open-data.s3.amazonaws.com/photos/317306144/medium.jpeg,CC-BY 4.0,Nicola Crockford,nicolacrockford,2023-09-05,https://www.inaturalist.org/observations/182030472,"© Nicola Crockford, some rights reserved (CC-BY)",f1c497d5565b18cf7da49e0d439d2ecc9eca96c97cb56bdc0171876596c93e0a
Scardinius erythrophthalmus,627453903,https://inaturalist-open-data.s3.amazonaws.com/photos/627453903/medium.jpg,CC-BY 4.0,Daniel Linzbauer,gurucumi,2026-03-20,https://www.inaturalist.org/observations/344368797,"© Daniel Linzbauer, some rights reserved (CC-BY)",10ce3a1befb0cc38612dc6e8ca2263296af8a755e6d112e507351c75d3ecf27d
Scardinius erythrophthalmus,416151170,https://inaturalist-open-data.s3.amazonaws.com/photos/416151170/medium.jpeg,CC-BY 4.0,Oliver Hlasný,oliver_hlasny,2024-08-06,https://www.inaturalist.org/observations/234119822,"© Oliver Hlasný, some rights reserved (CC-BY)",c04e58341debc4266605f70f61c5281f645bfa39563256bbdde7ce6bbc88ddc8
Scardinius erythrophthalmus,440251341,https://inaturalist-open-data.s3.amazonaws.com/photos/440251341/medium.jpeg,CC-BY 4.0,Rhys,rhys-outsidelens,2024-09-28,https://www.inaturalist.org/observations/246590103,"© Rhys, some rights reserved (CC-BY)",2ec3fd04d2a355ed3e2be8aac6039f64633ac5e7fe9dc8d06d759bac33bb6753
Scardinius erythrophthalmus,387381638,https://inaturalist-open-data.s3.amazonaws.com/photos/387381638/medium.jpeg,CC-BY 4.0,carnifex,carnifex,2024-05-08,https://www.inaturalist.org/observations/218889406,"© carnifex, some rights reserved (CC-BY)",0947cce997b57e74009c18f02b63b67c0367f55b9ae0e7b723685e6644caf56e
Scardinius erythrophthalmus,717011560,https://inaturalist-open-data.s3.amazonaws.com/photos/717011560/medium.jpg,CC-BY 4.0,Nic Charlton,nic_charlton,2026-06-28,https://www.inaturalist.org/observations/391318336,"© Nic Charlton, some rights reserved (CC-BY)",ead6aca9d8d1781b029fc12e6ce70d029e915db31a2773efd01db163ac7e048f
Scardinius erythrophthalmus,645513861,https://inaturalist-open-data.s3.amazonaws.com/photos/645513861/medium.jpg,CC-BY 4.0,Gerhard Josip Majewski,josip56,2026-04-25,https://www.inaturalist.org/observations/353815724,"© Gerhard Josip Majewski, some rights reserved (CC-BY)",d2fe56cc766e29dc0a7d576da2b4b92f053c47b9fccaf682718bbd5921fdccc5
Scardinius erythrophthalmus,645511998,https://inaturalist-open-data.s3.amazonaws.com/photos/645511998/medium.jpg,CC-BY 4.0,Gerhard Josip Majewski,josip56,2026-04-25,https://www.inaturalist.org/observations/353815724,"© Gerhard Josip Majewski, some rights reserved (CC-BY)",02240046635d3e1a0319776f7e18b7e96239222fc2fff1171d2f7081de1b1029
Scardinius erythrophthalmus,43244594,https://inaturalist-open-data.s3.amazonaws.com/photos/43244594/medium.jpeg,CC-BY 4.0,koha1,koha1,2019-06-23,https://www.inaturalist.org/observations/27771707,"© koha1, some rights reserved (CC-BY)",629358a7849be5e3b3b1c08a8d9960cd517b80e3d5fbf18eb08a495a07656ba5
Scardinius erythrophthalmus,480234385,https://inaturalist-open-data.s3.amazonaws.com/photos/480234385/medium.jpeg,CC-BY 4.0,Rhys,rhys-outsidelens,2025-03-26,https://www.inaturalist.org/observations/267243000,"© Rhys, some rights reserved (CC-BY)",287b10ec42cceb3250a16161c0b9d5e405f3b5132a0b6d1c6f282abff7265b5a
Scardinius erythrophthalmus,283461803,https://inaturalist-open-data.s3.amazonaws.com/photos/283461803/medium.jpeg,CC-BY 4.0,Valentin Moser,vmoser,2023-05-26,https://www.inaturalist.org/observations/163861948,"© Valentin Moser, some rights reserved (CC-BY)",8761d090fd7259ae7db00d5d21cee53f1388a3a25a00900078329276b6a232a8
Scardinius erythrophthalmus,616353740,https://inaturalist-open-data.s3.amazonaws.com/photos/616353740/medium.jpg,CC-BY 4.0,Поляков Александр,naturalist19358,2024-05-21,https://www.inaturalist.org/observations/338877831,"© Поляков Александр, some rights reserved (CC-BY)",905003d6dd3414d0db30c8d4027e017fa555ad19dfb2ce8e996b0b9588ec4c3e
Scardinius erythrophthalmus,330715422,https://inaturalist-open-data.s3.amazonaws.com/photos/330715422/medium.jpg,CC-BY 4.0,luluchouette,luluchouette,2023-09-09,https://www.inaturalist.org/observations/188877857,"© luluchouette, some rights reserved (CC-BY)",28ec6c424126e980d5a77c1b5f5bf61fbbbe6059043974abc2580c768ccb11f0
Scardinius erythrophthalmus,729879863,https://inaturalist-open-data.s3.amazonaws.com/photos/729879863/medium.jpg,CC-BY 4.0,Nicola Crockford,nicolacrockford,2026-09-06,https://www.inaturalist.org/observations/397917456,"© Nicola Crockford, some rights reserved (CC-BY)",8c1025c5d3b07d3d2450e6c31985e07f7084fb46eafabab60ed331d7264f0b89
Scardinius erythrophthalmus,14402376,https://inaturalist-open-data.s3.amazonaws.com/photos/14402376/medium.jpg,CC-BY 4.0,carnifex,carnifex,2013-07-20,https://www.inaturalist.org/observations/10378412,"© carnifex, some rights reserved (CC-BY)",d41c9785967b3bde962b073d2f6be40d22992c26e5970473e902a9de6e4eb4d4
Scardinius erythrophthalmus,505289680,https://inaturalist-open-data.s3.amazonaws.com/photos/505289680/medium.jpg,CC-BY 4.0,chrisdt,chrisdt,2025-05-15,https://www.inaturalist.org/observations/281294103,"© chrisdt, some rights reserved (CC-BY)",1a959ac9dc8ced01b65fb16e2f8e7eef86198293bfd15b35bbcb4d80f3f2aa08
Scardinius erythrophthalmus,503565008,https://inaturalist-open-data.s3.amazonaws.com/photos/503565008/medium.jpeg,CC-BY 4.0,Nicola Crockford,nicolacrockford,2025-05-11,https://www.inaturalist.org/observations/280382497,"© Nicola Crockford, some rights reserved (CC-BY)",d24eba08c11c758b5b4909590c4e8015f7a7b52f64b40c47b0b6b741abf7ac2e
Scardinius erythrophthalmus,299117251,https://inaturalist-open-data.s3.amazonaws.com/photos/299117251/medium.jpeg,CC-BY 4.0,Dave,dave2022,2023-07-06,https://www.inaturalist.org/observations/172313199,"© Dave, some rights reserved (CC-BY)",c19244d54b3229ee2fa5438b724d08e047c8b2aec031786331f103f8434af226
Scardinius erythrophthalmus,669165351,https://inaturalist-open-data.s3.amazonaws.com/photos/669165351/medium.jpg,CC-BY 4.0,Daniel K,silkseeker,2026-05-29,https://www.inaturalist.org/observations/366471142,"© Daniel K, some rights reserved (CC-BY)",e8c3851a0517bae737be40f4898cfe17db16ec6bcbca372ac4a0869819c9b3a5
Scardinius erythrophthalmus,524155930,https://inaturalist-open-data.s3.amazonaws.com/photos/524155930/medium.jpg,CC-BY 4.0,Nicola Crockford,nicolacrockford,2025-06-20,https://www.inaturalist.org/observations/291328335,"© Nicola Crockford, some rights reserved (CC-BY)",90374f6f2e011851909fdfb549d3e449288c8dfa34af53d8cb47cb3c6b305252
Scardinius erythrophthalmus,418868242,https://inaturalist-open-data.s3.amazonaws.com/photos/418868242/medium.jpeg,CC-BY 4.0,Nicola Crockford,nicolacrockford,2024-08-12,https://www.inaturalist.org/observations/235517214,"© Nicola Crockford, some rights reserved (CC-BY)",ef8a86cfc1bba13ed2bf8a88374eb58c93f8d140cbe8b4caa4bf5e11e944a5bc
Scardinius erythrophthalmus,702292929,https://inaturalist-open-data.s3.amazonaws.com/photos/702292929/medium.jpg,CC-BY 4.0,Emil Jantke,emilvus,2026-07-21,https://www.inaturalist.org/observations/383698974,"© Emil Jantke, some rights reserved (CC-BY)",0f4b38415944a41738dce59ff7390ea594cb707323e4bd1e3ca65367f962560a
Scardinius erythrophthalmus,539029614,https://inaturalist-open-data.s3.amazonaws.com/photos/539029614/medium.jpg,CC-BY 4.0,Pavel Kacl,pavel_kacl,2025-06-29,https://www.inaturalist.org/observations/299198553,"© Pavel Kacl, some rights reserved (CC-BY)",806052667a578edc458dc0d4fd0d3e8aadcd6d3edcc3f3e405c7750c29ae5487
Scardinius erythrophthalmus,547937570,https://inaturalist-open-data.s3.amazonaws.com/photos/547937570/medium.jpg,CC-BY 4.0,Luke,lukeisafungi,2025-08-05,https://www.inaturalist.org/observations/303974514,"© Luke, some rights reserved (CC-BY)",1b50c4790dc74010fb77eb470814252e273cae389b81ca5e2fc295b4c73b0884
Scardinius erythrophthalmus,451527206,https://inaturalist-open-data.s3.amazonaws.com/photos/451527206/medium.jpeg,CC-BY 4.0,Michael Haag,michaelhaag,2024-10-27,https://www.inaturalist.org/observations/252251056,"© Michael Haag, some rights reserved (CC-BY)",cd182e20092d0c6a2d2591be4208d87dd750cb1afd75ae373f28945d6d7fe4b6
Scardinius erythrophthalmus,242986535,https://inaturalist-open-data.s3.amazonaws.com/photos/242986535/medium.jpeg,CC-BY 4.0,Philip Schaffer,philip_schaffer,2022-05-21,https://www.inaturalist.org/observations/141791141,"© Philip Schaffer, some rights reserved (CC-BY)",4d831d6262c57618fe26c745e11148fb531e35d6aebe93ee05a9a82235efc4dc
Esox lucius,720132211,https://inaturalist-open-data.s3.amazonaws.com/photos/720132211/medium.jpg,CC-BY 4.0,Nicola Crockford,nicolacrockford,2026-08-11,https://www.inaturalist.org/observations/392918720,"© Nicola Crockford, some rights reserved (CC-BY)",4c716aa22b62bd90d74ad8d232cd460e839d057d19c3e26d990174cc2ef7a131
Esox lucius,720132249,https://inaturalist-open-data.s3.amazonaws.com/photos/720132249/medium.jpg,CC-BY 4.0,Nicola Crockford,nicolacrockford,2026-08-11,https://www.inaturalist.org/observations/392918720,"© Nicola Crockford, some rights reserved (CC-BY)",5fe38f7f6d202f7f62e1a403f02e2135badb7fc39d10d66507c7ca02caf97e76
Esox lucius,267155697,https://inaturalist-open-data.s3.amazonaws.com/photos/267155697/medium.jpg,CC-BY 4.0,Sean Hartnett,apricaria,2023-04-06,https://www.inaturalist.org/observations/154606067,"© Sean Hartnett, some rights reserved (CC-BY)",52df24bd649bc623f41903787bb970cc1e37d6a7d886c68fc0a25bc5c4aa4a51
Esox lucius,708599762,https://inaturalist-open-data.s3.amazonaws.com/photos/708599762/medium.jpg,CC-BY 4.0,Nicola Crockford,nicolacrockford,2026-07-31,https://www.inaturalist.org/observations/386991424,"© Nicola Crockford, some rights reserved (CC-BY)",18355a16b3407b6decaf4203dec7c3269da7cf0d0d630e74af6f12ea2fbe1e2b
Esox lucius,424439474,https://inaturalist-open-data.s3.amazonaws.com/photos/424439474/medium.jpeg,CC-BY 4.0,Rhys,rhys-outsidelens,2024-07-18,https://www.inaturalist.org/observations/238406691,"© Rhys, some rights reserved (CC-BY)",44f9746a8f584c19c68d7dd874fd843a9e649af0dae02f612f22cfe729d7ca7c
Esox lucius,702279509,https://inaturalist-open-data.s3.amazonaws.com/photos/702279509/medium.jpg,CC-BY 4.0,Nicola Crockford,nicolacrockford,2026-07-21,https://www.inaturalist.org/observations/383691844,"© Nicola Crockford, some rights reserved (CC-BY)",669ee70570c288b68e0da86562962004f7c9e20f91fe068a6a21b32d4c0f1ce9
Esox lucius,419213827,https://inaturalist-open-data.s3.amazonaws.com/photos/419213827/medium.jpeg,CC-BY 4.0,Nicola Crockford,nicolacrockford,2024-08-13,https://www.inaturalist.org/observations/235699406,"© Nicola Crockford, some rights reserved (CC-BY)",acd95cdafbe36fdf23b3d03e874877d55b31c89ce9121c066596160e73f0b5c8
Esox lucius,419213853,https://inaturalist-open-data.s3.amazonaws.com/photos/419213853/medium.jpeg,CC-BY 4.0,Nicola Crockford,nicolacrockford,2024-08-13,https://www.inaturalist.org/observations/235699406,"© Nicola Crockford, some rights reserved (CC-BY)",b096a59b243cbe719412e35215a6664c89067913259fafb5444401f065395d80
Esox lucius,565555923,https://inaturalist-open-data.s3.amazonaws.com/photos/565555923/medium.jpg,CC-BY 4.0,Роман D.,roman-d,2025-09-11,https://www.inaturalist.org/observations/313193360,"© Роман D., some rights reserved (CC-BY)",55a8319dcf98ae7595e4f87c7f6c7e4848698eede36db6c94fff259b6c72223d
Esox lucius,605145790,https://inaturalist-open-data.s3.amazonaws.com/photos/605145790/medium.jpg,CC-BY 4.0,dphone,dphone,2021-04-17,https://www.inaturalist.org/observations/333335018,"© dphone, some rights reserved (CC-BY)",746ca4d6e1ae5a9f95b6a8d37c1b813de7b0195532b369142fdcc52bd74541cc
Esox lucius,432251104,https://inaturalist-open-data.s3.amazonaws.com/photos/432251104/medium.jpeg,CC-BY 4.0,Jan Ebr &amp; Ivana Ebrová,opisska,2024-09-07,https://www.inaturalist.org/observations/242462784,"© Jan Ebr &amp; Ivana Ebrová, some rights reserved (CC-BY)",118d5e0e5557f0f1248d87d1eebd7d3b1ca32f35b7c06608f2f290ee6b31d163
Esox lucius,65656457,https://inaturalist-open-data.s3.amazonaws.com/photos/65656457/medium.jpg,CC-BY 4.0,Nils,hungryholobiont,2020-04-04,https://www.inaturalist.org/observations/41390368,"© Nils, some rights reserved (CC-BY)",dc0e3e00a5b85172ad45aa289620a6306cc9ee6d7845c334a8bfff935ad1b172
Esox lucius,733240245,https://inaturalist-open-data.s3.amazonaws.com/photos/733240245/medium.jpg,CC-BY 4.0,Nicola Crockford,nicolacrockford,2026-09-12,https://www.inaturalist.org/observations/399644085,"© Nicola Crockford, some rights reserved (CC-BY)",640ad1cd8117a2d666664788f682f8ed9139bdbdb662431e3b5504db9fc2406e
Esox lucius,315061255,https://inaturalist-open-data.s3.amazonaws.com/photos/315061255/medium.jpg,CC-BY 4.0,Nicola Crockford,nicolacrockford,2023-08-28,https://www.inaturalist.org/observations/180831948,"© Nicola Crockford, some rights reserved (CC-BY)",28eaa9263d6469d8e711cedb61fffbf37495ec1897a3e99e8c86c66a8c2ccfe4
Esox lucius,24975099,https://inaturalist-open-data.s3.amazonaws.com/photos/24975099/medium.jpeg,CC-BY 4.0,Julien Renoult,jujurenoult,2018-09-15,https://www.inaturalist.org/observations/16580858,"© Julien Renoult, some rights reserved (CC-BY)",1ad77a9661d574eeae0c7929da38ded54ff74f8d8cc51d7f7d9b0ca07278a09f
Esox lucius,24975061,https://inaturalist-open-data.s3.amazonaws.com/photos/24975061/medium.jpeg,CC-BY 4.0,Julien Renoult,jujurenoult,2018-09-15,https://www.inaturalist.org/observations/16580858,"© Julien Renoult, some rights reserved (CC-BY)",97059e495399ebbd45054b500b9567fade7d89528b18c98c20ae8d4e33e7ab67
Esox lucius,530455578,https://inaturalist-open-data.s3.amazonaws.com/photos/530455578/medium.jpg,CC-BY 4.0,Nicola Crockford,nicolacrockford,2025-06-30,https://www.inaturalist.org/observations/294696396,"© Nicola Crockford, some rights reserved (CC-BY)",addc00125b0b91225c157f5b705a55990299b50ebaa2425f7ef624ca03df148e
Esox lucius,234230270,https://inaturalist-open-data.s3.amazonaws.com/photos/234230270/medium.jpg,CC-BY 4.0,Safina Rezeda,safinarezeda,2022-07-12,https://www.inaturalist.org/observations/137178116,"© Safina Rezeda, some rights reserved (CC-BY)",4e3e08e52c9cfcad58ee07a7ca4978b976d974bcadcf5366be4bcec6889efa69
Esox lucius,234230252,https://inaturalist-open-data.s3.amazonaws.com/photos/234230252/medium.jpg,CC-BY 4.0,Safina Rezeda,safinarezeda,2022-07-12,https://www.inaturalist.org/observations/137178116,"© Safina Rezeda, some rights reserved (CC-BY)",ddb92edf5d6b3dbc478bf281cb9cb1d72ffdc1bf1d1d26ef6053ef8e87edc239
Esox lucius,424459999,https://inaturalist-open-data.s3.amazonaws.com/photos/424459999/medium.jpeg,CC-BY 4.0,Jerry Lanfear,jerry2018,2024-08-28,https://www.inaturalist.org/observations/238419673,"© Jerry Lanfear, some rights reserved (CC-BY)",3a8a90bd3a4614206e9f76c35fc9f707344f8fcf51bc5c7e4c88705b6b230ad0
Esox lucius,383931858,https://inaturalist-open-data.s3.amazonaws.com/photos/383931858/medium.jpg,CC-BY 4.0,Dmitry Ivanov,ivanovdg19,2024-05-13,https://www.inaturalist.org/observations/217052277,"© Dmitry Ivanov, some rights reserved (CC-BY)",98d08993b76920b28fb36436d1b69cf6dcaaa20fa8cc36190039c5deb3b05782
Esox lucius,383434899,https://inaturalist-open-data.s3.amazonaws.com/photos/383434899/medium.jpeg,CC-BY 4.0,Philip Schaffer,philip_schaffer,2024-05-19,https://www.inaturalist.org/observations/216794567,"© Philip Schaffer, some rights reserved (CC-BY)",482411ff1dc5ad6843e59fcbacd47a96d59d59269838481110c202c47d7425f3
Esox lucius,33745288,https://inaturalist-open-data.s3.amazonaws.com/photos/33745288/medium.png,CC-BY 4.0,Ilya Filippov,bolotoved,2010-07-08,https://www.inaturalist.org/observations/21786359,"© Ilya Filippov, some rights reserved (CC-BY)",fb0a498b008977ec6bb48c4eb7c1f5a0d7ef0767220480f7bbf0a87bff3c210a
Esox lucius,689557602,https://inaturalist-open-data.s3.amazonaws.com/photos/689557602/medium.jpg,CC-BY 4.0,Xavier Mas,xavier_mas,2022-07-16,https://www.inaturalist.org/observations/377100955,"© Xavier Mas, some rights reserved (CC-BY)",7773f629399c6a0d456166d655695329e84858b7af65e8f0836a21a6be062004
Esox lucius,68027108,https://inaturalist-open-data.s3.amazonaws.com/photos/68027108/medium.jpg,CC-BY 4.0,melianie_max_and_asker,melianie_max_and_asker,2020-04-22,https://www.inaturalist.org/observations/42835792,"© melianie_max_and_asker, some rights reserved (CC-BY)",7ec7db811a280b0b20b076c390b72d943ae9951a1837c0df3ee6ac59e7cf73be
Esox lucius,152717421,https://inaturalist-open-data.s3.amazonaws.com/photos/152717421/medium.jpg,CC-BY 4.0,Gergely Nigg,naturebynigg,2021-08-18,https://www.inaturalist.org/observations/92253700,"© Gergely Nigg, some rights reserved (CC-BY)",ae08540f28535431888e24fe6a79229f39631ac71010e2ef8d87f28bd5c6b275
Esox lucius,282878855,https://inaturalist-open-data.s3.amazonaws.com/photos/282878855/medium.jpeg,CC-BY 4.0,Oscar Dove,oscar_dove,2023-05-24,https://www.inaturalist.org/observations/163547718,"© Oscar Dove, some rights reserved (CC-BY)",1f8673c9e19d41c9ed4de03162b854858aa04fcf38a070a649d3a4dcdaf93050
Esox lucius,383876926,https://inaturalist-open-data.s3.amazonaws.com/photos/383876926/medium.jpeg,CC-BY 4.0,Nikolaus Helmer,oklin,2024-04-30,https://www.inaturalist.org/observations/217020685,"© Nikolaus Helmer, some rights reserved (CC-BY)",84a41ccc67fac2b6e873061b40ac60dce8fa4b06bce51b386f81a3c64efec825
Esox lucius,418867359,https://inaturalist-open-data.s3.amazonaws.com/photos/418867359/medium.jpeg,CC-BY 4.0,Nicola Crockford,nicolacrockford,2024-08-12,https://www.inaturalist.org/observations/235516582,"© Nicola Crockford, some rights reserved (CC-BY)",242f1859f63d9d57e58d4e17e9e605b0ff36fd9d8227a733b6470cdb2be5e823
Esox lucius,240013926,https://inaturalist-open-data.s3.amazonaws.com/photos/240013926/medium.jpeg,CC-BY 4.0,Valentin Moser,vmoser,2022-10-27,https://www.inaturalist.org/observations/140232681,"© Valentin Moser, some rights reserved (CC-BY)",19ef6ec2559ea7f34118b2385a53b8802a78924edee0d69d4d835ab9dae8f3ed
Esox lucius,240013915,https://inaturalist-open-data.s3.amazonaws.com/photos/240013915/medium.jpeg,CC-BY 4.0,Valentin Moser,vmoser,2022-10-27,https://www.inaturalist.org/observations/140232681,"© Valentin Moser, some rights reserved (CC-BY)",c882d05230ece93cf840a2d2f0a7eadeb6be26a2d3a0a116bf1e56a3bba5a1a5
Esox lucius,419217957,https://inaturalist-open-data.s3.amazonaws.com/photos/419217957/medium.jpeg,CC-BY 4.0,Марина Садыкова,marina_sad,2024-08-09,https://www.inaturalist.org/observations/235703794,"© Марина Садыкова, some rights reserved (CC-BY)",51f77fcb1ecf429c87e8158089ee2ec44f532c632b577b4820876a36b1dac59f
Esox lucius,240013896,https://inaturalist-open-data.s3.amazonaws.com/photos/240013896/medium.jpeg,CC-BY 4.0,Valentin Moser,vmoser,2022-10-27,https://www.inaturalist.org/observations/140232680,"© Valentin Moser, some rights reserved (CC-BY)",13d0ab14e0f666c30d99b0b661fb085fe7ea0e6123e03e73af8870ea71cb180d
Esox lucius,506706751,https://inaturalist-open-data.s3.amazonaws.com/photos/506706751/medium.jpg,CC-BY 4.0,Nicola Crockford,nicolacrockford,2025-05-17,https://www.inaturalist.org/observations/282048254,"© Nicola Crockford, some rights reserved (CC-BY)",b2cfb4dbf28106932edf70fb9c5134d32dd7c25cd7baeaad349f96eb0d7605d1
Esox lucius,523085083,https://inaturalist-open-data.s3.amazonaws.com/photos/523085083/medium.jpg,CC-BY 4.0,Nicola Crockford,nicolacrockford,2025-06-17,https://www.inaturalist.org/observations/290761190,"© Nicola Crockford, some rights reserved (CC-BY)",f51b24e754c8a5ab80906bfe0ae4854eb64bc161b17aeea5c06e6c40a0294e0f
Esox lucius,524099078,https://inaturalist-open-data.s3.amazonaws.com/photos/524099078/medium.jpg,CC-BY 4.0,Nicola Crockford,nicolacrockford,2025-06-20,https://www.inaturalist.org/observations/291299181,"© Nicola Crockford, some rights reserved (CC-BY)",68d6b80be45303853456f234711097e01e7dfabb930a76d85e10c45168d740a4
Esox lucius,508816743,https://inaturalist-open-data.s3.amazonaws.com/photos/508816743/medium.jpg,CC-BY 4.0,Nicola Crockford,nicolacrockford,2025-05-18,https://www.inaturalist.org/observations/283183053,"© Nicola Crockford, some rights reserved (CC-BY)",f7560715acd33ba69a6b7ce001c12a3aa3b0b0dffd678c61547d978f19d23667
Esox lucius,425641247,https://inaturalist-open-data.s3.amazonaws.com/photos/425641247/medium.jpeg,CC-BY 4.0,Nicola Crockford,nicolacrockford,2024-08-31,https://www.inaturalist.org/observations/239030109,"© Nicola Crockford, some rights reserved (CC-BY)",67eece90a2e3207505dd56e29aa28971fbd9802f487dcf101962193205c4dd96
Esox lucius,514298581,https://inaturalist-open-data.s3.amazonaws.com/photos/514298581/medium.jpg,CC-BY 4.0,Nicola Crockford,nicolacrockford,2025-05-31,https://www.inaturalist.org/observations/286102262,"© Nicola Crockford, some rights reserved (CC-BY)",857e893a42856a0b019f56423cb31ef23e393b89a6d9519ba1db894112f2a363
Esox lucius,307334629,https://inaturalist-open-data.s3.amazonaws.com/photos/307334629/medium.jpeg,CC-BY 4.0,Attila Oláh,attilaolah,2023-07-24,https://www.inaturalist.org/observations/176751699,"© Attila Oláh, some rights reserved (CC-BY)",0c37e65c12a1a485bed2999bfdfb647ded834d120b149b7639e2cf31c638db05
Esox lucius,534048554,https://inaturalist-open-data.s3.amazonaws.com/photos/534048554/medium.jpg,CC-BY 4.0,Nicola Crockford,nicolacrockford,2025-07-08,https://www.inaturalist.org/observations/296587529,"© Nicola Crockford, some rights reserved (CC-BY)",7ba64268bfcbce0ac72aef57834be05e91554f07d18715092aa4310ce5f671af
Esox lucius,384502577,https://inaturalist-open-data.s3.amazonaws.com/photos/384502577/medium.jpeg,CC-BY 4.0,Rhys,rhys-outsidelens,2024-05-20,https://www.inaturalist.org/observations/217352600,"© Rhys, some rights reserved (CC-BY)",21a8ada9031502a3db3f8433b59a94c22e9e6a62f97c32b5e4b9b01fc112086f
Esox lucius,333550942,https://inaturalist-open-data.s3.amazonaws.com/photos/333550942/medium.jpeg,CC-BY 4.0,Samuel GUIRAUDOU,samuel_guiraudou,2023-07-15,https://www.inaturalist.org/observations/190294768,"© Samuel GUIRAUDOU, some rights reserved (CC-BY)",bfcebf37060d9b3f0d2180e6a23c14e3d4693d3a1da4abaeb87ddb99e0dad939
Esox lucius,72411261,https://inaturalist-open-data.s3.amazonaws.com/photos/72411261/medium.jpeg,CC-BY 4.0,Christoph Moning,christoph_moning,2020-05-10,https://www.inaturalist.org/observations/45659648,"© Christoph Moning, some rights reserved (CC-BY)",38e1dbe37ca85819ab68240a8fdcec2cdf1fbd3e561621f10fe9a6b506973323
Esox lucius,105755871,https://inaturalist-open-data.s3.amazonaws.com/photos/105755871/medium.jpeg,CC-BY 4.0,Юлия,wrrite,2020-11-27,https://www.inaturalist.org/observations/65681605,"© Юлия, some rights reserved (CC-BY)",2d0d3f660d3c7f0bd9c9650b5a7154f67c78622857e7a77435d10722bd46d4ac
Esox lucius,195256292,https://inaturalist-open-data.s3.amazonaws.com/photos/195256292/medium.jpeg,CC-BY 4.0,Alexis Tinker-Tsavalas,alexis_orion,2022-05-02,https://www.inaturalist.org/observations/115690373,"© Alexis Tinker-Tsavalas, some rights reserved (CC-BY)",b5a72cee1e3de1236003bfaac77f729d04e68a62e9f674bf9c3454b35a68fcc4
Esox lucius,97471877,https://inaturalist-open-data.s3.amazonaws.com/photos/97471877/medium.jpeg,CC-BY 4.0,Tavenetat Kevin,hazek,2020-09-21,https://www.inaturalist.org/observations/60939128,"© Tavenetat Kevin, some rights reserved (CC-BY)",b0d4e6ed1661d3954c563f86e7362439e057120822db87f9b55d0b7380854d30
Esox lucius,94893040,https://inaturalist-open-data.s3.amazonaws.com/photos/94893040/medium.jpeg,CC-BY 4.0,oenothera95,oenothera95,2020-09-12,https://www.inaturalist.org/observations/59391432,"© oenothera95, some rights reserved (CC-BY)",c4b42d58c6e2e91b37dd8efbd059889dd59fd77a1f817b5806ee3dd58fdf19da
Esox lucius,210762485,https://inaturalist-open-data.s3.amazonaws.com/photos/210762485/medium.jpg,CC-BY 4.0,Dustin Snider,dustin777,2022-05-03,https://www.inaturalist.org/observations/124349600,"© Dustin Snider, some rights reserved (CC-BY)",144100ee725f4abdd83c0045090c6fc0d768c39676fcf52220ba13ca023f9c01
Esox lucius,248763261,https://inaturalist-open-data.s3.amazonaws.com/photos/248763261/medium.jpeg,CC-BY 4.0,Sylvain Eichhorn,sylvain_eichhorn,2016-09-28,https://www.inaturalist.org/observations/144880576,"© Sylvain Eichhorn, some rights reserved (CC-BY)",5ce45f8156e7098e3edc9b118e2bacd618c85b52881c4ca1ddb365e65c4ed623
Alburnus alburnus,433492724,https://inaturalist-open-data.s3.amazonaws.com/photos/433492724/medium.jpg,CC-BY 4.0,Людмила Алимова,ludaalimova,2024-09-21,https://www.inaturalist.org/observations/243128975,"© Людмила Алимова, some rights reserved (CC-BY)",2158b88dde268718f7e88b0ed54deba66d357002a3f7173d14b67e4fcc614286
Alburnus alburnus,531460470,https://inaturalist-open-data.s3.amazonaws.com/photos/531460470/medium.jpg,CC-BY 4.0,Nicola Crockford,nicolacrockford,2025-07-04,https://www.inaturalist.org/observations/295228161,"© Nicola Crockford, some rights reserved (CC-BY)",a98dd77690849220ab6a79c3badf4401253f01c265bd0ce07d8f7d8105332a56
Alburnus alburnus,531460450,https://inaturalist-open-data.s3.amazonaws.com/photos/531460450/medium.jpg,CC-BY 4.0,Nicola Crockford,nicolacrockford,2025-07-04,https://www.inaturalist.org/observations/295228161,"© Nicola Crockford, some rights reserved (CC-BY)",4b1d78c19dd78035775e6b669a10edf00a2fa3df8a1cb62850f54a8379bd64f5
Alburnus alburnus,22610639,https://inaturalist-open-data.s3.amazonaws.com/photos/22610639/medium.jpeg,CC-BY 4.0,Julien Renoult,jujurenoult,2018-08-04,https://www.inaturalist.org/observations/15129372,"© Julien Renoult, some rights reserved (CC-BY)",e51b3cea8a6f1a957e5816c52ea4c084fef15ab5c9d20541d91e285d85f1f82a
Alburnus alburnus,22610690,https://inaturalist-open-data.s3.amazonaws.com/photos/22610690/medium.jpeg,CC-BY 4.0,Julien Renoult,jujurenoult,2018-08-04,https://www.inaturalist.org/observations/15129378,"© Julien Renoult, some rights reserved (CC-BY)",a2a9ec8c3f9721fcf4165bfc937d56e109cece28ec4599392ddc3884603b2cac
Alburnus alburnus,506702621,https://inaturalist-open-data.s3.amazonaws.com/photos/506702621/medium.jpg,CC-BY 4.0,Nicola Crockford,nicolacrockford,2025-05-17,https://www.inaturalist.org/observations/282046197,"© Nicola Crockford, some rights reserved (CC-BY)",74cc4445ac34bd34bcf931eece14b1aa9ede15f79c5446ba965c943c91feb6d9
Alburnus alburnus,506702619,https://inaturalist-open-data.s3.amazonaws.com/photos/506702619/medium.jpg,CC-BY 4.0,Nicola Crockford,nicolacrockford,2025-05-17,https://www.inaturalist.org/observations/282046197,"© Nicola Crockford, some rights reserved (CC-BY)",facc71c3ada0b333e8e2a9c400a9d7dcaa01791fa8db73c7c837f2d746d3236d
Alburnus alburnus,507286206,https://inaturalist-open-data.s3.amazonaws.com/photos/507286206/medium.jpg,CC-BY 4.0,Christoph Moning,christoph_moning,2025-05-18,https://www.inaturalist.org/observations/282355657,"© Christoph Moning, some rights reserved (CC-BY)",76234341f5b1dae61e6361acb32cb2daf2f04281d9c21b9715078cc13e7fbf3f
Alburnus alburnus,507286203,https://inaturalist-open-data.s3.amazonaws.com/photos/507286203/medium.jpg,CC-BY 4.0,Christoph Moning,christoph_moning,2025-05-18,https://www.inaturalist.org/observations/282355657,"© Christoph Moning, some rights reserved (CC-BY)",24751fca3180dc10bcbe5b773f426fe9a2f2569f673665334589738372c6afea
Alburnus alburnus,311408266,https://inaturalist-open-data.s3.amazonaws.com/photos/311408266/medium.jpg,CC-BY 4.0,Nicola Crockford,nicolacrockford,2023-08-08,https://www.inaturalist.org/observations/178913900,"© Nicola Crockford, some rights reserved (CC-BY)",6800e9677385d2f7172ab3da71c47d549d00d75a604ca5dcb6ea160504dcad56
Alburnus alburnus,268451822,https://inaturalist-open-data.s3.amazonaws.com/photos/268451822/medium.jpg,CC-BY 4.0,euqirneto,euqirneto,2023-04-07,https://www.inaturalist.org/observations/155310889,"© euqirneto, some rights reserved (CC-BY)",a9fd062d790125b861c977c5d5e75169ca445a17df668569c35b2b1a3769f7bd
Alburnus alburnus,268451820,https://inaturalist-open-data.s3.amazonaws.com/photos/268451820/medium.jpg,CC-BY 4.0,euqirneto,euqirneto,2023-04-07,https://www.inaturalist.org/observations/155310889,"© euqirneto, some rights reserved (CC-BY)",459988197a9dc39098715192cc02b23e545ea9d5748ee16f6624292c9764ce21
Alburnus alburnus,214996787,https://inaturalist-open-data.s3.amazonaws.com/photos/214996787/medium.jpeg,CC-BY 4.0,Yves Bas,yvesbas,2022-07-10,https://www.inaturalist.org/observations/126698001,"© Yves Bas, some rights reserved (CC-BY)",db75cded3a3626e187e2297ea6162a14bc986db80a63d6967a3b0bb867091b9f
Alburnus alburnus,306549871,https://inaturalist-open-data.s3.amazonaws.com/photos/306549871/medium.jpg,CC-BY 4.0,Вячеслав Юсупов,tomegatherion,2023-08-01,https://www.inaturalist.org/observations/176333580,"© Вячеслав Юсупов, some rights reserved (CC-BY)",a55bc72dbeb298b3d2c11626d7ff5e36b8545913ea8f6fff40bd9953007d2186
Alburnus alburnus,505582552,https://inaturalist-open-data.s3.amazonaws.com/photos/505582552/medium.jpg,CC-BY 4.0,Lukas Zangl,luksza,2025-05-14,https://www.inaturalist.org/observations/281446407,"© Lukas Zangl, some rights reserved (CC-BY)",c03dc49a89dc6ce6ffeb47ce79e41b88e51e57787dddf43e61c83ea4f2160420
Alburnus alburnus,433802805,https://inaturalist-open-data.s3.amazonaws.com/photos/433802805/medium.jpeg,CC-BY 4.0,Nicola Crockford,nicolacrockford,2024-09-21,https://www.inaturalist.org/observations/243286381,"© Nicola Crockford, some rights reserved (CC-BY)",c9fbcc50f860cf18020ec01efd98a3b06c812e3424c3e53b454e50ef35585234
Alburnus alburnus,433802790,https://inaturalist-open-data.s3.amazonaws.com/photos/433802790/medium.jpeg,CC-BY 4.0,Nicola Crockford,nicolacrockford,2024-09-21,https://www.inaturalist.org/observations/243286381,"© Nicola Crockford, some rights reserved (CC-BY)",dc046c1fa60b56f0f30bc59113fc74a72021ed13be0b74ededf8e2e74300a1e9
Alburnus alburnus,463608167,https://inaturalist-open-data.s3.amazonaws.com/photos/463608167/medium.jpeg,CC-BY 4.0,Yves Bas,yvesbas,2024-07-24,https://www.inaturalist.org/observations/258403600,"© Yves Bas, some rights reserved (CC-BY)",54003f94994ee0b3d15738aea868ed2b22ef697fa2c57a68991fb73f74803104
Alburnus alburnus,463608193,https://inaturalist-open-data.s3.amazonaws.com/photos/463608193/medium.jpeg,CC-BY 4.0,Yves Bas,yvesbas,2024-07-24,https://www.inaturalist.org/observations/258403600,"© Yves Bas, some rights reserved (CC-BY)",4b132e2a6077c7f8be62b9a7f1d3687edee0a73c1e6849f0b415f3611b490df6
Alburnus alburnus,152431137,https://inaturalist-open-data.s3.amazonaws.com/photos/152431137/medium.jpg,CC-BY 4.0,Igor Balashov,igor117,2021-08-22,https://www.inaturalist.org/observations/92095192,"© Igor Balashov, some rights reserved (CC-BY)",2f3d4b6df576303b5d4b47524d713b432e142ef58192d7107e2a5d478116bce6
Alburnus alburnus,156047568,https://inaturalist-open-data.s3.amazonaws.com/photos/156047568/medium.jpg,CC-BY 4.0,Kristof Zyskowski,kristofz,2021-09-02,https://www.inaturalist.org/observations/94095022,"© Kristof Zyskowski, some rights reserved (CC-BY)",9e2a1922f50127ceeea63d6f9ee233360ab8a1922c382c02d5364554f438bdd6
Alburnus alburnus,48332384,https://inaturalist-open-data.s3.amazonaws.com/photos/48332384/medium.jpeg,CC-BY 4.0,Thomas Koffel,tkoffel,2019-07-25,https://www.inaturalist.org/observations/30915402,"© Thomas Koffel, some rights reserved (CC-BY)",ccc333c326303f26b77fdd07324f5cc06a2c63ea81c4a445a2aaa59bcf644679
Alburnus alburnus,48332387,https://inaturalist-open-data.s3.amazonaws.com/photos/48332387/medium.jpeg,CC-BY 4.0,Thomas Koffel,tkoffel,2019-07-25,https://www.inaturalist.org/observations/30915402,"© Thomas Koffel, some rights reserved (CC-BY)",42c6ada251c55b81bc362a434881221b60a846a1bf4ba46f8cfbb99acb6c575d
Alburnus alburnus,530776760,https://inaturalist-open-data.s3.amazonaws.com/photos/530776760/medium.jpg,CC-BY 4.0,Павлик Лисицын,lisopavlik,2025-06-06,https://www.inaturalist.org/observations/294864445,"© Павлик Лисицын, some rights reserved (CC-BY)",c605452621e6c6c21edca6224b2d907697c83d2787759e6da9642d6f9b206d64
Alburnus alburnus,530776731,https://inaturalist-open-data.s3.amazonaws.com/photos/530776731/medium.jpg,CC-BY 4.0,Павлик Лисицын,lisopavlik,2025-06-06,https://www.inaturalist.org/observations/294864445,"© Павлик Лисицын, some rights reserved (CC-BY)",5e3dd74464887548ecee9809cb1c6c421c175f0e5f6f094215acdb0b43c77707
Alburnus alburnus,95527917,https://inaturalist-open-data.s3.amazonaws.com/photos/95527917/medium.jpg,CC-BY 4.0,Эмиль Поливин,polivin_emil,2020-07-11,https://www.inaturalist.org/observations/59852422,"© Эмиль Поливин, some rights reserved (CC-BY)",e8b9b86bfc2907ef951e04035c6e028f1833cceff262aa107e967b5fdef0e225
Alburnus alburnus,95528008,https://inaturalist-open-data.s3.amazonaws.com/photos/95528008/medium.jpg,CC-BY 4.0,Эмиль Поливин,polivin_emil,2020-07-11,https://www.inaturalist.org/observations/59852422,"© Эмиль Поливин, some rights reserved (CC-BY)",bbce68d6d24d839e3d8ee19a8f63db9e8755fa5f52998a99e823f324238cdd44
Alburnus alburnus,690889752,https://inaturalist-open-data.s3.amazonaws.com/photos/690889752/medium.jpg,CC-BY 4.0,Alexandr Stanislavschi,stanislavschi_alexandr,2026-07-03,https://www.inaturalist.org/observations/377789588,"© Alexandr Stanislavschi, some rights reserved (CC-BY)",da9a881d3c39c092e23d104ecb57b8c8dc2435f112bbdd9d92dd311df184d8ad
Alburnus alburnus,503949334,https://inaturalist-open-data.s3.amazonaws.com/photos/503949334/medium.jpeg,CC-BY 4.0,Nicola Crockford,nicolacrockford,2025-05-11,https://www.inaturalist.org/observations/280584314,"© Nicola Crockford, some rights reserved (CC-BY)",dd4816b8a837195b8388b0b5d97d9ae6cf1344c6cbca05692d0c865d4fd43850
Alburnus alburnus,182311682,https://inaturalist-open-data.s3.amazonaws.com/photos/182311682/medium.jpeg,CC-BY 4.0,Вячеслав Юсупов,tomegatherion,2022-03-10,https://www.inaturalist.org/observations/108297633,"© Вячеслав Юсупов, some rights reserved (CC-BY)",8c3387f05c3ede07e8b41c58669adf6982994bf99af9e033261e00beb5274208
Alburnus alburnus,514242413,https://inaturalist-open-data.s3.amazonaws.com/photos/514242413/medium.jpg,CC-BY 4.0,Nicola Crockford,nicolacrockford,2025-05-31,https://www.inaturalist.org/observations/286073745,"© Nicola Crockford, some rights reserved (CC-BY)",f767410397b5e47791575cf8c481c740dad38f3b88e2052ff762102cbb12c116
Alburnus alburnus,514242415,https://inaturalist-open-data.s3.amazonaws.com/photos/514242415/medium.jpg,CC-BY 4.0,Nicola Crockford,nicolacrockford,2025-05-31,https://www.inaturalist.org/observations/286073745,"© Nicola Crockford, some rights reserved (CC-BY)",b0db499c000048d7a0eae5a9fc4322c499d5ad668fbad0b38c8179c942baa5d2
Alburnus alburnus,152430650,https://inaturalist-open-data.s3.amazonaws.com/photos/152430650/medium.jpeg,CC-BY 4.0,Igor Balashov,igor117,2021-08-22,https://www.inaturalist.org/observations/92095191,"© Igor Balashov, some rights reserved (CC-BY)",6a95271cfd7c46de3fd7bafffda224e624a5b636cb8f54414b21979c6b26ab7c
Alburnus alburnus,17889006,https://inaturalist-open-data.s3.amazonaws.com/photos/17889006/medium.jpeg,CC-BY 4.0,Julien Renoult,jujurenoult,2018-05-12,https://www.inaturalist.org/observations/12412006,"© Julien Renoult, some rights reserved (CC-BY)",d12efc57f919f2feebc13045e43cf14ad149818fa96176958c64cc0fbf0db344
Alburnus alburnus,17889014,https://inaturalist-open-data.s3.amazonaws.com/photos/17889014/medium.jpeg,CC-BY 4.0,Julien Renoult,jujurenoult,2018-05-12,https://www.inaturalist.org/observations/12412006,"© Julien Renoult, some rights reserved (CC-BY)",ce07d0e1a343cb3c0996fdc01306b2b6c3a542d37ac7ee8e7954cddc12293462
Alburnus alburnus,76309557,https://inaturalist-open-data.s3.amazonaws.com/photos/76309557/medium.jpeg,CC-BY 4.0,Nasser Halaweh,nasserhalaweh,2020-05-31,https://www.inaturalist.org/observations/48102536,"© Nasser Halaweh, some rights reserved (CC-BY)",0d511ffbeb20a8f9de1c976e9219492cd67ca918b5b0f79744cb861920448b10
Alburnus alburnus,76309538,https://inaturalist-open-data.s3.amazonaws.com/photos/76309538/medium.jpeg,CC-BY 4.0,Nasser Halaweh,nasserhalaweh,2020-05-31,https://www.inaturalist.org/observations/48102536,"© Nasser Halaweh, some rights reserved (CC-BY)",cb2bc7607af1cc404384a96dfdbac58cf776c68134b4f34b87d71312281f7c30
Alburnus alburnus,136812271,https://inaturalist-open-data.s3.amazonaws.com/photos/136812271/medium.jpeg,CC-BY 4.0,Yves Bas,yvesbas,2020-09-13,https://www.inaturalist.org/observations/83309831,"© Yves Bas, some rights reserved (CC-BY)",3dc737b642f23886bcfda393f20c276c03178fbf054ecf926319a409560facf7
Alburnus alburnus,212286044,https://inaturalist-open-data.s3.amazonaws.com/photos/212286044/medium.jpeg,CC-BY 4.0,Fyodor Pudovikov,fyodorp,2022-07-03,https://www.inaturalist.org/observations/125192998,"© Fyodor Pudovikov, some rights reserved (CC-BY)",48ce8088f8526e5f0151e5314619142535cb927d3a5f512772b3685f015f9b74
Alburnus alburnus,563517625,https://inaturalist-open-data.s3.amazonaws.com/photos/563517625/medium.jpg,CC-BY 4.0,Kate Senatskaya,katevbg,2025-04-16,https://www.inaturalist.org/observations/312131954,"© Kate Senatskaya, some rights reserved (CC-BY)",e7ccf5f45de6a871db140d34287ea783a1adf9582f10b33d5831616bd35524d5
Alburnus alburnus,563517509,https://inaturalist-open-data.s3.amazonaws.com/photos/563517509/medium.jpg,CC-BY 4.0,Kate Senatskaya,katevbg,2025-04-16,https://www.inaturalist.org/observations/312131954,"© Kate Senatskaya, some rights reserved (CC-BY)",0550112b71bb420c66b097b8b853cf3d42b4d9e78cf0c34747a89708e341489b
Alburnus alburnus,102609353,https://inaturalist-open-data.s3.amazonaws.com/photos/102609353/medium.jpeg,CC-BY 4.0,Valentin Moser,vmoser,2020-10-27,https://www.inaturalist.org/observations/63885804,"© Valentin Moser, some rights reserved (CC-BY)",c99a800053f98ee99a8f7c1a03f35aa0c231fcd479ee05f9f43546aa187b8cb3
Alburnus alburnus,362889134,https://inaturalist-open-data.s3.amazonaws.com/photos/362889134/medium.jpg,CC-BY 4.0,Albert Surmacz,albert_surmacz,2024-04-03,https://www.inaturalist.org/observations/205248713,"© Albert Surmacz, some rights reserved (CC-BY)",f8ca3c8c938d13ca9410b9fb8ea5d62b109d81a1eb82c020ff81a04e776fd870
Alburnus alburnus,325719411,https://inaturalist-open-data.s3.amazonaws.com/photos/325719411/medium.jpg,CC-BY 4.0,Demian Hiß,demianhiss,2023-09-13,https://www.inaturalist.org/observations/186387578,"© Demian Hiß, some rights reserved (CC-BY)",ec30432573239a0990df11e28bd195d46870d608269966a6d4959c7ae376893d
Alburnus alburnus,411165346,https://inaturalist-open-data.s3.amazonaws.com/photos/411165346/medium.jpg,CC-BY 4.0,Donald Davesne,donalddavesne,2024-07-16,https://www.inaturalist.org/observations/231496224,"© Donald Davesne, some rights reserved (CC-BY)",22bcf16b3ada60bb3573bb9799c3dbc3bd5bec3fa34079d922554ace033dc269
Alburnus alburnus,218741889,https://inaturalist-open-data.s3.amazonaws.com/photos/218741889/medium.jpeg,CC-BY 4.0,Christoph Moning,christoph_moning,2022-07-17,https://www.inaturalist.org/observations/128762891,"© Christoph Moning, some rights reserved (CC-BY)",cdf85de8b9892a465a5a46fd6c6ccf5311efe3faa96a239fc4b64dfd4c07b74a
Alburnus alburnus,166118049,https://inaturalist-open-data.s3.amazonaws.com/photos/166118049/medium.jpeg,CC-BY 4.0,Andrew Bazdyrev,andrewbazdyrev,2021-08-14,https://www.inaturalist.org/observations/99627071,"© Andrew Bazdyrev, some rights reserved (CC-BY)",33103e58a5ccf08b4dddfedfe8a786e0ce1a4ad05f0f3e9c95b343bf72fa030f
Alburnus alburnus,411163971,https://inaturalist-open-data.s3.amazonaws.com/photos/411163971/medium.jpg,CC-BY 4.0,Donald Davesne,donalddavesne,2024-07-16,https://www.inaturalist.org/observations/231496228,"© Donald Davesne, some rights reserved (CC-BY)",f4eec41c4784a569e43d7eb1941a8cd89169043f085c70fec0f868504122e3dc
Alburnus alburnus,294153625,https://inaturalist-open-data.s3.amazonaws.com/photos/294153625/medium.jpg,CC-BY 4.0,Nicola Crockford,nicolacrockford,2023-06-25,https://www.inaturalist.org/observations/169652440,"© Nicola Crockford, some rights reserved (CC-BY)",e73dea1383178582201422c5a12eeaf30edd6792a1ca3d7d9304b231e588cb8a
Alburnus alburnus,134854444,https://inaturalist-open-data.s3.amazonaws.com/photos/134854444/medium.jpeg,CC-BY 4.0,Jacek Pietruszewski,hyacinthus,2021-06-08,https://www.inaturalist.org/observations/82177803,"© Jacek Pietruszewski, some rights reserved (CC-BY)",09279ab218effae3c35d373be119ffa810580cae9fe78c77730e6af0a7604441
Alburnus alburnus,721259198,https://inaturalist-open-data.s3.amazonaws.com/photos/721259198/medium.jpg,CC-BY 4.0,Rainer Breitling,rainerbreitling,2026-08-22,https://www.inaturalist.org/observations/393495769,"© Rainer Breitling, some rights reserved (CC-BY)",71fe38a3329f484d6aa55382f0c4411999f48b7bc5e0d18047c13b3e739ec24e
Alburnus alburnus,409940181,https://inaturalist-open-data.s3.amazonaws.com/photos/409940181/medium.jpg,CC-BY 4.0,Donald Davesne,donalddavesne,2024-07-16,https://www.inaturalist.org/observations/230855420,"© Donald Davesne, some rights reserved (CC-BY)",af5736203c1aad7aecf365498ecf60350dfaa686c0c669605f914cbff9f72f88
Alburnus alburnus,388181464,https://inaturalist-open-data.s3.amazonaws.com/photos/388181464/medium.jpeg,CC-BY 4.0,Philip Schaffer,philip_schaffer,2024-05-30,https://www.inaturalist.org/observations/219320456,"© Philip Schaffer, some rights reserved (CC-BY)",4c6a148424abde0c1321cae33de0d4a30d1b9f9f5be7a748a97922eed28c1aca
Alburnus alburnus,508820858,https://inaturalist-open-data.s3.amazonaws.com/photos/508820858/medium.jpg,CC-BY 4.0,Nicola Crockford,nicolacrockford,2025-05-18,https://www.inaturalist.org/observations/283185279,"© Nicola Crockford, some rights reserved (CC-BY)",8c2b93a56fbec9e8e40d602d5c4657deb1e6c6c88c71364b2379e5b77da6f8cd
Alburnus alburnus,718133606,https://inaturalist-open-data.s3.amazonaws.com/photos/718133606/medium.jpg,CC-BY 4.0,Andrejus Gaidamavičius,andrejus,2026-08-10,https://www.inaturalist.org/observations/391902746,"© Andrejus Gaidamavičius, some rights reserved (CC-BY)",534163f8ddfffd1d08f7b9d70b2dcc7adacfb668b468c870573ebe8dc8c96f0e
Alburnus alburnus,523092518,https://inaturalist-open-data.s3.amazonaws.com/photos/523092518/medium.jpg,CC-BY 4.0,Nicola Crockford,nicolacrockford,2025-06-17,https://www.inaturalist.org/observations/290764943,"© Nicola Crockford, some rights reserved (CC-BY)",b9da1697468bb3552adad4b1d9b1c04287054d24c7800f8aa44edd75f77f57dc
Alburnus alburnus,68091801,https://inaturalist-open-data.s3.amazonaws.com/photos/68091801/medium.jpeg,CC-BY 4.0,Pavel Kacl,pavel_kacl,2020-04-19,https://www.inaturalist.org/observations/42881316,"© Pavel Kacl, some rights reserved (CC-BY)",63f2be69c57eefc51e043921b191b8fc894aeb4e50ed55bdeda95760ae728f0f
Neogobius melanostomus,384719348,https://inaturalist-open-data.s3.amazonaws.com/photos/384719348/medium.jpeg,CC-BY 4.0,milan kořínek,milan195,2024-05-01,https://www.inaturalist.org/observations/217464793,"© milan kořínek, some rights reserved (CC-BY)",c8ee971ff4bdb058e2173943dc82964c936633a46f26c11218fb47b3cefa0493
Neogobius melanostomus,141507252,https://inaturalist-open-data.s3.amazonaws.com/photos/141507252/medium.jpeg,CC-BY 4.0,Julien Renoult,jujurenoult,2019-09-13,https://www.inaturalist.org/observations/85953126,"© Julien Renoult, some rights reserved (CC-BY)",43ce80287afd77f51e4bae4ffd5f97795173f8d8dd1e94c71d8b3955a97899d6
Neogobius melanostomus,448430949,https://inaturalist-open-data.s3.amazonaws.com/photos/448430949/medium.png,CC-BY 4.0,Quinn,qfc79,2024-11-06,https://www.inaturalist.org/observations/250706438,"© Quinn, some rights reserved (CC-BY)",d60cb1f57c2d45b6868645c80e941b03df626005dbeefa876da6f39bbe33c4aa
Neogobius melanostomus,448431810,https://inaturalist-open-data.s3.amazonaws.com/photos/448431810/medium.png,CC-BY 4.0,Quinn,qfc79,2024-11-06,https://www.inaturalist.org/observations/250706452,"© Quinn, some rights reserved (CC-BY)",cbf375e4606a1d8f4064085311feee79097f2c9ead58bba85309d963acae0411
Neogobius melanostomus,141507231,https://inaturalist-open-data.s3.amazonaws.com/photos/141507231/medium.jpeg,CC-BY 4.0,Julien Renoult,jujurenoult,2019-09-13,https://www.inaturalist.org/observations/85953124,"© Julien Renoult, some rights reserved (CC-BY)",d2e5179ce9a299ce781d7c6254ec674dccc2621376088a002cf6def5dfbfd90c
Neogobius melanostomus,474797674,https://inaturalist-open-data.s3.amazonaws.com/photos/474797674/medium.jpeg,CC-BY 4.0,A.L.,roboraptor,2022-06-27,https://www.inaturalist.org/observations/264358619,"© A.L., some rights reserved (CC-BY)",56afbd62c3220715238f88127ab31fb3f226b1f5819735a01128f9ffe9cd229d
Neogobius melanostomus,534598284,https://inaturalist-open-data.s3.amazonaws.com/photos/534598284/medium.jpg,CC-BY 4.0,mmp133,mmp133,2025-07-10,https://www.inaturalist.org/observations/296877084,"© mmp133, some rights reserved (CC-BY)",92748948be686ca1ce2b4d8e4f426d01f5866498fcd527371adff6d6c0b3ee97
Neogobius melanostomus,448434185,https://inaturalist-open-data.s3.amazonaws.com/photos/448434185/medium.png,CC-BY 4.0,Quinn,qfc79,2024-11-06,https://www.inaturalist.org/observations/250706477,"© Quinn, some rights reserved (CC-BY)",50e1f33c3515bc28d29df843a852f5187912b5d07328c84d998acc79c9be1570
Neogobius melanostomus,308183823,https://inaturalist-open-data.s3.amazonaws.com/photos/308183823/medium.jpg,CC-BY 4.0,Nicola Crockford,nicolacrockford,2023-08-07,https://www.inaturalist.org/observations/177214058,"© Nicola Crockford, some rights reserved (CC-BY)",bb30db45a1f50af4dedd435f85a597c777f3a5ddd46d084b37f41a7dfabf283d
Neogobius melanostomus,107383446,https://inaturalist-open-data.s3.amazonaws.com/photos/107383446/medium.jpeg,CC-BY 4.0,Valentin Moser,vmoser,2017-10-13,https://www.inaturalist.org/observations/66591625,"© Valentin Moser, some rights reserved (CC-BY)",f508d666113230c4af5c29bb69c1ebcc95587a6660c719c2e57c8a279440f0a8
Neogobius melanostomus,105715013,https://inaturalist-open-data.s3.amazonaws.com/photos/105715013/medium.jpeg,CC-BY 4.0,Valentin Moser,vmoser,2020-11-24,https://www.inaturalist.org/observations/65659494,"© Valentin Moser, some rights reserved (CC-BY)",c699de2a5fac83edfcf922c4d29b70292b53c71541f4c645e145f47208cedd10
Neogobius melanostomus,448431837,https://inaturalist-open-data.s3.amazonaws.com/photos/448431837/medium.png,CC-BY 4.0,Quinn,qfc79,2024-11-06,https://www.inaturalist.org/observations/250706466,"© Quinn, some rights reserved (CC-BY)",3d05ae90e8f92e4e8530848996884354c8ef5e38e7b2d1110acb2c6a9e57a6b9
Neogobius melanostomus,237698825,https://inaturalist-open-data.s3.amazonaws.com/photos/237698825/medium.jpeg,CC-BY 4.0,luluchouette,luluchouette,2022-10-10,https://www.inaturalist.org/observations/139027791,"© luluchouette, some rights reserved (CC-BY)",2f9c9ae17e26c8395204d36a306e25d1172b5fafffd54e0d3d3e267c07e5d5e0
Neogobius melanostomus,701575800,https://inaturalist-open-data.s3.amazonaws.com/photos/701575800/medium.jpg,CC-BY 4.0,Dmitry Ivanov,ivanovdg19,2026-07-19,https://www.inaturalist.org/observations/383323322,"© Dmitry Ivanov, some rights reserved (CC-BY)",c90d141aedf4bc7ace582e54a9f1e0172d0a3069812e9a34762cbfd4638b44bc
Neogobius melanostomus,701575861,https://inaturalist-open-data.s3.amazonaws.com/photos/701575861/medium.jpg,CC-BY 4.0,Dmitry Ivanov,ivanovdg19,2026-07-19,https://www.inaturalist.org/observations/383323322,"© Dmitry Ivanov, some rights reserved (CC-BY)",6b48cdbfbdb0c7fe5c97146e67bd7c94ce41dbca5e78561483f17630b20ce595
Neogobius melanostomus,448431829,https://inaturalist-open-data.s3.amazonaws.com/photos/448431829/medium.png,CC-BY 4.0,Quinn,qfc79,2024-11-06,https://www.inaturalist.org/observations/250706463,"© Quinn, some rights reserved (CC-BY)",a2314068400b0e883ea5709f035601a1e643d6e525c8f3158768a4f23882c559
Neogobius melanostomus,448434174,https://inaturalist-open-data.s3.amazonaws.com/photos/448434174/medium.png,CC-BY 4.0,Quinn,qfc79,2024-11-06,https://www.inaturalist.org/observations/250706474,"© Quinn, some rights reserved (CC-BY)",2267180588d79062ca9e1f9da9602fbd70362e310f10387cb5651b05c558e0f2
Neogobius melanostomus,64543310,https://inaturalist-open-data.s3.amazonaws.com/photos/64543310/medium.jpg,CC-BY 4.0,Adam Petrucco,adamxxp,2020-03-25,https://www.inaturalist.org/observations/40714947,"© Adam Petrucco, some rights reserved (CC-BY)",ef702d54642af2bfaaedd64136be82335a9dc36a3927a20e5497da4d0272a9cf
Neogobius melanostomus,448435291,https://inaturalist-open-data.s3.amazonaws.com/photos/448435291/medium.png,CC-BY 4.0,Quinn,qfc79,2024-11-06,https://www.inaturalist.org/observations/250706482,"© Quinn, some rights reserved (CC-BY)",149c3268838d22c5719db3066d6905efb139a921f7d64533c86b5507ed9e6ebb
Neogobius melanostomus,104263529,https://inaturalist-open-data.s3.amazonaws.com/photos/104263529/medium.jpeg,CC-BY 4.0,Valentin Moser,vmoser,2020-11-13,https://www.inaturalist.org/observations/64815265,"© Valentin Moser, some rights reserved (CC-BY)",f0957a6fa33c829ad253c895c868b5d897d2f1b0957e734771afd65c3a209895
Neogobius melanostomus,155682859,https://inaturalist-open-data.s3.amazonaws.com/photos/155682859/medium.jpeg,CC-BY 4.0,Philipp Pavelka,philpav,2021-09-04,https://www.inaturalist.org/observations/93892820,"© Philipp Pavelka, some rights reserved (CC-BY)",b8974c9715269197e74f4396fd2c119a5207287c299b6026933b6f2e0810e0b7
Neogobius melanostomus,508014223,https://inaturalist-open-data.s3.amazonaws.com/photos/508014223/medium.jpg,CC-BY 4.0,adam1420,adam1420,2025-05-20,https://www.inaturalist.org/observations/282749280,"© adam1420, some rights reserved (CC-BY)",59bb6980ec4c57b170d00ba836a88c01c2549a52e3d11dbb31b3b093a8821ca4
Neogobius melanostomus,213144276,https://inaturalist-open-data.s3.amazonaws.com/photos/213144276/medium.jpeg,CC-BY 4.0,Julien Renoult,jujurenoult,2022-07-03,https://www.inaturalist.org/observations/125684400,"© Julien Renoult, some rights reserved (CC-BY)",9b711fc5ac381ead56249880936ba134774199cc1651260dd33940bd53eb89bc
Neogobius melanostomus,579334046,https://inaturalist-open-data.s3.amazonaws.com/photos/579334046/medium.jpg,CC-BY 4.0,nebrooks,nebrooks,2025-10-12,https://www.inaturalist.org/observations/320423200,"© nebrooks, some rights reserved (CC-BY)",01584c49ade06e7649d65758b290b6f3411010d52165079e341d57bb267c5f0e
Neogobius melanostomus,579334082,https://inaturalist-open-data.s3.amazonaws.com/photos/579334082/medium.jpg,CC-BY 4.0,nebrooks,nebrooks,2025-10-12,https://www.inaturalist.org/observations/320423200,"© nebrooks, some rights reserved (CC-BY)",df6a2373b48f2573e6a0c14e41ac10e4cc318d9402849d600995084b9f49d301
Neogobius melanostomus,324278060,https://inaturalist-open-data.s3.amazonaws.com/photos/324278060/medium.jpeg,CC-BY 4.0,Paul Prior,paul_prior,2023-09-30,https://www.inaturalist.org/observations/185656159,"© Paul Prior, some rights reserved (CC-BY)",c20cd7fcf3046fdc5f8d1e8be857467c4bd29cf9c7bdf16df4159a4dc459d115
Neogobius melanostomus,141507879,https://inaturalist-open-data.s3.amazonaws.com/photos/141507879/medium.jpeg,CC-BY 4.0,Julien Renoult,jujurenoult,2019-09-13,https://www.inaturalist.org/observations/85953131,"© Julien Renoult, some rights reserved (CC-BY)",c043646b208013f61bff48b0d7a2a2297d715d05b03e53b63cf140a9650659cb
Neogobius melanostomus,213144252,https://inaturalist-open-data.s3.amazonaws.com/photos/213144252/medium.jpeg,CC-BY 4.0,Julien Renoult,jujurenoult,2022-07-03,https://www.inaturalist.org/observations/125684399,"© Julien Renoult, some rights reserved (CC-BY)",6232337344b21ce9192f1db38bcbbecc00df514b22b834a28b3eb143ffed1cde
Neogobius melanostomus,105714980,https://inaturalist-open-data.s3.amazonaws.com/photos/105714980/medium.jpeg,CC-BY 4.0,Valentin Moser,vmoser,2020-11-24,https://www.inaturalist.org/observations/65659495,"© Valentin Moser, some rights reserved (CC-BY)",7db7b84deaca7359a25bf2d319224c579c92afcfbeac2475b628662f2d0ad7fe
Neogobius melanostomus,105714998,https://inaturalist-open-data.s3.amazonaws.com/photos/105714998/medium.jpeg,CC-BY 4.0,Valentin Moser,vmoser,2020-11-24,https://www.inaturalist.org/observations/65659495,"© Valentin Moser, some rights reserved (CC-BY)",d57950a74a991c0c71f874961e19eb669e47291e61d05390b499b4b8bd649da6
Neogobius melanostomus,529906440,https://inaturalist-open-data.s3.amazonaws.com/photos/529906440/medium.jpg,CC-BY 4.0,Wiljam Eklund,wiljame,2025-07-01,https://www.inaturalist.org/observations/294402934,"© Wiljam Eklund, some rights reserved (CC-BY)",ae223ee29a88c34eb65dff69de522d2bf6b31275e670070e698ef76714a2cd96
Neogobius melanostomus,275725878,https://inaturalist-open-data.s3.amazonaws.com/photos/275725878/medium.jpeg,CC-BY 4.0,Марина Садыкова,marina_sad,2023-05-01,https://www.inaturalist.org/observations/159582761,"© Марина Садыкова, some rights reserved (CC-BY)",20e02a86f471e2e4a801589c93294273a7b040f942807477c76041b1368c81d2
Neogobius melanostomus,275725918,https://inaturalist-open-data.s3.amazonaws.com/photos/275725918/medium.jpeg,CC-BY 4.0,Марина Садыкова,marina_sad,2023-05-01,https://www.inaturalist.org/observations/159582761,"© Марина Садыкова, some rights reserved (CC-BY)",97616f0906fbbcf115150d82523eb39cce47d8b27b50ab9c7eab9e0cc4ffa72f
Neogobius melanostomus,448431842,https://inaturalist-open-data.s3.amazonaws.com/photos/448431842/medium.png,CC-BY 4.0,Quinn,qfc79,2024-11-06,https://www.inaturalist.org/observations/250706467,"© Quinn, some rights reserved (CC-BY)",716192c23e34b7aada1d5c9dacfd22f362d2a0a0f9bf5bac0afb1edc22d3ecd4
Neogobius melanostomus,498083247,https://inaturalist-open-data.s3.amazonaws.com/photos/498083247/medium.jpeg,CC-BY 4.0,Wiljam Eklund,wiljame,2023-06-13,https://www.inaturalist.org/observations/277391621,"© Wiljam Eklund, some rights reserved (CC-BY)",d41af384d425ca8b90927ac77a85ffd6d87cf2a70ed0ad3e076b7592628a720f
Neogobius melanostomus,498083294,https://inaturalist-open-data.s3.amazonaws.com/photos/498083294/medium.jpeg,CC-BY 4.0,Wiljam Eklund,wiljame,2023-06-13,https://www.inaturalist.org/observations/277391621,"© Wiljam Eklund, some rights reserved (CC-BY)",6a4e2dd2df3a7aaa1bcecaefa73e1779cd23252c94ab651bf923dcbf4abcfe3a
Neogobius melanostomus,595611250,https://inaturalist-open-data.s3.amazonaws.com/photos/595611250/medium.jpg,CC-BY 4.0,Roland Gromes,rolandgromes,2019-09-03,https://www.inaturalist.org/observations/328665570,"© Roland Gromes, some rights reserved (CC-BY)",c13ad0dd236ca3b0edd038e0157764371216d6fe7506de0f88b8aa933b5312d9
Neogobius melanostomus,48332390,https://inaturalist-open-data.s3.amazonaws.com/photos/48332390/medium.jpeg,CC-BY 4.0,Thomas Koffel,tkoffel,2019-07-25,https://www.inaturalist.org/observations/30915469,"© Thomas Koffel, some rights reserved (CC-BY)",22e5cd0de9e8e1d2427260bb63711310814ed3072acc73e7a5159ca6bf1b1327
Neogobius melanostomus,48332401,https://inaturalist-open-data.s3.amazonaws.com/photos/48332401/medium.jpeg,CC-BY 4.0,Thomas Koffel,tkoffel,2019-07-25,https://www.inaturalist.org/observations/30915469,"© Thomas Koffel, some rights reserved (CC-BY)",3c3cfcb02defa682301619c183ba4ad6d79104d34543a0da97dae24183fc9a73
Neogobius melanostomus,448431815,https://inaturalist-open-data.s3.amazonaws.com/photos/448431815/medium.png,CC-BY 4.0,Quinn,qfc79,2024-11-06,https://www.inaturalist.org/observations/250706457,"© Quinn, some rights reserved (CC-BY)",34abd0d0502d349c505ffa0e03b514502c215f92cc7f2de70171ee7d302f0a25
Neogobius melanostomus,115253167,https://inaturalist-open-data.s3.amazonaws.com/photos/115253167/medium.jpg,CC-BY 4.0,moxostoma,moxostoma,2017-09-16,https://www.inaturalist.org/observations/70849609,"© moxostoma, some rights reserved (CC-BY)",b05b16afa5dc961c2d253846afa53a7146dcc7ce389877af2fb795432821004b
Neogobius melanostomus,229192750,https://inaturalist-open-data.s3.amazonaws.com/photos/229192750/medium.jpeg,CC-BY 4.0,Paul Prior,paul_prior,2022-09-10,https://www.inaturalist.org/observations/134461331,"© Paul Prior, some rights reserved (CC-BY)",83407f2fe07adca251e590d6f23fdae2d110401fc9cc43ad723ac34f39f8bd58
Neogobius melanostomus,141512621,https://inaturalist-open-data.s3.amazonaws.com/photos/141512621/medium.jpeg,CC-BY 4.0,Julien Renoult,jujurenoult,2019-09-15,https://www.inaturalist.org/observations/85953174,"© Julien Renoult, some rights reserved (CC-BY)",6bb7705fd72e12174e72540db25f6d0d7273c267294451a1356ebf678b72efed
Neogobius melanostomus,448435294,https://inaturalist-open-data.s3.amazonaws.com/photos/448435294/medium.png,CC-BY 4.0,Quinn,qfc79,2024-11-06,https://www.inaturalist.org/observations/250706483,"© Quinn, some rights reserved (CC-BY)",837c6acc3e5730b11d863b4c9202fe417bf0efaafb49fcf1f9817794938274f6
Neogobius melanostomus,237698672,https://inaturalist-open-data.s3.amazonaws.com/photos/237698672/medium.jpeg,CC-BY 4.0,luluchouette,luluchouette,2022-10-10,https://www.inaturalist.org/observations/139027787,"© luluchouette, some rights reserved (CC-BY)",bebfa90030ac0a83b5825db26c8b37827fab7c428c9201475af09373b145d1f6
Neogobius melanostomus,448431830,https://inaturalist-open-data.s3.amazonaws.com/photos/448431830/medium.png,CC-BY 4.0,Quinn,qfc79,2024-11-06,https://www.inaturalist.org/observations/250706464,"© Quinn, some rights reserved (CC-BY)",859b9dcee41d319f124261e6ede97e66a0a8d2bb1e261969e150daa51dd08236
Neogobius melanostomus,311408659,https://inaturalist-open-data.s3.amazonaws.com/photos/311408659/medium.jpeg,CC-BY 4.0,Nicola Crockford,nicolacrockford,2023-08-08,https://www.inaturalist.org/observations/178914117,"© Nicola Crockford, some rights reserved (CC-BY)",fcc47a3738e9101ed722eb44b001be8f138fb17b2ba1a55156b59b9f6f5407e1
Neogobius melanostomus,448434195,https://inaturalist-open-data.s3.amazonaws.com/photos/448434195/medium.png,CC-BY 4.0,Quinn,qfc79,2024-11-06,https://www.inaturalist.org/observations/250706479,"© Quinn, some rights reserved (CC-BY)",0386283bf8df68c98eed678714ed62551506b425b2d12810c98c0340a4392efc
Neogobius melanostomus,448431806,https://inaturalist-open-data.s3.amazonaws.com/photos/448431806/medium.png,CC-BY 4.0,Quinn,qfc79,2024-11-06,https://www.inaturalist.org/observations/250706453,"© Quinn, some rights reserved (CC-BY)",1e1ace1378613208e6711a258265ad529e6c89e77d024964815532c83aebcd26
Neogobius melanostomus,141507940,https://inaturalist-open-data.s3.amazonaws.com/photos/141507940/medium.jpeg,CC-BY 4.0,Julien Renoult,jujurenoult,2019-09-13,https://www.inaturalist.org/observations/85953134,"© Julien Renoult, some rights reserved (CC-BY)",ad56c9f35f09cef672246ab0be18abcafa72834cd247907b3c2c41f3774dfb00
Neogobius melanostomus,448434184,https://inaturalist-open-data.s3.amazonaws.com/photos/448434184/medium.png,CC-BY 4.0,Quinn,qfc79,2024-11-06,https://www.inaturalist.org/observations/250706476,"© Quinn, some rights reserved (CC-BY)",1fc3ca86a76564995635ba344f8415e8c8e27025194fef88cd6882771710ac0d
Neogobius melanostomus,219650892,https://inaturalist-open-data.s3.amazonaws.com/photos/219650892/medium.jpeg,CC-BY 4.0,Lukas Schärer,lukas_scharer,2022-07-25,https://www.inaturalist.org/observations/129264489,"© Lukas Schärer, some rights reserved (CC-BY)",7dc27dc636811d7b6d3def0a8bbdfed251468d16293edd13a2338392a03f4a39
Catostomus commersonii,590273456,https://inaturalist-open-data.s3.amazonaws.com/photos/590273456/medium.jpg,CC-BY 4.0,Robbie,robbieedun,2025-10-18,https://www.inaturalist.org/observations/325965448,"© Robbie, some rights reserved (CC-BY)",50548fef32bd13f15e879cdd514a94112232aae1c1a92d1ea4e637b694d2d58a
Catostomus commersonii,32968099,https://inaturalist-open-data.s3.amazonaws.com/photos/32968099/medium.jpeg,CC-BY 4.0,Steven Joyner,steven307,2011-05-14,https://www.inaturalist.org/observations/21318115,"© Steven Joyner, some rights reserved (CC-BY)",90760ffe6b028eb59971aa6f4e2b62c90a54ee4a33af9401442a11746889e085
Catostomus commersonii,32968097,https://inaturalist-open-data.s3.amazonaws.com/photos/32968097/medium.jpeg,CC-BY 4.0,Steven Joyner,steven307,2011-05-14,https://www.inaturalist.org/observations/21318115,"© Steven Joyner, some rights reserved (CC-BY)",fa796506650417afe6202b32968baa22df528b81cff4afe37d25750b2bf0a354
Catostomus commersonii,246645536,https://inaturalist-open-data.s3.amazonaws.com/photos/246645536/medium.jpg,CC-BY 4.0,velodrome,velodrome,2022-11-27,https://www.inaturalist.org/observations/143781015,"© velodrome, some rights reserved (CC-BY)",9ada668948721b71b412b04b59ff008125dd39f452b7498fa0aeb4c25f2e3650
Catostomus commersonii,246645507,https://inaturalist-open-data.s3.amazonaws.com/photos/246645507/medium.jpg,CC-BY 4.0,velodrome,velodrome,2022-11-27,https://www.inaturalist.org/observations/143781015,"© velodrome, some rights reserved (CC-BY)",14a709ff6c1b338adff582b032908810a222a88b1362f4032ec00839e293a6ac
Catostomus commersonii,570375068,https://inaturalist-open-data.s3.amazonaws.com/photos/570375068/medium.jpg,CC-BY 4.0,nuthatchnicole,jackbattle6,2025-09-21,https://www.inaturalist.org/observations/315722276,"© nuthatchnicole, some rights reserved (CC-BY)",c801d1fc89f432f558425d4d3e74ef85afd9dbd38ef3de0e34796104d2d54ac9
Catostomus commersonii,200634815,https://inaturalist-open-data.s3.amazonaws.com/photos/200634815/medium.jpeg,CC-BY 4.0,Sean Frey,georectified,2022-05-25,https://www.inaturalist.org/observations/118729285,"© Sean Frey, some rights reserved (CC-BY)",6832af37a29a0bf1945bd31badf0128d8dc84a60ae3ca6fb77a0c5fe96fb32b0
Catostomus commersonii,180324362,https://inaturalist-open-data.s3.amazonaws.com/photos/180324362/medium.png,CC-BY 4.0,Zakqary Roy,zakqaryroy,2021-08-03,https://www.inaturalist.org/observations/107239735,"© Zakqary Roy, some rights reserved (CC-BY)",0f3d9fee2c1a22deb311bf6ee59bcf6fa9d24d44acc62d5cc2255c322e456e8f
Catostomus commersonii,246645579,https://inaturalist-open-data.s3.amazonaws.com/photos/246645579/medium.jpg,CC-BY 4.0,velodrome,velodrome,2022-11-27,https://www.inaturalist.org/observations/143781021,"© velodrome, some rights reserved (CC-BY)",f8e73ba3eb96c97baea72310c1ee8f8b99a4291da6c296a40238605998e72e7f
Catostomus commersonii,246645599,https://inaturalist-open-data.s3.amazonaws.com/photos/246645599/medium.jpg,CC-BY 4.0,velodrome,velodrome,2022-11-27,https://www.inaturalist.org/observations/143781021,"© velodrome, some rights reserved (CC-BY)",500dec92a5f4b612807b17b7bbba64e8245cfea93a6462b51a4dc6b933dae62c
Catostomus commersonii,194186654,https://inaturalist-open-data.s3.amazonaws.com/photos/194186654/medium.jpeg,CC-BY 4.0,Blake Ross,blakemross,2022-05-03,https://www.inaturalist.org/observations/115032277,"© Blake Ross, some rights reserved (CC-BY)",35ca2c74426e2b19647102709a1242f393105b52560490fdf11185e12067134c
Catostomus commersonii,194186713,https://inaturalist-open-data.s3.amazonaws.com/photos/194186713/medium.jpeg,CC-BY 4.0,Blake Ross,blakemross,2022-05-03,https://www.inaturalist.org/observations/115032277,"© Blake Ross, some rights reserved (CC-BY)",d4e6d752ec5e06ed48a6bf6074a4ffc72d306cef3ab29b2cfd3bbd48f49fd29e
Catostomus commersonii,180324351,https://inaturalist-open-data.s3.amazonaws.com/photos/180324351/medium.png,CC-BY 4.0,Zakqary Roy,zakqaryroy,2021-08-02,https://www.inaturalist.org/observations/107239731,"© Zakqary Roy, some rights reserved (CC-BY)",db2127417caec906a3cdd8a1c52cdb53728f78ef47c667b1afca97f5dc838e98
Catostomus commersonii,222656224,https://inaturalist-open-data.s3.amazonaws.com/photos/222656224/medium.jpeg,CC-BY 4.0,Mark Apgar,apgarm,2022-08-14,https://www.inaturalist.org/observations/130887639,"© Mark Apgar, some rights reserved (CC-BY)",61f8e3a96af338dde9724dec97591885c6bf58e500871db6f1f916e097d4f82a
Catostomus commersonii,62452436,https://inaturalist-open-data.s3.amazonaws.com/photos/62452436/medium.jpg,CC-BY 4.0,Christopher Zacharias,czach,2020-02-29,https://www.inaturalist.org/observations/39371293,"© Christopher Zacharias, some rights reserved (CC-BY)",e4adf1f7e6e26c779d63ae1c85f800938eba27491c1712d666861b11a21db74d
Catostomus commersonii,384865245,https://inaturalist-open-data.s3.amazonaws.com/photos/384865245/medium.jpeg,CC-BY 4.0,Charlie Pavlisich,cpavlisich,2024-05-22,https://www.inaturalist.org/observations/217546328,"© Charlie Pavlisich, some rights reserved (CC-BY)",52044225cde71e22ce19eebb424518a4457669de54ba659f2b00da27992a5a1c
Catostomus commersonii,203228410,https://inaturalist-open-data.s3.amazonaws.com/photos/203228410/medium.jpeg,CC-BY 4.0,John Krampl,johnkrampl,2022-06-04,https://www.inaturalist.org/observations/120176867,"© John Krampl, some rights reserved (CC-BY)",737de83915cae75830361030de62eabf96c211bb4089e1b0cc0270afec9ea983
Catostomus commersonii,203228266,https://inaturalist-open-data.s3.amazonaws.com/photos/203228266/medium.jpeg,CC-BY 4.0,John Krampl,johnkrampl,2022-06-04,https://www.inaturalist.org/observations/120176867,"© John Krampl, some rights reserved (CC-BY)",5d24d08dbd76007e592b682cfee1abb7ea9e127d753d83e06f35416eb9ee4351
Catostomus commersonii,524557102,https://inaturalist-open-data.s3.amazonaws.com/photos/524557102/medium.jpg,CC-BY 4.0,moxostoma,moxostoma,2015-09-19,https://www.inaturalist.org/observations/291545133,"© moxostoma, some rights reserved (CC-BY)",2335428e50a6b03ade3de3595d6e12784fdccb776deaa60752c908b3ed787b89
Catostomus commersonii,524556961,https://inaturalist-open-data.s3.amazonaws.com/photos/524556961/medium.jpg,CC-BY 4.0,moxostoma,moxostoma,2015-09-19,https://www.inaturalist.org/observations/291545133,"© moxostoma, some rights reserved (CC-BY)",cf9efbaf43b1ae82d099e9002bd3a6aecc02ad226dab981f135bd7edba4f61bc
Catostomus commersonii,232002246,https://inaturalist-open-data.s3.amazonaws.com/photos/232002246/medium.jpeg,CC-BY 4.0,Rob Foster,rob21,2022-09-21,https://www.inaturalist.org/observations/135978191,"© Rob Foster, some rights reserved (CC-BY)",d43d04ad7227bdfe2c3b62e902f9c911f0577548a05b282c47c18798d90924a2
Catostomus commersonii,232002224,https://inaturalist-open-data.s3.amazonaws.com/photos/232002224/medium.jpeg,CC-BY 4.0,Rob Foster,rob21,2022-09-21,https://www.inaturalist.org/observations/135978191,"© Rob Foster, some rights reserved (CC-BY)",3cfead1b2df14cefc9efb9977305c15670ee7f5effb4b85d60218b82bc315a2b
Catostomus commersonii,190436813,https://inaturalist-open-data.s3.amazonaws.com/photos/190436813/medium.png,CC-BY 4.0,Zakqary Roy,zakqaryroy,2022-04-24,https://www.inaturalist.org/observations/112735076,"© Zakqary Roy, some rights reserved (CC-BY)",5e95ab0ee8e57481e28db15d6765685f96d87cbb7081ed4cfe1f6fd92d6dcca5
Catostomus commersonii,172735726,https://inaturalist-open-data.s3.amazonaws.com/photos/172735726/medium.jpeg,CC-BY 4.0,Eric Schmidt,eric-schmitty,2021-12-17,https://www.inaturalist.org/observations/103237738,"© Eric Schmidt, some rights reserved (CC-BY)",b23a4e901e164c5d801591c3a324ec8fff1b455e0a26b1a6def18242e8ef7fb9
Catostomus commersonii,561181634,https://inaturalist-open-data.s3.amazonaws.com/photos/561181634/medium.jpg,CC-BY 4.0,GobyHunter,gobyhunter,2025-08-31,https://www.inaturalist.org/observations/310702002,"© GobyHunter, some rights reserved (CC-BY)",1da901e1b19e2dbb8174b8ef386c1051476964a1264bc55113839baaf46ead76
Catostomus commersonii,594877175,https://inaturalist-open-data.s3.amazonaws.com/photos/594877175/medium.jpg,CC-BY 4.0,Colin Croft,colincroft,2025-09-12,https://www.inaturalist.org/observations/328301789,"© Colin Croft, some rights reserved (CC-BY)",abf87d9ed1482d81cbb5b0ff2d9c91fa579d29baa78e91c8ff0684f8ee3ea5e2
Catostomus commersonii,155904201,https://inaturalist-open-data.s3.amazonaws.com/photos/155904201/medium.jpg,CC-BY 4.0,Marilynn Miller,mmmiller,2021-09-07,https://www.inaturalist.org/observations/94017767,"© Marilynn Miller, some rights reserved (CC-BY)",8f594c4032fc301b82060c6d4a4b4b37aef28fa832601d04c979986541d2c2c5
Catostomus commersonii,246645485,https://inaturalist-open-data.s3.amazonaws.com/photos/246645485/medium.jpg,CC-BY 4.0,velodrome,velodrome,2022-11-27,https://www.inaturalist.org/observations/143781014,"© velodrome, some rights reserved (CC-BY)",e63e8c4c7219080adfe6e1483b5e0b8446caf7874b904bafdc191493c92deb26
Catostomus commersonii,246645558,https://inaturalist-open-data.s3.amazonaws.com/photos/246645558/medium.jpg,CC-BY 4.0,velodrome,velodrome,2022-11-27,https://www.inaturalist.org/observations/143781018,"© velodrome, some rights reserved (CC-BY)",28e5f597bf2bc0d6d266830c6280fc00068697947aa610bb277f437abd60133f
Catostomus commersonii,20580181,https://inaturalist-open-data.s3.amazonaws.com/photos/20580181/medium.jpg,CC-BY 4.0,Louis Imbeau,imbeaul,2007-05-20,https://www.inaturalist.org/observations/13928808,"© Louis Imbeau, some rights reserved (CC-BY)",b6f75bb5e33a2458d0ec2fc45130840a68a421f4582134be02c7c37d38a7fb88
Catostomus commersonii,285941795,https://inaturalist-open-data.s3.amazonaws.com/photos/285941795/medium.jpeg,CC-BY 4.0,Steven Lamonde,slamonde,2023-05-25,https://www.inaturalist.org/observations/165203355,"© Steven Lamonde, some rights reserved (CC-BY)",d715ef59ba90738396b80dee36fc9e6708d55cf6c815b245fed42007941b96b1
Catostomus commersonii,246645523,https://inaturalist-open-data.s3.amazonaws.com/photos/246645523/medium.jpg,CC-BY 4.0,velodrome,velodrome,2022-11-27,https://www.inaturalist.org/observations/143781016,"© velodrome, some rights reserved (CC-BY)",cd293cdf79217b80da9fa1ed6d05cf3c1d6d9d0902d0d2ba709a39e0c3edefd1
Anguilla anguilla,223769001,https://inaturalist-open-data.s3.amazonaws.com/photos/223769001/medium.jpeg,CC-BY 4.0,Martin Scheuch,ma_sche,2022-08-15,https://www.inaturalist.org/observations/131486465,"© Martin Scheuch, some rights reserved (CC-BY)",0dbea694b61e98e6314fab8afc5499d6d386ea69f27e600ac502debc02b4b131
Anguilla anguilla,223769024,https://inaturalist-open-data.s3.amazonaws.com/photos/223769024/medium.jpeg,CC-BY 4.0,Martin Scheuch,ma_sche,2022-08-15,https://www.inaturalist.org/observations/131486465,"© Martin Scheuch, some rights reserved (CC-BY)",8169c4e65f42b74cf64d161517912076bccf96993800b3dd1908b2c010bea17c
Anguilla anguilla,525035363,https://inaturalist-open-data.s3.amazonaws.com/photos/525035363/medium.jpg,CC-BY 4.0,Nicola Crockford,nicolacrockford,2025-06-21,https://www.inaturalist.org/observations/291801262,"© Nicola Crockford, some rights reserved (CC-BY)",76dd288d367a111a3d92c1f541e86b39b578f35144c95ceb7a517d2963f6bef8
Anguilla anguilla,151457538,https://inaturalist-open-data.s3.amazonaws.com/photos/151457538/medium.jpeg,CC-BY 4.0,Lara Maleen Beckmann,laramaleen,2021-08-17,https://www.inaturalist.org/observations/91552480,"© Lara Maleen Beckmann, some rights reserved (CC-BY)",e7aba6f012782054c51e9da95317c28a3a5f8c9b468f604c2e5fffc0befe9d1a
Anguilla anguilla,695859386,https://inaturalist-open-data.s3.amazonaws.com/photos/695859386/medium.jpg,CC-BY 4.0,Xavier Mas,xavier_mas,2024-05-12,https://www.inaturalist.org/observations/380363663,"© Xavier Mas, some rights reserved (CC-BY)",240d0c86b1ea87cc1cf23845beece90f007555c4b4a9d5e979c866c25f766a04
Anguilla anguilla,677883787,https://inaturalist-open-data.s3.amazonaws.com/photos/677883787/medium.jpg,CC-BY 4.0,Daniel Benák,benake,2026-06-12,https://www.inaturalist.org/observations/371034116,"© Daniel Benák, some rights reserved (CC-BY)",54a851a42a049df7dd8c0fcf6aa43ebf17cb0ddab3598105e12995d1912d0c50
Anguilla anguilla,614129213,https://inaturalist-open-data.s3.amazonaws.com/photos/614129213/medium.jpg,CC-BY 4.0,Thorsten Hackbarth,thorsten_hackbarth,2018-09-05,https://www.inaturalist.org/observations/337783468,"© Thorsten Hackbarth, some rights reserved (CC-BY)",dc284e3660addb30a58e870cb80b9cc3f200e756b836d8aff843914ddb67463a
Anguilla anguilla,614128964,https://inaturalist-open-data.s3.amazonaws.com/photos/614128964/medium.jpg,CC-BY 4.0,Thorsten Hackbarth,thorsten_hackbarth,2018-09-05,https://www.inaturalist.org/observations/337783468,"© Thorsten Hackbarth, some rights reserved (CC-BY)",56b7cd5ebe43b796034b5bd162e6178fd437231c4fac14e0dc70765d110c0cec
Anguilla anguilla,603028422,https://inaturalist-open-data.s3.amazonaws.com/photos/603028422/medium.jpg,CC-BY 4.0,Shane Austin,sharkeee,2013-04-23,https://www.inaturalist.org/observations/332301619,"© Shane Austin, some rights reserved (CC-BY)",c74ae303d1bd09441f4fde0d039c47ac6d1b3953a4035d27ffdebcb4e2bc488f
Anguilla anguilla,44085233,https://inaturalist-open-data.s3.amazonaws.com/photos/44085233/medium.jpeg,CC-BY 4.0,Julien Renoult,jujurenoult,2019-06-19,https://www.inaturalist.org/observations/28287416,"© Julien Renoult, some rights reserved (CC-BY)",2e2c85865fb001706019e88391a26865ee0761c1c035c68b636a927d7d6daaa5
Anguilla anguilla,44085210,https://inaturalist-open-data.s3.amazonaws.com/photos/44085210/medium.jpeg,CC-BY 4.0,Julien Renoult,jujurenoult,2019-06-19,https://www.inaturalist.org/observations/28287416,"© Julien Renoult, some rights reserved (CC-BY)",30406b6bd5c7fd462c97eef757cdd881eb57ab37fbdf047e5115df5508192707
Anguilla anguilla,545903501,https://inaturalist-open-data.s3.amazonaws.com/photos/545903501/medium.jpg,CC-BY 4.0,Samuel GUIRAUDOU,samuel_guiraudou,2023-10-04,https://www.inaturalist.org/observations/302899310,"© Samuel GUIRAUDOU, some rights reserved (CC-BY)",21c00bfebaaab381635add83d30e9ef357d61f4ada77fb1592b9ac3be70b54c7
Anguilla anguilla,405079374,https://inaturalist-open-data.s3.amazonaws.com/photos/405079374/medium.jpg,CC-BY 4.0,Daniel Benák,benake,2024-07-06,https://www.inaturalist.org/observations/228285222,"© Daniel Benák, some rights reserved (CC-BY)",06a178cf16310361eb46bc0774d8b2eca9f32e1202d476cfcc78a89d03ce0cef
Anguilla anguilla,8569362,https://inaturalist-open-data.s3.amazonaws.com/photos/8569362/medium.jpeg,CC-BY 4.0,Julien Renoult,jujurenoult,2017-06-18,https://www.inaturalist.org/observations/6747301,"© Julien Renoult, some rights reserved (CC-BY)",ea22e4598753d7af803154314ea62a7244f8f239910838736a513ed03a56d27a
Anguilla anguilla,509739142,https://inaturalist-open-data.s3.amazonaws.com/photos/509739142/medium.jpg,CC-BY 4.0,Darío Calvente Viera,koprolito,2025-05-24,https://www.inaturalist.org/observations/283674069,"© Darío Calvente Viera, some rights reserved (CC-BY)",8a1a42328f49271acc66e45fc526dcc6cf36bf886046c653ab80e3650df0c6c7
Anguilla anguilla,509739347,https://inaturalist-open-data.s3.amazonaws.com/photos/509739347/medium.jpg,CC-BY 4.0,Darío Calvente Viera,koprolito,2025-05-24,https://www.inaturalist.org/observations/283674069,"© Darío Calvente Viera, some rights reserved (CC-BY)",ab930618a66aa111c9493b32fb6b2708b491435abbd78ca77d994b58252a9a0e
Anguilla anguilla,295773346,https://inaturalist-open-data.s3.amazonaws.com/photos/295773346/medium.jpeg,CC-BY 4.0,Oscar Dove,oscar_dove,2023-06-24,https://www.inaturalist.org/observations/170524941,"© Oscar Dove, some rights reserved (CC-BY)",31fa3306e9360448f50f54572c9509a82a739ba49fce353a2590721afbb5916a
Anguilla anguilla,729819349,https://inaturalist-open-data.s3.amazonaws.com/photos/729819349/medium.jpg,CC-BY 4.0,Julien Renoult,jujurenoult,2026-06-25,https://www.inaturalist.org/observations/397890860,"© Julien Renoult, some rights reserved (CC-BY)",13561c68d66c52dc78f7c12207484c606fadf0f6cf30b57917832459812c403e
Anguilla anguilla,269877414,https://inaturalist-open-data.s3.amazonaws.com/photos/269877414/medium.jpeg,CC-BY 4.0,Lukas Schärer,lukas_scharer,2018-08-12,https://www.inaturalist.org/observations/156095406,"© Lukas Schärer, some rights reserved (CC-BY)",57de99050c2e9d46152c61e182757d6bde5f58d58dfe5e8c322b1c027ea4cf2e
Anguilla anguilla,261563220,https://inaturalist-open-data.s3.amazonaws.com/photos/261563220/medium.jpeg,CC-BY 4.0,Julien Renoult,jujurenoult,2023-03-18,https://www.inaturalist.org/observations/151581317,"© Julien Renoult, some rights reserved (CC-BY)",8bf9f78f9d710af3fd6e93d08167b50d88f3debfbb7d75e5dbb2f1092c8bc414
Anguilla anguilla,4523737,https://inaturalist-open-data.s3.amazonaws.com/photos/4523737/medium.jpg,CC-BY 4.0,Julien Renoult,jujurenoult,2016-08-11,https://www.inaturalist.org/observations/3861194,"© Julien Renoult, some rights reserved (CC-BY)",104524ddd6f327be98f50b4d8525d20a914a2405a745a8f45f54ce339cb94a4e
Anguilla anguilla,431048974,https://inaturalist-open-data.s3.amazonaws.com/photos/431048974/medium.jpeg,CC-BY 4.0,Nicola Crockford,nicolacrockford,2024-09-13,https://www.inaturalist.org/observations/241827258,"© Nicola Crockford, some rights reserved (CC-BY)",038b8bc0e1319cdb584f8bd259f5ebb42ec4cf8984cd9d5e6cde6f73f6009915
Anguilla anguilla,100576476,https://inaturalist-open-data.s3.amazonaws.com/photos/100576476/medium.jpeg,CC-BY 4.0,Valentin Moser,vmoser,2020-10-16,https://www.inaturalist.org/observations/62742565,"© Valentin Moser, some rights reserved (CC-BY)",f45137bef7ef84a9382a788ff225f7e30943505b826e109d10dd0405f9d7a8ad
Anguilla anguilla,545903826,https://inaturalist-open-data.s3.amazonaws.com/photos/545903826/medium.jpg,CC-BY 4.0,Samuel GUIRAUDOU,samuel_guiraudou,2023-10-04,https://www.inaturalist.org/observations/302899317,"© Samuel GUIRAUDOU, some rights reserved (CC-BY)",4ca91fbe365b624a064ea90edd4ad4af9f0f8d28b90c0cbc67b6dcb5e6875f5a
Anguilla anguilla,316049128,https://inaturalist-open-data.s3.amazonaws.com/photos/316049128/medium.jpeg,CC-BY 4.0,Nicola Crockford,nicolacrockford,2023-09-01,https://www.inaturalist.org/observations/181365760,"© Nicola Crockford, some rights reserved (CC-BY)",0b2e94a52a31727e086f2d08a24525d6f7215fce30233e47c2b73be37effa866
Anguilla anguilla,576932513,https://inaturalist-open-data.s3.amazonaws.com/photos/576932513/medium.jpg,CC-BY 4.0,Rolf A. Engelmann,rolf_l,2025-10-06,https://www.inaturalist.org/observations/319176816,"© Rolf A. Engelmann, some rights reserved (CC-BY)",ad2d7758471673f863c71dffedf48a1c73b087c0767a6150c880ddc374b05293
Anguilla anguilla,576933396,https://inaturalist-open-data.s3.amazonaws.com/photos/576933396/medium.jpg,CC-BY 4.0,Rolf A. Engelmann,rolf_l,2025-10-06,https://www.inaturalist.org/observations/319176816,"© Rolf A. Engelmann, some rights reserved (CC-BY)",f22a76f0d99fbc3150ec5fa4d309986e35b71789979b3baa7ae5d0b55fbbe45b
Anguilla anguilla,134662690,https://inaturalist-open-data.s3.amazonaws.com/photos/134662690/medium.jpg,CC-BY 4.0,Daniel Noesgaard,dnoesgaard,2021-06-07,https://www.inaturalist.org/observations/82068290,"© Daniel Noesgaard, some rights reserved (CC-BY)",afc7b8b07f1f11d7531dcbaf48c17c5f2176bbfb176af5a68c3a88f43f7cc73d
Anguilla anguilla,49778447,https://inaturalist-open-data.s3.amazonaws.com/photos/49778447/medium.jpeg,CC-BY 4.0,Nikita Vasiliuk,nikvas,2019-08-30,https://www.inaturalist.org/observations/31781340,"© Nikita Vasiliuk, some rights reserved (CC-BY)",bff2538f6766b180c724d515eeb0e7e08a823a629273721f7c0e79b4de6d7533
Anguilla anguilla,49778462,https://inaturalist-open-data.s3.amazonaws.com/photos/49778462/medium.jpeg,CC-BY 4.0,Nikita Vasiliuk,nikvas,2019-08-30,https://www.inaturalist.org/observations/31781340,"© Nikita Vasiliuk, some rights reserved (CC-BY)",a98ad8f97157945c93a5321aa2a32749c59a212e28e2cfadcd8e8b25db3ad34a
Anguilla anguilla,113193101,https://inaturalist-open-data.s3.amazonaws.com/photos/113193101/medium.jpeg,CC-BY 4.0,Eleftherios Katsillis,eleftherioskats,2021-02-17,https://www.inaturalist.org/observations/69721901,"© Eleftherios Katsillis, some rights reserved (CC-BY)",363f96d08137e0f593fccca7b24d8f151aee96615717162b1ec4cd66ec090774
Anguilla anguilla,16148974,https://inaturalist-open-data.s3.amazonaws.com/photos/16148974/medium.jpg,CC-BY 4.0,Julien Renoult,jujurenoult,2018-04-22,https://www.inaturalist.org/observations/11339319,"© Julien Renoult, some rights reserved (CC-BY)",054eeb28f7e2a7e42e17afc0a52459e0290c983f9bcf3b6578e3a61d3549f7f6
Anguilla anguilla,254843536,https://inaturalist-open-data.s3.amazonaws.com/photos/254843536/medium.jpg,CC-BY 4.0,Sean Hartnett,apricaria,2023-02-04,https://www.inaturalist.org/observations/148033516,"© Sean Hartnett, some rights reserved (CC-BY)",f32aa6f318868d65a9cfbc78efbe4f9e1cbc0c326a8d35b4704e65207bceaa3c
Anguilla anguilla,113477426,https://inaturalist-open-data.s3.amazonaws.com/photos/113477426/medium.jpeg,CC-BY 4.0,Eleftherios Katsillis,eleftherioskats,2021-02-20,https://www.inaturalist.org/observations/69872410,"© Eleftherios Katsillis, some rights reserved (CC-BY)",e3ccd83aa0ba4241f9006a289304c1b7035fc10058bfa6a1a551b53cb2b4fef3
Anguilla anguilla,44893669,https://inaturalist-open-data.s3.amazonaws.com/photos/44893669/medium.jpeg,CC-BY 4.0,Valentin Moser,vmoser,2019-06-29,https://www.inaturalist.org/observations/28786722,"© Valentin Moser, some rights reserved (CC-BY)",82b3d9b0a5fe9dfb79107237690e09a66a2ff507bd3d1e827557e5e0387358c1
Anguilla anguilla,711945315,https://inaturalist-open-data.s3.amazonaws.com/photos/711945315/medium.jpg,CC-BY 4.0,Gianluca Marraffa,gmarraff,2026-08-05,https://www.inaturalist.org/observations/388706694,"© Gianluca Marraffa, some rights reserved (CC-BY)",27b2480707186c81e42abf401cee6b40681e1a3a2cdcf5738b83a3107b04ad58
Anguilla anguilla,716075263,https://inaturalist-open-data.s3.amazonaws.com/photos/716075263/medium.jpg,CC-BY 4.0,Philip Schaffer,philip_schaffer,2026-08-07,https://www.inaturalist.org/observations/390841074,"© Philip Schaffer, some rights reserved (CC-BY)",c333843b45405c027dd1ce3c314e1a9eb63ab48884d7998b00ea97ebe0a6f1bb
Anguilla anguilla,462524546,https://inaturalist-open-data.s3.amazonaws.com/photos/462524546/medium.jpeg,CC-BY 4.0,Valentin Moser,vmoser,2025-01-03,https://www.inaturalist.org/observations/257812391,"© Valentin Moser, some rights reserved (CC-BY)",526343bb3ec39fd8669d135806e7bbb251380263948836766afa4a8048dc1da9
Anguilla anguilla,323062284,https://inaturalist-open-data.s3.amazonaws.com/photos/323062284/medium.jpg,CC-BY 4.0,harry beaman,harrybeaman,2023-09-25,https://www.inaturalist.org/observations/185022448,"© harry beaman, some rights reserved (CC-BY)",8d41b6a146c9a1f0095baf8ff5e43f94871968721d3649bce3c4b3b191993e78
Anguilla anguilla,262019401,https://inaturalist-open-data.s3.amazonaws.com/photos/262019401/medium.jpg,CC-BY 4.0,Lou Wagstaffe,jsylou,2023-03-18,https://www.inaturalist.org/observations/151822777,"© Lou Wagstaffe, some rights reserved (CC-BY)",d8341bd313288d318a561b8f1aa6ba758457f9794e8179c5e13dd62eaf6d9924
Anguilla anguilla,298597803,https://inaturalist-open-data.s3.amazonaws.com/photos/298597803/medium.jpg,CC-BY 4.0,Daniel Benák,benake,2023-07-09,https://www.inaturalist.org/observations/172039100,"© Daniel Benák, some rights reserved (CC-BY)",8b784e4021d58c3bcdea133fb5e7f4690bebc4c982303a334a6a75e6bb11bf0b
Anguilla anguilla,635582184,https://inaturalist-open-data.s3.amazonaws.com/photos/635582184/medium.jpg,CC-BY 4.0,Fraser Higgins,f-sundw,2026-04-08,https://www.inaturalist.org/observations/348503085,"© Fraser Higgins, some rights reserved (CC-BY)",95747a02da30779d12c5259c3d252b9c9d425117ba3209e3e538ca02735d59e4
Tinca tinca,22610694,https://inaturalist-open-data.s3.amazonaws.com/photos/22610694/medium.jpeg,CC-BY 4.0,Julien Renoult,jujurenoult,2018-08-04,https://www.inaturalist.org/observations/15129379,"© Julien Renoult, some rights reserved (CC-BY)",4acdc43e5cc7b187cd2fe7f6ed9725322348dc960b9abc6e282f6691fc44beec
Tinca tinca,22610693,https://inaturalist-open-data.s3.amazonaws.com/photos/22610693/medium.jpeg,CC-BY 4.0,Julien Renoult,jujurenoult,2018-08-04,https://www.inaturalist.org/observations/15129379,"© Julien Renoult, some rights reserved (CC-BY)",73847817b491e6dd2368d5485a834082824936e609f3dee7c05566f70c8c2e0d
Tinca tinca,474106780,https://inaturalist-open-data.s3.amazonaws.com/photos/474106780/medium.jpeg,CC-BY 4.0,Jason Grant,jasonrgrant,2025-03-04,https://www.inaturalist.org/observations/263865457,"© Jason Grant, some rights reserved (CC-BY)",530e59beb9203c98486400f705ad0d217083370ce1c51287be9571d20fe25bce
Tinca tinca,487142255,https://inaturalist-open-data.s3.amazonaws.com/photos/487142255/medium.jpeg,CC-BY 4.0,Philip Schaffer,philip_schaffer,2025-04-12,https://www.inaturalist.org/observations/270860669,"© Philip Schaffer, some rights reserved (CC-BY)",4bfad82935816d06c2ff28babaa852e6e227fa47572e3670eaa55778180db9de
Tinca tinca,684930366,https://inaturalist-open-data.s3.amazonaws.com/photos/684930366/medium.jpg,CC-BY 4.0,harry beaman,harrybeaman,2026-06-23,https://www.inaturalist.org/observations/374712889,"© harry beaman, some rights reserved (CC-BY)",00a71c0c60c75e3b850449ed78be73c4f17b0d3b018fb95f000cfe7643776c6b
Tinca tinca,287971421,https://inaturalist-open-data.s3.amazonaws.com/photos/287971421/medium.jpeg,CC-BY 4.0,Clive Freedman,cf125,2023-06-08,https://www.inaturalist.org/observations/166303159,"© Clive Freedman, some rights reserved (CC-BY)",7a776aa85635e05ef723e6a4d6b978f245d0141ef50e09b2c53e369b33176bfc
Tinca tinca,669524406,https://inaturalist-open-data.s3.amazonaws.com/photos/669524406/medium.jpg,CC-BY 4.0,Valentin Moser,vmoser,2026-05-22,https://www.inaturalist.org/observations/366658018,"© Valentin Moser, some rights reserved (CC-BY)",5da32546526cb3ecf091f3236e9f3ea609f92a5b821002ea9b8080c53bf6fecd
Tinca tinca,100169278,https://inaturalist-open-data.s3.amazonaws.com/photos/100169278/medium.jpeg,CC-BY 4.0,Valentin Moser,vmoser,2020-07-30,https://www.inaturalist.org/observations/62512253,"© Valentin Moser, some rights reserved (CC-BY)",9f31393ccc9cbb83ea830bb4b11c621061c3e1dd9cb58461f80e5f1c6f8aaf0d
Tinca tinca,107654498,https://inaturalist-open-data.s3.amazonaws.com/photos/107654498/medium.jpeg,CC-BY 4.0,Valentin Moser,vmoser,2020-12-13,https://www.inaturalist.org/observations/66738062,"© Valentin Moser, some rights reserved (CC-BY)",3459acb765bc7b1e1b40d124ea63ae9831f874a0ffb890c7753b12eed368e094
Tinca tinca,383577201,https://inaturalist-open-data.s3.amazonaws.com/photos/383577201/medium.jpg,CC-BY 4.0,Stefan Metz,stevem61,2024-05-19,https://www.inaturalist.org/observations/216864643,"© Stefan Metz, some rights reserved (CC-BY)",8140ff1ec70be8997024ed5d9d9fa424b1c35e2a19df8519ed6cac38e74ae53b
Tinca tinca,214735118,https://inaturalist-open-data.s3.amazonaws.com/photos/214735118/medium.jpeg,CC-BY 4.0,Valentin Moser,vmoser,2022-07-13,https://www.inaturalist.org/observations/126553695,"© Valentin Moser, some rights reserved (CC-BY)",b45da8832f51e2ef3f18651ebf99c60d4c5a61a335d7c5610ee3a6aeb51a4316
Tinca tinca,683481624,https://inaturalist-open-data.s3.amazonaws.com/photos/683481624/medium.jpg,CC-BY 4.0,Charlotte Kirchner,charlottekirchner,2026-06-21,https://www.inaturalist.org/observations/373963050,"© Charlotte Kirchner, some rights reserved (CC-BY)",0032015e9c369a3797f4200aca8cb1dd1eb5ef1f8388f65a0e716c42a5eee8af
Tinca tinca,424172516,https://inaturalist-open-data.s3.amazonaws.com/photos/424172516/medium.jpeg,CC-BY 4.0,Philip Schaffer,philip_schaffer,2024-08-27,https://www.inaturalist.org/observations/238275252,"© Philip Schaffer, some rights reserved (CC-BY)",4f7dde3ade8e3ae347109bf30968f766b28c76dac4da4884f678d032ef181b94
Tinca tinca,528269396,https://inaturalist-open-data.s3.amazonaws.com/photos/528269396/medium.jpg,CC-BY 4.0,Nicola Crockford,nicolacrockford,2025-06-28,https://www.inaturalist.org/observations/293503193,"© Nicola Crockford, some rights reserved (CC-BY)",939dfe096c10d97c0fe4db8dc1b9aa7bcc3557dfa0fec21932595535b0dba6af
Tinca tinca,528269384,https://inaturalist-open-data.s3.amazonaws.com/photos/528269384/medium.jpg,CC-BY 4.0,Nicola Crockford,nicolacrockford,2025-06-28,https://www.inaturalist.org/observations/293503193,"© Nicola Crockford, some rights reserved (CC-BY)",b0e7aa4a32bfa1c749cbb77d30c4dd18c7eba606ee620794c91af30f74b3befc
Tinca tinca,293412953,https://inaturalist-open-data.s3.amazonaws.com/photos/293412953/medium.jpeg,CC-BY 4.0,Johannes Schlagbauer,johannes_s,2023-06-24,https://www.inaturalist.org/observations/169255773,"© Johannes Schlagbauer, some rights reserved (CC-BY)",7cb41016c42c5a901f72162720d141dd3a32fa0107fd9b844b8cac403b69b459
Tinca tinca,528269898,https://inaturalist-open-data.s3.amazonaws.com/photos/528269898/medium.jpg,CC-BY 4.0,Nicola Crockford,nicolacrockford,2025-06-28,https://www.inaturalist.org/observations/293503405,"© Nicola Crockford, some rights reserved (CC-BY)",c6cde3e22bc65aced1e3e0b0a1498b331d0d5cb0e799d7f5ff3eed66ee2f80a1
Tinca tinca,528269894,https://inaturalist-open-data.s3.amazonaws.com/photos/528269894/medium.jpg,CC-BY 4.0,Nicola Crockford,nicolacrockford,2025-06-28,https://www.inaturalist.org/observations/293503405,"© Nicola Crockford, some rights reserved (CC-BY)",3967b5cc81e07d7bfaf09b743e7450f2cb671b5ecf777ed49e1e5b2bb6497a52
Tinca tinca,293839910,https://inaturalist-open-data.s3.amazonaws.com/photos/293839910/medium.jpg,CC-BY 4.0,Nicola Crockford,nicolacrockford,2023-06-25,https://www.inaturalist.org/observations/169485368,"© Nicola Crockford, some rights reserved (CC-BY)",9556f0e0a51227a33f0d01b17843095005532473875c00c2ea4e3cfd00b64b1f
Tinca tinca,524095021,https://inaturalist-open-data.s3.amazonaws.com/photos/524095021/medium.jpg,CC-BY 4.0,Nicola Crockford,nicolacrockford,2025-06-20,https://www.inaturalist.org/observations/291297090,"© Nicola Crockford, some rights reserved (CC-BY)",a06cec1464e9f71a58843e4ff92be53771664811cc5607f97faef891664cf288
Tinca tinca,605113177,https://inaturalist-open-data.s3.amazonaws.com/photos/605113177/medium.jpg,CC-BY 4.0,Johannes S.,jo-s,2024-06-15,https://www.inaturalist.org/observations/333318917,"© Johannes S., some rights reserved (CC-BY)",aff03d368edbda8755c22dafa091f730cf25f2444f9c8c347be3dd0728626ceb
Tinca tinca,668208022,https://inaturalist-open-data.s3.amazonaws.com/photos/668208022/medium.jpg,CC-BY 4.0,Davide,dedde,2026-05-24,https://www.inaturalist.org/observations/365965634,"© Davide, some rights reserved (CC-BY)",dc375496ce3d71c1e4e5be4513996a05a0ac84c8ac684c3927cd3067202feced
Tinca tinca,187198245,https://inaturalist-open-data.s3.amazonaws.com/photos/187198245/medium.jpg,CC-BY 4.0,Shaun Lee,shaun-lee,2022-04-10,https://www.inaturalist.org/observations/110925293,"© Shaun Lee, some rights reserved (CC-BY)",d76653609453956303474643e30739ab3f2548a16ffed7f3b1f6c0a02f95ca41
Tinca tinca,383581654,https://inaturalist-open-data.s3.amazonaws.com/photos/383581654/medium.jpeg,CC-BY 4.0,Stefan Metz,stevem61,2024-05-19,https://www.inaturalist.org/observations/216866975,"© Stefan Metz, some rights reserved (CC-BY)",645eb8d188b5508894eaee42631293334d2e9291915350df228db6be36d8794d
Dreissena polymorpha,240013982,https://inaturalist-open-data.s3.amazonaws.com/photos/240013982/medium.jpeg,CC-BY 4.0,Valentin Moser,vmoser,2022-10-27,https://www.inaturalist.org/observations/140232688,"© Valentin Moser, some rights reserved (CC-BY)",cb070782f351d69f843e1b5652ede38c1b04ff2c0195e4effcaa259f3eb8b827
Dreissena polymorpha,475179920,https://inaturalist-open-data.s3.amazonaws.com/photos/475179920/medium.jpeg,CC-BY 4.0,Eric Schmidt,eric-schmitty,2024-07-26,https://www.inaturalist.org/observations/264619681,"© Eric Schmidt, some rights reserved (CC-BY)",ba687710d46a67605f58d170c20d0944d2d5298df3d0c2e9e7dbe9626c3d86ce
Dreissena polymorpha,4125199,https://inaturalist-open-data.s3.amazonaws.com/photos/4125199/medium.jpg,CC-BY 4.0,Julien Renoult,jujurenoult,2016-06-25,https://www.inaturalist.org/observations/3539334,"© Julien Renoult, some rights reserved (CC-BY)",2224f6345581f03bdf3c5931e86139365692d5512caa1e6bd1a24604ff46df5c
Dreissena polymorpha,4125197,https://inaturalist-open-data.s3.amazonaws.com/photos/4125197/medium.jpg,CC-BY 4.0,Julien Renoult,jujurenoult,2016-06-25,https://www.inaturalist.org/observations/3539334,"© Julien Renoult, some rights reserved (CC-BY)",214d3be519d6a78f2fbee4d9bbcca3180ed5912a19ba1be97f6199685256dda9
Dreissena polymorpha,364180797,https://inaturalist-open-data.s3.amazonaws.com/photos/364180797/medium.jpeg,CC-BY 4.0,Nicola Crockford,nicolacrockford,2024-04-07,https://www.inaturalist.org/observations/205933412,"© Nicola Crockford, some rights reserved (CC-BY)",dac3bc2ee02b18b374e83b80114cb94e1df700f0b3e520102a1886e6f48df770
Dreissena polymorpha,351687254,https://inaturalist-open-data.s3.amazonaws.com/photos/351687254/medium.jpeg,CC-BY 4.0,Annika Lindqvist,annikaml,2024-02-13,https://www.inaturalist.org/observations/199423882,"© Annika Lindqvist, some rights reserved (CC-BY)",6f687b3f886f0de757bfae19b37553728a8009dfb0d6243ec481cce5b95340b7
Dreissena polymorpha,351687259,https://inaturalist-open-data.s3.amazonaws.com/photos/351687259/medium.jpeg,CC-BY 4.0,Annika Lindqvist,annikaml,2024-02-13,https://www.inaturalist.org/observations/199423882,"© Annika Lindqvist, some rights reserved (CC-BY)",17ef1d19aec56ddc44ea58e3f6e750016027124289487f75c01d63aeedc801ce
Dreissena polymorpha,450500912,https://inaturalist-open-data.s3.amazonaws.com/photos/450500912/medium.jpeg,CC-BY 4.0,Joseph Aubert,cynodon,2024-10-13,https://www.inaturalist.org/observations/251742597,"© Joseph Aubert, some rights reserved (CC-BY)",710d64b6ea76aa8ae1c437d6fcdfcd709bd29223b6cd6042645a6a4f651e276e
Dreissena polymorpha,506685138,https://inaturalist-open-data.s3.amazonaws.com/photos/506685138/medium.jpg,CC-BY 4.0,Nicola Crockford,nicolacrockford,2025-05-17,https://www.inaturalist.org/observations/282036197,"© Nicola Crockford, some rights reserved (CC-BY)",7dbbdd048946fa6b7d366ee8f77cbc9c8f4d1620175826eb27fae9b89897ada2
Dreissena polymorpha,506685191,https://inaturalist-open-data.s3.amazonaws.com/photos/506685191/medium.jpg,CC-BY 4.0,Nicola Crockford,nicolacrockford,2025-05-17,https://www.inaturalist.org/observations/282036197,"© Nicola Crockford, some rights reserved (CC-BY)",13ff2bc2208d1f19adfc353414cda408ac622bb40e6de5b2a0f76b96b8752848
Dreissena polymorpha,474196543,https://inaturalist-open-data.s3.amazonaws.com/photos/474196543/medium.jpeg,CC-BY 4.0,Nicola Crockford,nicolacrockford,2025-03-01,https://www.inaturalist.org/observations/263913139,"© Nicola Crockford, some rights reserved (CC-BY)",39927b84acbe23bc1e84cab5602fcfc8429ba42e9cb83f713833cabf0939d122
Dreissena polymorpha,126995785,https://inaturalist-open-data.s3.amazonaws.com/photos/126995785/medium.jpeg,CC-BY 4.0,carnifex,carnifex,2021-05-03,https://www.inaturalist.org/observations/77643955,"© carnifex, some rights reserved (CC-BY)",ac6f5bff5219ac9c754a79159275e024caf754e13de1d20aec877e5f202dd873
Dreissena polymorpha,126995753,https://inaturalist-open-data.s3.amazonaws.com/photos/126995753/medium.jpeg,CC-BY 4.0,carnifex,carnifex,2021-05-03,https://www.inaturalist.org/observations/77643955,"© carnifex, some rights reserved (CC-BY)",ab28038479c2ca662345d476586ea89f1e69fa92596ed83e4a2689d43446cac7
Dreissena polymorpha,43616527,https://inaturalist-open-data.s3.amazonaws.com/photos/43616527/medium.jpeg,CC-BY 4.0,Philipp Pavelka,philpav,2019-06-30,https://www.inaturalist.org/observations/27998820,"© Philipp Pavelka, some rights reserved (CC-BY)",1ae170759b69c2df00a7c2c506b7d5bc122e10fd7f63926b4ab8907adfbee9c8
Dreissena polymorpha,43616548,https://inaturalist-open-data.s3.amazonaws.com/photos/43616548/medium.jpeg,CC-BY 4.0,Philipp Pavelka,philpav,2019-06-30,https://www.inaturalist.org/observations/27998820,"© Philipp Pavelka, some rights reserved (CC-BY)",620dbbd3bf2cab1bda701a8e3b1e55e0f433c05fcc78862166ea682fb3795d8d
Dreissena polymorpha,528331947,https://inaturalist-open-data.s3.amazonaws.com/photos/528331947/medium.jpg,CC-BY 4.0,Dmitry Ivanov,ivanovdg19,2025-06-28,https://www.inaturalist.org/observations/293538095,"© Dmitry Ivanov, some rights reserved (CC-BY)",9dfeed36a45c5c6cabae490162dc74ac0f9302abc9a790ba651347372ee09511
Dreissena polymorpha,528331936,https://inaturalist-open-data.s3.amazonaws.com/photos/528331936/medium.jpg,CC-BY 4.0,Dmitry Ivanov,ivanovdg19,2025-06-28,https://www.inaturalist.org/observations/293538095,"© Dmitry Ivanov, some rights reserved (CC-BY)",0f73bb3c92778483e01637d46975e8401a47b07e823a289c7f1208bfd7b0aa3c
Dreissena polymorpha,293416455,https://inaturalist-open-data.s3.amazonaws.com/photos/293416455/medium.jpeg,CC-BY 4.0,Johannes Schlagbauer,johannes_s,2023-06-24,https://www.inaturalist.org/observations/169255779,"© Johannes Schlagbauer, some rights reserved (CC-BY)",7955630566b45783a766c525ea93453857d8d1b682977f49ca98d482259203b3
Dreissena polymorpha,293416414,https://inaturalist-open-data.s3.amazonaws.com/photos/293416414/medium.jpeg,CC-BY 4.0,Johannes Schlagbauer,johannes_s,2023-06-24,https://www.inaturalist.org/observations/169255779,"© Johannes Schlagbauer, some rights reserved (CC-BY)",a9873837b58d13330c6f3c9bd4e25408326e1518e07c4eaaf2ebca77e522eae4
Dreissena polymorpha,23109571,https://inaturalist-open-data.s3.amazonaws.com/photos/23109571/medium.jpg,CC-BY 4.0,John G. Phillips,johngsalamander,2018-06-26,https://www.inaturalist.org/observations/15413705,"© John G. Phillips, some rights reserved (CC-BY)",71a1444b63a3a40f2f5d15bc1f328726916b7fe58014a941a404894d261e417e
Dreissena polymorpha,336924045,https://inaturalist-open-data.s3.amazonaws.com/photos/336924045/medium.jpg,CC-BY 4.0,Sam Turner,sam10turner,2023-11-24,https://www.inaturalist.org/observations/191980808,"© Sam Turner, some rights reserved (CC-BY)",db80031bb95a342e5cfbfc2327f8f6eca84b4abf65664d30f63f92fdc66476b1
Dreissena polymorpha,416829207,https://inaturalist-open-data.s3.amazonaws.com/photos/416829207/medium.jpeg,CC-BY 4.0,Luke Padon,threeagoutdoors,2024-08-06,https://www.inaturalist.org/observations/234466315,"© Luke Padon, some rights reserved (CC-BY)",b460cd3b5613813815e277fd0e65018e10f24ac9f9520e8dc5ac0ac2ac7b14b6
Dreissena polymorpha,503535068,https://inaturalist-open-data.s3.amazonaws.com/photos/503535068/medium.jpeg,CC-BY 4.0,Nicola Crockford,nicolacrockford,2025-05-11,https://www.inaturalist.org/observations/280367409,"© Nicola Crockford, some rights reserved (CC-BY)",9ce794335cb917208deddfcb08edb5d00412e0ae33146c45b651fa9a7ac8bf20
Dreissena polymorpha,316021502,https://inaturalist-open-data.s3.amazonaws.com/photos/316021502/medium.jpeg,CC-BY 4.0,Nicola Crockford,nicolacrockford,2023-09-01,https://www.inaturalist.org/observations/181336352,"© Nicola Crockford, some rights reserved (CC-BY)",4acd3bbd9449390a43f93d67e73ea48a2c355edb0ade3b1d91f1970f03c59365
Dreissena polymorpha,301111266,https://inaturalist-open-data.s3.amazonaws.com/photos/301111266/medium.jpg,CC-BY 4.0,Donald Davesne,donalddavesne,2023-07-08,https://www.inaturalist.org/observations/173389737,"© Donald Davesne, some rights reserved (CC-BY)",0395e09ea1f2998ac0652608d09f418b441b8fbf3bb6e007aadfc9bb440dd7e9
Dreissena polymorpha,443687490,https://inaturalist-open-data.s3.amazonaws.com/photos/443687490/medium.jpeg,CC-BY 4.0,Valentin Moser,vmoser,2024-10-20,https://www.inaturalist.org/observations/248336718,"© Valentin Moser, some rights reserved (CC-BY)",adee7f3a209d0a1c4c9dc5214683fba5636624581a0c00e6892c3f5086de0c41
Dreissena polymorpha,31546413,https://inaturalist-open-data.s3.amazonaws.com/photos/31546413/medium.jpg,CC-BY 4.0,Gordon C. Snelling,gcsnelling,2006-08-22,https://www.inaturalist.org/observations/20433042,"© Gordon C. Snelling, some rights reserved (CC-BY)",b9b70509adbb6a808b91070e8eca7350e57fe3d96317c662c5421049ba97985d
Dreissena polymorpha,520414198,https://inaturalist-open-data.s3.amazonaws.com/photos/520414198/medium.jpg,CC-BY 4.0,Nicola Crockford,nicolacrockford,2025-06-13,https://www.inaturalist.org/observations/289346785,"© Nicola Crockford, some rights reserved (CC-BY)",d2cefc87e02ef15060d4766cb1415e6e143f40ce7d12e9b705a1ec375aa383bc
Dreissena polymorpha,200964915,https://inaturalist-open-data.s3.amazonaws.com/photos/200964915/medium.jpeg,CC-BY 4.0,Valentin Moser,vmoser,2022-05-24,https://www.inaturalist.org/observations/118913728,"© Valentin Moser, some rights reserved (CC-BY)",527a96dbe6685c8738e628459fcb71665ec101207014c5527993c884632525e6
