species,photo_id,url,license,author,author_login,observed_on,source_page,attribution,sha256,license_code,license_url,taxon_id,retrieved_utc
Chromis chromis,140362915,https://inaturalist-open-data.s3.amazonaws.com/photos/140362915/medium.jpg,CC-BY 4.0,Golfopolikayak,golfopolikayakl,2021-06-30,https://www.inaturalist.org/observations/85320605,"© Golfopolikayak, some rights reserved (CC-BY)",c3a3ee06f9b6d970c85c33ab0b5459b9330f05dfc8df09539f19da8e4928c8fa,cc-by,https://creativecommons.org/licenses/by/4.0/,118682,2026-09-26T05:34:04Z
Chromis chromis,685870887,https://inaturalist-open-data.s3.amazonaws.com/photos/685870887/medium.jpg,CC-BY 4.0,shahar chaikin,shaharchaikin,2026-06-24,https://www.inaturalist.org/observations/375197070,"© shahar chaikin, some rights reserved (CC-BY)",18353a3a4e4f8e3da3ed267caa83320f47e0a9381f790a30bcf0071819b71150,cc-by,https://creativecommons.org/licenses/by/4.0/,118682,2026-09-26T05:34:08Z
Chromis chromis,527922937,https://inaturalist-open-data.s3.amazonaws.com/photos/527922937/medium.jpg,CC-BY 4.0,Chris Taklis,ctaklis,2025-06-23,https://www.inaturalist.org/observations/293315703,"© Chris Taklis, some rights reserved (CC-BY)",8a90ed0182120cffe8148ff7cb233743179fb2a2b7bd592704928805627276d5,cc-by,https://creativecommons.org/licenses/by/4.0/,118682,2026-09-26T05:34:17Z
Chromis chromis,527923012,https://inaturalist-open-data.s3.amazonaws.com/photos/527923012/medium.jpg,CC-BY 4.0,Chris Taklis,ctaklis,2025-06-23,https://www.inaturalist.org/observations/293315703,"© Chris Taklis, some rights reserved (CC-BY)",70c3b939a1e538fb5ada935b0de887980e753da042e44ad15256bfdf1b3abfc9,cc-by,https://creativecommons.org/licenses/by/4.0/,118682,2026-09-26T05:34:15Z
Chromis chromis,315144956,https://inaturalist-open-data.s3.amazonaws.com/photos/315144956/medium.jpeg,CC-BY 4.0,Michael Berardozzi,berardom,2023-08-28,https://www.inaturalist.org/observations/180875716,"© Michael Berardozzi, some rights reserved (CC-BY)",0cb6286c8c47734452eae6b02464c341e318eda6dd632015617934470e530fbb,cc-by,https://creativecommons.org/licenses/by/4.0/,118682,2026-09-26T05:34:17Z
Chromis chromis,556107051,https://inaturalist-open-data.s3.amazonaws.com/photos/556107051/medium.jpg,CC-BY 4.0,Andrea Adelfio,andreaadelfio,2025-08-03,https://www.inaturalist.org/observations/308384615,"© Andrea Adelfio, some rights reserved (CC-BY)",2858d4b369f6e396d2933344513a3dab64233627ae37fd7999111facddcfe249,cc-by,https://creativecommons.org/licenses/by/4.0/,118682,2026-09-26T05:34:19Z
Chromis chromis,556107139,https://inaturalist-open-data.s3.amazonaws.com/photos/556107139/medium.jpg,CC-BY 4.0,Andrea Adelfio,andreaadelfio,2025-08-03,https://www.inaturalist.org/observations/308384615,"© Andrea Adelfio, some rights reserved (CC-BY)",8e773a552f58952d98331274f2d4f0a928f8babded2349eff34d11a6a5b69b66,cc-by,https://creativecommons.org/licenses/by/4.0/,118682,2026-09-26T05:34:20Z
Chromis chromis,164945059,https://inaturalist-open-data.s3.amazonaws.com/photos/164945059/medium.jpg,CC-BY 4.0,Juraj Ahel,xeniorn,2018-08-18,https://www.inaturalist.org/observations/98998974,"© Juraj Ahel, some rights reserved (CC-BY)",25ce1c83db6ccfa067221f915a05d0bd5ce9c721f7d269803b8235c51dd33653,cc-by,https://creativecommons.org/licenses/by/4.0/,118682,2026-09-26T05:34:21Z
Chromis chromis,52423794,https://inaturalist-open-data.s3.amazonaws.com/photos/52423794/medium.jpeg,CC-BY 4.0,Eridan Xharahi,eridanxharahi,2019-09-10,https://www.inaturalist.org/observations/33380711,"© Eridan Xharahi, some rights reserved (CC-BY)",5d6c61ba61a528e1412e3ab3176bcb18254ea89d94e850a16c2fc6adb8566734,cc-by,https://creativecommons.org/licenses/by/4.0/,118682,2026-09-26T05:34:22Z
Chromis chromis,77059269,https://inaturalist-open-data.s3.amazonaws.com/photos/77059269/medium.jpeg,CC-BY 4.0,Chris Taklis,ctaklis,2020-06-05,https://www.inaturalist.org/observations/48573392,"© Chris Taklis, some rights reserved (CC-BY)",b70b1d723ae43d67f327e02c3927a6aad488ca0db6c104a13d4aa7fab3f75944,cc-by,https://creativecommons.org/licenses/by/4.0/,118682,2026-09-26T05:34:22Z
Chromis chromis,202944696,https://inaturalist-open-data.s3.amazonaws.com/photos/202944696/medium.jpeg,CC-BY 4.0,Chris Taklis,ctaklis,2022-06-01,https://www.inaturalist.org/observations/120018957,"© Chris Taklis, some rights reserved (CC-BY)",3c980e68d401097b2a3e610f8e02f5030a2dd67b7164e03c369ba90cff21a317,cc-by,https://creativecommons.org/licenses/by/4.0/,118682,2026-09-26T05:34:22Z
Chromis chromis,63579740,https://inaturalist-open-data.s3.amazonaws.com/photos/63579740/medium.jpeg,CC-BY 4.0,Yves Bas,yvesbas,2019-05-10,https://www.inaturalist.org/observations/40034692,"© Yves Bas, some rights reserved (CC-BY)",628a33e333de250ab4e7db68854b1399b01db121b4daaefb2ea03e27f4f1b312,cc-by,https://creativecommons.org/licenses/by/4.0/,118682,2026-09-26T05:34:23Z
Chromis chromis,63579762,https://inaturalist-open-data.s3.amazonaws.com/photos/63579762/medium.jpeg,CC-BY 4.0,Yves Bas,yvesbas,2019-05-10,https://www.inaturalist.org/observations/40034692,"© Yves Bas, some rights reserved (CC-BY)",3ad9694231bb45a5bef00f806cc158b8cdf543df65e1eb809b88029121194d46,cc-by,https://creativecommons.org/licenses/by/4.0/,118682,2026-09-26T05:34:23Z
Chromis chromis,230877026,https://inaturalist-open-data.s3.amazonaws.com/photos/230877026/medium.jpg,CC-BY 4.0,Juraj Ahel,xeniorn,2022-08-23,https://www.inaturalist.org/observations/135381944,"© Juraj Ahel, some rights reserved (CC-BY)",3b3569b06d515928ba6a2d4603ce49bc7604a7bfcc15bbaf0abffd4e24e378f9,cc-by,https://creativecommons.org/licenses/by/4.0/,118682,2026-09-26T05:34:23Z
Chromis chromis,228277042,https://inaturalist-open-data.s3.amazonaws.com/photos/228277042/medium.jpg,CC-BY 4.0,Juraj Ahel,xeniorn,2022-08-12,https://www.inaturalist.org/observations/133971594,"© Juraj Ahel, some rights reserved (CC-BY)",03062200af15a7ccf92b62d415bb9b5fdb6d5cf3082d1a845834cc06f0f0d0d4,cc-by,https://creativecommons.org/licenses/by/4.0/,118682,2026-09-26T05:34:24Z
Chromis chromis,313934541,https://inaturalist-open-data.s3.amazonaws.com/photos/313934541/medium.jpeg,CC-BY 4.0,Sarah Faulwetter,sarahfaulwetter,2023-08-26,https://www.inaturalist.org/observations/180246337,"© Sarah Faulwetter, some rights reserved (CC-BY)",f1ef811147e3ca137645b23306bd6f7636dd29ab4be4e5cfca0a52c6b7b41b3c,cc-by,https://creativecommons.org/licenses/by/4.0/,118682,2026-09-26T05:34:24Z
Chromis chromis,520664499,https://inaturalist-open-data.s3.amazonaws.com/photos/520664499/medium.jpg,CC-BY 4.0,Nicola Crockford,nicolacrockford,2025-06-09,https://www.inaturalist.org/observations/289475187,"© Nicola Crockford, some rights reserved (CC-BY)",2455452bf86677e49b7832885176319202a85c834c6ac06ab520c8249c05d759,cc-by,https://creativecommons.org/licenses/by/4.0/,118682,2026-09-26T05:34:24Z
Chromis chromis,704018397,https://inaturalist-open-data.s3.amazonaws.com/photos/704018397/medium.jpg,CC-BY 4.0,Gavin Skeen,gavin_skeen,2026-07-23,https://www.inaturalist.org/observations/384600322,"© Gavin Skeen, some rights reserved (CC-BY)",a3162c9cecb0f112ca098db5e85f0f30661429670911546aafa799bc3f302dd1,cc-by,https://creativecommons.org/licenses/by/4.0/,118682,2026-09-26T05:34:24Z
Chromis chromis,583957498,https://inaturalist-open-data.s3.amazonaws.com/photos/583957498/medium.jpg,CC-BY 4.0,Chris Procter,chrisprocter,2025-10-24,https://www.inaturalist.org/observations/322770425,"© Chris Procter, some rights reserved (CC-BY)",9deb113fa822b6ece75553b29b47a76c022deec2ca570c28007935a11a242355,cc-by,https://creativecommons.org/licenses/by/4.0/,118682,2026-09-26T05:34:24Z
Chromis chromis,573940119,https://inaturalist-open-data.s3.amazonaws.com/photos/573940119/medium.jpg,CC-BY 4.0,Sylvain Eichhorn,sylvain_eichhorn,2025-09-25,https://www.inaturalist.org/observations/317613537,"© Sylvain Eichhorn, some rights reserved (CC-BY)",2d83c4ccb5105fea5661405b4dd267c2d872aaceda10e6631c682b2d9e7ce4b5,cc-by,https://creativecommons.org/licenses/by/4.0/,118682,2026-09-26T05:34:26Z
Chromis chromis,578374897,https://inaturalist-open-data.s3.amazonaws.com/photos/578374897/medium.jpg,CC-BY 4.0,Samuel GUIRAUDOU,samuel_guiraudou,2025-06-01,https://www.inaturalist.org/observations/319941981,"© Samuel GUIRAUDOU, some rights reserved (CC-BY)",5a9a7e8a51443266a30e3d8c24c5f5d3474ea0d1c6c273e3e29e8a69e2877260,cc-by,https://creativecommons.org/licenses/by/4.0/,118682,2026-09-26T05:34:26Z
Chromis chromis,161899301,https://inaturalist-open-data.s3.amazonaws.com/photos/161899301/medium.jpg,CC-BY 4.0,Juraj Ahel,xeniorn,2014-08-25,https://www.inaturalist.org/observations/97357986,"© Juraj Ahel, some rights reserved (CC-BY)",8143553b1cfb5a6666e0431c52f3810a3688d0a3b2ceb794c8e11085aa1fcead,cc-by,https://creativecommons.org/licenses/by/4.0/,118682,2026-09-26T05:34:26Z
Chromis chromis,163330940,https://inaturalist-open-data.s3.amazonaws.com/photos/163330940/medium.jpg,CC-BY 4.0,Caleb Catto,calebcatto,2021-10-11,https://www.inaturalist.org/observations/98136304,"© Caleb Catto, some rights reserved (CC-BY)",056e68a3d300aeaa73dbb9d09e6d3b5ee4edc1825128efeba969bc178e162a8b,cc-by,https://creativecommons.org/licenses/by/4.0/,118682,2026-09-26T05:34:26Z
Chromis chromis,163330951,https://inaturalist-open-data.s3.amazonaws.com/photos/163330951/medium.jpg,CC-BY 4.0,Caleb Catto,calebcatto,2021-10-11,https://www.inaturalist.org/observations/98136304,"© Caleb Catto, some rights reserved (CC-BY)",d4a4b1de696194425d797f4db2cc1ae5fb84de66731c89a3200e2b463941fd83,cc-by,https://creativecommons.org/licenses/by/4.0/,118682,2026-09-26T05:34:27Z
Chromis chromis,528676779,https://inaturalist-open-data.s3.amazonaws.com/photos/528676779/medium.jpg,CC-BY 4.0,ecovore,ecovore,2025-06-19,https://www.inaturalist.org/observations/293748684,"© ecovore, some rights reserved (CC-BY)",01dac5a24cdb07c407812a08b19073354e293f371aeeea37d5641ff37135f544,cc-by,https://creativecommons.org/licenses/by/4.0/,118682,2026-09-26T05:34:27Z
Chromis chromis,654650694,https://inaturalist-open-data.s3.amazonaws.com/photos/654650694/medium.jpg,CC-BY 4.0,André Ambrozio,andre_ambrozio,2026-05-04,https://www.inaturalist.org/observations/358834973,"© André Ambrozio, some rights reserved (CC-BY)",63caf7d580e106d4a22514bba009340df78c31a0bd6cd3cb18206aa194f5887b,cc-by,https://creativecommons.org/licenses/by/4.0/,118682,2026-09-26T05:34:28Z
Chromis chromis,654650687,https://inaturalist-open-data.s3.amazonaws.com/photos/654650687/medium.jpg,CC-BY 4.0,André Ambrozio,andre_ambrozio,2026-05-04,https://www.inaturalist.org/observations/358834973,"© André Ambrozio, some rights reserved (CC-BY)",4790f0765f6886928154f807ae322fd2b15f1f169c92b4abd17fe6eff0c76e6b,cc-by,https://creativecommons.org/licenses/by/4.0/,118682,2026-09-26T05:34:28Z
Chromis chromis,530705649,https://inaturalist-open-data.s3.amazonaws.com/photos/530705649/medium.jpg,CC-BY 4.0,Radu Teodoreanu,ra_teo,2025-07-02,https://www.inaturalist.org/observations/294824555,"© Radu Teodoreanu, some rights reserved (CC-BY)",f7b27eb5e03e8315f69cb6f94eef8e17119d135cf484878e0ffd172368ba8509,cc-by,https://creativecommons.org/licenses/by/4.0/,118682,2026-09-26T05:34:28Z
Chromis chromis,704018798,https://inaturalist-open-data.s3.amazonaws.com/photos/704018798/medium.jpg,CC-BY 4.0,Gavin Skeen,gavin_skeen,2026-07-23,https://www.inaturalist.org/observations/384600335,"© Gavin Skeen, some rights reserved (CC-BY)",864b79e7f9d2ffdb401f334aceddb47d8de85221ebabe821c21a1b9b844e6ae4,cc-by,https://creativecommons.org/licenses/by/4.0/,118682,2026-09-26T05:34:29Z
Chromis chromis,704018737,https://inaturalist-open-data.s3.amazonaws.com/photos/704018737/medium.jpg,CC-BY 4.0,Gavin Skeen,gavin_skeen,2026-07-23,https://www.inaturalist.org/observations/384600335,"© Gavin Skeen, some rights reserved (CC-BY)",ed7b56d3237ebaf42a6ec1fe9937fa1ecc69aca0f05b9dad45a25f16fdc93836,cc-by,https://creativecommons.org/licenses/by/4.0/,118682,2026-09-26T05:34:28Z
Chromis chromis,147220659,https://inaturalist-open-data.s3.amazonaws.com/photos/147220659/medium.jpg,CC-BY 4.0,Emilio Taggi,vin_tag_e,2021-07-29,https://www.inaturalist.org/observations/89167592,"© Emilio Taggi, some rights reserved (CC-BY)",6a60aaa907b4260b322f15a06babe0c158934e5d220a82bb02298f3873f5d8d4,cc-by,https://creativecommons.org/licenses/by/4.0/,118682,2026-09-26T05:34:21Z
Chromis chromis,316077133,https://inaturalist-open-data.s3.amazonaws.com/photos/316077133/medium.jpeg,CC-BY 4.0,Yves Bas,yvesbas,2023-08-26,https://www.inaturalist.org/observations/181387386,"© Yves Bas, some rights reserved (CC-BY)",2e28f414e001ba4afabf462596b1ca2a71a536c87c0e772b80d19a0fb9be1392,cc-by,https://creativecommons.org/licenses/by/4.0/,118682,2026-09-26T05:34:42Z
Chromis chromis,621527866,https://inaturalist-open-data.s3.amazonaws.com/photos/621527866/medium.jpg,CC-BY 4.0,Sean Hartnett,apricaria,2026-03-02,https://www.inaturalist.org/observations/341416652,"© Sean Hartnett, some rights reserved (CC-BY)",ab72b0619778d08951801e2baa9e20eaa648452bb84c4b82e132975339dc864f,cc-by,https://creativecommons.org/licenses/by/4.0/,118682,2026-09-26T05:34:39Z
Chromis chromis,684780491,https://inaturalist-open-data.s3.amazonaws.com/photos/684780491/medium.jpg,CC-BY 4.0,Vasileia Sef,vasileiasef,2026-06-20,https://www.inaturalist.org/observations/374634175,"© Vasileia Sef, some rights reserved (CC-BY)",e0bedb211500a40eaebbedc2916f9baecad51b632047fe6a0fa4f284407e1a0f,cc-by,https://creativecommons.org/licenses/by/4.0/,118682,2026-09-26T05:34:25Z
Chromis chromis,229975408,https://inaturalist-open-data.s3.amazonaws.com/photos/229975408/medium.jpg,CC-BY 4.0,Juraj Ahel,xeniorn,2022-09-12,https://www.inaturalist.org/observations/134889060,"© Juraj Ahel, some rights reserved (CC-BY)",c7f6ca69c077fb5f3df46edbd28745a5d943165aa36a3f4de52acdcdfd8c232a,cc-by,https://creativecommons.org/licenses/by/4.0/,118682,2026-09-26T05:34:41Z
Chromis chromis,721972256,https://inaturalist-open-data.s3.amazonaws.com/photos/721972256/medium.jpg,CC-BY 4.0,EmaD,ema34318,2026-08-17,https://www.inaturalist.org/observations/393860868,"© EmaD, some rights reserved (CC-BY)",e0cfb51c6effdff85e17700fabc0e0e3e4a27f2f675aeaf21fa46f4701b332c3,cc-by,https://creativecommons.org/licenses/by/4.0/,118682,2026-09-26T05:34:49Z
Chromis chromis,526294415,https://inaturalist-open-data.s3.amazonaws.com/photos/526294415/medium.jpg,CC-BY 4.0,Vasileia Sef,vasileiasef,2025-06-20,https://www.inaturalist.org/observations/292457090,"© Vasileia Sef, some rights reserved (CC-BY)",989b44907193ea30215db1459bb2d3df392ef71554a3fe3899c976ea06db7ed7,cc-by,https://creativecommons.org/licenses/by/4.0/,118682,2026-09-26T05:34:49Z
Chromis chromis,509803200,https://inaturalist-open-data.s3.amazonaws.com/photos/509803200/medium.jpg,CC-BY 4.0,Chris Taklis,ctaklis,2025-05-24,https://www.inaturalist.org/observations/283712442,"© Chris Taklis, some rights reserved (CC-BY)",fb82456aa75da7a108ba257819bf57a395aa37e1274ecb9e97c760afb360e1b6,cc-by,https://creativecommons.org/licenses/by/4.0/,118682,2026-09-26T05:34:54Z
Chromis chromis,723220067,https://inaturalist-open-data.s3.amazonaws.com/photos/723220067/medium.jpg,CC-BY 4.0,Arianna,glacial,2026-08-25,https://www.inaturalist.org/observations/394492072,"© Arianna, some rights reserved (CC-BY)",e3586e6a10f684115833aa0fd2e87b43d8638bc9ce2ca4c613e043e03f413e0c,cc-by,https://creativecommons.org/licenses/by/4.0/,118682,2026-09-26T05:34:57Z
Chromis chromis,467798046,https://inaturalist-open-data.s3.amazonaws.com/photos/467798046/medium.jpg,CC-BY 4.0,Juan Rodríguez,jrp01,2025-02-01,https://www.inaturalist.org/observations/260482751,"© Juan Rodríguez, some rights reserved (CC-BY)",47e1de3222ad00a5029ca7ea44a88e4c5f2877a24cd05805c9ef20743c939781,cc-by,https://creativecommons.org/licenses/by/4.0/,118682,2026-09-26T05:34:55Z
Chromis chromis,422913145,https://inaturalist-open-data.s3.amazonaws.com/photos/422913145/medium.jpg,CC-BY 4.0,Ioannis Magouras,ioannis_magouras,2012-07-22,https://www.inaturalist.org/observations/237615926,"© Ioannis Magouras, some rights reserved (CC-BY)",a3e178833df5608ae9a76f74cbcfa8c08087c00b79e6da1033cb742de91d342b,cc-by,https://creativecommons.org/licenses/by/4.0/,118682,2026-09-26T05:34:55Z
Chromis chromis,435050400,https://inaturalist-open-data.s3.amazonaws.com/photos/435050400/medium.jpeg,CC-BY 4.0,Salza Palpurina,spalp,2024-07-12,https://www.inaturalist.org/observations/243940300,"© Salza Palpurina, some rights reserved (CC-BY)",697d1a76780e8d364f6eafc2fbc018a3a271513b1531e2d595647671c77acdc9,cc-by,https://creativecommons.org/licenses/by/4.0/,118682,2026-09-26T05:34:35Z
Chromis chromis,63772710,https://inaturalist-open-data.s3.amazonaws.com/photos/63772710/medium.jpeg,CC-BY 4.0,Yves Bas,yvesbas,2018-08-19,https://www.inaturalist.org/observations/40148994,"© Yves Bas, some rights reserved (CC-BY)",b510ff601fcd98ab431f78d2d4a879ae07ab53c4c9e9bf6c42454fc6b89c8380,cc-by,https://creativecommons.org/licenses/by/4.0/,118682,2026-09-26T05:34:33Z
Diplodus sargus,418829098,https://inaturalist-open-data.s3.amazonaws.com/photos/418829098/medium.png,CC-BY 4.0,Tandoğan ORUZ,tandogan,2024-08-04,https://www.inaturalist.org/observations/235497181,"© Tandoğan ORUZ, some rights reserved (CC-BY)",d781812db18ef0a0eaeaa256131a8986313f347b11d9a4a852f9eb54886b0468,cc-by,https://creativecommons.org/licenses/by/4.0/,118669,2026-09-26T05:34:59Z
Diplodus sargus,569520787,https://inaturalist-open-data.s3.amazonaws.com/photos/569520787/medium.jpg,CC-BY 4.0,Robert Martin,robertdmartin,2025-09-08,https://www.inaturalist.org/observations/315272939,"© Robert Martin, some rights reserved (CC-BY)",c9e9670108455a145f7eae5a904957c3ea114fb70d6264db4509ff3b220b7688,cc-by,https://creativecommons.org/licenses/by/4.0/,118669,2026-09-26T05:34:59Z
Diplodus sargus,10047124,https://inaturalist-open-data.s3.amazonaws.com/photos/10047124/medium.jpeg,CC-BY 4.0,Luca Fornasari,fornaeffe,2017-08-03,https://www.inaturalist.org/observations/7672303,"© Luca Fornasari, some rights reserved (CC-BY)",9c4d44c57eb0b493a8c1ae1f5b0ce72a5a40387633cd31bb617e9d8d8d296ebf,cc-by,https://creativecommons.org/licenses/by/4.0/,118669,2026-09-26T05:34:59Z
Diplodus sargus,298202012,https://inaturalist-open-data.s3.amazonaws.com/photos/298202012/medium.jpeg,CC-BY 4.0,anasacuta,anasacuta,2023-04-30,https://www.inaturalist.org/observations/171834718,"© anasacuta, some rights reserved (CC-BY)",1901ca22fe80d442ae4839867fb1c4e3fec17c190f4603e985cf0c74ffadaf17,cc-by,https://creativecommons.org/licenses/by/4.0/,118669,2026-09-26T05:35:00Z
Diplodus sargus,341304813,https://inaturalist-open-data.s3.amazonaws.com/photos/341304813/medium.jpeg,CC-BY 4.0,Louis Aureglia,louis_aureglia,2023-12-17,https://www.inaturalist.org/observations/194203993,"© Louis Aureglia, some rights reserved (CC-BY)",cd0e2ee658b624ffbb31d0f67ed6aef29d0bafb2e60725431f069f109e2904fe,cc-by,https://creativecommons.org/licenses/by/4.0/,118669,2026-09-26T05:35:01Z
Diplodus sargus,222154642,https://inaturalist-open-data.s3.amazonaws.com/photos/222154642/medium.jpeg,CC-BY 4.0,Sarah Faulwetter,sarahfaulwetter,2022-08-10,https://www.inaturalist.org/observations/130614412,"© Sarah Faulwetter, some rights reserved (CC-BY)",e17e43551fbea8a548f906991ba55fb91f1ef65f148796a7577522062d8d223f,cc-by,https://creativecommons.org/licenses/by/4.0/,118669,2026-09-26T05:35:01Z
Diplodus sargus,306060125,https://inaturalist-open-data.s3.amazonaws.com/photos/306060125/medium.jpeg,CC-BY 4.0,Alexis Tinker-Tsavalas,alexis_orion,2023-07-29,https://www.inaturalist.org/observations/176068338,"© Alexis Tinker-Tsavalas, some rights reserved (CC-BY)",4dd1f697106830b5d75379a3d733ba22e11b9b152633b74b9e7b8323abccbf02,cc-by,https://creativecommons.org/licenses/by/4.0/,118669,2026-09-26T05:35:01Z
Diplodus sargus,437892710,https://inaturalist-open-data.s3.amazonaws.com/photos/437892710/medium.jpeg,CC-BY 4.0,Joss Carr,josscarr,2024-08-25,https://www.inaturalist.org/observations/245396333,"© Joss Carr, some rights reserved (CC-BY)",6a8484490cdeaf3dcaf125841e63ca1e6ef262275da06a5131b322ea46339440,cc-by,https://creativecommons.org/licenses/by/4.0/,118669,2026-09-26T05:35:02Z
Diplodus sargus,154309716,https://inaturalist-open-data.s3.amazonaws.com/photos/154309716/medium.jpg,CC-BY 4.0,Naturalista,avonensis,2021-08-29,https://www.inaturalist.org/observations/93129004,"© Naturalista, some rights reserved (CC-BY)",41ed599ac4c54e731c583f86714a3c2d50088657e3dd360088e16090e9e50d58,cc-by,https://creativecommons.org/licenses/by/4.0/,118669,2026-09-26T05:35:02Z
Diplodus sargus,96089716,https://inaturalist-open-data.s3.amazonaws.com/photos/96089716/medium.jpeg,CC-BY 4.0,Martin Scheuch,ma_sche,2020-07-22,https://www.inaturalist.org/observations/60109783,"© Martin Scheuch, some rights reserved (CC-BY)",35cad58db7d53cce5a00aded5b34a6909c899970467b66d178fb8fbfa7f09872,cc-by,https://creativecommons.org/licenses/by/4.0/,118669,2026-09-26T05:35:04Z
Diplodus sargus,506141146,https://inaturalist-open-data.s3.amazonaws.com/photos/506141146/medium.jpg,CC-BY 4.0,Radu Teodoreanu,ra_teo,2024-08-26,https://www.inaturalist.org/observations/281721631,"© Radu Teodoreanu, some rights reserved (CC-BY)",b7513be62caf04d3a259a3dc3045f16ec9f19d8bfbf7d37157b6886bc5a7f662,cc-by,https://creativecommons.org/licenses/by/4.0/,118669,2026-09-26T05:35:03Z
Diplodus sargus,546218368,https://inaturalist-open-data.s3.amazonaws.com/photos/546218368/medium.jpg,CC-BY 4.0,Aleksandr Gromov,yahachy,2025-08-01,https://www.inaturalist.org/observations/303061817,"© Aleksandr Gromov, some rights reserved (CC-BY)",06b0fadb372d0f5cf3326d5958c48caf8872dc59aafe8281e6c8b55c74b4a42a,cc-by,https://creativecommons.org/licenses/by/4.0/,118669,2026-09-26T05:35:03Z
Diplodus sargus,411829328,https://inaturalist-open-data.s3.amazonaws.com/photos/411829328/medium.jpg,CC-BY 4.0,Luca Fornasari,fornaeffe,2024-07-17,https://www.inaturalist.org/observations/231849461,"© Luca Fornasari, some rights reserved (CC-BY)",33d2ba1e85fe18b4fe8b71adf868787943356058100706a28f283f53c6ba2a28,cc-by,https://creativecommons.org/licenses/by/4.0/,118669,2026-09-26T05:35:08Z
Diplodus sargus,419692601,https://inaturalist-open-data.s3.amazonaws.com/photos/419692601/medium.jpeg,CC-BY 4.0,Vasileia Sef,vasileiasef,2024-08-15,https://www.inaturalist.org/observations/235948429,"© Vasileia Sef, some rights reserved (CC-BY)",47c6aed85e1a4b7c2dc5c530305871b80aa656c4598b11dab01afb40c5512054,cc-by,https://creativecommons.org/licenses/by/4.0/,118669,2026-09-26T05:35:08Z
Diplodus sargus,419692484,https://inaturalist-open-data.s3.amazonaws.com/photos/419692484/medium.jpeg,CC-BY 4.0,Vasileia Sef,vasileiasef,2024-08-15,https://www.inaturalist.org/observations/235948429,"© Vasileia Sef, some rights reserved (CC-BY)",913a28285d9d79a2e22daa54d19e63483a86d7d3c7878cbb409fef2c0387d404,cc-by,https://creativecommons.org/licenses/by/4.0/,118669,2026-09-26T05:35:07Z
Diplodus sargus,530638355,https://inaturalist-open-data.s3.amazonaws.com/photos/530638355/medium.jpg,CC-BY 4.0,Selim Türeli,selimtureli,2025-07-03,https://www.inaturalist.org/observations/294788054,"© Selim Türeli, some rights reserved (CC-BY)",ea89eb574f4c3263e25c2a2e3e69c3421ab250b05a8beddd169c326db5013678,cc-by,https://creativecommons.org/licenses/by/4.0/,118669,2026-09-26T05:35:10Z
Diplodus sargus,602236003,https://inaturalist-open-data.s3.amazonaws.com/photos/602236003/medium.jpg,CC-BY 4.0,nbasargin,nbasargin,2025-08-17,https://www.inaturalist.org/observations/331916757,"© nbasargin, some rights reserved (CC-BY)",998d5e7a01ee991526d521c008875b6aa2db9096e8a8e4f556a3f536d0496f28,cc-by,https://creativecommons.org/licenses/by/4.0/,118669,2026-09-26T05:35:10Z
Diplodus sargus,602235988,https://inaturalist-open-data.s3.amazonaws.com/photos/602235988/medium.jpg,CC-BY 4.0,nbasargin,nbasargin,2025-08-17,https://www.inaturalist.org/observations/331916757,"© nbasargin, some rights reserved (CC-BY)",ad2661a9afd8f3a2f25e02c3bc3968ee8dab157f970e03806e15caacd8f74b55,cc-by,https://creativecommons.org/licenses/by/4.0/,118669,2026-09-26T05:35:10Z
Diplodus sargus,573945133,https://inaturalist-open-data.s3.amazonaws.com/photos/573945133/medium.jpg,CC-BY 4.0,Sylvain Eichhorn,sylvain_eichhorn,2025-09-24,https://www.inaturalist.org/observations/317615697,"© Sylvain Eichhorn, some rights reserved (CC-BY)",b22d4d560be3dd6a2ed0c7380c78ace0a5f6fe88fab9e31164ef39a4cfaf4b72,cc-by,https://creativecommons.org/licenses/by/4.0/,118669,2026-09-26T05:35:10Z
Diplodus sargus,581039857,https://inaturalist-open-data.s3.amazonaws.com/photos/581039857/medium.jpg,CC-BY 4.0,Julien Renoult,jujurenoult,2025-09-29,https://www.inaturalist.org/observations/321296856,"© Julien Renoult, some rights reserved (CC-BY)",76eb0b55e37e0c0a0b0dcf4103bd249c04105f7ba08022ee0bb02e4a5aad88fe,cc-by,https://creativecommons.org/licenses/by/4.0/,118669,2026-09-26T05:35:10Z
Diplodus sargus,581039858,https://inaturalist-open-data.s3.amazonaws.com/photos/581039858/medium.jpg,CC-BY 4.0,Julien Renoult,jujurenoult,2025-09-29,https://www.inaturalist.org/observations/321296856,"© Julien Renoult, some rights reserved (CC-BY)",6b8aace18ad9f23b85b0061ba017995fdfacf06a65b6bde2089643a64e900137,cc-by,https://creativecommons.org/licenses/by/4.0/,118669,2026-09-26T05:35:09Z
Diplodus sargus,738157120,https://inaturalist-open-data.s3.amazonaws.com/photos/738157120/medium.jpg,CC-BY 4.0,Timon B,timonb,2026-09-19,https://www.inaturalist.org/observations/402119127,"© Timon B, some rights reserved (CC-BY)",7b6fcea54f915fcb852eaf9a5dcd124aa3d84036aa4b2df9288b44f21c4097c7,cc-by,https://creativecommons.org/licenses/by/4.0/,118669,2026-09-26T05:35:11Z
Diplodus sargus,738156921,https://inaturalist-open-data.s3.amazonaws.com/photos/738156921/medium.jpg,CC-BY 4.0,Timon B,timonb,2026-09-19,https://www.inaturalist.org/observations/402119102,"© Timon B, some rights reserved (CC-BY)",67de27ff720180eb1dc643d22796a9965c0f1e1a3f8aae8013efe9988d3c2bba,cc-by,https://creativecommons.org/licenses/by/4.0/,118669,2026-09-26T05:35:11Z
Diplodus sargus,738156899,https://inaturalist-open-data.s3.amazonaws.com/photos/738156899/medium.jpg,CC-BY 4.0,Timon B,timonb,2026-09-19,https://www.inaturalist.org/observations/402119102,"© Timon B, some rights reserved (CC-BY)",250556b05f1ad395a0946d6e0ab018204c57dc8e52c71a4db66c54524d7e2e27,cc-by,https://creativecommons.org/licenses/by/4.0/,118669,2026-09-26T05:35:11Z
Diplodus sargus,199930232,https://inaturalist-open-data.s3.amazonaws.com/photos/199930232/medium.jpeg,CC-BY 4.0,Chris Taklis,ctaklis,2022-05-22,https://www.inaturalist.org/observations/118338536,"© Chris Taklis, some rights reserved (CC-BY)",d56a5dbbfc4491ae2b915de1bc5ebaa6df1d4e675012f3abf0b05a800598786e,cc-by,https://creativecommons.org/licenses/by/4.0/,118669,2026-09-26T05:35:11Z
Diplodus sargus,199930317,https://inaturalist-open-data.s3.amazonaws.com/photos/199930317/medium.jpeg,CC-BY 4.0,Chris Taklis,ctaklis,2022-05-22,https://www.inaturalist.org/observations/118338536,"© Chris Taklis, some rights reserved (CC-BY)",f1d8ad59545b1e18d5cad763aaaf189f4c2def4b77a8e0faa09981f63639cbfb,cc-by,https://creativecommons.org/licenses/by/4.0/,118669,2026-09-26T05:35:11Z
Diplodus sargus,537118086,https://inaturalist-open-data.s3.amazonaws.com/photos/537118086/medium.jpg,CC-BY 4.0,Elena Obradović,elenao1,2025-07-15,https://www.inaturalist.org/observations/298204805,"© Elena Obradović, some rights reserved (CC-BY)",957bd4caff893a7077ffbc349034a5073639f393c7f00df46ece2dfddf94d321,cc-by,https://creativecommons.org/licenses/by/4.0/,118669,2026-09-26T05:35:12Z
Diplodus sargus,138725682,https://inaturalist-open-data.s3.amazonaws.com/photos/138725682/medium.jpeg,CC-BY 4.0,Chris Taklis,ctaklis,2021-06-24,https://www.inaturalist.org/observations/84409261,"© Chris Taklis, some rights reserved (CC-BY)",294070e7c32251773d339e35f7278617a0d1ac5069114a71b294b6288ccb4d9c,cc-by,https://creativecommons.org/licenses/by/4.0/,118669,2026-09-26T05:35:25Z
Diplodus sargus,65173435,https://inaturalist-open-data.s3.amazonaws.com/photos/65173435/medium.jpeg,CC-BY 4.0,Yves Bas,yvesbas,2012-08-15,https://www.inaturalist.org/observations/41101947,"© Yves Bas, some rights reserved (CC-BY)",d3723ddf58a9feddd1013eab1452eb0396d3def1fc30f3396aa89ad8840df9c3,cc-by,https://creativecommons.org/licenses/by/4.0/,118669,2026-09-26T05:35:02Z
Diplodus sargus,305062289,https://inaturalist-open-data.s3.amazonaws.com/photos/305062289/medium.jpeg,CC-BY 4.0,Katerina Kalogerini,katerinakalogerini,2023-07-29,https://www.inaturalist.org/observations/175529658,"© Katerina Kalogerini, some rights reserved (CC-BY)",8ea81326659085611c7400f952ca64557f6d59090a0aae8ce27dc87b0116d901,cc-by,https://creativecommons.org/licenses/by/4.0/,118669,2026-09-26T05:35:25Z
Diplodus sargus,404600188,https://inaturalist-open-data.s3.amazonaws.com/photos/404600188/medium.jpeg,CC-BY 4.0,Peter Eriksen,petereriksen,2024-07-08,https://www.inaturalist.org/observations/228029659,"© Peter Eriksen, some rights reserved (CC-BY)",0f7e63244f995e4451e42030f2e56a17690bf70a9921d262b3c9213c388223e2,cc-by,https://creativecommons.org/licenses/by/4.0/,118669,2026-09-26T05:35:18Z
Diplodus sargus,438032697,https://inaturalist-open-data.s3.amazonaws.com/photos/438032697/medium.jpeg,CC-BY 4.0,Joss Carr,josscarr,2024-08-26,https://www.inaturalist.org/observations/245469489,"© Joss Carr, some rights reserved (CC-BY)",64c1f5086b0d33e67dac2b34eff4e2204ffda047f382138c839d1dba10b5fa97,cc-by,https://creativecommons.org/licenses/by/4.0/,118669,2026-09-26T05:35:02Z
Diplodus sargus,207485728,https://inaturalist-open-data.s3.amazonaws.com/photos/207485728/medium.jpeg,CC-BY 4.0,Julien Renoult,jujurenoult,2022-06-17,https://www.inaturalist.org/observations/122545048,"© Julien Renoult, some rights reserved (CC-BY)",035bc1a09dccdd50f84fabdabee32788e151ae02cce5204b2a97665ba8489ca6,cc-by,https://creativecommons.org/licenses/by/4.0/,118669,2026-09-26T05:35:44Z
Diplodus sargus,717395970,https://inaturalist-open-data.s3.amazonaws.com/photos/717395970/medium.jpg,CC-BY 4.0,Davide,dedde,2026-08-14,https://www.inaturalist.org/observations/391511910,"© Davide, some rights reserved (CC-BY)",ec1813d233dfc27f87abd2d9c0f2ee60ba33286c70e70246c905dbf28119a35b,cc-by,https://creativecommons.org/licenses/by/4.0/,118669,2026-09-26T05:35:22Z
Diplodus sargus,431552115,https://inaturalist-open-data.s3.amazonaws.com/photos/431552115/medium.jpeg,CC-BY 4.0,audili,audili,2024-09-11,https://www.inaturalist.org/observations/242090284,"© audili, some rights reserved (CC-BY)",949d8f03c52987fa8d8aa585475afb4264978c472b849436984e8442602bf5b4,cc-by,https://creativecommons.org/licenses/by/4.0/,118669,2026-09-26T05:35:32Z
Diplodus sargus,54431839,https://inaturalist-open-data.s3.amazonaws.com/photos/54431839/medium.jpeg,CC-BY 4.0,Katerina Kalogerini,katerinakalogerini,2019-06-09,https://www.inaturalist.org/observations/34577369,"© Katerina Kalogerini, some rights reserved (CC-BY)",98faf3ba8394040fbc7989dfd162bdb62e5788f9244c6d6aa699853cbeea7302,cc-by,https://creativecommons.org/licenses/by/4.0/,118669,2026-09-26T05:35:16Z
Diplodus sargus,438225333,https://inaturalist-open-data.s3.amazonaws.com/photos/438225333/medium.jpeg,CC-BY 4.0,Joss Carr,josscarr,2024-08-27,https://www.inaturalist.org/observations/245564149,"© Joss Carr, some rights reserved (CC-BY)",a71e1d156738b7642db281b435c177c9855309c16bf5e8de5abac2eb627bc523,cc-by,https://creativecommons.org/licenses/by/4.0/,118669,2026-09-26T05:35:00Z
Diplodus sargus,328128642,https://inaturalist-open-data.s3.amazonaws.com/photos/328128642/medium.jpeg,CC-BY 4.0,Lisa Bennett,lisa_bennett,2023-10-04,https://www.inaturalist.org/observations/187608302,"© Lisa Bennett, some rights reserved (CC-BY)",479849e60f0fd97b10e126922bf3564eb4a96af5a717f93c1aad41543a7a38c5,cc-by,https://creativecommons.org/licenses/by/4.0/,118669,2026-09-26T05:35:38Z
Octopus vulgaris,540103051,https://inaturalist-open-data.s3.amazonaws.com/photos/540103051/medium.jpg,CC-BY 4.0,Golfopolikayak,golfopolikayakl,2025-07-20,https://www.inaturalist.org/observations/299781028,"© Golfopolikayak, some rights reserved (CC-BY)",86c3a579a0aaf5dfbbb65933e491adab010882f1a8d27d73ba704bf6487cb4ec,cc-by,https://creativecommons.org/licenses/by/4.0/,49315,2026-09-26T05:35:47Z
Octopus vulgaris,560878950,https://inaturalist-open-data.s3.amazonaws.com/photos/560878950/medium.jpg,CC-BY 4.0,Radu Teodoreanu,ra_teo,2025-09-01,https://www.inaturalist.org/observations/310744284,"© Radu Teodoreanu, some rights reserved (CC-BY)",821659ea5beb8d936a6fbcba0170efdd8b85625889cc5a6fb241c2d9971abdc0,cc-by,https://creativecommons.org/licenses/by/4.0/,49315,2026-09-26T05:35:47Z
Octopus vulgaris,560872281,https://inaturalist-open-data.s3.amazonaws.com/photos/560872281/medium.jpg,CC-BY 4.0,Radu Teodoreanu,ra_teo,2025-09-01,https://www.inaturalist.org/observations/310744284,"© Radu Teodoreanu, some rights reserved (CC-BY)",da238f43bea29e8419f2e18ebe8a54186592a6fa51546176c26ae816b52d3683,cc-by,https://creativecommons.org/licenses/by/4.0/,49315,2026-09-26T05:35:47Z
Octopus vulgaris,520866301,https://inaturalist-open-data.s3.amazonaws.com/photos/520866301/medium.jpg,CC-BY 4.0,Sarah Faulwetter,sarahfaulwetter,2025-06-09,https://www.inaturalist.org/observations/289592416,"© Sarah Faulwetter, some rights reserved (CC-BY)",930b011ca63f627fc5b46c44eb7140f70feb72601b403876f82e24853bafa5ad,cc-by,https://creativecommons.org/licenses/by/4.0/,49315,2026-09-26T05:35:48Z
Octopus vulgaris,320909140,https://inaturalist-open-data.s3.amazonaws.com/photos/320909140/medium.jpeg,CC-BY 4.0,Yves Bas,yvesbas,2023-09-17,https://www.inaturalist.org/observations/183899201,"© Yves Bas, some rights reserved (CC-BY)",bfeb3c743ce50d0d40447038ff502230745f72fae5fecbd275d896d8a73c2856,cc-by,https://creativecommons.org/licenses/by/4.0/,49315,2026-09-26T05:35:48Z
Octopus vulgaris,320909144,https://inaturalist-open-data.s3.amazonaws.com/photos/320909144/medium.jpeg,CC-BY 4.0,Yves Bas,yvesbas,2023-09-17,https://www.inaturalist.org/observations/183899201,"© Yves Bas, some rights reserved (CC-BY)",14bb7f8e131bd5f355db84c20ccfa2fa2961937e593688e841b396dbb3430365,cc-by,https://creativecommons.org/licenses/by/4.0/,49315,2026-09-26T05:35:48Z
Octopus vulgaris,405856842,https://inaturalist-open-data.s3.amazonaws.com/photos/405856842/medium.jpeg,CC-BY 4.0,Michael Bommerer,michael_bommerer,2024-07-11,https://www.inaturalist.org/observations/228694206,"© Michael Bommerer, some rights reserved (CC-BY)",36e14a289c5887c4a8b0f125d87eb2e4227bfbf4daa3357864ceea734397e563,cc-by,https://creativecommons.org/licenses/by/4.0/,49315,2026-09-26T05:35:48Z
Octopus vulgaris,234024544,https://inaturalist-open-data.s3.amazonaws.com/photos/234024544/medium.jpeg,CC-BY 4.0,Dan Wrench,dantn,2022-08-14,https://www.inaturalist.org/observations/137065745,"© Dan Wrench, some rights reserved (CC-BY)",65017832a595494f7197b0b854d1d5ec09e133f4d86cd18d72404d37be9389a6,cc-by,https://creativecommons.org/licenses/by/4.0/,49315,2026-09-26T05:35:49Z
Octopus vulgaris,260035466,https://inaturalist-open-data.s3.amazonaws.com/photos/260035466/medium.jpg,CC-BY 4.0,Donald Davesne,donalddavesne,2022-12-23,https://www.inaturalist.org/observations/150769118,"© Donald Davesne, some rights reserved (CC-BY)",39fde576da959bca994e20e7e9e772b05b9319bfe40ed4b0502aae9ee4ca3774,cc-by,https://creativecommons.org/licenses/by/4.0/,49315,2026-09-26T05:35:49Z
Octopus vulgaris,260035445,https://inaturalist-open-data.s3.amazonaws.com/photos/260035445/medium.jpg,CC-BY 4.0,Donald Davesne,donalddavesne,2022-12-23,https://www.inaturalist.org/observations/150769118,"© Donald Davesne, some rights reserved (CC-BY)",9e5d26fb388a0374fce8dc58c77b575f3f5ac1cd1bd5193e82b531ac26f3ec8f,cc-by,https://creativecommons.org/licenses/by/4.0/,49315,2026-09-26T05:35:49Z
Octopus vulgaris,488821101,https://inaturalist-open-data.s3.amazonaws.com/photos/488821101/medium.jpg,CC-BY 4.0,Vsevolod Rudyi,ruseva,2025-04-20,https://www.inaturalist.org/observations/271739208,"© Vsevolod Rudyi, some rights reserved (CC-BY)",e1d403d4e08c0b76228c1c36698c59782d68e91cbcc88a12589e5738ad2e9d18,cc-by,https://creativecommons.org/licenses/by/4.0/,49315,2026-09-26T05:35:50Z
Octopus vulgaris,459524756,https://inaturalist-open-data.s3.amazonaws.com/photos/459524756/medium.jpg,CC-BY 4.0,Donald Davesne,donalddavesne,2024-09-05,https://www.inaturalist.org/observations/256314345,"© Donald Davesne, some rights reserved (CC-BY)",103883b1a486f926fcdc78e463b2a2693f0f4b2c2e24387281870dc79877f799,cc-by,https://creativecommons.org/licenses/by/4.0/,49315,2026-09-26T05:35:50Z
Octopus vulgaris,157626062,https://inaturalist-open-data.s3.amazonaws.com/photos/157626062/medium.png,CC-BY 4.0,Eridan Xharahi,eridanxharahi,2021-09-04,https://www.inaturalist.org/observations/94982893,"© Eridan Xharahi, some rights reserved (CC-BY)",96694382234cafb0da3c1e0928c5fb7072f405f1d964a305070ad040a8ac171d,cc-by,https://creativecommons.org/licenses/by/4.0/,49315,2026-09-26T05:35:51Z
Octopus vulgaris,157626140,https://inaturalist-open-data.s3.amazonaws.com/photos/157626140/medium.png,CC-BY 4.0,Eridan Xharahi,eridanxharahi,2021-09-04,https://www.inaturalist.org/observations/94982893,"© Eridan Xharahi, some rights reserved (CC-BY)",96b66f398afbdacf6b074affe1bc1d7cc0d52bed52aa9bee7b7d263c7e8e537e,cc-by,https://creativecommons.org/licenses/by/4.0/,49315,2026-09-26T05:35:51Z
Octopus vulgaris,326999301,https://inaturalist-open-data.s3.amazonaws.com/photos/326999301/medium.jpeg,CC-BY 4.0,Yves Bas,yvesbas,2023-05-05,https://www.inaturalist.org/observations/187036641,"© Yves Bas, some rights reserved (CC-BY)",a47144e12cf369b15310d9165591a1b3ab0afddc97ba990237cdaffcfe735cc8,cc-by,https://creativecommons.org/licenses/by/4.0/,49315,2026-09-26T05:35:51Z
Octopus vulgaris,326997074,https://inaturalist-open-data.s3.amazonaws.com/photos/326997074/medium.jpeg,CC-BY 4.0,Yves Bas,yvesbas,2023-05-05,https://www.inaturalist.org/observations/187036641,"© Yves Bas, some rights reserved (CC-BY)",49062afa297fb6f58fa032e6ac83ba07130150f022bfad8a343fccf14de317d5,cc-by,https://creativecommons.org/licenses/by/4.0/,49315,2026-09-26T05:35:53Z
Octopus vulgaris,457556800,https://inaturalist-open-data.s3.amazonaws.com/photos/457556800/medium.jpeg,CC-BY 4.0,Lennart Hudel,lennarthud,2024-12-16,https://www.inaturalist.org/observations/255331848,"© Lennart Hudel, some rights reserved (CC-BY)",45895c6bebc1f106c3668178ee3e839e1dc7a429f945dbfca5bd187dde10d22c,cc-by,https://creativecommons.org/licenses/by/4.0/,49315,2026-09-26T05:35:54Z
Octopus vulgaris,328699241,https://inaturalist-open-data.s3.amazonaws.com/photos/328699241/medium.jpeg,CC-BY 4.0,Katerina Kalogerini,katerinakalogerini,2023-10-08,https://www.inaturalist.org/observations/187896140,"© Katerina Kalogerini, some rights reserved (CC-BY)",f3fab268decd2aedd44fc968f1e1e44d9b75ef6eb0237bbb33a57d302e91e11a,cc-by,https://creativecommons.org/licenses/by/4.0/,49315,2026-09-26T05:35:54Z
Octopus vulgaris,391189646,https://inaturalist-open-data.s3.amazonaws.com/photos/391189646/medium.jpeg,CC-BY 4.0,Petr Knotek,mallomonas,2024-06-06,https://www.inaturalist.org/observations/220924071,"© Petr Knotek, some rights reserved (CC-BY)",c7b72a6093e6a6580a33f7f4dc7405113e3427f58da2ff860fde2c95e9889f81,cc-by,https://creativecommons.org/licenses/by/4.0/,49315,2026-09-26T05:35:54Z
Octopus vulgaris,711360329,https://inaturalist-open-data.s3.amazonaws.com/photos/711360329/medium.jpg,CC-BY 4.0,Vsevolod Rudyi,ruseva,2026-08-04,https://www.inaturalist.org/observations/388406859,"© Vsevolod Rudyi, some rights reserved (CC-BY)",64a091f2994af4ed3e84542b07ffdc5317860af8cba094dfeef8f1c76f5bd5a6,cc-by,https://creativecommons.org/licenses/by/4.0/,49315,2026-09-26T05:35:55Z
Octopus vulgaris,711360272,https://inaturalist-open-data.s3.amazonaws.com/photos/711360272/medium.jpg,CC-BY 4.0,Vsevolod Rudyi,ruseva,2026-08-04,https://www.inaturalist.org/observations/388406859,"© Vsevolod Rudyi, some rights reserved (CC-BY)",61cbc6ede1f7bfb7fa312226874cb31ad1180c91431f24ca8f5a0b08c1877eb6,cc-by,https://creativecommons.org/licenses/by/4.0/,49315,2026-09-26T05:35:55Z
Octopus vulgaris,140517377,https://inaturalist-open-data.s3.amazonaws.com/photos/140517377/medium.jpeg,CC-BY 4.0,Chris Taklis,ctaklis,2021-07-01,https://www.inaturalist.org/observations/85407385,"© Chris Taklis, some rights reserved (CC-BY)",d0dcc9a926bf8e91e6d32bc5c9703a6c931e30860454cdd0de67d28fa5b24643,cc-by,https://creativecommons.org/licenses/by/4.0/,49315,2026-09-26T05:35:55Z
Octopus vulgaris,331762280,https://inaturalist-open-data.s3.amazonaws.com/photos/331762280/medium.jpeg,CC-BY 4.0,Yves Bas,yvesbas,2023-05-06,https://www.inaturalist.org/observations/189392864,"© Yves Bas, some rights reserved (CC-BY)",2973d0637a020e4abdca05059c03169bb1382fd6dc8b16be7ffb687fbbca40c8,cc-by,https://creativecommons.org/licenses/by/4.0/,49315,2026-09-26T05:35:57Z
Octopus vulgaris,331762232,https://inaturalist-open-data.s3.amazonaws.com/photos/331762232/medium.jpeg,CC-BY 4.0,Yves Bas,yvesbas,2023-05-06,https://www.inaturalist.org/observations/189392864,"© Yves Bas, some rights reserved (CC-BY)",b4e476db970393b2dbb24c6d1d405b7e3fbdef7492eeaa72a1eebafb6f26607f,cc-by,https://creativecommons.org/licenses/by/4.0/,49315,2026-09-26T05:35:57Z
Octopus vulgaris,625039793,https://inaturalist-open-data.s3.amazonaws.com/photos/625039793/medium.jpg,CC-BY 4.0,Clément Maouche,clementm,2026-03-15,https://www.inaturalist.org/observations/343163830,"© Clément Maouche, some rights reserved (CC-BY)",cdcdefa1d81ef6fc03ef2da753c210b068e145bac2a3c305bc93cc9fbec91d8c,cc-by,https://creativecommons.org/licenses/by/4.0/,49315,2026-09-26T05:35:57Z
Octopus vulgaris,625039766,https://inaturalist-open-data.s3.amazonaws.com/photos/625039766/medium.jpg,CC-BY 4.0,Clément Maouche,clementm,2026-03-15,https://www.inaturalist.org/observations/343163830,"© Clément Maouche, some rights reserved (CC-BY)",feb9fc1e89920af91f86e6ff5c8e0688aaddde32cb0ec36a95cf4676009ee4b5,cc-by,https://creativecommons.org/licenses/by/4.0/,49315,2026-09-26T05:35:58Z
Octopus vulgaris,433503407,https://inaturalist-open-data.s3.amazonaws.com/photos/433503407/medium.jpeg,CC-BY 4.0,Diego González Dopico,diegodgd,2024-09-21,https://www.inaturalist.org/observations/243133628,"© Diego González Dopico, some rights reserved (CC-BY)",d38e1252a86a109715bb5daaa3a6c54f217f7039f1ddd8e723900f2fc1d19b14,cc-by,https://creativecommons.org/licenses/by/4.0/,49315,2026-09-26T05:35:59Z
Octopus vulgaris,433503454,https://inaturalist-open-data.s3.amazonaws.com/photos/433503454/medium.jpeg,CC-BY 4.0,Diego González Dopico,diegodgd,2024-09-21,https://www.inaturalist.org/observations/243133628,"© Diego González Dopico, some rights reserved (CC-BY)",6f19956ead3c95e691c2909f73d219b36add0daacad63e5091f3cbc723fe548d,cc-by,https://creativecommons.org/licenses/by/4.0/,49315,2026-09-26T05:35:59Z
Octopus vulgaris,429103365,https://inaturalist-open-data.s3.amazonaws.com/photos/429103365/medium.jpg,CC-BY 4.0,Dan Schofield,djscho,2024-09-03,https://www.inaturalist.org/observations/240820884,"© Dan Schofield, some rights reserved (CC-BY)",e2972f19ad1d2d5c9ad3ea802ad0a402bdf71ff84f66d4433da3d7832734ed0a,cc-by,https://creativecommons.org/licenses/by/4.0/,49315,2026-09-26T05:36:00Z
Octopus vulgaris,520346651,https://inaturalist-open-data.s3.amazonaws.com/photos/520346651/medium.jpg,CC-BY 4.0,Charlotte Kirchner,charlottekirchner,2025-06-13,https://www.inaturalist.org/observations/289308645,"© Charlotte Kirchner, some rights reserved (CC-BY)",6680db15da5f1846fabea59864b9d9f3d9281a070bbb0d07a1b3aeebe3e98780,cc-by,https://creativecommons.org/licenses/by/4.0/,49315,2026-09-26T05:36:01Z
Octopus vulgaris,520346874,https://inaturalist-open-data.s3.amazonaws.com/photos/520346874/medium.jpg,CC-BY 4.0,Charlotte Kirchner,charlottekirchner,2025-06-13,https://www.inaturalist.org/observations/289308645,"© Charlotte Kirchner, some rights reserved (CC-BY)",11382b8e5173fc07610418e23c865367bccb75d1b89fad4a438f0b269e63f118,cc-by,https://creativecommons.org/licenses/by/4.0/,49315,2026-09-26T05:36:02Z
Octopus vulgaris,545929627,https://inaturalist-open-data.s3.amazonaws.com/photos/545929627/medium.jpg,CC-BY 4.0,Dan Wrench,dantn,2025-07-31,https://www.inaturalist.org/observations/302911489,"© Dan Wrench, some rights reserved (CC-BY)",8cef27ad35fbd0c5faa525180dc812582a41361edc533cda42e8ec5d21481dd1,cc-by,https://creativecommons.org/licenses/by/4.0/,49315,2026-09-26T05:36:03Z
Octopus vulgaris,444847850,https://inaturalist-open-data.s3.amazonaws.com/photos/444847850/medium.jpeg,CC-BY 4.0,Michael Bommerer,michael_bommerer,2024-10-24,https://www.inaturalist.org/observations/248910805,"© Michael Bommerer, some rights reserved (CC-BY)",1ccad757862a36f51d5c2a559350a35107d01affb2b57f1982d5a85bd254ac84,cc-by,https://creativecommons.org/licenses/by/4.0/,49315,2026-09-26T05:36:03Z
Octopus vulgaris,444847807,https://inaturalist-open-data.s3.amazonaws.com/photos/444847807/medium.jpeg,CC-BY 4.0,Michael Bommerer,michael_bommerer,2024-10-24,https://www.inaturalist.org/observations/248910805,"© Michael Bommerer, some rights reserved (CC-BY)",515fca84fc75771c0c2a79dd6b3cfead70c8b021afca91dabff71f84f70c3aa0,cc-by,https://creativecommons.org/licenses/by/4.0/,49315,2026-09-26T05:36:02Z
Octopus vulgaris,316455568,https://inaturalist-open-data.s3.amazonaws.com/photos/316455568/medium.jpeg,CC-BY 4.0,Sarah Faulwetter,sarahfaulwetter,2023-09-03,https://www.inaturalist.org/observations/181591483,"© Sarah Faulwetter, some rights reserved (CC-BY)",1346b6621563f23d5bcaa8dea832fc459b262823a0acf07d28686288e572eb85,cc-by,https://creativecommons.org/licenses/by/4.0/,49315,2026-09-26T05:36:03Z
Octopus vulgaris,440877236,https://inaturalist-open-data.s3.amazonaws.com/photos/440877236/medium.jpeg,CC-BY 4.0,Michael Bommerer,michael_bommerer,2024-10-12,https://www.inaturalist.org/observations/246906524,"© Michael Bommerer, some rights reserved (CC-BY)",1871b308c426ac600bc9a30a20c3593aeb55937a31a6125c399996cf4933c00b,cc-by,https://creativecommons.org/licenses/by/4.0/,49315,2026-09-26T05:36:04Z
Octopus vulgaris,440877157,https://inaturalist-open-data.s3.amazonaws.com/photos/440877157/medium.jpeg,CC-BY 4.0,Michael Bommerer,michael_bommerer,2024-10-12,https://www.inaturalist.org/observations/246906524,"© Michael Bommerer, some rights reserved (CC-BY)",6029d811c6db2041e226ebc135ec109d39c53a3465ca640c61059c2a4439b59d,cc-by,https://creativecommons.org/licenses/by/4.0/,49315,2026-09-26T05:36:04Z
Octopus vulgaris,8204515,https://inaturalist-open-data.s3.amazonaws.com/photos/8204515/medium.jpeg,CC-BY 4.0,Julien Renoult,jujurenoult,2017-06-03,https://www.inaturalist.org/observations/6486425,"© Julien Renoult, some rights reserved (CC-BY)",f74401e26c1e7af6af374935fd34d2837df975a48e2f158df7f14856b7958030,cc-by,https://creativecommons.org/licenses/by/4.0/,49315,2026-09-26T05:36:04Z
Octopus vulgaris,412579873,https://inaturalist-open-data.s3.amazonaws.com/photos/412579873/medium.jpeg,CC-BY 4.0,Michael Bommerer,michael_bommerer,2024-07-28,https://www.inaturalist.org/observations/232241519,"© Michael Bommerer, some rights reserved (CC-BY)",3b94c815daab89c99bd4856b65eb8782814d54a1e6c7cb4452eb1cc2c584bd24,cc-by,https://creativecommons.org/licenses/by/4.0/,49315,2026-09-26T05:36:05Z
Octopus vulgaris,412579942,https://inaturalist-open-data.s3.amazonaws.com/photos/412579942/medium.jpeg,CC-BY 4.0,Michael Bommerer,michael_bommerer,2024-07-28,https://www.inaturalist.org/observations/232241519,"© Michael Bommerer, some rights reserved (CC-BY)",fbcfb23782c234af08b3be6fe57cab0f9046712c694c42ad9f80ad6712977409,cc-by,https://creativecommons.org/licenses/by/4.0/,49315,2026-09-26T05:36:06Z
Octopus vulgaris,403170011,https://inaturalist-open-data.s3.amazonaws.com/photos/403170011/medium.jpg,CC-BY 4.0,Michael Bommerer,michael_bommerer,2024-07-05,https://www.inaturalist.org/observations/227273669,"© Michael Bommerer, some rights reserved (CC-BY)",58664331ffb8613ef292b36dbca2aa21bc918dea79f143392216af24e0b93cce,cc-by,https://creativecommons.org/licenses/by/4.0/,49315,2026-09-26T05:36:06Z
Octopus vulgaris,355328108,https://inaturalist-open-data.s3.amazonaws.com/photos/355328108/medium.jpeg,CC-BY 4.0,Charlotte Kirchner,charlottekirchner,2024-03-04,https://www.inaturalist.org/observations/201302935,"© Charlotte Kirchner, some rights reserved (CC-BY)",ce48a7048beaa29c302a37fb589ce722fa066d1d6d0f7c25abd05c5436cfc260,cc-by,https://creativecommons.org/licenses/by/4.0/,49315,2026-09-26T05:36:17Z
Octopus vulgaris,543928791,https://inaturalist-open-data.s3.amazonaws.com/photos/543928791/medium.jpg,CC-BY 4.0,Robin GiGi,robin880,2025-07-28,https://www.inaturalist.org/observations/301834250,"© Robin GiGi, some rights reserved (CC-BY)",7aa28e85c0c461547db342e162f04029559759940e60566a5fceecf266801466,cc-by,https://creativecommons.org/licenses/by/4.0/,49315,2026-09-26T05:36:28Z
Octopus vulgaris,649359569,https://inaturalist-open-data.s3.amazonaws.com/photos/649359569/medium.jpg,CC-BY 4.0,Luke Quinane,lukequinane,2026-04-27,https://www.inaturalist.org/observations/356085338,"© Luke Quinane, some rights reserved (CC-BY)",feb1010f2bd82a900bd5392576bc5c3dfcbf7388e23f802c8f2091dddbd27be8,cc-by,https://creativecommons.org/licenses/by/4.0/,49315,2026-09-26T05:35:56Z
Octopus vulgaris,577651362,https://inaturalist-open-data.s3.amazonaws.com/photos/577651362/medium.jpg,CC-BY 4.0,Yves Bas,yvesbas,2025-09-18,https://www.inaturalist.org/observations/319552357,"© Yves Bas, some rights reserved (CC-BY)",81408cb59b83a4f2a6239f4faa60b4b52f0bb2cdd279ef45a24e89a4c3ea3d84,cc-by,https://creativecommons.org/licenses/by/4.0/,49315,2026-09-26T05:36:22Z
Octopus vulgaris,324176674,https://inaturalist-open-data.s3.amazonaws.com/photos/324176674/medium.jpeg,CC-BY 4.0,Yves Bas,yvesbas,2023-09-15,https://www.inaturalist.org/observations/185603935,"© Yves Bas, some rights reserved (CC-BY)",7aed7628b0f5a2c0600ba82ed1a2e8d734306b154e595c9eb4db6b364613ff39,cc-by,https://creativecommons.org/licenses/by/4.0/,49315,2026-09-26T05:36:19Z
Octopus vulgaris,463432759,https://inaturalist-open-data.s3.amazonaws.com/photos/463432759/medium.jpg,CC-BY 4.0,Juraj Ahel,xeniorn,2024-10-14,https://www.inaturalist.org/observations/258318909,"© Juraj Ahel, some rights reserved (CC-BY)",6b7dc535a0291cd5519a0c639f7cba609cdfe7768e050a123dd8d25160f96de9,cc-by,https://creativecommons.org/licenses/by/4.0/,49315,2026-09-26T05:36:20Z
Octopus vulgaris,230196596,https://inaturalist-open-data.s3.amazonaws.com/photos/230196596/medium.jpg,CC-BY 4.0,Juraj Ahel,xeniorn,2022-09-14,https://www.inaturalist.org/observations/135000870,"© Juraj Ahel, some rights reserved (CC-BY)",85772afbbf5e1c1db517bf35d80f0bd41d4de5efe52748a6e4197080d53533d6,cc-by,https://creativecommons.org/licenses/by/4.0/,49315,2026-09-26T05:36:29Z
Octopus vulgaris,230921844,https://inaturalist-open-data.s3.amazonaws.com/photos/230921844/medium.jpg,CC-BY 4.0,Juraj Ahel,xeniorn,2022-08-25,https://www.inaturalist.org/observations/135397569,"© Juraj Ahel, some rights reserved (CC-BY)",ebdd0c109e22400b6868fe982671b1fc343ac54f53c5be94e093cacf5be261ef,cc-by,https://creativecommons.org/licenses/by/4.0/,49315,2026-09-26T05:36:05Z
Octopus vulgaris,440878162,https://inaturalist-open-data.s3.amazonaws.com/photos/440878162/medium.jpeg,CC-BY 4.0,Michael Bommerer,michael_bommerer,2024-10-12,https://www.inaturalist.org/observations/246906405,"© Michael Bommerer, some rights reserved (CC-BY)",0bd0dcd0343954fc95ed7f6dcbe5ac5afcb7b0a064b4070483774d7d0e987ace,cc-by,https://creativecommons.org/licenses/by/4.0/,49315,2026-09-26T05:36:21Z
Octopus vulgaris,258201724,https://inaturalist-open-data.s3.amazonaws.com/photos/258201724/medium.jpeg,CC-BY 4.0,Alex Sosnovshchenko,alex_sosn,2021-08-01,https://www.inaturalist.org/observations/149808619,"© Alex Sosnovshchenko, some rights reserved (CC-BY)",2f101b27ad738541899ad6fd7eeeef312436c6d5099022065c330c71e151187f,cc-by,https://creativecommons.org/licenses/by/4.0/,49315,2026-09-26T05:36:21Z
Octopus vulgaris,580924100,https://inaturalist-open-data.s3.amazonaws.com/photos/580924100/medium.jpg,CC-BY 4.0,luluchouette,luluchouette,2025-10-06,https://www.inaturalist.org/observations/321240175,"© luluchouette, some rights reserved (CC-BY)",1344bc6e514482aa33aad29b4d9847d584fd2fe55e9320800ae2ea14b4b3a5fb,cc-by,https://creativecommons.org/licenses/by/4.0/,49315,2026-09-26T05:36:06Z
Octopus vulgaris,251588628,https://inaturalist-open-data.s3.amazonaws.com/photos/251588628/medium.jpg,CC-BY 4.0,Mario Bassini,bssmnt52,2014-08-18,https://www.inaturalist.org/observations/146349456,"© Mario Bassini, some rights reserved (CC-BY)",4a21959de33ad0187a35b3b26e2b1d299323c434a59b74a25a6b529e06c23ddf,cc-by,https://creativecommons.org/licenses/by/4.0/,49315,2026-09-26T05:36:18Z
Octopus vulgaris,314274588,https://inaturalist-open-data.s3.amazonaws.com/photos/314274588/medium.jpeg,CC-BY 4.0,Ancor Ortega,ancor_orb,2023-05-01,https://www.inaturalist.org/observations/180420305,"© Ancor Ortega, some rights reserved (CC-BY)",d4393731ad80f96456b2b14b7eeb0745a111fc03c34b3da307cd99896cb801b4,cc-by,https://creativecommons.org/licenses/by/4.0/,49315,2026-09-26T05:36:04Z
Octopus vulgaris,421517111,https://inaturalist-open-data.s3.amazonaws.com/photos/421517111/medium.png,CC-BY 4.0,Tandoğan ORUZ,tandogan,2024-08-17,https://www.inaturalist.org/observations/236892371,"© Tandoğan ORUZ, some rights reserved (CC-BY)",13b96b74e8e11544b109a6b22ee111d9a0ac530fcbd590b1ac5eae56d5c46a18,cc-by,https://creativecommons.org/licenses/by/4.0/,49315,2026-09-26T05:36:26Z
Acanthurus triostegus,628568,https://inaturalist-open-data.s3.amazonaws.com/photos/628568/medium.JPG,CC-BY 4.0,Zack Abbey,zabbey,2013-12-31,https://www.inaturalist.org/observations/496522,"© Zack Abbey, some rights reserved (CC-BY)",7bf7b3b0ba5fdd5739f84429c0c3f9ea0fa294be128a74b9d6ff01a8817d4965,cc-by,https://creativecommons.org/licenses/by/4.0/,59931,2026-09-26T05:36:34Z
Acanthurus triostegus,627039938,https://inaturalist-open-data.s3.amazonaws.com/photos/627039938/medium.jpg,CC-BY 4.0,rjtizard,rjtizard,2010-10-20,https://www.inaturalist.org/observations/344157173,"© rjtizard, some rights reserved (CC-BY)",b02ecab8b903253d8c410dab3822628bbb575987b48e68464376cd2af82c47da,cc-by,https://creativecommons.org/licenses/by/4.0/,59931,2026-09-26T05:36:34Z
Acanthurus triostegus,627039958,https://inaturalist-open-data.s3.amazonaws.com/photos/627039958/medium.jpg,CC-BY 4.0,rjtizard,rjtizard,2010-10-20,https://www.inaturalist.org/observations/344157173,"© rjtizard, some rights reserved (CC-BY)",90d3aa79cdb3d4c31dbfe7198582ba30baac342d80e228357f376d081af6fe00,cc-by,https://creativecommons.org/licenses/by/4.0/,59931,2026-09-26T05:36:34Z
Acanthurus triostegus,466384167,https://inaturalist-open-data.s3.amazonaws.com/photos/466384167/medium.jpeg,CC-BY 4.0,Rob Foster,rob21,2025-01-27,https://www.inaturalist.org/observations/259770816,"© Rob Foster, some rights reserved (CC-BY)",d23736c5bae4721333ccedb6dcf1b3182675b689828f79dcb88955b28c11ca9c,cc-by,https://creativecommons.org/licenses/by/4.0/,59931,2026-09-26T05:36:34Z
Acanthurus triostegus,248645360,https://inaturalist-open-data.s3.amazonaws.com/photos/248645360/medium.jpg,CC-BY 4.0,Steven Lamonde,slamonde,2022-12-04,https://www.inaturalist.org/observations/144822021,"© Steven Lamonde, some rights reserved (CC-BY)",8a510036b9f9670395d199b2898fecc46a9070132f2dd7f303f1085917d3e6e4,cc-by,https://creativecommons.org/licenses/by/4.0/,59931,2026-09-26T05:36:35Z
Acanthurus triostegus,251667747,https://inaturalist-open-data.s3.amazonaws.com/photos/251667747/medium.jpeg,CC-BY 4.0,Roland Godon,rolandgodon,2023-01-06,https://www.inaturalist.org/observations/146389111,"© Roland Godon, some rights reserved (CC-BY)",f2d02e80994e4e89d24409ea494a538b590b2f5a3131de3b1aef773195b45043,cc-by,https://creativecommons.org/licenses/by/4.0/,59931,2026-09-26T05:36:35Z
Acanthurus triostegus,134658622,https://inaturalist-open-data.s3.amazonaws.com/photos/134658622/medium.jpeg,CC-BY 4.0,natomik,natomik,2005-03-21,https://www.inaturalist.org/observations/82069299,"© natomik, some rights reserved (CC-BY)",554602836a2405f567d18780da6d56cc97890a16aac77599c59ec7c37395756c,cc-by,https://creativecommons.org/licenses/by/4.0/,59931,2026-09-26T05:36:35Z
Acanthurus triostegus,28566892,https://inaturalist-open-data.s3.amazonaws.com/photos/28566892/medium.jpg,CC-BY 4.0,Bill Levine,blevine,2018-11-22,https://www.inaturalist.org/observations/18661563,"© Bill Levine, some rights reserved (CC-BY)",7ed0788b8bcdeeeefd639f5a2ef63ea923723d5db2760568c7133001d8320c85,cc-by,https://creativecommons.org/licenses/by/4.0/,59931,2026-09-26T05:36:35Z
Acanthurus triostegus,486170377,https://inaturalist-open-data.s3.amazonaws.com/photos/486170377/medium.jpeg,CC-BY 4.0,Cricket Raspet,chilipossum,2025-04-13,https://www.inaturalist.org/observations/270338666,"© Cricket Raspet, some rights reserved (CC-BY)",c3d4fa1f15e9585e10dcf307c8a10307b991d890d8e6cb3daf67358d77fcf01d,cc-by,https://creativecommons.org/licenses/by/4.0/,59931,2026-09-26T05:36:37Z
Acanthurus triostegus,472571814,https://inaturalist-open-data.s3.amazonaws.com/photos/472571814/medium.png,CC-BY 4.0,Vsevolod Rudyi,ruseva,2025-01-21,https://www.inaturalist.org/observations/263090078,"© Vsevolod Rudyi, some rights reserved (CC-BY)",3f11a58cc256596f9de49ab096c493601cbf22b8f52b59505f0092d2e0d4007c,cc-by,https://creativecommons.org/licenses/by/4.0/,59931,2026-09-26T05:36:37Z
Acanthurus triostegus,594954681,https://inaturalist-open-data.s3.amazonaws.com/photos/594954681/medium.jpg,CC-BY 4.0,Muhammad Uzair Davids,sisyphus_happy,2025-11-19,https://www.inaturalist.org/observations/328340514,"© Muhammad Uzair Davids, some rights reserved (CC-BY)",f3b1f8ab003b251d9091d201d7c3e46d550c3ebe4247429db02e2ce5f600af44,cc-by,https://creativecommons.org/licenses/by/4.0/,59931,2026-09-26T05:36:37Z
Acanthurus triostegus,594956102,https://inaturalist-open-data.s3.amazonaws.com/photos/594956102/medium.jpg,CC-BY 4.0,Muhammad Uzair Davids,sisyphus_happy,2025-11-19,https://www.inaturalist.org/observations/328340514,"© Muhammad Uzair Davids, some rights reserved (CC-BY)",4a7e8219d523fbd5cf25db5d0d83f77009a62a1093bce6975d87de5b5e4821d3,cc-by,https://creativecommons.org/licenses/by/4.0/,59931,2026-09-26T05:36:39Z
Acanthurus triostegus,179377071,https://inaturalist-open-data.s3.amazonaws.com/photos/179377071/medium.jpeg,CC-BY 4.0,natomik,natomik,2006-01-08,https://www.inaturalist.org/observations/106740661,"© natomik, some rights reserved (CC-BY)",20f882abbc354d127c6aecc09d80092da6d64f730fe84fe6a959e35143bdd3e0,cc-by,https://creativecommons.org/licenses/by/4.0/,59931,2026-09-26T05:36:40Z
Acanthurus triostegus,81119290,https://inaturalist-open-data.s3.amazonaws.com/photos/81119290/medium.jpeg,CC-BY 4.0,Chris Yesson,chrisyesson,2012-05-27,https://www.inaturalist.org/observations/51066542,"© Chris Yesson, some rights reserved (CC-BY)",683e455f61773c02f488dc46a184972a073884210466491ef2bec1b13489e4e5,cc-by,https://creativecommons.org/licenses/by/4.0/,59931,2026-09-26T05:36:39Z
Acanthurus triostegus,615990373,https://inaturalist-open-data.s3.amazonaws.com/photos/615990373/medium.jpg,CC-BY 4.0,Egor Dyukarev,egor_dyukarev,2026-01-24,https://www.inaturalist.org/observations/338699158,"© Egor Dyukarev, some rights reserved (CC-BY)",02de6141985d992f162f094038118b69bb151b58c6ed6a89f06ab89678775ff3,cc-by,https://creativecommons.org/licenses/by/4.0/,59931,2026-09-26T05:36:40Z
Acanthurus triostegus,615990377,https://inaturalist-open-data.s3.amazonaws.com/photos/615990377/medium.jpg,CC-BY 4.0,Egor Dyukarev,egor_dyukarev,2026-01-24,https://www.inaturalist.org/observations/338699158,"© Egor Dyukarev, some rights reserved (CC-BY)",5ead7c0fb87e85c38637d51a0167d867db28e98db30432b932747c7ee7aa2dbc,cc-by,https://creativecommons.org/licenses/by/4.0/,59931,2026-09-26T05:36:40Z
Acanthurus triostegus,185329640,https://inaturalist-open-data.s3.amazonaws.com/photos/185329640/medium.jpg,CC-BY 4.0,Debra Baker,quokka2,2020-10-19,https://www.inaturalist.org/observations/109909190,"© Debra Baker, some rights reserved (CC-BY)",f932c6cfdc1b747cb665b802247e19455cf2af29fdfff31caef9e14f1586bd27,cc-by,https://creativecommons.org/licenses/by/4.0/,59931,2026-09-26T05:36:41Z
Acanthurus triostegus,346118410,https://inaturalist-open-data.s3.amazonaws.com/photos/346118410/medium.jpg,CC-BY 4.0,Debra Baker,quokka2,2024-01-02,https://www.inaturalist.org/observations/196642887,"© Debra Baker, some rights reserved (CC-BY)",ab06acec73469a1faa919379f006c11c645a142bddafa616266212fcfbd21ef9,cc-by,https://creativecommons.org/licenses/by/4.0/,59931,2026-09-26T05:36:41Z
Acanthurus triostegus,301385380,https://inaturalist-open-data.s3.amazonaws.com/photos/301385380/medium.jpeg,CC-BY 4.0,Debra Baker,quokka2,2020-08-05,https://www.inaturalist.org/observations/173543066,"© Debra Baker, some rights reserved (CC-BY)",407beaecec711f9d07645f745d4f38a2c73ef6f0d852fa984a6eaa19f2687bd7,cc-by,https://creativecommons.org/licenses/by/4.0/,59931,2026-09-26T05:36:41Z
Acanthurus triostegus,301385338,https://inaturalist-open-data.s3.amazonaws.com/photos/301385338/medium.jpeg,CC-BY 4.0,Debra Baker,quokka2,2020-08-05,https://www.inaturalist.org/observations/173543066,"© Debra Baker, some rights reserved (CC-BY)",ba67b84292b22c88933a26381c14818e298aeb4ad6e66a592c179e8638cea515,cc-by,https://creativecommons.org/licenses/by/4.0/,59931,2026-09-26T05:36:41Z
Acanthurus triostegus,490504123,https://inaturalist-open-data.s3.amazonaws.com/photos/490504123/medium.jpeg,CC-BY 4.0,Leon Perrie,leonperrie,2025-04-23,https://www.inaturalist.org/observations/272637538,"© Leon Perrie, some rights reserved (CC-BY)",ed4fc9a581ae2b08930ee36da753a2d9ceaf8178dbe5530e18d47b1466bad767,cc-by,https://creativecommons.org/licenses/by/4.0/,59931,2026-09-26T05:36:41Z
Acanthurus triostegus,134657710,https://inaturalist-open-data.s3.amazonaws.com/photos/134657710/medium.jpeg,CC-BY 4.0,natomik,natomik,2005-03-20,https://www.inaturalist.org/observations/82069139,"© natomik, some rights reserved (CC-BY)",0925e31e6a7786997559325db9acfa961af2541dd965ff5e5330d2a1163e2bfe,cc-by,https://creativecommons.org/licenses/by/4.0/,59931,2026-09-26T05:36:41Z
Acanthurus triostegus,173313642,https://inaturalist-open-data.s3.amazonaws.com/photos/173313642/medium.jpg,CC-BY 4.0,Chris Sulots,chrisalises,2021-12-22,https://www.inaturalist.org/observations/103538464,"© Chris Sulots, some rights reserved (CC-BY)",7c1d15a697733c171f7bc8b1a21c1187323c8fc7a295b67f94e72fdc6f101780,cc-by,https://creativecommons.org/licenses/by/4.0/,59931,2026-09-26T05:36:42Z
Acanthurus triostegus,173313629,https://inaturalist-open-data.s3.amazonaws.com/photos/173313629/medium.jpg,CC-BY 4.0,Chris Sulots,chrisalises,2021-12-22,https://www.inaturalist.org/observations/103538464,"© Chris Sulots, some rights reserved (CC-BY)",623050ac01ee5598e9eba7cdeb57829e0d2ac03c22568aa78a48f044c89cfaf9,cc-by,https://creativecommons.org/licenses/by/4.0/,59931,2026-09-26T05:36:42Z
Acanthurus triostegus,502076536,https://inaturalist-open-data.s3.amazonaws.com/photos/502076536/medium.jpeg,CC-BY 4.0,Leon Perrie,leonperrie,2025-04-29,https://www.inaturalist.org/observations/279589323,"© Leon Perrie, some rights reserved (CC-BY)",30d795b40435610cbaa6476d34346cffa122b673d29d19f15b9e5e003f61ef92,cc-by,https://creativecommons.org/licenses/by/4.0/,59931,2026-09-26T05:36:43Z
Acanthurus triostegus,502076538,https://inaturalist-open-data.s3.amazonaws.com/photos/502076538/medium.jpeg,CC-BY 4.0,Leon Perrie,leonperrie,2025-04-29,https://www.inaturalist.org/observations/279589323,"© Leon Perrie, some rights reserved (CC-BY)",f5dc4b91fa55bd38ac7eecf3b5bf8895d7585dd5519f9f3a8373223e3c9e8817,cc-by,https://creativecommons.org/licenses/by/4.0/,59931,2026-09-26T05:36:43Z
Acanthurus triostegus,398126492,https://inaturalist-open-data.s3.amazonaws.com/photos/398126492/medium.jpeg,CC-BY 4.0,yajapin,yajapin,2024-06-15,https://www.inaturalist.org/observations/224616609,"© yajapin, some rights reserved (CC-BY)",67bbb00c7bc1bc3c259d846459e9db4ea08c923cb31f7edcac5af4486a10e729,cc-by,https://creativecommons.org/licenses/by/4.0/,59931,2026-09-26T05:36:43Z
Acanthurus triostegus,118234748,https://inaturalist-open-data.s3.amazonaws.com/photos/118234748/medium.jpg,CC-BY 4.0,Susan Prior,susanprior,2020-12-12,https://www.inaturalist.org/observations/72510639,"© Susan Prior, some rights reserved (CC-BY)",a3c6f04f073e4cdb14fd50f7da26d225fc57b13908654ac1bc762d4f0d0c869e,cc-by,https://creativecommons.org/licenses/by/4.0/,59931,2026-09-26T05:36:43Z
Acanthurus triostegus,344100178,https://inaturalist-open-data.s3.amazonaws.com/photos/344100178/medium.jpeg,CC-BY 4.0,Bill Levine,blevine,2023-12-30,https://www.inaturalist.org/observations/195573030,"© Bill Levine, some rights reserved (CC-BY)",1d959a64c5dce634caf3544270f5d5c035d1abf1ad263f2e528a9cc4aedf6a34,cc-by,https://creativecommons.org/licenses/by/4.0/,59931,2026-09-26T05:36:44Z
Acanthurus triostegus,476431210,https://inaturalist-open-data.s3.amazonaws.com/photos/476431210/medium.jpeg,CC-BY 4.0,Сергей Крыленко,krylenkoserg,2022-01-31,https://www.inaturalist.org/observations/265257483,"© Сергей Крыленко, some rights reserved (CC-BY)",0ce51a982c2dd6464348101534ea02b9ed967db57eb04627e8b104a0d6ba07f4,cc-by,https://creativecommons.org/licenses/by/4.0/,59931,2026-09-26T05:36:43Z
Acanthurus triostegus,439296340,https://inaturalist-open-data.s3.amazonaws.com/photos/439296340/medium.jpg,CC-BY 4.0,Debra Baker,quokka2,2024-09-25,https://www.inaturalist.org/observations/246112975,"© Debra Baker, some rights reserved (CC-BY)",6b24327b0995544feac10db19710848f52373d6f603b2a2b7a1a502c9836069b,cc-by,https://creativecommons.org/licenses/by/4.0/,59931,2026-09-26T05:36:44Z
Acanthurus triostegus,306679915,https://inaturalist-open-data.s3.amazonaws.com/photos/306679915/medium.jpeg,CC-BY 4.0,Debra Baker,quokka2,2023-07-27,https://www.inaturalist.org/observations/176401390,"© Debra Baker, some rights reserved (CC-BY)",01fe99a35749b6855b58e1ef3e3c3598edf55beb355593b6e315aa211f87921c,cc-by,https://creativecommons.org/licenses/by/4.0/,59931,2026-09-26T05:36:45Z
Acanthurus triostegus,523700359,https://inaturalist-open-data.s3.amazonaws.com/photos/523700359/medium.jpg,CC-BY 4.0,Bill Levine,blevine,2025-06-16,https://www.inaturalist.org/observations/291087954,"© Bill Levine, some rights reserved (CC-BY)",91fdf1f0a249f79a9ba27cc8b4f61d3eec769e00d302358802dd3f3f3b3fec55,cc-by,https://creativecommons.org/licenses/by/4.0/,59931,2026-09-26T05:36:45Z
Acanthurus triostegus,596278860,https://inaturalist-open-data.s3.amazonaws.com/photos/596278860/medium.jpg,CC-BY 4.0,Robyn Perkins,r_perkins,2019-03-23,https://www.inaturalist.org/observations/328997642,"© Robyn Perkins, some rights reserved (CC-BY)",93979b4a95fb4fb4d63ba2abbead40478bc8387ff36bb21f03c119d4cb674a80,cc-by,https://creativecommons.org/licenses/by/4.0/,59931,2026-09-26T05:36:46Z
Acanthurus triostegus,604091230,https://inaturalist-open-data.s3.amazonaws.com/photos/604091230/medium.jpg,CC-BY 4.0,Michael Eisen,mbeisen,2025-12-27,https://www.inaturalist.org/observations/332822568,"© Michael Eisen, some rights reserved (CC-BY)",d15508a9b86f13f9be1e34813151c95f216effb49bb7597fadbbfe18b1c04eb7,cc-by,https://creativecommons.org/licenses/by/4.0/,59931,2026-09-26T05:36:46Z
Acanthurus triostegus,616625229,https://inaturalist-open-data.s3.amazonaws.com/photos/616625229/medium.jpg,CC-BY 4.0,PampaSorro,pampasorro,2026-02-15,https://www.inaturalist.org/observations/339017315,"© PampaSorro, some rights reserved (CC-BY)",8dea373e796466aeb50cb60acabbc7362b8484538a8e1a19e5c3f54f3f82aaa6,cc-by,https://creativecommons.org/licenses/by/4.0/,59931,2026-09-26T05:36:46Z
Acanthurus triostegus,515266453,https://inaturalist-open-data.s3.amazonaws.com/photos/515266453/medium.jpg,CC-BY 4.0,Jan Ebr &amp; Ivana Ebrová,opisska,2025-03-24,https://www.inaturalist.org/observations/286617172,"© Jan Ebr &amp; Ivana Ebrová, some rights reserved (CC-BY)",7d2c6f494e85330dd0de12fcd49264ba47bf43cad8455525d35a5abc33378319,cc-by,https://creativecommons.org/licenses/by/4.0/,59931,2026-09-26T05:36:46Z
Acanthurus triostegus,478804267,https://inaturalist-open-data.s3.amazonaws.com/photos/478804267/medium.jpeg,CC-BY 4.0,Alberto Alcalá,alboertoalcala,2025-03-22,https://www.inaturalist.org/observations/266482935,"© Alberto Alcalá, some rights reserved (CC-BY)",40ef8ef58fd429d0dc6f1df065f316fe2bbf7ac60fd48872dcde096f167082ea,cc-by,https://creativecommons.org/licenses/by/4.0/,59931,2026-09-26T05:36:56Z
Acanthurus triostegus,728832705,https://inaturalist-open-data.s3.amazonaws.com/photos/728832705/medium.jpg,CC-BY 4.0,Peggy Newman,peggydnew,2026-08-26,https://www.inaturalist.org/observations/397377964,"© Peggy Newman, some rights reserved (CC-BY)",9e1e2ff9af7fceecbc6ea597c5e28133ac3e1bea29183089e11db23a0175017b,cc-by,https://creativecommons.org/licenses/by/4.0/,59931,2026-09-26T05:37:10Z
Acanthurus triostegus,192635570,https://inaturalist-open-data.s3.amazonaws.com/photos/192635570/medium.jpeg,CC-BY 4.0,keesgroenendijk,keesgroenendijk,2022-04-29,https://www.inaturalist.org/observations/114056327,"© keesgroenendijk, some rights reserved (CC-BY)",715e9572dea520cf00274b2a1a4cd8c53cbf96f46c570a5d68e0655a079020ed,cc-by,https://creativecommons.org/licenses/by/4.0/,59931,2026-09-26T05:37:09Z
Acanthurus triostegus,215432782,https://inaturalist-open-data.s3.amazonaws.com/photos/215432782/medium.jpeg,CC-BY 4.0,Mahomed Desai,m_d,2022-07-17,https://www.inaturalist.org/observations/126935185,"© Mahomed Desai, some rights reserved (CC-BY)",38dd8e81d82d8a307bc97a26db3e64098159e6119b1b48bc6208105ac964a49d,cc-by,https://creativecommons.org/licenses/by/4.0/,59931,2026-09-26T05:36:48Z
Acanthurus triostegus,270157006,https://inaturalist-open-data.s3.amazonaws.com/photos/270157006/medium.jpeg,CC-BY 4.0,Jan Ebr &amp; Ivana Ebrová,opisska,2023-04-09,https://www.inaturalist.org/observations/156247671,"© Jan Ebr &amp; Ivana Ebrová, some rights reserved (CC-BY)",e89120ce1ac848bd2f90fdd4f701a83d4a425f94c1148f0b1c8a86d33622a85c,cc-by,https://creativecommons.org/licenses/by/4.0/,59931,2026-09-26T05:36:47Z
Acanthurus triostegus,594953583,https://inaturalist-open-data.s3.amazonaws.com/photos/594953583/medium.jpg,CC-BY 4.0,Muhammad Uzair Davids,sisyphus_happy,2025-11-19,https://www.inaturalist.org/observations/328339835,"© Muhammad Uzair Davids, some rights reserved (CC-BY)",84cac9eb25c281f2697c69046ada4ed047cd0e424295b1b80bbdb427f3d7fa6d,cc-by,https://creativecommons.org/licenses/by/4.0/,59931,2026-09-26T05:36:46Z
Acanthurus triostegus,624155365,https://inaturalist-open-data.s3.amazonaws.com/photos/624155365/medium.jpg,CC-BY 4.0,Jacek Pietruszewski,hyacinthus,2026-02-25,https://www.inaturalist.org/observations/342721236,"© Jacek Pietruszewski, some rights reserved (CC-BY)",47fff96d8757059957b90eff7604bc69bf42199bcddfe0bec0f096c0ed9fd4f4,cc-by,https://creativecommons.org/licenses/by/4.0/,59931,2026-09-26T05:37:04Z
Acanthurus triostegus,58380428,https://inaturalist-open-data.s3.amazonaws.com/photos/58380428/medium.jpeg,CC-BY 4.0,Yves Bas,yvesbas,2010-12-02,https://www.inaturalist.org/observations/36884733,"© Yves Bas, some rights reserved (CC-BY)",db512262cadf5acfaf1f02d35f4e56a820a02eaba90a368aba49e0e57ccf1951,cc-by,https://creativecommons.org/licenses/by/4.0/,59931,2026-09-26T05:36:57Z
Acanthurus triostegus,56533905,https://inaturalist-open-data.s3.amazonaws.com/photos/56533905/medium.jpg,CC-BY 4.0,Amber M. King,amberenergy,2019-11-15,https://www.inaturalist.org/observations/35821401,"© Amber M. King, some rights reserved (CC-BY)",d1947d55d0dc151cce558831c24d30396499c18183b9996a9341210910c498ad,cc-by,https://creativecommons.org/licenses/by/4.0/,59931,2026-09-26T05:36:49Z
Acanthurus triostegus,447446966,https://inaturalist-open-data.s3.amazonaws.com/photos/447446966/medium.jpg,CC-BY 4.0,Susan Prior,susanprior,2024-10-23,https://www.inaturalist.org/observations/250221038,"© Susan Prior, some rights reserved (CC-BY)",b5ec852e93b8cf32a3402cf789893265a3eab0a6588bd82c93d25da917df8e88,cc-by,https://creativecommons.org/licenses/by/4.0/,59931,2026-09-26T05:36:59Z
Acanthurus triostegus,333057370,https://inaturalist-open-data.s3.amazonaws.com/photos/333057370/medium.jpg,CC-BY 4.0,Debra Baker,quokka2,2023-10-31,https://www.inaturalist.org/observations/190045632,"© Debra Baker, some rights reserved (CC-BY)",f4e52baecff3dd507d0df3c5788dc942a266014e5f8c61c94bc949aa8a29963b,cc-by,https://creativecommons.org/licenses/by/4.0/,59931,2026-09-26T05:36:53Z
Holacanthus ciliaris,176908174,https://inaturalist-open-data.s3.amazonaws.com/photos/176908174/medium.jpg,CC-BY 4.0,Pauline Walsh Jacobson,coralreefdreams,2020-07-07,https://www.inaturalist.org/observations/105437229,"© Pauline Walsh Jacobson, some rights reserved (CC-BY)",11e22f947028f603b8dbb6bd43c257f941f69fb15119cb8f9832d01ae359c231,cc-by,https://creativecommons.org/licenses/by/4.0/,47235,2026-09-26T05:37:17Z
Holacanthus ciliaris,245392288,https://inaturalist-open-data.s3.amazonaws.com/photos/245392288/medium.jpg,CC-BY 4.0,Pauline Walsh Jacobson,coralreefdreams,1997-07-13,https://www.inaturalist.org/observations/143097907,"© Pauline Walsh Jacobson, some rights reserved (CC-BY)",67f094841e219c4591f20c8e3916589b95dcb7f4d2e8018a53c1a00103851c1a,cc-by,https://creativecommons.org/licenses/by/4.0/,47235,2026-09-26T05:37:17Z
Holacanthus ciliaris,390153480,https://inaturalist-open-data.s3.amazonaws.com/photos/390153480/medium.jpg,CC-BY 4.0,Robin White,robin_dive_diva,2024-06-03,https://www.inaturalist.org/observations/220369112,"© Robin White, some rights reserved (CC-BY)",0d098a29677482d2ae70a1ddccf52ce40e404ab1a63ce212bd2f815a82188285,cc-by,https://creativecommons.org/licenses/by/4.0/,47235,2026-09-26T05:37:17Z
Holacanthus ciliaris,390153583,https://inaturalist-open-data.s3.amazonaws.com/photos/390153583/medium.jpg,CC-BY 4.0,Robin White,robin_dive_diva,2024-06-03,https://www.inaturalist.org/observations/220369112,"© Robin White, some rights reserved (CC-BY)",84b99b16c6eeb51fd53bb7c474e5ee413a468fa1733ee5a748cd3f08d4eac03c,cc-by,https://creativecommons.org/licenses/by/4.0/,47235,2026-09-26T05:37:18Z
Holacanthus ciliaris,422126842,https://inaturalist-open-data.s3.amazonaws.com/photos/422126842/medium.jpeg,CC-BY 4.0,sblumen,sblumen,2015-06-10,https://www.inaturalist.org/observations/237211289,"© sblumen, some rights reserved (CC-BY)",cf287b77818ab9038c045ae11383ca8410443c46865a82f1edf9339692713fc6,cc-by,https://creativecommons.org/licenses/by/4.0/,47235,2026-09-26T05:37:18Z
Holacanthus ciliaris,60008793,https://inaturalist-open-data.s3.amazonaws.com/photos/60008793/medium.jpg,CC-BY 4.0,Eamon Corbett,eamonccorbett,2020-01-12,https://www.inaturalist.org/observations/37806635,"© Eamon Corbett, some rights reserved (CC-BY)",2e0f20dc177763bcd9284aae7cbec129d32fb382813706c280a3560a96fed122,cc-by,https://creativecommons.org/licenses/by/4.0/,47235,2026-09-26T05:37:18Z
Holacanthus ciliaris,345031516,https://inaturalist-open-data.s3.amazonaws.com/photos/345031516/medium.jpg,CC-BY 4.0,Pauline Walsh Jacobson,coralreefdreams,2017-02-18,https://www.inaturalist.org/observations/196036149,"© Pauline Walsh Jacobson, some rights reserved (CC-BY)",c57187b6d811271a46bdfffd363a148f55549441b7bfcfc2b0a5075c16beb941,cc-by,https://creativecommons.org/licenses/by/4.0/,47235,2026-09-26T05:37:19Z
Holacanthus ciliaris,320139768,https://inaturalist-open-data.s3.amazonaws.com/photos/320139768/medium.jpg,CC-BY 4.0,Pauline Walsh Jacobson,coralreefdreams,2015-11-08,https://www.inaturalist.org/observations/183493927,"© Pauline Walsh Jacobson, some rights reserved (CC-BY)",efd9e04083cfc76ee229f68ee56b1916136ec913c58c77369f7e52f41d1ebd31,cc-by,https://creativecommons.org/licenses/by/4.0/,47235,2026-09-26T05:37:19Z
Holacanthus ciliaris,167955450,https://inaturalist-open-data.s3.amazonaws.com/photos/167955450/medium.jpg,CC-BY 4.0,Pauline Walsh Jacobson,coralreefdreams,2018-12-29,https://www.inaturalist.org/observations/100616418,"© Pauline Walsh Jacobson, some rights reserved (CC-BY)",789ea88fac91d892e3e97d06e40474c1544499e0e0bd55d65bfd5f5c8f8c18c8,cc-by,https://creativecommons.org/licenses/by/4.0/,47235,2026-09-26T05:37:19Z
Holacanthus ciliaris,249842924,https://inaturalist-open-data.s3.amazonaws.com/photos/249842924/medium.jpg,CC-BY 4.0,Pauline Walsh Jacobson,coralreefdreams,2006-04-08,https://www.inaturalist.org/observations/145454701,"© Pauline Walsh Jacobson, some rights reserved (CC-BY)",4d8f07098e0bb020dc3cc155ebb1d2bcd2cc24285a756d3263d64dd32e543b79,cc-by,https://creativecommons.org/licenses/by/4.0/,47235,2026-09-26T05:37:20Z
Holacanthus ciliaris,649004119,https://inaturalist-open-data.s3.amazonaws.com/photos/649004119/medium.jpg,CC-BY 4.0,Dan Schofield,djscho,2026-04-19,https://www.inaturalist.org/observations/355887922,"© Dan Schofield, some rights reserved (CC-BY)",3feae607e934c498e94bd0735345508cc18e8af83748711a40c3e3b085e2d026,cc-by,https://creativecommons.org/licenses/by/4.0/,47235,2026-09-26T05:37:20Z
Holacanthus ciliaris,624216453,https://inaturalist-open-data.s3.amazonaws.com/photos/624216453/medium.jpg,CC-BY 4.0,Dan Schofield,djscho,2026-03-10,https://www.inaturalist.org/observations/342752593,"© Dan Schofield, some rights reserved (CC-BY)",378d12d61a488a34b62cccd69db7563c5b41ac3ad5921367c91c8e1db98e4523,cc-by,https://creativecommons.org/licenses/by/4.0/,47235,2026-09-26T05:37:20Z
Holacanthus ciliaris,167610686,https://inaturalist-open-data.s3.amazonaws.com/photos/167610686/medium.jpg,CC-BY 4.0,Pauline Walsh Jacobson,coralreefdreams,2018-10-28,https://www.inaturalist.org/observations/100427063,"© Pauline Walsh Jacobson, some rights reserved (CC-BY)",4c2f431d9d7aff5389c0acbd4989def6087323a5239ffb81e7eee5a4247b4607,cc-by,https://creativecommons.org/licenses/by/4.0/,47235,2026-09-26T05:37:20Z
Holacanthus ciliaris,167611971,https://inaturalist-open-data.s3.amazonaws.com/photos/167611971/medium.jpg,CC-BY 4.0,Pauline Walsh Jacobson,coralreefdreams,2018-10-28,https://www.inaturalist.org/observations/100427063,"© Pauline Walsh Jacobson, some rights reserved (CC-BY)",397ec4177051946dc18ada0263838a40f2214c6f0d48ac0df5ccdcb4b9a2181d,cc-by,https://creativecommons.org/licenses/by/4.0/,47235,2026-09-26T05:37:21Z
Holacanthus ciliaris,438105892,https://inaturalist-open-data.s3.amazonaws.com/photos/438105892/medium.jpeg,CC-BY 4.0,Charlotte Kirchner,charlottekirchner,2024-10-03,https://www.inaturalist.org/observations/245504399,"© Charlotte Kirchner, some rights reserved (CC-BY)",5b8ef2542720fd581a58ea9f7d903763a764fd417e9f7d0ea885404304b1e16d,cc-by,https://creativecommons.org/licenses/by/4.0/,47235,2026-09-26T05:37:21Z
Holacanthus ciliaris,438105970,https://inaturalist-open-data.s3.amazonaws.com/photos/438105970/medium.jpeg,CC-BY 4.0,Charlotte Kirchner,charlottekirchner,2024-10-03,https://www.inaturalist.org/observations/245504399,"© Charlotte Kirchner, some rights reserved (CC-BY)",a74600f61ff5005a266f107ffb18de56d3aacbde68f2a6356bd6b723b8a1daec,cc-by,https://creativecommons.org/licenses/by/4.0/,47235,2026-09-26T05:37:21Z
Holacanthus ciliaris,100570488,https://inaturalist-open-data.s3.amazonaws.com/photos/100570488/medium.jpeg,CC-BY 4.0,desertnaturalist,desertnaturalist,2002-02-09,https://www.inaturalist.org/observations/62737832,"© desertnaturalist, some rights reserved (CC-BY)",441b0bbd19534dbdee2064494de04d48e5bcb06720d017575ca5a4b7bb3fdb43,cc-by,https://creativecommons.org/licenses/by/4.0/,47235,2026-09-26T05:37:22Z
Holacanthus ciliaris,112214632,https://inaturalist-open-data.s3.amazonaws.com/photos/112214632/medium.jpg,CC-BY 4.0,Eric Habisch,erichabisch,2019-11-19,https://www.inaturalist.org/observations/69188906,"© Eric Habisch, some rights reserved (CC-BY)",49f081138aab31adbe3f28c1b0ccbbb8fa802590cb1512d0f7de41b7b3528dba,cc-by,https://creativecommons.org/licenses/by/4.0/,47235,2026-09-26T05:37:22Z
Holacanthus ciliaris,68263235,https://inaturalist-open-data.s3.amazonaws.com/photos/68263235/medium.jpeg,CC-BY 4.0,Miguel Grageda,miguelgrageda,2020-01-02,https://www.inaturalist.org/observations/42992285,"© Miguel Grageda, some rights reserved (CC-BY)",66950b0d44eed708734121ee9d70835ecfa6141c4204d14c36b8c881e1a1dc6e,cc-by,https://creativecommons.org/licenses/by/4.0/,47235,2026-09-26T05:37:22Z
Holacanthus ciliaris,264285066,https://inaturalist-open-data.s3.amazonaws.com/photos/264285066/medium.jpg,CC-BY 4.0,Pauline Walsh Jacobson,coralreefdreams,2011-05-26,https://www.inaturalist.org/observations/153047120,"© Pauline Walsh Jacobson, some rights reserved (CC-BY)",05857e12eeec663add8df573fa45f6e10fe1388c84996d36adb73da751d38cc9,cc-by,https://creativecommons.org/licenses/by/4.0/,47235,2026-09-26T05:37:23Z
Holacanthus ciliaris,243813774,https://inaturalist-open-data.s3.amazonaws.com/photos/243813774/medium.jpeg,CC-BY 4.0,Christine Loew,fresa_diving_caves,2022-10-16,https://www.inaturalist.org/observations/142231901,"© Christine Loew, some rights reserved (CC-BY)",c1b7c9f05e96d3d5f10140f619d3a906af08f869b4fb918477f52949c9773de9,cc-by,https://creativecommons.org/licenses/by/4.0/,47235,2026-09-26T05:37:23Z
Holacanthus ciliaris,285601216,https://inaturalist-open-data.s3.amazonaws.com/photos/285601216/medium.jpg,CC-BY 4.0,Pauline Walsh Jacobson,coralreefdreams,2012-01-08,https://www.inaturalist.org/observations/165023591,"© Pauline Walsh Jacobson, some rights reserved (CC-BY)",6f824835ad87beb14bee75ee12da97a3de390b760faeb4cd720a35db9b436b1e,cc-by,https://creativecommons.org/licenses/by/4.0/,47235,2026-09-26T05:37:24Z
Holacanthus ciliaris,249229758,https://inaturalist-open-data.s3.amazonaws.com/photos/249229758/medium.jpg,CC-BY 4.0,Pauline Walsh Jacobson,coralreefdreams,2004-08-02,https://www.inaturalist.org/observations/145121770,"© Pauline Walsh Jacobson, some rights reserved (CC-BY)",e3a5bb43fa5fc054b3767b7e0f266e67a95081602d7a8364ceb8a92de50cf83b,cc-by,https://creativecommons.org/licenses/by/4.0/,47235,2026-09-26T05:37:24Z
Holacanthus ciliaris,246144085,https://inaturalist-open-data.s3.amazonaws.com/photos/246144085/medium.jpg,CC-BY 4.0,Pauline Walsh Jacobson,coralreefdreams,2001-03-04,https://www.inaturalist.org/observations/143518888,"© Pauline Walsh Jacobson, some rights reserved (CC-BY)",17f4ede1b9097f8522ddf671992244c1bb25a77f9b8199f7512b51effa0d6f2c,cc-by,https://creativecommons.org/licenses/by/4.0/,47235,2026-09-26T05:37:24Z
Holacanthus ciliaris,351872337,https://inaturalist-open-data.s3.amazonaws.com/photos/351872337/medium.jpg,CC-BY 4.0,Jay Brasher,jbrasher,2023-09-11,https://www.inaturalist.org/observations/199523015,"© Jay Brasher, some rights reserved (CC-BY)",36f88d518160a207b0b6b2133d8de82119fc2b2166933c728c9d8e79158e31b1,cc-by,https://creativecommons.org/licenses/by/4.0/,47235,2026-09-26T05:37:24Z
Holacanthus ciliaris,384408899,https://inaturalist-open-data.s3.amazonaws.com/photos/384408899/medium.jpg,CC-BY 4.0,Pauline Walsh Jacobson,coralreefdreams,2020-03-02,https://www.inaturalist.org/observations/217303008,"© Pauline Walsh Jacobson, some rights reserved (CC-BY)",e1b69061e71547e35074831ef47db447be819ec49b365d0c86d76e0b6232a8c3,cc-by,https://creativecommons.org/licenses/by/4.0/,47235,2026-09-26T05:37:25Z
Holacanthus ciliaris,384404915,https://inaturalist-open-data.s3.amazonaws.com/photos/384404915/medium.jpg,CC-BY 4.0,Pauline Walsh Jacobson,coralreefdreams,2020-03-02,https://www.inaturalist.org/observations/217303008,"© Pauline Walsh Jacobson, some rights reserved (CC-BY)",d0cce2671c089ea37e05e5cf3d7b8dd9c65898900d55cd90aa68aaf1ed4b5404,cc-by,https://creativecommons.org/licenses/by/4.0/,47235,2026-09-26T05:37:25Z
Holacanthus ciliaris,254520143,https://inaturalist-open-data.s3.amazonaws.com/photos/254520143/medium.jpg,CC-BY 4.0,Robin White,robin_dive_diva,2023-02-01,https://www.inaturalist.org/observations/147866940,"© Robin White, some rights reserved (CC-BY)",657e85bf71079c1f473b37f3ed12ca3d7c708bb82dfa7db8ca09029b3f70f2f9,cc-by,https://creativecommons.org/licenses/by/4.0/,47235,2026-09-26T05:37:25Z
Holacanthus ciliaris,254520139,https://inaturalist-open-data.s3.amazonaws.com/photos/254520139/medium.jpg,CC-BY 4.0,Robin White,robin_dive_diva,2023-02-01,https://www.inaturalist.org/observations/147866940,"© Robin White, some rights reserved (CC-BY)",31020c563308a6bc8d5e0c42b2507885f374e1320186d0c912694231b322b858,cc-by,https://creativecommons.org/licenses/by/4.0/,47235,2026-09-26T05:37:25Z
Holacanthus ciliaris,257648356,https://inaturalist-open-data.s3.amazonaws.com/photos/257648356/medium.jpg,CC-BY 4.0,Jay Brasher,jbrasher,2022-09-12,https://www.inaturalist.org/observations/149515294,"© Jay Brasher, some rights reserved (CC-BY)",0f0ed86f32209abe37d21172af20e9ec47b1546741878eb0c4a71f26850b570c,cc-by,https://creativecommons.org/licenses/by/4.0/,47235,2026-09-26T05:37:26Z
Holacanthus ciliaris,363664202,https://inaturalist-open-data.s3.amazonaws.com/photos/363664202/medium.jpg,CC-BY 4.0,Pauline Walsh Jacobson,coralreefdreams,2019-07-14,https://www.inaturalist.org/observations/205655304,"© Pauline Walsh Jacobson, some rights reserved (CC-BY)",0beeac75da68477249f211fa72056fe1b18ca51f10d5cd1a7a02847f035843e2,cc-by,https://creativecommons.org/licenses/by/4.0/,47235,2026-09-26T05:37:26Z
Holacanthus ciliaris,364935535,https://inaturalist-open-data.s3.amazonaws.com/photos/364935535/medium.jpg,CC-BY 4.0,cello caruso-turiello,celllo,2024-04-09,https://www.inaturalist.org/observations/206337856,"© cello caruso-turiello, some rights reserved (CC-BY)",03a973d4c9ebfb10d413769048d7a5b527aeeca02586a8a2d76750f9f0af96dc,cc-by,https://creativecommons.org/licenses/by/4.0/,47235,2026-09-26T05:37:27Z
Holacanthus ciliaris,257198669,https://inaturalist-open-data.s3.amazonaws.com/photos/257198669/medium.jpg,CC-BY 4.0,Dan Schofield,djscho,2023-02-17,https://www.inaturalist.org/observations/149276375,"© Dan Schofield, some rights reserved (CC-BY)",f7ff0830890ab26f1f044b704c200952a5751dfe78bbf92de4b89841c77677e6,cc-by,https://creativecommons.org/licenses/by/4.0/,47235,2026-09-26T05:37:27Z
Holacanthus ciliaris,228505758,https://inaturalist-open-data.s3.amazonaws.com/photos/228505758/medium.jpg,CC-BY 4.0,Robin White,robin_dive_diva,2022-09-07,https://www.inaturalist.org/observations/134092092,"© Robin White, some rights reserved (CC-BY)",02a20207ca80fafa42e6ada2c0b754c12feb43d203038e278c5ed1e3627e78e5,cc-by,https://creativecommons.org/licenses/by/4.0/,47235,2026-09-26T05:37:27Z
Holacanthus ciliaris,241462343,https://inaturalist-open-data.s3.amazonaws.com/photos/241462343/medium.jpeg,CC-BY 4.0,Dan Schofield,djscho,2022-10-28,https://www.inaturalist.org/observations/141007007,"© Dan Schofield, some rights reserved (CC-BY)",3f2a96a2ef48d5615d1fd4add61d0029972c7dd4c94e197298010c30d5a32601,cc-by,https://creativecommons.org/licenses/by/4.0/,47235,2026-09-26T05:37:28Z
Holacanthus ciliaris,319610325,https://inaturalist-open-data.s3.amazonaws.com/photos/319610325/medium.jpg,CC-BY 4.0,Pauline Walsh Jacobson,coralreefdreams,2015-12-29,https://www.inaturalist.org/observations/183217230,"© Pauline Walsh Jacobson, some rights reserved (CC-BY)",efb6c82723b113aa723863dbb2714595908f57f6e3f292201cbe9ac6d5077849,cc-by,https://creativecommons.org/licenses/by/4.0/,47235,2026-09-26T05:37:29Z
Holacanthus ciliaris,469419238,https://inaturalist-open-data.s3.amazonaws.com/photos/469419238/medium.jpg,CC-BY 4.0,Dan Schofield,djscho,2025-02-08,https://www.inaturalist.org/observations/261303198,"© Dan Schofield, some rights reserved (CC-BY)",c3522adfbdf3a3bd85fc7a24bf6662f736003a5c8988944e69afa2b07e53c86c,cc-by,https://creativecommons.org/licenses/by/4.0/,47235,2026-09-26T05:37:29Z
Holacanthus ciliaris,332885725,https://inaturalist-open-data.s3.amazonaws.com/photos/332885725/medium.jpg,CC-BY 4.0,Robin White,robin_dive_diva,2023-11-03,https://www.inaturalist.org/observations/189954178,"© Robin White, some rights reserved (CC-BY)",bf3ca59801fa77dc77a43b631ac19a393b020c1b409437ac6cb2a571be854593,cc-by,https://creativecommons.org/licenses/by/4.0/,47235,2026-09-26T05:37:29Z
Holacanthus ciliaris,548250721,https://inaturalist-open-data.s3.amazonaws.com/photos/548250721/medium.jpg,CC-BY 4.0,ecovore,ecovore,2000-08-05,https://www.inaturalist.org/observations/304138646,"© ecovore, some rights reserved (CC-BY)",8bdc8b2fd01569017e60c68560f64d7b2223b36f73a4ef671b1dffb06ad7a237,cc-by,https://creativecommons.org/licenses/by/4.0/,47235,2026-09-26T05:37:57Z
Holacanthus ciliaris,260129537,https://inaturalist-open-data.s3.amazonaws.com/photos/260129537/medium.jpg,CC-BY 4.0,Pauline Walsh Jacobson,coralreefdreams,2007-05-23,https://www.inaturalist.org/observations/150817517,"© Pauline Walsh Jacobson, some rights reserved (CC-BY)",cd66547ba2d5c73fdefcc3448ce3043b0bf20f3a77e4e8475141817425a6b10d,cc-by,https://creativecommons.org/licenses/by/4.0/,47235,2026-09-26T05:37:23Z
Holacanthus ciliaris,607552521,https://inaturalist-open-data.s3.amazonaws.com/photos/607552521/medium.jpg,CC-BY 4.0,Jay Brasher,jbrasher,2024-09-11,https://www.inaturalist.org/observations/334544510,"© Jay Brasher, some rights reserved (CC-BY)",84982d334c2425832f5f3e4cd731e5ee373526df4a961f8cff732e33ed1b2018,cc-by,https://creativecommons.org/licenses/by/4.0/,47235,2026-09-26T05:37:22Z
Holacanthus ciliaris,627227743,https://inaturalist-open-data.s3.amazonaws.com/photos/627227743/medium.jpg,CC-BY 4.0,Matteo Bellucci,matteobellu239,2026-02-06,https://www.inaturalist.org/observations/344261099,"© Matteo Bellucci, some rights reserved (CC-BY)",06f6b0758d266213355549869f0d2ec3436080c2c3de50434fd419ee5f2f74d6,cc-by,https://creativecommons.org/licenses/by/4.0/,47235,2026-09-26T05:37:59Z
Holacanthus ciliaris,150754747,https://inaturalist-open-data.s3.amazonaws.com/photos/150754747/medium.jpeg,CC-BY 4.0,Jay Brasher,jbrasher,2017-09-14,https://www.inaturalist.org/observations/91167426,"© Jay Brasher, some rights reserved (CC-BY)",ebceb8f3b6a346b19496cf14f05a5d9cc2ef00490a5d8b168bff81ee3824ae0b,cc-by,https://creativecommons.org/licenses/by/4.0/,47235,2026-09-26T05:37:33Z
Holacanthus ciliaris,177076797,https://inaturalist-open-data.s3.amazonaws.com/photos/177076797/medium.jpg,CC-BY 4.0,Pauline Walsh Jacobson,coralreefdreams,2020-08-20,https://www.inaturalist.org/observations/105525173,"© Pauline Walsh Jacobson, some rights reserved (CC-BY)",25138fa6d521c56916fc69ffd68ff936a1691e6918cbb7b3c06efc5e7cb05b9c,cc-by,https://creativecommons.org/licenses/by/4.0/,47235,2026-09-26T05:37:25Z
Holacanthus ciliaris,151668858,https://inaturalist-open-data.s3.amazonaws.com/photos/151668858/medium.jpeg,CC-BY 4.0,Jay Brasher,jbrasher,2017-09-23,https://www.inaturalist.org/observations/91669004,"© Jay Brasher, some rights reserved (CC-BY)",6e5bd247239339309fee3a456fd4c4c43fb75b3849bd06d00fa7d926fae68d8c,cc-by,https://creativecommons.org/licenses/by/4.0/,47235,2026-09-26T05:37:56Z
Holacanthus ciliaris,100614967,https://inaturalist-open-data.s3.amazonaws.com/photos/100614967/medium.jpeg,CC-BY 4.0,Ian Adams,iadams,2020-02-01,https://www.inaturalist.org/observations/62762074,"© Ian Adams, some rights reserved (CC-BY)",66e8ca7ab2482c92165f7b0188cf1c0c23a5d04419fa49b1f95cb9c81396788b,cc-by,https://creativecommons.org/licenses/by/4.0/,47235,2026-09-26T05:37:33Z
Holacanthus ciliaris,376430321,https://inaturalist-open-data.s3.amazonaws.com/photos/376430321/medium.jpg,CC-BY 4.0,Robin White,robin_dive_diva,2024-05-02,https://www.inaturalist.org/observations/213009928,"© Robin White, some rights reserved (CC-BY)",8f24147d54fe70b7875704c82764696000da2906c0ad0e5e81ad34e1231e17da,cc-by,https://creativecommons.org/licenses/by/4.0/,47235,2026-09-26T05:37:28Z
Holacanthus ciliaris,471828511,https://inaturalist-open-data.s3.amazonaws.com/photos/471828511/medium.jpg,CC-BY 4.0,Dan Schofield,djscho,2025-02-17,https://www.inaturalist.org/observations/262720104,"© Dan Schofield, some rights reserved (CC-BY)",ec720d62829e98b3d48c99b154b0bc919bdbb7edfccbea766b6f38d8e8e98fe5,cc-by,https://creativecommons.org/licenses/by/4.0/,47235,2026-09-26T05:37:21Z
Holacanthus ciliaris,39971711,https://inaturalist-open-data.s3.amazonaws.com/photos/39971711/medium.jpeg,CC-BY 4.0,Christine Loew,fresa_diving_caves,2004-12-18,https://www.inaturalist.org/observations/25783538,"© Christine Loew, some rights reserved (CC-BY)",2bbefa440673e02c279a706a3acc8e8f6c650b549f7bc08d8cb8f55141362f73,cc-by,https://creativecommons.org/licenses/by/4.0/,47235,2026-09-26T05:38:03Z
Holacanthus bermudensis,236815349,https://inaturalist-open-data.s3.amazonaws.com/photos/236815349/medium.jpg,CC-BY 4.0,Pauline Walsh Jacobson,coralreefdreams,2021-06-01,https://www.inaturalist.org/observations/138541830,"© Pauline Walsh Jacobson, some rights reserved (CC-BY)",d0efed7d21872309d17dd4f1011e2108033436bab52cb4979b4197560e80298a,cc-by,https://creativecommons.org/licenses/by/4.0/,49632,2026-09-26T05:38:06Z
Holacanthus bermudensis,236816198,https://inaturalist-open-data.s3.amazonaws.com/photos/236816198/medium.jpg,CC-BY 4.0,Pauline Walsh Jacobson,coralreefdreams,2021-06-01,https://www.inaturalist.org/observations/138541830,"© Pauline Walsh Jacobson, some rights reserved (CC-BY)",78ed94046010b8690cee8e55ac419c0b95c9371ea5d604f724620f063adcfcd5,cc-by,https://creativecommons.org/licenses/by/4.0/,49632,2026-09-26T05:38:06Z
Holacanthus bermudensis,62511751,https://inaturalist-open-data.s3.amazonaws.com/photos/62511751/medium.jpeg,CC-BY 4.0,Alison Copeland,bda_biodiversity,2014-07-09,https://www.inaturalist.org/observations/39404069,"© Alison Copeland, some rights reserved (CC-BY)",34ad588b33e2f76f1b7238ac2f7172f21f13af77018fdb7bfcdfac99dc16484f,cc-by,https://creativecommons.org/licenses/by/4.0/,49632,2026-09-26T05:38:07Z
Holacanthus bermudensis,137467468,https://inaturalist-open-data.s3.amazonaws.com/photos/137467468/medium.jpeg,CC-BY 4.0,Alison Copeland,bda_biodiversity,2021-06-19,https://www.inaturalist.org/observations/83687338,"© Alison Copeland, some rights reserved (CC-BY)",d4cbbd591186228bb0d319113aec603f01c90b3de8fa9c09f6639906c123f6a1,cc-by,https://creativecommons.org/licenses/by/4.0/,49632,2026-09-26T05:38:07Z
Holacanthus bermudensis,344660464,https://inaturalist-open-data.s3.amazonaws.com/photos/344660464/medium.png,CC-BY 4.0,Kristof Zyskowski,kristofz,2022-07-31,https://www.inaturalist.org/observations/195851436,"© Kristof Zyskowski, some rights reserved (CC-BY)",c1ec00a7ff2956bd2702f87742c767da3e0fdc93a2511e0f68991ce5955b26e0,cc-by,https://creativecommons.org/licenses/by/4.0/,49632,2026-09-26T05:38:08Z
Holacanthus bermudensis,244966541,https://inaturalist-open-data.s3.amazonaws.com/photos/244966541/medium.jpg,CC-BY 4.0,Pauline Walsh Jacobson,coralreefdreams,2021-12-23,https://www.inaturalist.org/observations/142844771,"© Pauline Walsh Jacobson, some rights reserved (CC-BY)",59ec6c8c1dfba8b8f0655a19aa65ac1a2e816cab6166f8f857e4a7f0a1bf416e,cc-by,https://creativecommons.org/licenses/by/4.0/,49632,2026-09-26T05:38:08Z
Holacanthus bermudensis,244965903,https://inaturalist-open-data.s3.amazonaws.com/photos/244965903/medium.jpg,CC-BY 4.0,Pauline Walsh Jacobson,coralreefdreams,2021-12-23,https://www.inaturalist.org/observations/142844771,"© Pauline Walsh Jacobson, some rights reserved (CC-BY)",add3f7921e0ebfa26f38cb0b57f3db8612069cc4248de4511b8c565bc4dce1fb,cc-by,https://creativecommons.org/licenses/by/4.0/,49632,2026-09-26T05:38:08Z
Holacanthus bermudensis,288166112,https://inaturalist-open-data.s3.amazonaws.com/photos/288166112/medium.jpg,CC-BY 4.0,Pauline Walsh Jacobson,coralreefdreams,2022-02-25,https://www.inaturalist.org/observations/166407030,"© Pauline Walsh Jacobson, some rights reserved (CC-BY)",76fd1c13bb45c2e5ef5966e235d188c4514a883bf7931b84aae5b734d8f060ee,cc-by,https://creativecommons.org/licenses/by/4.0/,49632,2026-09-26T05:38:08Z
Holacanthus bermudensis,304529088,https://inaturalist-open-data.s3.amazonaws.com/photos/304529088/medium.jpg,CC-BY 4.0,Pauline Walsh Jacobson,coralreefdreams,2022-05-06,https://www.inaturalist.org/observations/175242761,"© Pauline Walsh Jacobson, some rights reserved (CC-BY)",a4b5ac70fed05c2d468c95253ed98dc092a0ed5c917fdbe40c361920f90027b7,cc-by,https://creativecommons.org/licenses/by/4.0/,49632,2026-09-26T05:38:09Z
Holacanthus bermudensis,341348665,https://inaturalist-open-data.s3.amazonaws.com/photos/341348665/medium.jpg,CC-BY 4.0,Pauline Walsh Jacobson,coralreefdreams,2022-10-14,https://www.inaturalist.org/observations/194226150,"© Pauline Walsh Jacobson, some rights reserved (CC-BY)",7baff5649a68f7e2643f4e82468fde9c1fe947bf22453c2eed62f1d11e082638,cc-by,https://creativecommons.org/licenses/by/4.0/,49632,2026-09-26T05:38:09Z
Holacanthus bermudensis,242509794,https://inaturalist-open-data.s3.amazonaws.com/photos/242509794/medium.jpg,CC-BY 4.0,Pauline Walsh Jacobson,coralreefdreams,2021-08-27,https://www.inaturalist.org/observations/141542195,"© Pauline Walsh Jacobson, some rights reserved (CC-BY)",91f3f4e32024c906cab8a6cfca64e20ae8641802ca5d2deffdc01b27ed987866,cc-by,https://creativecommons.org/licenses/by/4.0/,49632,2026-09-26T05:38:09Z
Holacanthus bermudensis,242510369,https://inaturalist-open-data.s3.amazonaws.com/photos/242510369/medium.jpg,CC-BY 4.0,Pauline Walsh Jacobson,coralreefdreams,2021-08-27,https://www.inaturalist.org/observations/141542195,"© Pauline Walsh Jacobson, some rights reserved (CC-BY)",2c61177e00422126c69a99a6bd482597f8c34bc72414b766975b3ff916892522,cc-by,https://creativecommons.org/licenses/by/4.0/,49632,2026-09-26T05:38:09Z
Holacanthus bermudensis,339898643,https://inaturalist-open-data.s3.amazonaws.com/photos/339898643/medium.jpg,CC-BY 4.0,Pauline Walsh Jacobson,coralreefdreams,2022-08-18,https://www.inaturalist.org/observations/193486721,"© Pauline Walsh Jacobson, some rights reserved (CC-BY)",382cd89d6f7b9bf692a963c3380d3508b9a0fb0ac93d7217239cafb20ec81d1c,cc-by,https://creativecommons.org/licenses/by/4.0/,49632,2026-09-26T05:38:10Z
Holacanthus bermudensis,339899759,https://inaturalist-open-data.s3.amazonaws.com/photos/339899759/medium.jpg,CC-BY 4.0,Pauline Walsh Jacobson,coralreefdreams,2022-08-18,https://www.inaturalist.org/observations/193486721,"© Pauline Walsh Jacobson, some rights reserved (CC-BY)",9f1b579187c755774831c228943b0f6ec49139d29857f3182dc1e99ee77df0b2,cc-by,https://creativecommons.org/licenses/by/4.0/,49632,2026-09-26T05:38:10Z
Holacanthus bermudensis,242396328,https://inaturalist-open-data.s3.amazonaws.com/photos/242396328/medium.jpg,CC-BY 4.0,Pauline Walsh Jacobson,coralreefdreams,2021-08-25,https://www.inaturalist.org/observations/141482651,"© Pauline Walsh Jacobson, some rights reserved (CC-BY)",c0165e5952817cf4eaf7bde9e327501ad8924bec9efa11a03d1648bdc6faed8a,cc-by,https://creativecommons.org/licenses/by/4.0/,49632,2026-09-26T05:38:12Z
Holacanthus bermudensis,176940645,https://inaturalist-open-data.s3.amazonaws.com/photos/176940645/medium.jpg,CC-BY 4.0,Pauline Walsh Jacobson,coralreefdreams,2020-07-24,https://www.inaturalist.org/observations/105454452,"© Pauline Walsh Jacobson, some rights reserved (CC-BY)",50418081c861ae877ed1fb118e6d6f768d01e8efc51896a376e9a03ed3a33e2d,cc-by,https://creativecommons.org/licenses/by/4.0/,49632,2026-09-26T05:38:12Z
Holacanthus bermudensis,413493070,https://inaturalist-open-data.s3.amazonaws.com/photos/413493070/medium.jpeg,CC-BY 4.0,Zakqary Roy,zakqaryroy,2024-07-30,https://www.inaturalist.org/observations/232724028,"© Zakqary Roy, some rights reserved (CC-BY)",dfb80bca61eee1d380355bf1686174db407b8942162da1e3b8bf7e4fa6ca326e,cc-by,https://creativecommons.org/licenses/by/4.0/,49632,2026-09-26T05:38:13Z
Holacanthus bermudensis,244059272,https://inaturalist-open-data.s3.amazonaws.com/photos/244059272/medium.jpg,CC-BY 4.0,Pauline Walsh Jacobson,coralreefdreams,2021-11-12,https://www.inaturalist.org/observations/142366647,"© Pauline Walsh Jacobson, some rights reserved (CC-BY)",b1c9694bde3e7f1f596b4f845956fb2ad20798a110617365789eee75e152805b,cc-by,https://creativecommons.org/licenses/by/4.0/,49632,2026-09-26T05:38:13Z
Holacanthus bermudensis,244059625,https://inaturalist-open-data.s3.amazonaws.com/photos/244059625/medium.jpg,CC-BY 4.0,Pauline Walsh Jacobson,coralreefdreams,2021-11-12,https://www.inaturalist.org/observations/142366647,"© Pauline Walsh Jacobson, some rights reserved (CC-BY)",94b9ecfddbaff0c734baa0e41fa76debd4ac74fb84396a66bf77de0c284d8a44,cc-by,https://creativecommons.org/licenses/by/4.0/,49632,2026-09-26T05:38:13Z
Holacanthus bermudensis,414178062,https://inaturalist-open-data.s3.amazonaws.com/photos/414178062/medium.jpeg,CC-BY 4.0,Zakqary Roy,zakqaryroy,2024-08-01,https://www.inaturalist.org/observations/233079558,"© Zakqary Roy, some rights reserved (CC-BY)",7264815c501410bb3752c1fa468d792fffd96b21976d6d46c98b323226fe409e,cc-by,https://creativecommons.org/licenses/by/4.0/,49632,2026-09-26T05:38:14Z
Holacanthus bermudensis,161726265,https://inaturalist-open-data.s3.amazonaws.com/photos/161726265/medium.jpg,CC-BY 4.0,Pauline Walsh Jacobson,coralreefdreams,2018-08-08,https://www.inaturalist.org/observations/97264351,"© Pauline Walsh Jacobson, some rights reserved (CC-BY)",3781761638f53a5e4b0c018c3d7057051ea6adf9e9944328f054ccea81f84901,cc-by,https://creativecommons.org/licenses/by/4.0/,49632,2026-09-26T05:38:15Z
Holacanthus bermudensis,161726259,https://inaturalist-open-data.s3.amazonaws.com/photos/161726259/medium.jpg,CC-BY 4.0,Pauline Walsh Jacobson,coralreefdreams,2018-08-08,https://www.inaturalist.org/observations/97264351,"© Pauline Walsh Jacobson, some rights reserved (CC-BY)",93b2418e18884cf3f9eb7856d9733809f1300f11f62fa4e999edd1c56896047f,cc-by,https://creativecommons.org/licenses/by/4.0/,49632,2026-09-26T05:38:15Z
Holacanthus bermudensis,304279715,https://inaturalist-open-data.s3.amazonaws.com/photos/304279715/medium.jpg,CC-BY 4.0,Pauline Walsh Jacobson,coralreefdreams,2022-05-04,https://www.inaturalist.org/observations/175104200,"© Pauline Walsh Jacobson, some rights reserved (CC-BY)",14f211bd524b549a6ee3f5337078d3f487478280c64c178fa3026c7658b096e6,cc-by,https://creativecommons.org/licenses/by/4.0/,49632,2026-09-26T05:38:15Z
Holacanthus bermudensis,304280224,https://inaturalist-open-data.s3.amazonaws.com/photos/304280224/medium.jpg,CC-BY 4.0,Pauline Walsh Jacobson,coralreefdreams,2022-05-04,https://www.inaturalist.org/observations/175104200,"© Pauline Walsh Jacobson, some rights reserved (CC-BY)",b83c1b39aa23c8023b5a3a29de7e44f962db8770eee04beee07826e001fae51f,cc-by,https://creativecommons.org/licenses/by/4.0/,49632,2026-09-26T05:38:16Z
Holacanthus bermudensis,160701670,https://inaturalist-open-data.s3.amazonaws.com/photos/160701670/medium.jpg,CC-BY 4.0,Pauline Walsh Jacobson,coralreefdreams,2018-04-21,https://www.inaturalist.org/observations/96708716,"© Pauline Walsh Jacobson, some rights reserved (CC-BY)",fab86561bb7a2f8dca9a38731af2db38db10bf987435badc65c0dcc8ec075efa,cc-by,https://creativecommons.org/licenses/by/4.0/,49632,2026-09-26T05:38:16Z
Holacanthus bermudensis,354255236,https://inaturalist-open-data.s3.amazonaws.com/photos/354255236/medium.jpg,CC-BY 4.0,Pauline Walsh Jacobson,coralreefdreams,2023-09-05,https://www.inaturalist.org/observations/200757132,"© Pauline Walsh Jacobson, some rights reserved (CC-BY)",666e1f1a4e7148aa8a037320c506cffa1677ebb4f099e6f461c040f0b9f8f222,cc-by,https://creativecommons.org/licenses/by/4.0/,49632,2026-09-26T05:38:16Z
Holacanthus bermudensis,459104433,https://inaturalist-open-data.s3.amazonaws.com/photos/459104433/medium.jpeg,CC-BY 4.0,er-birds,er-birds,2002-08-23,https://www.inaturalist.org/observations/256107744,"© er-birds, some rights reserved (CC-BY)",0c6c71e4c655855265de2c5ee3422646fe38c8a4eb9460ca0f0d6d0e7b784b59,cc-by,https://creativecommons.org/licenses/by/4.0/,49632,2026-09-26T05:38:17Z
Holacanthus bermudensis,459104506,https://inaturalist-open-data.s3.amazonaws.com/photos/459104506/medium.jpeg,CC-BY 4.0,er-birds,er-birds,2002-08-23,https://www.inaturalist.org/observations/256107744,"© er-birds, some rights reserved (CC-BY)",009bc7a2b5235443cfe4ca23675bbcdd271ee3df033438e059783985207b051e,cc-by,https://creativecommons.org/licenses/by/4.0/,49632,2026-09-26T05:38:17Z
Holacanthus bermudensis,341349387,https://inaturalist-open-data.s3.amazonaws.com/photos/341349387/medium.jpg,CC-BY 4.0,Pauline Walsh Jacobson,coralreefdreams,2022-10-14,https://www.inaturalist.org/observations/194226152,"© Pauline Walsh Jacobson, some rights reserved (CC-BY)",e417e828e4bcf18c5312c092da534bebda4e925da05410f827ff779a511bd18a,cc-by,https://creativecommons.org/licenses/by/4.0/,49632,2026-09-26T05:38:18Z
Holacanthus bermudensis,341348654,https://inaturalist-open-data.s3.amazonaws.com/photos/341348654/medium.jpg,CC-BY 4.0,Pauline Walsh Jacobson,coralreefdreams,2022-10-14,https://www.inaturalist.org/observations/194226152,"© Pauline Walsh Jacobson, some rights reserved (CC-BY)",1592babe9521e09f66b160eb8ed9f7ff777590ddfbab6edbcb925ef5a942f544,cc-by,https://creativecommons.org/licenses/by/4.0/,49632,2026-09-26T05:38:18Z
Holacanthus bermudensis,485163527,https://inaturalist-open-data.s3.amazonaws.com/photos/485163527/medium.jpg,CC-BY 4.0,Pauline Walsh Jacobson,coralreefdreams,2024-11-20,https://www.inaturalist.org/observations/269809939,"© Pauline Walsh Jacobson, some rights reserved (CC-BY)",68ea6930d2eae63ef3677e6c9ebebcddca40da816b863f5c4095ac7f098f0154,cc-by,https://creativecommons.org/licenses/by/4.0/,49632,2026-09-26T05:38:19Z
Holacanthus bermudensis,171574804,https://inaturalist-open-data.s3.amazonaws.com/photos/171574804/medium.jpg,CC-BY 4.0,Pauline Walsh Jacobson,coralreefdreams,2019-06-19,https://www.inaturalist.org/observations/102614792,"© Pauline Walsh Jacobson, some rights reserved (CC-BY)",ba7b24542e30d4c3590ae2807051e7c1f29bf2d497a498590cf2aaf1e5e1f326,cc-by,https://creativecommons.org/licenses/by/4.0/,49632,2026-09-26T05:38:19Z
Holacanthus bermudensis,171576775,https://inaturalist-open-data.s3.amazonaws.com/photos/171576775/medium.jpg,CC-BY 4.0,Pauline Walsh Jacobson,coralreefdreams,2019-06-19,https://www.inaturalist.org/observations/102614792,"© Pauline Walsh Jacobson, some rights reserved (CC-BY)",179ac8d6d9b06e923675d1988e450bba95ae9190ca15829d261f23b56283bdf6,cc-by,https://creativecommons.org/licenses/by/4.0/,49632,2026-09-26T05:38:19Z
Holacanthus bermudensis,244563022,https://inaturalist-open-data.s3.amazonaws.com/photos/244563022/medium.jpg,CC-BY 4.0,Pauline Walsh Jacobson,coralreefdreams,2021-11-29,https://www.inaturalist.org/observations/142629654,"© Pauline Walsh Jacobson, some rights reserved (CC-BY)",4a2b5ebdbe10d74abce856b4c8c848b52a8139f5701be369619626ccc0f91c07,cc-by,https://creativecommons.org/licenses/by/4.0/,49632,2026-09-26T05:38:20Z
Holacanthus bermudensis,173752415,https://inaturalist-open-data.s3.amazonaws.com/photos/173752415/medium.jpeg,CC-BY 4.0,Sebastián de Jesús Herrera Buenfil,sebastian_hb,2021-12-26,https://www.inaturalist.org/observations/103768117,"© Sebastián de Jesús Herrera Buenfil, some rights reserved (CC-BY)",8635d3d42251a6c87cc12d51cffb387bb63a926af618ec1fe162f4e004ddc34e,cc-by,https://creativecommons.org/licenses/by/4.0/,49632,2026-09-26T05:38:22Z
Holacanthus bermudensis,173752427,https://inaturalist-open-data.s3.amazonaws.com/photos/173752427/medium.jpeg,CC-BY 4.0,Sebastián de Jesús Herrera Buenfil,sebastian_hb,2021-12-26,https://www.inaturalist.org/observations/103768117,"© Sebastián de Jesús Herrera Buenfil, some rights reserved (CC-BY)",be8376860b38507645afbaf4fd2759adc864b73712c0075108dded63a92aa7bf,cc-by,https://creativecommons.org/licenses/by/4.0/,49632,2026-09-26T05:38:22Z
Holacanthus bermudensis,160904796,https://inaturalist-open-data.s3.amazonaws.com/photos/160904796/medium.jpg,CC-BY 4.0,Pauline Walsh Jacobson,coralreefdreams,2018-05-08,https://www.inaturalist.org/observations/96820858,"© Pauline Walsh Jacobson, some rights reserved (CC-BY)",706b3b042aa516cd096b3f9e84d5a8c7f86ac0ac40a56486d0759f831d8ecb7d,cc-by,https://creativecommons.org/licenses/by/4.0/,49632,2026-09-26T05:38:22Z
Holacanthus bermudensis,7674383,https://inaturalist-open-data.s3.amazonaws.com/photos/7674383/medium.jpeg,CC-BY 4.0,Michael A. Alcorn,airalcorn2,2017-03-17,https://www.inaturalist.org/observations/6129822,"© Michael A. Alcorn, some rights reserved (CC-BY)",38d4beb9e26c4057be5f3f0f201b8ec4a3b5fa53ed33527849266628a0c5536c,cc-by,https://creativecommons.org/licenses/by/4.0/,49632,2026-09-26T05:38:25Z
Holacanthus bermudensis,309216617,https://inaturalist-open-data.s3.amazonaws.com/photos/309216617/medium.jpg,CC-BY 4.0,Kyle Van Houtan,vanhoutan,2023-08-08,https://www.inaturalist.org/observations/177763073,"© Kyle Van Houtan, some rights reserved (CC-BY)",f497e18369e3f61c710b3c4992cb0bd1572a4cf7f4b710a274d7886d57672570,cc-by,https://creativecommons.org/licenses/by/4.0/,49632,2026-09-26T05:38:18Z
Holacanthus bermudensis,459104351,https://inaturalist-open-data.s3.amazonaws.com/photos/459104351/medium.jpeg,CC-BY 4.0,er-birds,er-birds,2002-08-23,https://www.inaturalist.org/observations/256107706,"© er-birds, some rights reserved (CC-BY)",1f44c01f78dee88a3a9e7c75ceafed439c6891fccba88b282ea86894dd22dd98,cc-by,https://creativecommons.org/licenses/by/4.0/,49632,2026-09-26T05:38:12Z
Holacanthus bermudensis,161562169,https://inaturalist-open-data.s3.amazonaws.com/photos/161562169/medium.jpg,CC-BY 4.0,Pauline Walsh Jacobson,coralreefdreams,2018-07-30,https://www.inaturalist.org/observations/97178435,"© Pauline Walsh Jacobson, some rights reserved (CC-BY)",3dfd3ccb15507f1c2209e0a99e047da159499b3684e7856b580ce4952f14f183,cc-by,https://creativecommons.org/licenses/by/4.0/,49632,2026-09-26T05:38:11Z
Holacanthus bermudensis,11659186,https://inaturalist-open-data.s3.amazonaws.com/photos/11659186/medium.jpg,CC-BY 4.0,Carlos Domínguez-Rodríguez,blakesito,2013-06-16,https://www.inaturalist.org/observations/8697418,"© Carlos Domínguez-Rodríguez, some rights reserved (CC-BY)",c3d0405af6c6c1c12840a8075791d3edc417bc9b6c76535ca0b07bb1c16dedc6,cc-by,https://creativecommons.org/licenses/by/4.0/,49632,2026-09-26T05:38:16Z
Holacanthus bermudensis,414178157,https://inaturalist-open-data.s3.amazonaws.com/photos/414178157/medium.jpeg,CC-BY 4.0,Zakqary Roy,zakqaryroy,2024-08-01,https://www.inaturalist.org/observations/233079570,"© Zakqary Roy, some rights reserved (CC-BY)",34d8943abda3ebb0056f0790bc37163e38cbd37bd67d4b91463f68cc21eae79f,cc-by,https://creativecommons.org/licenses/by/4.0/,49632,2026-09-26T05:38:20Z
Holacanthus bermudensis,176942310,https://inaturalist-open-data.s3.amazonaws.com/photos/176942310/medium.jpg,CC-BY 4.0,Pauline Walsh Jacobson,coralreefdreams,2020-08-05,https://www.inaturalist.org/observations/105455312,"© Pauline Walsh Jacobson, some rights reserved (CC-BY)",9f53bdd8642dbc3ee4614f9065f51b14f508186136cbc56478e3c719db2b60bc,cc-by,https://creativecommons.org/licenses/by/4.0/,49632,2026-09-26T05:38:11Z
Holacanthus bermudensis,344659474,https://inaturalist-open-data.s3.amazonaws.com/photos/344659474/medium.png,CC-BY 4.0,Kristof Zyskowski,kristofz,2022-07-31,https://www.inaturalist.org/observations/195851431,"© Kristof Zyskowski, some rights reserved (CC-BY)",065b0ea0afc95c1bc3e740fa2a2da997734fd7424f039370a4e060dcb60355ef,cc-by,https://creativecommons.org/licenses/by/4.0/,49632,2026-09-26T05:38:20Z
Holacanthus bermudensis,459104494,https://inaturalist-open-data.s3.amazonaws.com/photos/459104494/medium.jpeg,CC-BY 4.0,er-birds,er-birds,2002-08-23,https://www.inaturalist.org/observations/256107730,"© er-birds, some rights reserved (CC-BY)",9f25b68f987755f4ab45bf8876572453c55e54f588ca2d0b5431d1c34fb19480,cc-by,https://creativecommons.org/licenses/by/4.0/,49632,2026-09-26T05:38:11Z
Holacanthus bermudensis,381180959,https://inaturalist-open-data.s3.amazonaws.com/photos/381180959/medium.jpeg,CC-BY 4.0,Julian Pietragalla,jpietra,2017-08-04,https://www.inaturalist.org/observations/215590245,"© Julian Pietragalla, some rights reserved (CC-BY)",8682137ae5c5382b26ece6bb3a5af6b16249194731590838c94abedd7a392426,cc-by,https://creativecommons.org/licenses/by/4.0/,49632,2026-09-26T05:38:20Z
Holacanthus bermudensis,7674960,https://inaturalist-open-data.s3.amazonaws.com/photos/7674960/medium.jpeg,CC-BY 4.0,Michael A. Alcorn,airalcorn2,2017-03-18,https://www.inaturalist.org/observations/6129951,"© Michael A. Alcorn, some rights reserved (CC-BY)",e182ae73e72254f47429d6037cf7cac62fbafb8b6fefcc690f25834a1ff60d0d,cc-by,https://creativecommons.org/licenses/by/4.0/,49632,2026-09-26T05:38:17Z
Holacanthus bermudensis,174694271,https://inaturalist-open-data.s3.amazonaws.com/photos/174694271/medium.jpeg,CC-BY 4.0,er-birds,er-birds,2002-08-10,https://www.inaturalist.org/observations/104278298,"© er-birds, some rights reserved (CC-BY)",f7b91a17872cd408d5e7b46787faca671485a322ed66ac95eb9600a191266508,cc-by,https://creativecommons.org/licenses/by/4.0/,49632,2026-09-26T05:38:19Z
Urticina felina,451366236,https://inaturalist-open-data.s3.amazonaws.com/photos/451366236/medium.jpg,CC-BY 4.0,Donald Davesne,donalddavesne,2024-11-11,https://www.inaturalist.org/observations/252173527,"© Donald Davesne, some rights reserved (CC-BY)",90b2c961601fa9e252b8f8e6ce543e34ef439876095ebf13d6681126723a6d48,cc-by,https://creativecommons.org/licenses/by/4.0/,122035,2026-09-26T05:38:28Z
Urticina felina,27270162,https://inaturalist-open-data.s3.amazonaws.com/photos/27270162/medium.jpeg,CC-BY 4.0,Julien Renoult,jujurenoult,2018-10-10,https://www.inaturalist.org/observations/17863035,"© Julien Renoult, some rights reserved (CC-BY)",d08485501102c47c291b628846b6253990d07fc11615dbd84f5394fcde105449,cc-by,https://creativecommons.org/licenses/by/4.0/,122035,2026-09-26T05:38:28Z
Urticina felina,679751222,https://inaturalist-open-data.s3.amazonaws.com/photos/679751222/medium.jpg,CC-BY 4.0,Fraser Higgins,f-sundw,2026-06-14,https://www.inaturalist.org/observations/372043531,"© Fraser Higgins, some rights reserved (CC-BY)",675b91f1d2a638a5645e0ef693e0d253c05176f92858ad1433ec66d911578d73,cc-by,https://creativecommons.org/licenses/by/4.0/,122035,2026-09-26T05:38:29Z
Urticina felina,224312654,https://inaturalist-open-data.s3.amazonaws.com/photos/224312654/medium.jpeg,CC-BY 4.0,Clément Maouche,clementm,2022-08-16,https://www.inaturalist.org/observations/131781501,"© Clément Maouche, some rights reserved (CC-BY)",ba8dd244d064e5d8ff437ab32196940512d687fed54a95b06be185f6519b624b,cc-by,https://creativecommons.org/licenses/by/4.0/,122035,2026-09-26T05:38:31Z
Urticina felina,698530551,https://inaturalist-open-data.s3.amazonaws.com/photos/698530551/medium.jpg,CC-BY 4.0,Rebekah Bajkó,rebekahbajko,2026-07-13,https://www.inaturalist.org/observations/381745078,"© Rebekah Bajkó, some rights reserved (CC-BY)",5c4f4af9272715cc7274cdd80488e8d8732ef11b75592e312d3965fcda8d3bf2,cc-by,https://creativecommons.org/licenses/by/4.0/,122035,2026-09-26T05:38:32Z
Urticina felina,694764515,https://inaturalist-open-data.s3.amazonaws.com/photos/694764515/medium.jpg,CC-BY 4.0,Fraser Higgins,f-sundw,2026-07-08,https://www.inaturalist.org/observations/379825488,"© Fraser Higgins, some rights reserved (CC-BY)",f34dbea882769d84e5ab4651791defe3d5d1a54fb2dea6eb0fb3ceb9272f4d19,cc-by,https://creativecommons.org/licenses/by/4.0/,122035,2026-09-26T05:38:33Z
Urticina felina,694770110,https://inaturalist-open-data.s3.amazonaws.com/photos/694770110/medium.jpg,CC-BY 4.0,Fraser Higgins,f-sundw,2026-07-08,https://www.inaturalist.org/observations/379825488,"© Fraser Higgins, some rights reserved (CC-BY)",663e3aa8599ee3f79409e451b4bbc4802460093394a80b79f021bec68e763b76,cc-by,https://creativecommons.org/licenses/by/4.0/,122035,2026-09-26T05:38:33Z
Urticina felina,18359159,https://inaturalist-open-data.s3.amazonaws.com/photos/18359159/medium.jpeg,CC-BY 4.0,Julien Renoult,jujurenoult,2018-05-21,https://www.inaturalist.org/observations/12683313,"© Julien Renoult, some rights reserved (CC-BY)",81d17414d6e2e28f5b5ef9c3c673083fbb349ea3e63aae89d254fb3a6c9ae5b3,cc-by,https://creativecommons.org/licenses/by/4.0/,122035,2026-09-26T05:38:33Z
Urticina felina,413556489,https://inaturalist-open-data.s3.amazonaws.com/photos/413556489/medium.jpg,CC-BY 4.0,Nicola Faulks,nicola35,2024-07-28,https://www.inaturalist.org/observations/232762088,"© Nicola Faulks, some rights reserved (CC-BY)",f6b566f4cb994e31a6a7e1f9d9e47536841f8fd4e972a2e0aae1fa1d5e3e2b9d,cc-by,https://creativecommons.org/licenses/by/4.0/,122035,2026-09-26T05:38:35Z
Urticina felina,695861538,https://inaturalist-open-data.s3.amazonaws.com/photos/695861538/medium.jpg,CC-BY 4.0,Eric Tittley,erictittley,2026-07-11,https://www.inaturalist.org/observations/380364682,"© Eric Tittley, some rights reserved (CC-BY)",f10eef81dd5291c8971cf942656c4c8d694110c385d2991fbddfcdf61f9050c0,cc-by,https://creativecommons.org/licenses/by/4.0/,122035,2026-09-26T05:38:35Z
Urticina felina,357066339,https://inaturalist-open-data.s3.amazonaws.com/photos/357066339/medium.jpeg,CC-BY 4.0,Lou Wagstaffe,jsylou,2024-03-12,https://www.inaturalist.org/observations/202200041,"© Lou Wagstaffe, some rights reserved (CC-BY)",bc84e267af0c9167029dbf3ea80c3bac33065306372f67262f5ed434679790a1,cc-by,https://creativecommons.org/licenses/by/4.0/,122035,2026-09-26T05:38:36Z
Urticina felina,341170037,https://inaturalist-open-data.s3.amazonaws.com/photos/341170037/medium.jpeg,CC-BY 4.0,Lou Wagstaffe,jsylou,2023-12-16,https://www.inaturalist.org/observations/194138748,"© Lou Wagstaffe, some rights reserved (CC-BY)",852fe3a37bcea438d69ebbd2338070de15fe62439c74b33f0f7ebee7f7a95744,cc-by,https://creativecommons.org/licenses/by/4.0/,122035,2026-09-26T05:38:36Z
Urticina felina,474325161,https://inaturalist-open-data.s3.amazonaws.com/photos/474325161/medium.jpg,CC-BY 4.0,Vsevolod Rudyi,ruseva,2025-03-05,https://www.inaturalist.org/observations/263978463,"© Vsevolod Rudyi, some rights reserved (CC-BY)",ba642e4642279b54fc07fcbc81a99c0bb46168a0ecb5884719633db0fd984608,cc-by,https://creativecommons.org/licenses/by/4.0/,122035,2026-09-26T05:38:36Z
Urticina felina,620251788,https://inaturalist-open-data.s3.amazonaws.com/photos/620251788/medium.jpg,CC-BY 4.0,Rebekah Bajkó,rebekahbajko,2026-02-28,https://www.inaturalist.org/observations/340804019,"© Rebekah Bajkó, some rights reserved (CC-BY)",0abff7de0160a1585ac34d0954c0e1ae0f2fb99ab6cda8475a2c5e69783c4103,cc-by,https://creativecommons.org/licenses/by/4.0/,122035,2026-09-26T05:38:36Z
Urticina felina,533446868,https://inaturalist-open-data.s3.amazonaws.com/photos/533446868/medium.jpg,CC-BY 4.0,Rebekah Bajkó,rebekahbajko,2025-07-02,https://www.inaturalist.org/observations/296271905,"© Rebekah Bajkó, some rights reserved (CC-BY)",b154e4e1854db7e8560bea9e26bf14abcf2b6d0a82fb88cd34229d509987aa11,cc-by,https://creativecommons.org/licenses/by/4.0/,122035,2026-09-26T05:38:36Z
Urticina felina,30414929,https://inaturalist-open-data.s3.amazonaws.com/photos/30414929/medium.jpeg,CC-BY 4.0,Jaro Guzinski,jaro,2017-07-30,https://www.inaturalist.org/observations/19739973,"© Jaro Guzinski, some rights reserved (CC-BY)",a4051349d2531210202e2a765a0220549c5fae1c227f3856ab45ab53b28fd7f3,cc-by,https://creativecommons.org/licenses/by/4.0/,122035,2026-09-26T05:38:38Z
Urticina felina,183951503,https://inaturalist-open-data.s3.amazonaws.com/photos/183951503/medium.jpeg,CC-BY 4.0,Julien Tchilinguirian,jtch,2022-03-20,https://www.inaturalist.org/observations/109175722,"© Julien Tchilinguirian, some rights reserved (CC-BY)",0544d53d074087dcb8099ce825c77f97a112e8e157fa523d8ea4fec791b73ea6,cc-by,https://creativecommons.org/licenses/by/4.0/,122035,2026-09-26T05:38:39Z
Urticina felina,27005862,https://inaturalist-open-data.s3.amazonaws.com/photos/27005862/medium.jpg,CC-BY 4.0,Bernard Picton,bernardpicton,2018-10-08,https://www.inaturalist.org/observations/17718287,"© Bernard Picton, some rights reserved (CC-BY)",b9c0aa66682b81029f2608505f2002ad38c087bd0ba8757905850313ae4aaa4f,cc-by,https://creativecommons.org/licenses/by/4.0/,122035,2026-09-26T05:38:40Z
Urticina felina,362222608,https://inaturalist-open-data.s3.amazonaws.com/photos/362222608/medium.jpg,CC-BY 4.0,Libby Keatley,libbykeatley,2024-03-31,https://www.inaturalist.org/observations/204896240,"© Libby Keatley, some rights reserved (CC-BY)",11c23f72218d05e63114753bed05c57c01da77d9a9e9ea75828b94fc9e8e420e,cc-by,https://creativecommons.org/licenses/by/4.0/,122035,2026-09-26T05:38:40Z
Urticina felina,362222635,https://inaturalist-open-data.s3.amazonaws.com/photos/362222635/medium.jpg,CC-BY 4.0,Libby Keatley,libbykeatley,2024-03-31,https://www.inaturalist.org/observations/204896240,"© Libby Keatley, some rights reserved (CC-BY)",048368fc67cf1f3473c114fcfc9a2b0503b0ad592a952716018c90daaaa81257,cc-by,https://creativecommons.org/licenses/by/4.0/,122035,2026-09-26T05:38:41Z
Urticina felina,10218993,https://inaturalist-open-data.s3.amazonaws.com/photos/10218993/medium.jpg,CC-BY 4.0,Viktor V. Grøtan,viktorvg,2017-02-06,https://www.inaturalist.org/observations/7776851,"© Viktor V. Grøtan, some rights reserved (CC-BY)",06e064843827ac109589dac3fcfacbf5fbb41d3a9f9c04b82813cb2246e3d1fe,cc-by,https://creativecommons.org/licenses/by/4.0/,122035,2026-09-26T05:38:41Z
Urticina felina,175144294,https://inaturalist-open-data.s3.amazonaws.com/photos/175144294/medium.jpeg,CC-BY 4.0,John Hepburn,john_hepburn,2022-01-05,https://www.inaturalist.org/observations/104516755,"© John Hepburn, some rights reserved (CC-BY)",6c37098e2e02d945bc057c90d15f10d059525e66343cb931e4ac22ac5700f675,cc-by,https://creativecommons.org/licenses/by/4.0/,122035,2026-09-26T05:38:41Z
Urticina felina,698530651,https://inaturalist-open-data.s3.amazonaws.com/photos/698530651/medium.jpg,CC-BY 4.0,Rebekah Bajkó,rebekahbajko,2026-07-13,https://www.inaturalist.org/observations/381745094,"© Rebekah Bajkó, some rights reserved (CC-BY)",32f1be1b67b8c77cb55e8ff7b0d36c2117fd7633e2b2afe0fda80d735518efe1,cc-by,https://creativecommons.org/licenses/by/4.0/,122035,2026-09-26T05:38:42Z
Urticina felina,30414727,https://inaturalist-open-data.s3.amazonaws.com/photos/30414727/medium.jpeg,CC-BY 4.0,Jaro Guzinski,jaro,2017-07-30,https://www.inaturalist.org/observations/19739828,"© Jaro Guzinski, some rights reserved (CC-BY)",5449effc44bcd80481b0453b60c0099f410c3b575488eb4bb6740a5900995735,cc-by,https://creativecommons.org/licenses/by/4.0/,122035,2026-09-26T05:38:42Z
Urticina felina,263061311,https://inaturalist-open-data.s3.amazonaws.com/photos/263061311/medium.jpg,CC-BY 4.0,Lou Wagstaffe,jsylou,2023-02-22,https://www.inaturalist.org/observations/152388758,"© Lou Wagstaffe, some rights reserved (CC-BY)",5d21ec18ae7d86eb68542cac10d6da156f8ff606ff1dcb1e23216c393d270c66,cc-by,https://creativecommons.org/licenses/by/4.0/,122035,2026-09-26T05:38:42Z
Urticina felina,477054865,https://inaturalist-open-data.s3.amazonaws.com/photos/477054865/medium.jpeg,CC-BY 4.0,Lou Wagstaffe,jsylou,2025-03-15,https://www.inaturalist.org/observations/265578135,"© Lou Wagstaffe, some rights reserved (CC-BY)",a59a47019e397ddb29a5a346aa3338207c7b29ea5f54c42dd1d258b4daddfd19,cc-by,https://creativecommons.org/licenses/by/4.0/,122035,2026-09-26T05:38:43Z
Urticina felina,255975371,https://inaturalist-open-data.s3.amazonaws.com/photos/255975371/medium.jpg,CC-BY 4.0,Jamie O'Neill,swimjamie,2023-02-11,https://www.inaturalist.org/observations/148624293,"© Jamie O'Neill, some rights reserved (CC-BY)",f2bfab9f23d42cd88c3ba71481099e873de4ce5adb3e241bf36398bcf2ebb989,cc-by,https://creativecommons.org/licenses/by/4.0/,122035,2026-09-26T05:38:45Z
Urticina felina,578478238,https://inaturalist-open-data.s3.amazonaws.com/photos/578478238/medium.jpg,CC-BY 4.0,Leo FitzWalter,herdingclouds,2025-10-10,https://www.inaturalist.org/observations/319973610,"© Leo FitzWalter, some rights reserved (CC-BY)",3345cd0d67ea262e1bd328c069884fe6f1bc896671f58b6d7e19378e50682093,cc-by,https://creativecommons.org/licenses/by/4.0/,122035,2026-09-26T05:38:45Z
Urticina felina,561390472,https://inaturalist-open-data.s3.amazonaws.com/photos/561390472/medium.jpg,CC-BY 4.0,tunicatedreamz,tunicatedreamz,2025-09-02,https://www.inaturalist.org/observations/311014347,"© tunicatedreamz, some rights reserved (CC-BY)",21feb9979c67818b15d0eb2c7ab7d1a49f0320c3353737855366b6d55d6285da,cc-by,https://creativecommons.org/licenses/by/4.0/,122035,2026-09-26T05:38:46Z
Urticina felina,561390261,https://inaturalist-open-data.s3.amazonaws.com/photos/561390261/medium.jpg,CC-BY 4.0,tunicatedreamz,tunicatedreamz,2025-09-02,https://www.inaturalist.org/observations/311014347,"© tunicatedreamz, some rights reserved (CC-BY)",0239ea17788524918900b7b02373ca69a44becf6125b616809e5acf3027b65fb,cc-by,https://creativecommons.org/licenses/by/4.0/,122035,2026-09-26T05:38:46Z
Urticina felina,151458254,https://inaturalist-open-data.s3.amazonaws.com/photos/151458254/medium.jpeg,CC-BY 4.0,Lara Maleen Beckmann,laramaleen,2021-08-17,https://www.inaturalist.org/observations/91552483,"© Lara Maleen Beckmann, some rights reserved (CC-BY)",caf67ae642348151a7ae43ade9cfe897df6641e295724174c9c6e881fbcd0e36,cc-by,https://creativecommons.org/licenses/by/4.0/,122035,2026-09-26T05:38:46Z
Urticina felina,253519575,https://inaturalist-open-data.s3.amazonaws.com/photos/253519575/medium.jpeg,CC-BY 4.0,John Hepburn,john_hepburn,2023-01-24,https://www.inaturalist.org/observations/147342809,"© John Hepburn, some rights reserved (CC-BY)",59b8ad3caeb620e43ef4aca509d894609dcea2fcbc8f326f042ca29c6fe08f56,cc-by,https://creativecommons.org/licenses/by/4.0/,122035,2026-09-26T05:38:47Z
Urticina felina,27005556,https://inaturalist-open-data.s3.amazonaws.com/photos/27005556/medium.jpg,CC-BY 4.0,Bernard Picton,bernardpicton,2018-10-09,https://www.inaturalist.org/observations/17718249,"© Bernard Picton, some rights reserved (CC-BY)",97dfb8ec124a492fd3b6ca191aef97bfd423b14cb0850652db24bc5b5e4adc69,cc-by,https://creativecommons.org/licenses/by/4.0/,122035,2026-09-26T05:38:48Z
Urticina felina,111875296,https://inaturalist-open-data.s3.amazonaws.com/photos/111875296/medium.jpg,CC-BY 4.0,Bernard Picton,bernardpicton,2010-04-14,https://www.inaturalist.org/observations/69006326,"© Bernard Picton, some rights reserved (CC-BY)",9f50173022b4edc6cfab4a2c4f54b46e81a394a7b766239424fd627073b2758c,cc-by,https://creativecommons.org/licenses/by/4.0/,122035,2026-09-26T05:38:48Z
Urticina felina,589390327,https://inaturalist-open-data.s3.amazonaws.com/photos/589390327/medium.jpg,CC-BY 4.0,Lou Wagstaffe,jsylou,2025-11-07,https://www.inaturalist.org/observations/325520718,"© Lou Wagstaffe, some rights reserved (CC-BY)",c5f18ef6815cfe17e64f7c38252c34b3bda9828a0deb20edc09935cd0b7df94e,cc-by,https://creativecommons.org/licenses/by/4.0/,122035,2026-09-26T05:38:48Z
Urticina felina,736049277,https://inaturalist-open-data.s3.amazonaws.com/photos/736049277/medium.jpg,CC-BY 4.0,Lou Wagstaffe,jsylou,2026-09-16,https://www.inaturalist.org/observations/401047726,"© Lou Wagstaffe, some rights reserved (CC-BY)",b931cf1ea5e7a2957659fd9f94ebf7da897df031b210fdc8cffefc051a9e56b7,cc-by,https://creativecommons.org/licenses/by/4.0/,122035,2026-09-26T05:38:49Z
Urticina felina,465981071,https://inaturalist-open-data.s3.amazonaws.com/photos/465981071/medium.jpg,CC-BY 4.0,Steven Farquhar,farquaad,2025-01-25,https://www.inaturalist.org/observations/259571809,"© Steven Farquhar, some rights reserved (CC-BY)",2e09f9d5d597a6f8abe7b78f1ce8b8f8c44830c789880347f719e0d46f779133,cc-by,https://creativecommons.org/licenses/by/4.0/,122035,2026-09-26T05:38:55Z
Urticina felina,160283517,https://inaturalist-open-data.s3.amazonaws.com/photos/160283517/medium.jpeg,CC-BY 4.0,Vsevolod Rudyi,ruseva,2021-09-28,https://www.inaturalist.org/observations/96475508,"© Vsevolod Rudyi, some rights reserved (CC-BY)",613118a279bc322a31009db65b13c21079251775a597c7e5e8638341f6cb3a40,cc-by,https://creativecommons.org/licenses/by/4.0/,122035,2026-09-26T05:38:39Z
Urticina felina,358328493,https://inaturalist-open-data.s3.amazonaws.com/photos/358328493/medium.jpg,CC-BY 4.0,Jamie O'Neill,swimjamie,2021-03-03,https://www.inaturalist.org/observations/202879375,"© Jamie O'Neill, some rights reserved (CC-BY)",d01aa3ef85b4dd31ab88490e774f1199adb7304f99cc994ea5bd358aab4169b0,cc-by,https://creativecommons.org/licenses/by/4.0/,122035,2026-09-26T05:38:48Z
Urticina felina,375857681,https://inaturalist-open-data.s3.amazonaws.com/photos/375857681/medium.jpg,CC-BY 4.0,Libby Keatley,libbykeatley,2024-04-28,https://www.inaturalist.org/observations/212689433,"© Libby Keatley, some rights reserved (CC-BY)",0fe8b4c90f3305f3f84e9efa4aad199d10c8044099c175d25f1484d67678e99c,cc-by,https://creativecommons.org/licenses/by/4.0/,122035,2026-09-26T05:38:56Z
Urticina felina,497642132,https://inaturalist-open-data.s3.amazonaws.com/photos/497642132/medium.jpg,CC-BY 4.0,Steven Farquhar,farquaad,2025-04-27,https://www.inaturalist.org/observations/277138662,"© Steven Farquhar, some rights reserved (CC-BY)",60808cf0996a7f9fceadfd17b10e09d445fde814fb05307f09b982f3670799fd,cc-by,https://creativecommons.org/licenses/by/4.0/,122035,2026-09-26T05:38:40Z
Urticina felina,226660109,https://inaturalist-open-data.s3.amazonaws.com/photos/226660109/medium.jpeg,CC-BY 4.0,Clément Maouche,clementm,2022-08-31,https://www.inaturalist.org/observations/133097632,"© Clément Maouche, some rights reserved (CC-BY)",db9f4f2f67781d4078b34e2e0823e1ce996855c154e42eaf64b127dc174a3e18,cc-by,https://creativecommons.org/licenses/by/4.0/,122035,2026-09-26T05:38:50Z
Urticina felina,477055236,https://inaturalist-open-data.s3.amazonaws.com/photos/477055236/medium.jpeg,CC-BY 4.0,Lou Wagstaffe,jsylou,2025-03-15,https://www.inaturalist.org/observations/265578367,"© Lou Wagstaffe, some rights reserved (CC-BY)",8994f41a3e643211721a710fc035a62d10931fbe5405ffd1c1737d6ed8334e48,cc-by,https://creativecommons.org/licenses/by/4.0/,122035,2026-09-26T05:38:43Z
Urticina felina,356756698,https://inaturalist-open-data.s3.amazonaws.com/photos/356756698/medium.jpeg,CC-BY 4.0,Libby Keatley,libbykeatley,2024-02-25,https://www.inaturalist.org/observations/202041036,"© Libby Keatley, some rights reserved (CC-BY)",49d1bac80e1b00ab31dd284c61befd8d870a3f2d94f3557e0d66543e27d597b1,cc-by,https://creativecommons.org/licenses/by/4.0/,122035,2026-09-26T05:38:49Z
Urticina felina,623942167,https://inaturalist-open-data.s3.amazonaws.com/photos/623942167/medium.jpg,CC-BY 4.0,John Hepburn,john_hepburn,2026-03-08,https://www.inaturalist.org/observations/342608199,"© John Hepburn, some rights reserved (CC-BY)",b7c63a5828b25b3c65dfb9a534ef73da2e11e9f10db45032e91965ad1a9d18bc,cc-by,https://creativecommons.org/licenses/by/4.0/,122035,2026-09-26T05:38:47Z
Urticina felina,485926256,https://inaturalist-open-data.s3.amazonaws.com/photos/485926256/medium.jpg,CC-BY 4.0,Steven Farquhar,farquaad,2025-04-10,https://www.inaturalist.org/observations/270212375,"© Steven Farquhar, some rights reserved (CC-BY)",ca51dc1cdf40ab03706a5def8a308bc76986080bb0dbb03f305c4343c0a12c7f,cc-by,https://creativecommons.org/licenses/by/4.0/,122035,2026-09-26T05:38:34Z
Scorpaena plumieri,340675200,https://inaturalist-open-data.s3.amazonaws.com/photos/340675200/medium.jpg,CC-BY 4.0,Pauline Walsh Jacobson,coralreefdreams,2022-09-15,https://www.inaturalist.org/observations/193890238,"© Pauline Walsh Jacobson, some rights reserved (CC-BY)",84f543fb890d66bc65fd4efadef7700907caa1629dfbf6395edc448adb05dc10,cc-by,https://creativecommons.org/licenses/by/4.0/,49244,2026-09-26T05:39:59Z
Scorpaena plumieri,340675195,https://inaturalist-open-data.s3.amazonaws.com/photos/340675195/medium.jpg,CC-BY 4.0,Pauline Walsh Jacobson,coralreefdreams,2022-09-15,https://www.inaturalist.org/observations/193890238,"© Pauline Walsh Jacobson, some rights reserved (CC-BY)",0eaa8a3e7347f85f9d764abbc5b2f770ce8b90725f9fe302f40fe74ea24dcc94,cc-by,https://creativecommons.org/licenses/by/4.0/,49244,2026-09-26T05:39:59Z
Scorpaena plumieri,173512513,https://inaturalist-open-data.s3.amazonaws.com/photos/173512513/medium.jpg,CC-BY 4.0,Pauline Walsh Jacobson,coralreefdreams,2019-10-16,https://www.inaturalist.org/observations/103642259,"© Pauline Walsh Jacobson, some rights reserved (CC-BY)",3b2ca9f3bac947d7b72b88f21c65e68c200dfa6fc25f529ce46d52a3b3ed766d,cc-by,https://creativecommons.org/licenses/by/4.0/,49244,2026-09-26T05:39:59Z
Scorpaena plumieri,173512331,https://inaturalist-open-data.s3.amazonaws.com/photos/173512331/medium.jpg,CC-BY 4.0,Pauline Walsh Jacobson,coralreefdreams,2019-10-16,https://www.inaturalist.org/observations/103642259,"© Pauline Walsh Jacobson, some rights reserved (CC-BY)",49470de4a2f1d781dce7043c083708884dd5971c277633b873a055de43ed73bf,cc-by,https://creativecommons.org/licenses/by/4.0/,49244,2026-09-26T05:39:59Z
Scorpaena plumieri,137464798,https://inaturalist-open-data.s3.amazonaws.com/photos/137464798/medium.jpg,CC-BY 4.0,jeyre,jeyre,2019-07-25,https://www.inaturalist.org/observations/83692708,"© jeyre, some rights reserved (CC-BY)",976f1f82a8819c3c933e0cb1b188d6ed39ca172f9203ca4cf95e238ca1a970bf,cc-by,https://creativecommons.org/licenses/by/4.0/,49244,2026-09-26T05:40:00Z
Scorpaena plumieri,605703467,https://inaturalist-open-data.s3.amazonaws.com/photos/605703467/medium.jpg,CC-BY 4.0,nbasargin,nbasargin,2025-03-23,https://www.inaturalist.org/observations/333639105,"© nbasargin, some rights reserved (CC-BY)",80fb02e15c8217a5dff8f7116ea441218fa73ae7b72775e8f5b5f46aa8465c4f,cc-by,https://creativecommons.org/licenses/by/4.0/,49244,2026-09-26T05:40:02Z
Scorpaena plumieri,605703464,https://inaturalist-open-data.s3.amazonaws.com/photos/605703464/medium.jpg,CC-BY 4.0,nbasargin,nbasargin,2025-03-23,https://www.inaturalist.org/observations/333639105,"© nbasargin, some rights reserved (CC-BY)",9ec26d5dacd342f6ac2acc6eee39a11ec30c59165daf6ccd97d849655bc82e27,cc-by,https://creativecommons.org/licenses/by/4.0/,49244,2026-09-26T05:40:02Z
Scorpaena plumieri,240117276,https://inaturalist-open-data.s3.amazonaws.com/photos/240117276/medium.jpeg,CC-BY 4.0,Dan Schofield,djscho,2022-10-23,https://www.inaturalist.org/observations/140287239,"© Dan Schofield, some rights reserved (CC-BY)",b5ebe7c1afbaecd87afc27ac0ef272ab537890e42b9c1e85c66605413bab12ac,cc-by,https://creativecommons.org/licenses/by/4.0/,49244,2026-09-26T05:40:02Z
Scorpaena plumieri,416051419,https://inaturalist-open-data.s3.amazonaws.com/photos/416051419/medium.jpg,CC-BY 4.0,Jay Brasher,jbrasher,2023-09-17,https://www.inaturalist.org/observations/234067180,"© Jay Brasher, some rights reserved (CC-BY)",84d02a557bc299ddabe062a4629776855c836f38664910af2a2dbaf5cba555aa,cc-by,https://creativecommons.org/licenses/by/4.0/,49244,2026-09-26T05:40:02Z
Scorpaena plumieri,454860346,https://inaturalist-open-data.s3.amazonaws.com/photos/454860346/medium.jpg,CC-BY 4.0,Andrew McKinlay,apmckinlay,2024-12-01,https://www.inaturalist.org/observations/253991983,"© Andrew McKinlay, some rights reserved (CC-BY)",15303d7e28d0f12eb79e393e0c0dab05d98a9ca1a9c0b652134af0e5560a50bd,cc-by,https://creativecommons.org/licenses/by/4.0/,49244,2026-09-26T05:40:03Z
Scorpaena plumieri,609801225,https://inaturalist-open-data.s3.amazonaws.com/photos/609801225/medium.jpg,CC-BY 4.0,Jay Brasher,jbrasher,2024-09-12,https://www.inaturalist.org/observations/335659152,"© Jay Brasher, some rights reserved (CC-BY)",f9fbd4c4f303463affed3bff16fae4ca226a33ad978b050e50ca11173e122017,cc-by,https://creativecommons.org/licenses/by/4.0/,49244,2026-09-26T05:40:03Z
Scorpaena plumieri,355578497,https://inaturalist-open-data.s3.amazonaws.com/photos/355578497/medium.jpeg,CC-BY 4.0,Josiah Londerée,gatorhawk,2024-03-05,https://www.inaturalist.org/observations/201433483,"© Josiah Londerée, some rights reserved (CC-BY)",fe712786697a6325b704195cd7e619bd3c4028221da19d1eb740ae05db26f64f,cc-by,https://creativecommons.org/licenses/by/4.0/,49244,2026-09-26T05:40:03Z
Scorpaena plumieri,355578489,https://inaturalist-open-data.s3.amazonaws.com/photos/355578489/medium.jpeg,CC-BY 4.0,Josiah Londerée,gatorhawk,2024-03-05,https://www.inaturalist.org/observations/201433483,"© Josiah Londerée, some rights reserved (CC-BY)",b49a463831abf5ed571c5ec0a8b232fa2755ae165d3892866a56476b6b93d00f,cc-by,https://creativecommons.org/licenses/by/4.0/,49244,2026-09-26T05:40:03Z
Scorpaena plumieri,247211478,https://inaturalist-open-data.s3.amazonaws.com/photos/247211478/medium.jpg,CC-BY 4.0,Pauline Walsh Jacobson,coralreefdreams,1998-04-23,https://www.inaturalist.org/observations/144078567,"© Pauline Walsh Jacobson, some rights reserved (CC-BY)",f8255cd74de8f3a3cbe5c6d4fc9a8ffb277fdd5cd98264eb1ccfa5f7fd6549c6,cc-by,https://creativecommons.org/licenses/by/4.0/,49244,2026-09-26T05:40:05Z
Scorpaena plumieri,11659133,https://inaturalist-open-data.s3.amazonaws.com/photos/11659133/medium.jpg,CC-BY 4.0,Carlos Domínguez-Rodríguez,blakesito,2013-06-15,https://www.inaturalist.org/observations/8697413,"© Carlos Domínguez-Rodríguez, some rights reserved (CC-BY)",9ade47fdaa0ff8e77e60235e2cc37135876dee1f411651f5ef188fd2277366e9,cc-by,https://creativecommons.org/licenses/by/4.0/,49244,2026-09-26T05:40:04Z
Scorpaena plumieri,638682899,https://inaturalist-open-data.s3.amazonaws.com/photos/638682899/medium.jpg,CC-BY 4.0,Wolfgang Ahlmer,wolfgang_ahlmer,2026-04-02,https://www.inaturalist.org/observations/350103503,"© Wolfgang Ahlmer, some rights reserved (CC-BY)",23153b02e40b1eaf5f201ddcfe7c2474b81a442e8a72bb40eb08574bb0e003e8,cc-by,https://creativecommons.org/licenses/by/4.0/,49244,2026-09-26T05:40:06Z
Scorpaena plumieri,638681359,https://inaturalist-open-data.s3.amazonaws.com/photos/638681359/medium.jpg,CC-BY 4.0,Wolfgang Ahlmer,wolfgang_ahlmer,2026-04-02,https://www.inaturalist.org/observations/350103503,"© Wolfgang Ahlmer, some rights reserved (CC-BY)",c95f92f963a0a00f2539a97163c46d2900267b425a60265c7c54af041684426a,cc-by,https://creativecommons.org/licenses/by/4.0/,49244,2026-09-26T05:40:05Z
Scorpaena plumieri,585763482,https://inaturalist-open-data.s3.amazonaws.com/photos/585763482/medium.jpg,CC-BY 4.0,Jan Ebr &amp; Ivana Ebrová,opisska,2025-09-17,https://www.inaturalist.org/observations/323706257,"© Jan Ebr &amp; Ivana Ebrová, some rights reserved (CC-BY)",3b41d549ab01273584d7c8f573eb983a8f14a6201b8f076154121c5de84c13f5,cc-by,https://creativecommons.org/licenses/by/4.0/,49244,2026-09-26T05:40:06Z
Scorpaena plumieri,585763494,https://inaturalist-open-data.s3.amazonaws.com/photos/585763494/medium.jpg,CC-BY 4.0,Jan Ebr &amp; Ivana Ebrová,opisska,2025-09-17,https://www.inaturalist.org/observations/323706257,"© Jan Ebr &amp; Ivana Ebrová, some rights reserved (CC-BY)",35119757ac60be8f283334afad5fccd07576464292151a611e17099ad56545c1,cc-by,https://creativecommons.org/licenses/by/4.0/,49244,2026-09-26T05:40:05Z
Scorpaena plumieri,176374803,https://inaturalist-open-data.s3.amazonaws.com/photos/176374803/medium.jpeg,CC-BY 4.0,Dan Schofield,djscho,2021-11-14,https://www.inaturalist.org/observations/105157114,"© Dan Schofield, some rights reserved (CC-BY)",c070c5abba87479fa1ec5275fa52805783de974cc1ae4de0d9cf2d9a6ac086d5,cc-by,https://creativecommons.org/licenses/by/4.0/,49244,2026-09-26T05:40:06Z
Scorpaena plumieri,151274216,https://inaturalist-open-data.s3.amazonaws.com/photos/151274216/medium.jpeg,CC-BY 4.0,Jay Brasher,jbrasher,2017-09-19,https://www.inaturalist.org/observations/91452989,"© Jay Brasher, some rights reserved (CC-BY)",01fc79a3165fd911109091030850afaf6be01bdf6c085e54705d8560d55b78a0,cc-by,https://creativecommons.org/licenses/by/4.0/,49244,2026-09-26T05:40:07Z
Scorpaena plumieri,151716605,https://inaturalist-open-data.s3.amazonaws.com/photos/151716605/medium.jpeg,CC-BY 4.0,Jay Brasher,jbrasher,2017-09-24,https://www.inaturalist.org/observations/91695926,"© Jay Brasher, some rights reserved (CC-BY)",94498f8ac12788e608947a230965146484fbbadff59d8078fd98741436c9f85b,cc-by,https://creativecommons.org/licenses/by/4.0/,49244,2026-09-26T05:40:07Z
Scorpaena plumieri,173115761,https://inaturalist-open-data.s3.amazonaws.com/photos/173115761/medium.jpg,CC-BY 4.0,Pauline Walsh Jacobson,coralreefdreams,2019-08-19,https://www.inaturalist.org/observations/103436797,"© Pauline Walsh Jacobson, some rights reserved (CC-BY)",64f5c92c151da7fe11765b874c2fe42def33d789dde152ad56fd3272d5ae4422,cc-by,https://creativecommons.org/licenses/by/4.0/,49244,2026-09-26T05:40:09Z
Scorpaena plumieri,368250843,https://inaturalist-open-data.s3.amazonaws.com/photos/368250843/medium.jpeg,CC-BY 4.0,Josiah Londerée,gatorhawk,2024-04-19,https://www.inaturalist.org/observations/208152247,"© Josiah Londerée, some rights reserved (CC-BY)",9d6c529f801823209b515519603d309b85eb21cc1644b90c2faa41ba584e617a,cc-by,https://creativecommons.org/licenses/by/4.0/,49244,2026-09-26T05:40:09Z
Scorpaena plumieri,368250822,https://inaturalist-open-data.s3.amazonaws.com/photos/368250822/medium.jpeg,CC-BY 4.0,Josiah Londerée,gatorhawk,2024-04-19,https://www.inaturalist.org/observations/208152247,"© Josiah Londerée, some rights reserved (CC-BY)",252ed089b161805cf083a98a2a9309f956fb67c61be5dacb9e749d141845dce5,cc-by,https://creativecommons.org/licenses/by/4.0/,49244,2026-09-26T05:40:09Z
Scorpaena plumieri,176604866,https://inaturalist-open-data.s3.amazonaws.com/photos/176604866/medium.jpg,CC-BY 4.0,Pauline Walsh Jacobson,coralreefdreams,2020-01-31,https://www.inaturalist.org/observations/105277271,"© Pauline Walsh Jacobson, some rights reserved (CC-BY)",483911344c9af81ddea7de15edf843f16da96319f737e1acdf0824cea7a5abdc,cc-by,https://creativecommons.org/licenses/by/4.0/,49244,2026-09-26T05:40:09Z
Scorpaena plumieri,176604705,https://inaturalist-open-data.s3.amazonaws.com/photos/176604705/medium.jpg,CC-BY 4.0,Pauline Walsh Jacobson,coralreefdreams,2020-01-31,https://www.inaturalist.org/observations/105277271,"© Pauline Walsh Jacobson, some rights reserved (CC-BY)",868ec570b2de8744d7378a966e65f95c1cd4a17193b131e8959f88a826c904d0,cc-by,https://creativecommons.org/licenses/by/4.0/,49244,2026-09-26T05:40:09Z
Scorpaena plumieri,160673555,https://inaturalist-open-data.s3.amazonaws.com/photos/160673555/medium.jpg,CC-BY 4.0,Pauline Walsh Jacobson,coralreefdreams,2018-03-26,https://www.inaturalist.org/observations/96692692,"© Pauline Walsh Jacobson, some rights reserved (CC-BY)",f217fb418c2a2c5be50c28faf9f12d7b269f8ec0e8b478f49b92c5f94978f814,cc-by,https://creativecommons.org/licenses/by/4.0/,49244,2026-09-26T05:40:10Z
Scorpaena plumieri,160673326,https://inaturalist-open-data.s3.amazonaws.com/photos/160673326/medium.jpg,CC-BY 4.0,Pauline Walsh Jacobson,coralreefdreams,2018-03-26,https://www.inaturalist.org/observations/96692692,"© Pauline Walsh Jacobson, some rights reserved (CC-BY)",27bb4fb566abe82fb5ac2143408560efec2655063344b1a2b2c79265942efee4,cc-by,https://creativecommons.org/licenses/by/4.0/,49244,2026-09-26T05:40:10Z
Scorpaena plumieri,174694303,https://inaturalist-open-data.s3.amazonaws.com/photos/174694303/medium.jpeg,CC-BY 4.0,er-birds,er-birds,2002-08-10,https://www.inaturalist.org/observations/104278307,"© er-birds, some rights reserved (CC-BY)",77faab4b8a07b783a52c27caab7e8f84d1479c96835dc779378d4b86618c12eb,cc-by,https://creativecommons.org/licenses/by/4.0/,49244,2026-09-26T05:40:04Z
Scorpaena plumieri,598390010,https://inaturalist-open-data.s3.amazonaws.com/photos/598390010/medium.jpg,CC-BY 4.0,Dan Schofield,djscho,2025-09-16,https://www.inaturalist.org/observations/330044302,"© Dan Schofield, some rights reserved (CC-BY)",ccf90b2a4b28dc193d43a5d9440403cd4cf72250e34926635d17fa6cb341c13f,cc-by,https://creativecommons.org/licenses/by/4.0/,49244,2026-09-26T05:40:07Z
Scorpaena plumieri,448754304,https://inaturalist-open-data.s3.amazonaws.com/photos/448754304/medium.jpg,CC-BY 4.0,Jay Brasher,jbrasher,2023-09-22,https://www.inaturalist.org/observations/250866008,"© Jay Brasher, some rights reserved (CC-BY)",8793c815e3ce75275aa23313a2cce679c56be9c8c83c8e0055a8db3ed103923a,cc-by,https://creativecommons.org/licenses/by/4.0/,49244,2026-09-26T05:40:20Z
Scorpaena plumieri,385915961,https://inaturalist-open-data.s3.amazonaws.com/photos/385915961/medium.jpg,CC-BY 4.0,Pauline Walsh Jacobson,coralreefdreams,2020-03-04,https://www.inaturalist.org/observations/218103797,"© Pauline Walsh Jacobson, some rights reserved (CC-BY)",bc1cf482b8ed302f028ffd10fda184372c953d4218ea47af2f98fc17cb541c94,cc-by,https://creativecommons.org/licenses/by/4.0/,49244,2026-09-26T05:40:33Z
Scorpaena plumieri,631053197,https://inaturalist-open-data.s3.amazonaws.com/photos/631053197/medium.jpg,CC-BY 4.0,Matteo Bellucci,matteobellu239,2026-03-28,https://www.inaturalist.org/observations/346218552,"© Matteo Bellucci, some rights reserved (CC-BY)",01f6c8f0875d6618b5ef6f1b9a109351434bd9561d8ae490c3ae3117397dd0c4,cc-by,https://creativecommons.org/licenses/by/4.0/,49244,2026-09-26T05:40:30Z
Scorpaena plumieri,246243076,https://inaturalist-open-data.s3.amazonaws.com/photos/246243076/medium.jpg,CC-BY 4.0,Pauline Walsh Jacobson,coralreefdreams,2001-03-06,https://www.inaturalist.org/observations/143570589,"© Pauline Walsh Jacobson, some rights reserved (CC-BY)",56f652fbeeedcff755db1396110ae78e4978d49be6172b0c1022257ce8ec3023,cc-by,https://creativecommons.org/licenses/by/4.0/,49244,2026-09-26T05:40:30Z
Scorpaena plumieri,179499402,https://inaturalist-open-data.s3.amazonaws.com/photos/179499402/medium.jpg,CC-BY 4.0,Pauline Walsh Jacobson,coralreefdreams,1997-10-21,https://www.inaturalist.org/observations/106802822,"© Pauline Walsh Jacobson, some rights reserved (CC-BY)",dc126b62c2f2d4043343c9ddcbdfe2a52607a5d4f9463ed61db6601b33a974bc,cc-by,https://creativecommons.org/licenses/by/4.0/,49244,2026-09-26T05:40:16Z
Scorpaena plumieri,364951613,https://inaturalist-open-data.s3.amazonaws.com/photos/364951613/medium.jpg,CC-BY 4.0,cello caruso-turiello,celllo,2024-04-09,https://www.inaturalist.org/observations/206347171,"© cello caruso-turiello, some rights reserved (CC-BY)",c5d8796e56e88fecea9becd4b9cbd66fda60731218eba7691e7760684d8882d0,cc-by,https://creativecommons.org/licenses/by/4.0/,49244,2026-09-26T05:40:05Z
Scorpaena plumieri,161077125,https://inaturalist-open-data.s3.amazonaws.com/photos/161077125/medium.jpg,CC-BY 4.0,Pauline Walsh Jacobson,coralreefdreams,2018-07-05,https://www.inaturalist.org/observations/96917357,"© Pauline Walsh Jacobson, some rights reserved (CC-BY)",a1910ca925879576498fc5122f885033922a6a768818d64bde54a9a42312816b,cc-by,https://creativecommons.org/licenses/by/4.0/,49244,2026-09-26T05:40:13Z
Scorpaena plumieri,464876611,https://inaturalist-open-data.s3.amazonaws.com/photos/464876611/medium.jpg,CC-BY 4.0,Jay Brasher,jbrasher,2024-09-03,https://www.inaturalist.org/observations/259025468,"© Jay Brasher, some rights reserved (CC-BY)",96db790c4deca35a372c0a76889420317c0ea0debff98c88a9b365dde5d7e4d6,cc-by,https://creativecommons.org/licenses/by/4.0/,49244,2026-09-26T05:40:23Z
Scorpaena plumieri,385634339,https://inaturalist-open-data.s3.amazonaws.com/photos/385634339/medium.jpg,CC-BY 4.0,Pauline Walsh Jacobson,coralreefdreams,2020-03-04,https://www.inaturalist.org/observations/217954542,"© Pauline Walsh Jacobson, some rights reserved (CC-BY)",7bf25f2016ddcd1f87fe12b69e6a0068c52cc02399cca902e144ead9eb06382f,cc-by,https://creativecommons.org/licenses/by/4.0/,49244,2026-09-26T05:40:32Z
Scorpaena plumieri,348830812,https://inaturalist-open-data.s3.amazonaws.com/photos/348830812/medium.jpg,CC-BY 4.0,Pauline Walsh Jacobson,coralreefdreams,2018-06-15,https://www.inaturalist.org/observations/197976398,"© Pauline Walsh Jacobson, some rights reserved (CC-BY)",a5063490d55be18aaeeb47a9bc48523847e8c7ead5b62d2670b8e96a6fdd8634,cc-by,https://creativecommons.org/licenses/by/4.0/,49244,2026-09-26T05:40:36Z
Scorpaena plumieri,631135959,https://inaturalist-open-data.s3.amazonaws.com/photos/631135959/medium.jpg,CC-BY 4.0,tunicatedreamz,tunicatedreamz,2026-03-30,https://www.inaturalist.org/observations/346252591,"© tunicatedreamz, some rights reserved (CC-BY)",4fce64bce8c42c7a34e83a7a29bb3faffcc4de25f63c39530db966f1196d5dcf,cc-by,https://creativecommons.org/licenses/by/4.0/,49244,2026-09-26T05:40:20Z
Scorpaena plumieri,169277521,https://inaturalist-open-data.s3.amazonaws.com/photos/169277521/medium.jpg,CC-BY 4.0,Caroline Quinn,luo_qing,2021-11-14,https://www.inaturalist.org/observations/101365943,"© Caroline Quinn, some rights reserved (CC-BY)",e0299285c38bf127e7278bf3cdcefdb482b376af7b670cae48be66d42fab0115,cc-by,https://creativecommons.org/licenses/by/4.0/,49244,2026-09-26T05:40:11Z
Scorpaena plumieri,296751437,https://inaturalist-open-data.s3.amazonaws.com/photos/296751437/medium.png,CC-BY 4.0,Eridan Xharahi,eridanxharahi,2023-07-04,https://www.inaturalist.org/observations/171041363,"© Eridan Xharahi, some rights reserved (CC-BY)",b25ed26cc3ee2c754bcf1d3af3c90f44cbfe1e428dd7eba6fba1b73770200650,cc-by,https://creativecommons.org/licenses/by/4.0/,49244,2026-09-26T05:40:21Z
Actinia equina,451366369,https://inaturalist-open-data.s3.amazonaws.com/photos/451366369/medium.jpg,CC-BY 4.0,Donald Davesne,donalddavesne,2024-11-11,https://www.inaturalist.org/observations/252173532,"© Donald Davesne, some rights reserved (CC-BY)",79147b34901b4eb87ae439b5afe6778ecfe8039ad6b4079bb8ce5fb843f5ce5f,cc-by,https://creativecommons.org/licenses/by/4.0/,130085,2026-09-26T05:40:48Z
Actinia equina,451366476,https://inaturalist-open-data.s3.amazonaws.com/photos/451366476/medium.jpg,CC-BY 4.0,Donald Davesne,donalddavesne,2024-11-11,https://www.inaturalist.org/observations/252173532,"© Donald Davesne, some rights reserved (CC-BY)",e8a4c68e97b1f3a262d7624d527d4a3dc5acf24d0b8ba459d8afc9e6a40b8b59,cc-by,https://creativecommons.org/licenses/by/4.0/,130085,2026-09-26T05:40:47Z
Actinia equina,219461090,https://inaturalist-open-data.s3.amazonaws.com/photos/219461090/medium.jpeg,CC-BY 4.0,Eric Tittley,erictittley,2022-08-02,https://www.inaturalist.org/observations/129160647,"© Eric Tittley, some rights reserved (CC-BY)",d1e87aafb1a1c344d0ed7cd79ba243a023167a8ff473e4675114e1369c368d0b,cc-by,https://creativecommons.org/licenses/by/4.0/,130085,2026-09-26T05:40:48Z
Actinia equina,489180331,https://inaturalist-open-data.s3.amazonaws.com/photos/489180331/medium.jpeg,CC-BY 4.0,D. Rafael S. Fernandes,raf44,2024-10-05,https://www.inaturalist.org/observations/271923381,"© D. Rafael S. Fernandes, some rights reserved (CC-BY)",e78649b45f94276c6b0837cfaa38369ff5650a06f7be285aa54ce4ed492e0c19,cc-by,https://creativecommons.org/licenses/by/4.0/,130085,2026-09-26T05:40:49Z
Actinia equina,204608520,https://inaturalist-open-data.s3.amazonaws.com/photos/204608520/medium.jpg,CC-BY 4.0,Jamie O'Neill,swimjamie,2022-03-23,https://www.inaturalist.org/observations/120942252,"© Jamie O'Neill, some rights reserved (CC-BY)",675472bad7cc890dbbc21f1f02773d744bce0c5ab25112406b9f4469d66e30d8,cc-by,https://creativecommons.org/licenses/by/4.0/,130085,2026-09-26T05:40:53Z
Actinia equina,155883212,https://inaturalist-open-data.s3.amazonaws.com/photos/155883212/medium.jpg,CC-BY 4.0,Kristof Zyskowski,kristofz,2021-08-30,https://www.inaturalist.org/observations/94006667,"© Kristof Zyskowski, some rights reserved (CC-BY)",5ab7b602f966f006d6e1c682ba3d35688b24799cbe07c3519de5880865e60459,cc-by,https://creativecommons.org/licenses/by/4.0/,130085,2026-09-26T05:40:55Z
Actinia equina,672345590,https://inaturalist-open-data.s3.amazonaws.com/photos/672345590/medium.jpg,CC-BY 4.0,Louis Backstrom,louisb,2026-06-03,https://www.inaturalist.org/observations/368131743,"© Louis Backstrom, some rights reserved (CC-BY)",3be7fb3c6dcfceb44ac0f5f1e3f5304771e8e5615bd9600218190d5517861f28,cc-by,https://creativecommons.org/licenses/by/4.0/,130085,2026-09-26T05:40:58Z
Actinia equina,481213438,https://inaturalist-open-data.s3.amazonaws.com/photos/481213438/medium.jpeg,CC-BY 4.0,petitcrabe,petitcrabe,2025-03-30,https://www.inaturalist.org/observations/267756539,"© petitcrabe, some rights reserved (CC-BY)",bc0e4bda322a8ca75852999b1cfa42a8a760734b5f34443cc2dc3676afc8a7e5,cc-by,https://creativecommons.org/licenses/by/4.0/,130085,2026-09-26T05:41:02Z
Actinia equina,713741943,https://inaturalist-open-data.s3.amazonaws.com/photos/713741943/medium.jpg,CC-BY 4.0,Alex Press,alexswift,2026-08-09,https://www.inaturalist.org/observations/389649768,"© Alex Press, some rights reserved (CC-BY)",ad3f6130165d149911ccd575e8bfc4d784d7f02affa75e8ed0fdac3270be9c5b,cc-by,https://creativecommons.org/licenses/by/4.0/,130085,2026-09-26T05:41:09Z
Actinia equina,399885682,https://inaturalist-open-data.s3.amazonaws.com/photos/399885682/medium.jpg,CC-BY 4.0,Joss Carr,josscarr,2024-06-25,https://www.inaturalist.org/observations/225540749,"© Joss Carr, some rights reserved (CC-BY)",b65910d4039e2fc4863641b3a9d80b143f88164f648f34489952b7fa3c5837df,cc-by,https://creativecommons.org/licenses/by/4.0/,130085,2026-09-26T05:41:11Z
Actinia equina,371627700,https://inaturalist-open-data.s3.amazonaws.com/photos/371627700/medium.jpeg,CC-BY 4.0,Rory Wilson,rorywilson,2024-04-26,https://www.inaturalist.org/observations/210073538,"© Rory Wilson, some rights reserved (CC-BY)",0928621f53461d9559a4be0fda007413ec4694bea4788d36a2a17525dcc76f0a,cc-by,https://creativecommons.org/licenses/by/4.0/,130085,2026-09-26T05:41:12Z
Actinia equina,136819917,https://inaturalist-open-data.s3.amazonaws.com/photos/136819917/medium.jpeg,CC-BY 4.0,Victor Heng,victor0001,2021-06-16,https://www.inaturalist.org/observations/83312954,"© Victor Heng, some rights reserved (CC-BY)",de7293b112c510886eda862f40cf8b51fe2046e4d614ef42545cd3d7a59af52f,cc-by,https://creativecommons.org/licenses/by/4.0/,130085,2026-09-26T05:41:14Z
Actinia equina,721247212,https://inaturalist-open-data.s3.amazonaws.com/photos/721247212/medium.jpg,CC-BY 4.0,Jose Gutierrez Higa,josehigas,2026-08-22,https://www.inaturalist.org/observations/393489171,"© Jose Gutierrez Higa, some rights reserved (CC-BY)",a8e1b93508d422cf69a3fc80fa716cc2b07ad16e07cc79cd7f5484cd25336579,cc-by,https://creativecommons.org/licenses/by/4.0/,130085,2026-09-26T05:41:16Z
Actinia equina,226355142,https://inaturalist-open-data.s3.amazonaws.com/photos/226355142/medium.jpeg,CC-BY 4.0,Charlotte Kirchner,charlottekirchner,2022-08-30,https://www.inaturalist.org/observations/132932196,"© Charlotte Kirchner, some rights reserved (CC-BY)",b5552c1a98a709ee4ab30544fb2c584c5e0f7bb81950a4126fe3e24113838609,cc-by,https://creativecommons.org/licenses/by/4.0/,130085,2026-09-26T05:41:17Z
Actinia equina,226355123,https://inaturalist-open-data.s3.amazonaws.com/photos/226355123/medium.jpeg,CC-BY 4.0,Charlotte Kirchner,charlottekirchner,2022-08-30,https://www.inaturalist.org/observations/132932196,"© Charlotte Kirchner, some rights reserved (CC-BY)",036b7309e885ea91d9c547a77192bd72d5525afc74ff89fa4f1b7ea89242c17a,cc-by,https://creativecommons.org/licenses/by/4.0/,130085,2026-09-26T05:41:17Z
Actinia equina,153005036,https://inaturalist-open-data.s3.amazonaws.com/photos/153005036/medium.jpeg,CC-BY 4.0,liam1294,liam1294,2021-08-24,https://www.inaturalist.org/observations/92409404,"© liam1294, some rights reserved (CC-BY)",0c41c1515f748a1e7e2fefd63ed459fad428695f0f7d6b12f90d336354b5d9e9,cc-by,https://creativecommons.org/licenses/by/4.0/,130085,2026-09-26T05:41:22Z
Actinia equina,294808033,https://inaturalist-open-data.s3.amazonaws.com/photos/294808033/medium.jpeg,CC-BY 4.0,Jennifer Woollin,woollin,2023-06-25,https://www.inaturalist.org/observations/170011003,"© Jennifer Woollin, some rights reserved (CC-BY)",053556619f794e601823bef1a233ec9b432ec9bff367b2068cc709631644f115,cc-by,https://creativecommons.org/licenses/by/4.0/,130085,2026-09-26T05:41:22Z
Actinia equina,343790214,https://inaturalist-open-data.s3.amazonaws.com/photos/343790214/medium.jpg,CC-BY 4.0,Sean Hartnett,apricaria,2023-12-29,https://www.inaturalist.org/observations/195420577,"© Sean Hartnett, some rights reserved (CC-BY)",badab0428a736ee3417f9a7f57f502b8b7a2e7497e49136d385022c5ad9bd612,cc-by,https://creativecommons.org/licenses/by/4.0/,130085,2026-09-26T05:41:23Z
Actinia equina,505391212,https://inaturalist-open-data.s3.amazonaws.com/photos/505391212/medium.jpg,CC-BY 4.0,Maeve Foley,maevelouisef,2025-05-02,https://www.inaturalist.org/observations/281348812,"© Maeve Foley, some rights reserved (CC-BY)",603ab6fb0a927937ac8326409fdec51e7ff0d985e9d378bbd9ea92fe28fa1bbc,cc-by,https://creativecommons.org/licenses/by/4.0/,130085,2026-09-26T05:41:26Z
Actinia equina,549971632,https://inaturalist-open-data.s3.amazonaws.com/photos/549971632/medium.jpg,CC-BY 4.0,petitcrabe,petitcrabe,2025-08-09,https://www.inaturalist.org/observations/305048607,"© petitcrabe, some rights reserved (CC-BY)",71b57d14b7c742f32672d280ef1901c7c59ae958e4cb7c3b9cd09a1eb68cc11b,cc-by,https://creativecommons.org/licenses/by/4.0/,130085,2026-09-26T05:41:28Z
Actinia equina,590386137,https://inaturalist-open-data.s3.amazonaws.com/photos/590386137/medium.jpg,CC-BY 4.0,Nick Butcher,nick37158,2025-11-11,https://www.inaturalist.org/observations/326020071,"© Nick Butcher, some rights reserved (CC-BY)",f13c83b8037b6e1e71ed91c16b24000656c11b0bb12f405c6ecbfaca9303516a,cc-by,https://creativecommons.org/licenses/by/4.0/,130085,2026-09-26T05:41:28Z
Actinia equina,691259084,https://inaturalist-open-data.s3.amazonaws.com/photos/691259084/medium.jpg,CC-BY 4.0,Dave,dave2022,2026-07-03,https://www.inaturalist.org/observations/377980508,"© Dave, some rights reserved (CC-BY)",1c78a0cb9300055309a9dc8cca8354ecc404e920aa2d4ddf4e31cbec515b900c,cc-by,https://creativecommons.org/licenses/by/4.0/,130085,2026-09-26T05:41:32Z
Actinia equina,580616410,https://inaturalist-open-data.s3.amazonaws.com/photos/580616410/medium.jpg,CC-BY 4.0,Aaron Chidwick,physcia_descendens,2025-10-07,https://www.inaturalist.org/observations/321076585,"© Aaron Chidwick, some rights reserved (CC-BY)",706d241d9c59f3bb5556d9d9d66164528850f0a15046b46d77efbcf137a338bd,cc-by,https://creativecommons.org/licenses/by/4.0/,130085,2026-09-26T05:41:32Z
Actinia equina,538433135,https://inaturalist-open-data.s3.amazonaws.com/photos/538433135/medium.jpg,CC-BY 4.0,D. Rafael S. Fernandes,raf44,2025-03-01,https://www.inaturalist.org/observations/298888446,"© D. Rafael S. Fernandes, some rights reserved (CC-BY)",04bffad5e393ba7dcde1abf5c758b9a664ca0493b27ece2311c68f49784b43c0,cc-by,https://creativecommons.org/licenses/by/4.0/,130085,2026-09-26T05:41:20Z
Actinia equina,525204500,https://inaturalist-open-data.s3.amazonaws.com/photos/525204500/medium.jpg,CC-BY 4.0,Nicola Crockford,nicolacrockford,2025-06-21,https://www.inaturalist.org/observations/291886155,"© Nicola Crockford, some rights reserved (CC-BY)",b09cf1a1f736541b12bfdfb00580e42606eb7ca360d3c44cb058cddc9ac5b82b,cc-by,https://creativecommons.org/licenses/by/4.0/,130085,2026-09-26T05:41:27Z
Actinia equina,637553036,https://inaturalist-open-data.s3.amazonaws.com/photos/637553036/medium.jpg,CC-BY 4.0,Nick Butcher,nick37158,2026-04-13,https://www.inaturalist.org/observations/349490976,"© Nick Butcher, some rights reserved (CC-BY)",7cc188deb817b569df2c01bd8552356d3070bfce58d88ca3a8b7ff6bc627f244,cc-by,https://creativecommons.org/licenses/by/4.0/,130085,2026-09-26T05:41:20Z
Actinia equina,368998697,https://inaturalist-open-data.s3.amazonaws.com/photos/368998697/medium.jpg,CC-BY 4.0,Vsevolod Rudyi,ruseva,2024-04-21,https://www.inaturalist.org/observations/208549757,"© Vsevolod Rudyi, some rights reserved (CC-BY)",4aa710346730e9e17381dac6c9a397d05a816995ddb836c9460b761c13a1e987,cc-by,https://creativecommons.org/licenses/by/4.0/,130085,2026-09-26T05:40:57Z
Actinia equina,666664092,https://inaturalist-open-data.s3.amazonaws.com/photos/666664092/medium.jpg,CC-BY 4.0,Charlotte Kirchner,charlottekirchner,2026-05-25,https://www.inaturalist.org/observations/365158382,"© Charlotte Kirchner, some rights reserved (CC-BY)",3ed4a3c2ae6028fd0268b7d9ee0b7a0fce2f074fd20e1bf0e9a68a69e35c43e8,cc-by,https://creativecommons.org/licenses/by/4.0/,130085,2026-09-26T05:41:08Z
Actinia equina,200479023,https://inaturalist-open-data.s3.amazonaws.com/photos/200479023/medium.jpeg,CC-BY 4.0,Mike Brady,bradymh,2022-05-15,https://www.inaturalist.org/observations/118642527,"© Mike Brady, some rights reserved (CC-BY)",62f9b2e97bde5790d913c9039ddef21acee172da4b4b1788b85ec7ef9e383be0,cc-by,https://creativecommons.org/licenses/by/4.0/,130085,2026-09-26T05:41:13Z
Actinia equina,518830279,https://inaturalist-open-data.s3.amazonaws.com/photos/518830279/medium.jpg,CC-BY 4.0,Lou Wagstaffe,jsylou,2025-06-10,https://www.inaturalist.org/observations/288501466,"© Lou Wagstaffe, some rights reserved (CC-BY)",ba216b37ecf8856dc1213090d213cef6f14d3e8b54da9b25fa66e16af8364ead,cc-by,https://creativecommons.org/licenses/by/4.0/,130085,2026-09-26T05:41:05Z
Actinia equina,660106483,https://inaturalist-open-data.s3.amazonaws.com/photos/660106483/medium.jpg,CC-BY 4.0,Charlotte Kirchner,charlottekirchner,2026-05-15,https://www.inaturalist.org/observations/361688924,"© Charlotte Kirchner, some rights reserved (CC-BY)",fedcc97431037b4b44160cabffa0501453f83ad04f5926eb045058fa6b7eae0d,cc-by,https://creativecommons.org/licenses/by/4.0/,130085,2026-09-26T05:40:59Z
Actinia equina,218750673,https://inaturalist-open-data.s3.amazonaws.com/photos/218750673/medium.jpeg,CC-BY 4.0,Petr Knotek,mallomonas,2022-07-14,https://www.inaturalist.org/observations/128767131,"© Petr Knotek, some rights reserved (CC-BY)",42b844e6a9286f59cc957825e7a426d6ae2c3526671275aa5c294d8940327f7f,cc-by,https://creativecommons.org/licenses/by/4.0/,130085,2026-09-26T05:41:33Z
Actinia equina,691953830,https://inaturalist-open-data.s3.amazonaws.com/photos/691953830/medium.jpg,CC-BY 4.0,Nick Butcher,nick37158,2026-07-05,https://www.inaturalist.org/observations/378341197,"© Nick Butcher, some rights reserved (CC-BY)",0d47cc1b4b392de428e3abf48d0dfc2a1c0d86383224197b3dd0d4e8cfa3d264,cc-by,https://creativecommons.org/licenses/by/4.0/,130085,2026-09-26T05:41:31Z
Actinia equina,538433112,https://inaturalist-open-data.s3.amazonaws.com/photos/538433112/medium.jpg,CC-BY 4.0,D. Rafael S. Fernandes,raf44,2025-03-01,https://www.inaturalist.org/observations/298888429,"© D. Rafael S. Fernandes, some rights reserved (CC-BY)",d9a39d6dea279e26b9d6b45b1f14b799b7a37091cd8e54511b6ecf186058702c,cc-by,https://creativecommons.org/licenses/by/4.0/,130085,2026-09-26T05:41:05Z
Aetobatus narinari,607012561,https://inaturalist-open-data.s3.amazonaws.com/photos/607012561/medium.jpg,CC-BY 4.0,Steven Wang,steven_wang15636,2026-01-10,https://www.inaturalist.org/observations/334278384,"© Steven Wang, some rights reserved (CC-BY)",06b405f1b97ec783253f5a7a4d3e36c3a33f13f3e8b6a08d13e1ae9e324f29cb,cc-by,https://creativecommons.org/licenses/by/4.0/,49297,2026-09-26T05:41:36Z
Aetobatus narinari,607012563,https://inaturalist-open-data.s3.amazonaws.com/photos/607012563/medium.jpg,CC-BY 4.0,Steven Wang,steven_wang15636,2026-01-10,https://www.inaturalist.org/observations/334278384,"© Steven Wang, some rights reserved (CC-BY)",4e51bc1c195e12070ee4df372e1f0c21749fb9925a9a1c2641e7ef955bbba97d,cc-by,https://creativecommons.org/licenses/by/4.0/,49297,2026-09-26T05:41:35Z
Aetobatus narinari,237752741,https://inaturalist-open-data.s3.amazonaws.com/photos/237752741/medium.jpg,CC-BY 4.0,Susan Aide,susanfibio,2022-10-16,https://www.inaturalist.org/observations/139050259,"© Susan Aide, some rights reserved (CC-BY)",5306fb41c01085d478e88e58c8cd114ddc36ab61fcaa71f29d8569a197f5cbcb,cc-by,https://creativecommons.org/licenses/by/4.0/,49297,2026-09-26T05:41:36Z
Aetobatus narinari,630655413,https://inaturalist-open-data.s3.amazonaws.com/photos/630655413/medium.jpg,CC-BY 4.0,Dan Schofield,djscho,2026-03-17,https://www.inaturalist.org/observations/346009842,"© Dan Schofield, some rights reserved (CC-BY)",6b5a93d4bfbbdff9a6162e770a88cef523f5b0b86d2425676d1eb85dc679d10f,cc-by,https://creativecommons.org/licenses/by/4.0/,49297,2026-09-26T05:41:36Z
Aetobatus narinari,630655374,https://inaturalist-open-data.s3.amazonaws.com/photos/630655374/medium.jpg,CC-BY 4.0,Dan Schofield,djscho,2026-03-17,https://www.inaturalist.org/observations/346009842,"© Dan Schofield, some rights reserved (CC-BY)",1306000a93784ee1482b37e222ecd9ef855f082ec130065fc0ebea05ced9aa97,cc-by,https://creativecommons.org/licenses/by/4.0/,49297,2026-09-26T05:41:36Z
Aetobatus narinari,359940956,https://inaturalist-open-data.s3.amazonaws.com/photos/359940956/medium.jpg,CC-BY 4.0,Robin White,robin_dive_diva,2024-03-23,https://www.inaturalist.org/observations/203699286,"© Robin White, some rights reserved (CC-BY)",4a3ddeaf5d9e9d25a55b048da843ca3e87d58fbbf92b068840babe51ac27fb05,cc-by,https://creativecommons.org/licenses/by/4.0/,49297,2026-09-26T05:41:38Z
Aetobatus narinari,359940961,https://inaturalist-open-data.s3.amazonaws.com/photos/359940961/medium.jpg,CC-BY 4.0,Robin White,robin_dive_diva,2024-03-23,https://www.inaturalist.org/observations/203699286,"© Robin White, some rights reserved (CC-BY)",327aa6440846cee720239dda9c4d8cc656980d23c334ef36571845099954b430,cc-by,https://creativecommons.org/licenses/by/4.0/,49297,2026-09-26T05:41:38Z
Aetobatus narinari,709820962,https://inaturalist-open-data.s3.amazonaws.com/photos/709820962/medium.gif,CC-BY 4.0,Matteo Bellucci,matteobellu239,2026-05-28,https://www.inaturalist.org/observations/387625065,"© Matteo Bellucci, some rights reserved (CC-BY)",ff7c0a7de26d413a090aae957001acbf7f0289a7f31d84cd7526ac4e22d07d36,cc-by,https://creativecommons.org/licenses/by/4.0/,49297,2026-09-26T05:41:42Z
Aetobatus narinari,378574273,https://inaturalist-open-data.s3.amazonaws.com/photos/378574273/medium.jpg,CC-BY 4.0,Jay Brasher,jbrasher,2023-09-14,https://www.inaturalist.org/observations/214193797,"© Jay Brasher, some rights reserved (CC-BY)",c6be56af46db9b19d13e163402dffd8019511b4ab0a3d974a7c61bf6800f800e,cc-by,https://creativecommons.org/licenses/by/4.0/,49297,2026-09-26T05:41:39Z
Aetobatus narinari,255522069,https://inaturalist-open-data.s3.amazonaws.com/photos/255522069/medium.jpeg,CC-BY 4.0,Dan Schofield,djscho,2023-02-01,https://www.inaturalist.org/observations/148386848,"© Dan Schofield, some rights reserved (CC-BY)",151bf922ab891c47b75a2cbef9d043973f8b66ead19c5a13c336cd66a2d14f60,cc-by,https://creativecommons.org/licenses/by/4.0/,49297,2026-09-26T05:41:39Z
Aetobatus narinari,255522055,https://inaturalist-open-data.s3.amazonaws.com/photos/255522055/medium.jpeg,CC-BY 4.0,Dan Schofield,djscho,2023-02-01,https://www.inaturalist.org/observations/148386848,"© Dan Schofield, some rights reserved (CC-BY)",2d9286db9dff940edea6e1c8be9fb23ef9de11ffab8e1a44132b52c7aab14d7e,cc-by,https://creativecommons.org/licenses/by/4.0/,49297,2026-09-26T05:41:39Z
Aetobatus narinari,3015541,https://inaturalist-open-data.s3.amazonaws.com/photos/3015541/medium.jpg,CC-BY 4.0,aarongunnar,aarongunnar,2014-01-20,https://www.inaturalist.org/observations/2682711,"© aarongunnar, some rights reserved (CC-BY)",d9ea0ae7b106e1a194804a0682161de8bf370426f129a06fbc23deabc7821fb4,cc-by,https://creativecommons.org/licenses/by/4.0/,49297,2026-09-26T05:41:41Z
Aetobatus narinari,478053324,https://inaturalist-open-data.s3.amazonaws.com/photos/478053324/medium.jpeg,CC-BY 4.0,Dan Schofield,djscho,2025-03-16,https://www.inaturalist.org/observations/266087916,"© Dan Schofield, some rights reserved (CC-BY)",8cbf2352846414bac9b869dd1c3e16553db3202c7d0a46ed8e0400e713d67f9f,cc-by,https://creativecommons.org/licenses/by/4.0/,49297,2026-09-26T05:41:42Z
Aetobatus narinari,478053338,https://inaturalist-open-data.s3.amazonaws.com/photos/478053338/medium.jpeg,CC-BY 4.0,Dan Schofield,djscho,2025-03-16,https://www.inaturalist.org/observations/266087916,"© Dan Schofield, some rights reserved (CC-BY)",b649e2fda59c32c8bc5ab28402a1d88a1781d1d936cc2957d4d06d7fd8f5486d,cc-by,https://creativecommons.org/licenses/by/4.0/,49297,2026-09-26T05:41:42Z
Aetobatus narinari,485604619,https://inaturalist-open-data.s3.amazonaws.com/photos/485604619/medium.jpeg,CC-BY 4.0,Dan Schofield,djscho,2025-04-07,https://www.inaturalist.org/observations/270045328,"© Dan Schofield, some rights reserved (CC-BY)",e4e0bbca8a6b64a4636bdbe9d9163f6bea563d523c107a0294ea0d00c868fe63,cc-by,https://creativecommons.org/licenses/by/4.0/,49297,2026-09-26T05:41:43Z
Aetobatus narinari,485604646,https://inaturalist-open-data.s3.amazonaws.com/photos/485604646/medium.jpeg,CC-BY 4.0,Dan Schofield,djscho,2025-04-07,https://www.inaturalist.org/observations/270045328,"© Dan Schofield, some rights reserved (CC-BY)",ea6e09469b03158a31dba6d315d533c16e7516c99ea663b668cfed9f8aeb237f,cc-by,https://creativecommons.org/licenses/by/4.0/,49297,2026-09-26T05:41:43Z
Aetobatus narinari,262119240,https://inaturalist-open-data.s3.amazonaws.com/photos/262119240/medium.jpeg,CC-BY 4.0,Addshore,addshore,2023-03-21,https://www.inaturalist.org/observations/151877091,"© Addshore, some rights reserved (CC-BY)",7f960725eadc42fcf2476b0313ace61ae0b82e017800eaf565edb4d47326126e,cc-by,https://creativecommons.org/licenses/by/4.0/,49297,2026-09-26T05:41:43Z
Aetobatus narinari,247269872,https://inaturalist-open-data.s3.amazonaws.com/photos/247269872/medium.jpeg,CC-BY 4.0,Dan Schofield,djscho,2022-12-10,https://www.inaturalist.org/observations/144108523,"© Dan Schofield, some rights reserved (CC-BY)",001cdfaf62b0d6e6e3d387cd0e56f92cf05472e35bc5e70ec0d05a8f4e66d0d3,cc-by,https://creativecommons.org/licenses/by/4.0/,49297,2026-09-26T05:41:43Z
Aetobatus narinari,470651675,https://inaturalist-open-data.s3.amazonaws.com/photos/470651675/medium.png,CC-BY 4.0,Daniel Z,daniel3417,2025-02-03,https://www.inaturalist.org/observations/261931657,"© Daniel Z, some rights reserved (CC-BY)",9bbe765eb470ae122f22b991594edce4858714807da6c26fc78918b52878e093,cc-by,https://creativecommons.org/licenses/by/4.0/,49297,2026-09-26T05:41:44Z
Aetobatus narinari,470651687,https://inaturalist-open-data.s3.amazonaws.com/photos/470651687/medium.png,CC-BY 4.0,Daniel Z,daniel3417,2025-02-03,https://www.inaturalist.org/observations/261931657,"© Daniel Z, some rights reserved (CC-BY)",31233dafb0abfbd10d1d90697b38a8d6387cf734c320084c1b8d75cb7671753a,cc-by,https://creativecommons.org/licenses/by/4.0/,49297,2026-09-26T05:41:44Z
Aetobatus narinari,58938443,https://inaturalist-open-data.s3.amazonaws.com/photos/58938443/medium.jpg,CC-BY 4.0,Tom Heijnen,tomheijnen,2015-11-16,https://www.inaturalist.org/observations/37202765,"© Tom Heijnen, some rights reserved (CC-BY)",8bae07e2beb21ae1aabe8e59ef5b92577e09a93188f283d5981c4c8e0f303427,cc-by,https://creativecommons.org/licenses/by/4.0/,49297,2026-09-26T05:41:45Z
Aetobatus narinari,58938441,https://inaturalist-open-data.s3.amazonaws.com/photos/58938441/medium.jpg,CC-BY 4.0,Tom Heijnen,tomheijnen,2015-11-16,https://www.inaturalist.org/observations/37202765,"© Tom Heijnen, some rights reserved (CC-BY)",59072b1d1f17bce750a228bc70cc0fbca17014dbc7dc1a6c7337d356f9e160b4,cc-by,https://creativecommons.org/licenses/by/4.0/,49297,2026-09-26T05:41:46Z
Aetobatus narinari,617623021,https://inaturalist-open-data.s3.amazonaws.com/photos/617623021/medium.jpg,CC-BY 4.0,Dan Schofield,djscho,2026-02-11,https://www.inaturalist.org/observations/339505169,"© Dan Schofield, some rights reserved (CC-BY)",4c4eaf4fb0e486d6618bebe3748b1d3d8df9a27d1440114f14f3787e245ea3a4,cc-by,https://creativecommons.org/licenses/by/4.0/,49297,2026-09-26T05:41:45Z
Aetobatus narinari,169483430,https://inaturalist-open-data.s3.amazonaws.com/photos/169483430/medium.jpg,CC-BY 4.0,Pauline Walsh Jacobson,coralreefdreams,2002-03-20,https://www.inaturalist.org/observations/101479849,"© Pauline Walsh Jacobson, some rights reserved (CC-BY)",6c7d3e05ff9db95b7bb0f92e76280d8d93513421612f112442cbd508762cb7bf,cc-by,https://creativecommons.org/licenses/by/4.0/,49297,2026-09-26T05:41:45Z
Aetobatus narinari,169483643,https://inaturalist-open-data.s3.amazonaws.com/photos/169483643/medium.jpg,CC-BY 4.0,Pauline Walsh Jacobson,coralreefdreams,2002-03-20,https://www.inaturalist.org/observations/101479849,"© Pauline Walsh Jacobson, some rights reserved (CC-BY)",b21017287e38186143390fec7f2c7f385ccd641ef627dbbccd2423e1591f9a9a,cc-by,https://creativecommons.org/licenses/by/4.0/,49297,2026-09-26T05:41:46Z
Aetobatus narinari,250764087,https://inaturalist-open-data.s3.amazonaws.com/photos/250764087/medium.jpeg,CC-BY 4.0,Dan Schofield,djscho,2023-01-04,https://www.inaturalist.org/observations/145925653,"© Dan Schofield, some rights reserved (CC-BY)",aaed4627ac9826dbb81151fefad5fc4f235844084af9758a25e302daf15f5c01,cc-by,https://creativecommons.org/licenses/by/4.0/,49297,2026-09-26T05:41:47Z
Aetobatus narinari,250764076,https://inaturalist-open-data.s3.amazonaws.com/photos/250764076/medium.jpeg,CC-BY 4.0,Dan Schofield,djscho,2023-01-04,https://www.inaturalist.org/observations/145925653,"© Dan Schofield, some rights reserved (CC-BY)",05c9f7783c4e7231623f398e43d273ce838571a66cdb85ca0fc2f4328ad26560,cc-by,https://creativecommons.org/licenses/by/4.0/,49297,2026-09-26T05:41:47Z
Aetobatus narinari,263110450,https://inaturalist-open-data.s3.amazonaws.com/photos/263110450/medium.jpg,CC-BY 4.0,Robin White,robin_dive_diva,2023-03-26,https://www.inaturalist.org/observations/152415233,"© Robin White, some rights reserved (CC-BY)",0af3e206a6010532f8c27614e143f3cc5a455458bf9634ce226691f49dc4a149,cc-by,https://creativecommons.org/licenses/by/4.0/,49297,2026-09-26T05:41:48Z
Aetobatus narinari,284996458,https://inaturalist-open-data.s3.amazonaws.com/photos/284996458/medium.jpg,CC-BY 4.0,Robin White,robin_dive_diva,2023-05-30,https://www.inaturalist.org/observations/164698745,"© Robin White, some rights reserved (CC-BY)",5f5dc006df4f30d66ce8de2db12fb5e7d6bd80edec8029eb232fca997f6ccaa4,cc-by,https://creativecommons.org/licenses/by/4.0/,49297,2026-09-26T05:41:49Z
Aetobatus narinari,284996478,https://inaturalist-open-data.s3.amazonaws.com/photos/284996478/medium.jpg,CC-BY 4.0,Robin White,robin_dive_diva,2023-05-30,https://www.inaturalist.org/observations/164698745,"© Robin White, some rights reserved (CC-BY)",717a7f3dc95546c2e95934670610eb6603c6de12cb0dcbeeb3db3228501cf40b,cc-by,https://creativecommons.org/licenses/by/4.0/,49297,2026-09-26T05:41:49Z
Aetobatus narinari,630731201,https://inaturalist-open-data.s3.amazonaws.com/photos/630731201/medium.jpg,CC-BY 4.0,tunicatedreamz,tunicatedreamz,2026-03-29,https://www.inaturalist.org/observations/346048930,"© tunicatedreamz, some rights reserved (CC-BY)",d883f1af081e27ae5c465331387ba3fec8a9956fc484705c9cb6a738b0bbb061,cc-by,https://creativecommons.org/licenses/by/4.0/,49297,2026-09-26T05:41:49Z
Aetobatus narinari,640053110,https://inaturalist-open-data.s3.amazonaws.com/photos/640053110/medium.jpg,CC-BY 4.0,Dan Schofield,djscho,2026-04-11,https://www.inaturalist.org/observations/350770583,"© Dan Schofield, some rights reserved (CC-BY)",1d2fe52ddbded9d69b8cd940c4663ac800e9a4833b17460358d6a5386be4c1a3,cc-by,https://creativecommons.org/licenses/by/4.0/,49297,2026-09-26T05:41:50Z
Aetobatus narinari,640053060,https://inaturalist-open-data.s3.amazonaws.com/photos/640053060/medium.jpg,CC-BY 4.0,Dan Schofield,djscho,2026-04-11,https://www.inaturalist.org/observations/350770583,"© Dan Schofield, some rights reserved (CC-BY)",755b7376315285b8abcfc8134204e20bbd8eb7e05de6aae76ec99498d58d4aab,cc-by,https://creativecommons.org/licenses/by/4.0/,49297,2026-09-26T05:41:49Z
Aetobatus narinari,144504326,https://inaturalist-open-data.s3.amazonaws.com/photos/144504326/medium.jpg,CC-BY 4.0,Trevor Harding,cactusdoc,2021-07-07,https://www.inaturalist.org/observations/87634584,"© Trevor Harding, some rights reserved (CC-BY)",c8d8195d61474101704b6f22e5040c297fea82871139f088a00215dcce5c8de3,cc-by,https://creativecommons.org/licenses/by/4.0/,49297,2026-09-26T05:41:50Z
Aetobatus narinari,144504305,https://inaturalist-open-data.s3.amazonaws.com/photos/144504305/medium.jpg,CC-BY 4.0,Trevor Harding,cactusdoc,2021-07-07,https://www.inaturalist.org/observations/87634584,"© Trevor Harding, some rights reserved (CC-BY)",2a317fd696fa398f213964698117ca2d04af01671fc4a57b29bd5a4e6b440065,cc-by,https://creativecommons.org/licenses/by/4.0/,49297,2026-09-26T05:41:50Z
Aetobatus narinari,695150425,https://inaturalist-open-data.s3.amazonaws.com/photos/695150425/medium.jpg,CC-BY 4.0,Gregor Bailar,gregorbailar,2025-02-17,https://www.inaturalist.org/observations/380007187,"© Gregor Bailar, some rights reserved (CC-BY)",834d5699ffc4ce1ba5d4bd88c3a03e4b5881c5c6949fb07ec8513416ee883569,cc-by,https://creativecommons.org/licenses/by/4.0/,49297,2026-09-26T05:41:51Z
Aetobatus narinari,485989299,https://inaturalist-open-data.s3.amazonaws.com/photos/485989299/medium.jpeg,CC-BY 4.0,Dan Schofield,djscho,2025-04-07,https://www.inaturalist.org/observations/270245312,"© Dan Schofield, some rights reserved (CC-BY)",3ccffec6f700fae260ee5eedddfbdc3de224f9945a22676ebec34ceb6c87ec96,cc-by,https://creativecommons.org/licenses/by/4.0/,49297,2026-09-26T05:41:51Z
Aetobatus narinari,485989378,https://inaturalist-open-data.s3.amazonaws.com/photos/485989378/medium.jpeg,CC-BY 4.0,Dan Schofield,djscho,2025-04-07,https://www.inaturalist.org/observations/270245312,"© Dan Schofield, some rights reserved (CC-BY)",4929dc502be107f3b79b8172af147f528ba67237a93a0180d87d772f8b407dd2,cc-by,https://creativecommons.org/licenses/by/4.0/,49297,2026-09-26T05:41:51Z
Aetobatus narinari,171857903,https://inaturalist-open-data.s3.amazonaws.com/photos/171857903/medium.jpg,CC-BY 4.0,Ben Costamagna,bencostamagna,2021-12-01,https://www.inaturalist.org/observations/102766824,"© Ben Costamagna, some rights reserved (CC-BY)",d85b048a3952fe567ef80ef7e88fd8549703f5164c814bc1e5a8d4310f133055,cc-by,https://creativecommons.org/licenses/by/4.0/,49297,2026-09-26T05:41:52Z
Aetobatus narinari,171857912,https://inaturalist-open-data.s3.amazonaws.com/photos/171857912/medium.jpg,CC-BY 4.0,Ben Costamagna,bencostamagna,2021-12-01,https://www.inaturalist.org/observations/102766824,"© Ben Costamagna, some rights reserved (CC-BY)",eccba7995a39569d6152c40314779e038f30ce87b3b1852527d45ed658d18e49,cc-by,https://creativecommons.org/licenses/by/4.0/,49297,2026-09-26T05:41:52Z
Aetobatus narinari,485988832,https://inaturalist-open-data.s3.amazonaws.com/photos/485988832/medium.jpeg,CC-BY 4.0,Dan Schofield,djscho,2025-04-07,https://www.inaturalist.org/observations/270245078,"© Dan Schofield, some rights reserved (CC-BY)",f4c8792da29c689033124ae982f1f9dc4787bddf8d208cdc35a335469dd2dad9,cc-by,https://creativecommons.org/licenses/by/4.0/,49297,2026-09-26T05:41:44Z
Aetobatus narinari,465716228,https://inaturalist-open-data.s3.amazonaws.com/photos/465716228/medium.jpg,CC-BY 4.0,Dan Schofield,djscho,2025-01-24,https://www.inaturalist.org/observations/259437144,"© Dan Schofield, some rights reserved (CC-BY)",4e723d4ca419ce16129ddcd24407915a3b849d4e410ab0fd156e9899d55e2602,cc-by,https://creativecommons.org/licenses/by/4.0/,49297,2026-09-26T05:41:53Z
Aetobatus narinari,496624906,https://inaturalist-open-data.s3.amazonaws.com/photos/496624906/medium.jpg,CC-BY 4.0,Dan Schofield,djscho,2025-04-14,https://www.inaturalist.org/observations/276554634,"© Dan Schofield, some rights reserved (CC-BY)",e1d528d373dd502190a3009f59e522d347214d137af7782a0dba2ecead87d4c4,cc-by,https://creativecommons.org/licenses/by/4.0/,49297,2026-09-26T05:41:48Z
Aetobatus narinari,465630246,https://inaturalist-open-data.s3.amazonaws.com/photos/465630246/medium.jpeg,CC-BY 4.0,Dan Schofield,djscho,2025-01-16,https://www.inaturalist.org/observations/259394184,"© Dan Schofield, some rights reserved (CC-BY)",8fcec93f081410ac4daf449de42ee9608af5013af9eb7ca857b4a29217fceb00,cc-by,https://creativecommons.org/licenses/by/4.0/,49297,2026-09-26T05:42:13Z
Aetobatus narinari,249644552,https://inaturalist-open-data.s3.amazonaws.com/photos/249644552/medium.jpg,CC-BY 4.0,Pauline Walsh Jacobson,coralreefdreams,2005-03-23,https://www.inaturalist.org/observations/145350695,"© Pauline Walsh Jacobson, some rights reserved (CC-BY)",dfea1dd8c0d9e8fd2ff18719d285114c892b33087b5891cf6d5928810fc6660f,cc-by,https://creativecommons.org/licenses/by/4.0/,49297,2026-09-26T05:41:58Z
Aetobatus narinari,247933975,https://inaturalist-open-data.s3.amazonaws.com/photos/247933975/medium.jpg,CC-BY 4.0,Tom Heijnen,tomheijnen,2021-11-27,https://www.inaturalist.org/observations/144457374,"© Tom Heijnen, some rights reserved (CC-BY)",2a99c3d52c68df658a5ae82a5be5c4115a099433745d47504d7c155c137aeca2,cc-by,https://creativecommons.org/licenses/by/4.0/,49297,2026-09-26T05:42:08Z
Aetobatus narinari,171115856,https://inaturalist-open-data.s3.amazonaws.com/photos/171115856/medium.jpeg,CC-BY 4.0,Julio-César Chávez,juliocesarsalad,2021-12-02,https://www.inaturalist.org/observations/102376350,"© Julio-César Chávez, some rights reserved (CC-BY)",7d03cdf0cf16c8dc49a96b1c369afacb0c73249556f59e975e0106881f364b2a,cc-by,https://creativecommons.org/licenses/by/4.0/,49297,2026-09-26T05:42:10Z
Aetobatus narinari,447377514,https://inaturalist-open-data.s3.amazonaws.com/photos/447377514/medium.jpg,CC-BY 4.0,Dan Schofield,djscho,2024-02-10,https://www.inaturalist.org/observations/250181468,"© Dan Schofield, some rights reserved (CC-BY)",fa28bb9333cad3433ca30254b07fa9555f3ce5750aff838b9860098d3621a63d,cc-by,https://creativecommons.org/licenses/by/4.0/,49297,2026-09-26T05:41:55Z
Aetobatus narinari,603749593,https://inaturalist-open-data.s3.amazonaws.com/photos/603749593/medium.jpg,CC-BY 4.0,Josh Noseworthy,josh_noseworthy,2025-12-29,https://www.inaturalist.org/observations/332652824,"© Josh Noseworthy, some rights reserved (CC-BY)",34ce76a4522ed2c02e86f60ba5112952fdee33631749ae5433decd5af79155f4,cc-by,https://creativecommons.org/licenses/by/4.0/,49297,2026-09-26T05:42:14Z
Aetobatus narinari,462625185,https://inaturalist-open-data.s3.amazonaws.com/photos/462625185/medium.jpg,CC-BY 4.0,Dan Schofield,djscho,2024-12-30,https://www.inaturalist.org/observations/257885607,"© Dan Schofield, some rights reserved (CC-BY)",1bdb23e0e7344e7c05cee1dd2d7f985c548cc45d6e149477a6e913459a5974ce,cc-by,https://creativecommons.org/licenses/by/4.0/,49297,2026-09-26T05:41:48Z
Aetobatus narinari,611492785,https://inaturalist-open-data.s3.amazonaws.com/photos/611492785/medium.jpg,CC-BY 4.0,Dan Schofield,djscho,2026-01-26,https://www.inaturalist.org/observations/336495251,"© Dan Schofield, some rights reserved (CC-BY)",c7776ce78bbf28dcbd3946fa395c9378a1ab781c18116d3d8d8ca413fc19713f,cc-by,https://creativecommons.org/licenses/by/4.0/,49297,2026-09-26T05:42:14Z
Aetobatus narinari,695249338,https://inaturalist-open-data.s3.amazonaws.com/photos/695249338/medium.jpg,CC-BY 4.0,Gregor Bailar,gregorbailar,2025-02-14,https://www.inaturalist.org/observations/380049378,"© Gregor Bailar, some rights reserved (CC-BY)",c304329bfc4739313eecaaff003a434e8f29d8ba6a3200dbaf226b4a48ba7aef,cc-by,https://creativecommons.org/licenses/by/4.0/,49297,2026-09-26T05:42:16Z
Aetobatus narinari,594611001,https://inaturalist-open-data.s3.amazonaws.com/photos/594611001/medium.jpg,CC-BY 4.0,Rachel Lee Harper,rachelleaf,2018-12-12,https://www.inaturalist.org/observations/328167529,"© Rachel Lee Harper, some rights reserved (CC-BY)",d24fd98924d9f847e5e55b571634053379726a283708fbb7679bad21efb7891f,cc-by,https://creativecommons.org/licenses/by/4.0/,49297,2026-09-26T05:41:51Z
Aetobatus narinari,594611040,https://inaturalist-open-data.s3.amazonaws.com/photos/594611040/medium.jpg,CC-BY 4.0,Rachel Lee Harper,rachelleaf,2018-12-12,https://www.inaturalist.org/observations/328167547,"© Rachel Lee Harper, some rights reserved (CC-BY)",fc418d3a1ff45187cec6910ced4faea6d5393cad0bc0aef3f1823e277cbddd8f,cc-by,https://creativecommons.org/licenses/by/4.0/,49297,2026-09-26T05:42:13Z
Scorpaenopsis diabolus,202613121,https://inaturalist-open-data.s3.amazonaws.com/photos/202613121/medium.jpg,CC-BY 4.0,Don Loarie,dloarie,2022-05-26,https://www.inaturalist.org/observations/119830304,"© Don Loarie, some rights reserved (CC-BY)",202662580e84e05c57d6569e9fa1856e7cff8e923fbea3a4f78dc3e642d29fa4,cc-by,https://creativecommons.org/licenses/by/4.0/,119419,2026-09-26T05:42:20Z
Scorpaenopsis diabolus,202613128,https://inaturalist-open-data.s3.amazonaws.com/photos/202613128/medium.jpg,CC-BY 4.0,Don Loarie,dloarie,2022-05-26,https://www.inaturalist.org/observations/119830304,"© Don Loarie, some rights reserved (CC-BY)",469b78e7994f6684a88d88eaa8ff4f9770782c14e8d7793ef75347aa2853c0b1,cc-by,https://creativecommons.org/licenses/by/4.0/,119419,2026-09-26T05:42:20Z
Scorpaenopsis diabolus,487497141,https://inaturalist-open-data.s3.amazonaws.com/photos/487497141/medium.jpeg,CC-BY 4.0,Wiljam Eklund,wiljame,2024-05-20,https://www.inaturalist.org/observations/271035575,"© Wiljam Eklund, some rights reserved (CC-BY)",43a4a601d03c658bb5a0be2d4b9ad714dd985ddca885728d651fabd8cf0347bc,cc-by,https://creativecommons.org/licenses/by/4.0/,119419,2026-09-26T05:42:20Z
Scorpaenopsis diabolus,487497205,https://inaturalist-open-data.s3.amazonaws.com/photos/487497205/medium.jpeg,CC-BY 4.0,Wiljam Eklund,wiljame,2024-05-20,https://www.inaturalist.org/observations/271035575,"© Wiljam Eklund, some rights reserved (CC-BY)",d7ac96d5002bf37367fcde9aa85c04bfb8ebe94cab69b2d77f43dc2ce4d12e30,cc-by,https://creativecommons.org/licenses/by/4.0/,119419,2026-09-26T05:42:20Z
Scorpaenopsis diabolus,474276579,https://inaturalist-open-data.s3.amazonaws.com/photos/474276579/medium.jpg,CC-BY 4.0,Robin White,robin_dive_diva,2025-03-03,https://www.inaturalist.org/observations/263952009,"© Robin White, some rights reserved (CC-BY)",36c112ecaa471b8548494a7a89e2946a446a5e20ca36eefc16c0260dd0ba53a2,cc-by,https://creativecommons.org/licenses/by/4.0/,119419,2026-09-26T05:42:21Z
Scorpaenopsis diabolus,474276600,https://inaturalist-open-data.s3.amazonaws.com/photos/474276600/medium.jpg,CC-BY 4.0,Robin White,robin_dive_diva,2025-03-03,https://www.inaturalist.org/observations/263952009,"© Robin White, some rights reserved (CC-BY)",b55a639c5aadaf59e85cc233ac8e4e7cc6708736189cb9439ed9e3836cb32f92,cc-by,https://creativecommons.org/licenses/by/4.0/,119419,2026-09-26T05:42:22Z
Scorpaenopsis diabolus,134103530,https://inaturalist-open-data.s3.amazonaws.com/photos/134103530/medium.jpg,CC-BY 4.0,jeyre,jeyre,2013-02-14,https://www.inaturalist.org/observations/81762171,"© jeyre, some rights reserved (CC-BY)",ef0b05650dd543b20c172f803e006175790c8695de2e7d6f108ec4ad5a7e3eb8,cc-by,https://creativecommons.org/licenses/by/4.0/,119419,2026-09-26T05:42:22Z
Scorpaenopsis diabolus,134103552,https://inaturalist-open-data.s3.amazonaws.com/photos/134103552/medium.jpg,CC-BY 4.0,jeyre,jeyre,2013-02-14,https://www.inaturalist.org/observations/81762171,"© jeyre, some rights reserved (CC-BY)",777bbb3ef6db2fe5c6649a998d5c718968118f4aba653648d14daa2e609f6416,cc-by,https://creativecommons.org/licenses/by/4.0/,119419,2026-09-26T05:42:22Z
Scorpaenopsis diabolus,341770503,https://inaturalist-open-data.s3.amazonaws.com/photos/341770503/medium.jpg,CC-BY 4.0,portioid,portioid,2023-12-20,https://www.inaturalist.org/observations/194433698,"© portioid, some rights reserved (CC-BY)",0e38ffea8964b577dee650f2a1c6985fc9e98c273304696f8698810cbb4afc35,cc-by,https://creativecommons.org/licenses/by/4.0/,119419,2026-09-26T05:42:24Z
Scorpaenopsis diabolus,341770546,https://inaturalist-open-data.s3.amazonaws.com/photos/341770546/medium.jpg,CC-BY 4.0,portioid,portioid,2023-12-20,https://www.inaturalist.org/observations/194433698,"© portioid, some rights reserved (CC-BY)",89ee710862b3b3757ccad4f924dda92da64ade3f6eb11b48bc4563a086915b25,cc-by,https://creativecommons.org/licenses/by/4.0/,119419,2026-09-26T05:42:23Z
Scorpaenopsis diabolus,245712280,https://inaturalist-open-data.s3.amazonaws.com/photos/245712280/medium.jpg,CC-BY 4.0,Juraj Ahel,xeniorn,2022-11-28,https://www.inaturalist.org/observations/143283999,"© Juraj Ahel, some rights reserved (CC-BY)",c1359fd2def01bbf06a9e2647ad8ac65f774b7821f4632486f84782ed9874ed3,cc-by,https://creativecommons.org/licenses/by/4.0/,119419,2026-09-26T05:42:25Z
Scorpaenopsis diabolus,245712296,https://inaturalist-open-data.s3.amazonaws.com/photos/245712296/medium.jpg,CC-BY 4.0,Juraj Ahel,xeniorn,2022-11-28,https://www.inaturalist.org/observations/143283999,"© Juraj Ahel, some rights reserved (CC-BY)",3a216316d46fb97a9d334c503934eed43eeb0ae21ef2e2c78f63cecbe8fc85db,cc-by,https://creativecommons.org/licenses/by/4.0/,119419,2026-09-26T05:42:25Z
Scorpaenopsis diabolus,63928645,https://inaturalist-open-data.s3.amazonaws.com/photos/63928645/medium.jpg,CC-BY 4.0,Kai Squires,squiresk,2011-12-28,https://www.inaturalist.org/observations/40242336,"© Kai Squires, some rights reserved (CC-BY)",0fad3298e43c0b71b1d812a9c17e67e3b2535274f555169bf583e8b92fd6b869,cc-by,https://creativecommons.org/licenses/by/4.0/,119419,2026-09-26T05:42:25Z
Scorpaenopsis diabolus,123115064,https://inaturalist-open-data.s3.amazonaws.com/photos/123115064/medium.jpg,CC-BY 4.0,jeyre,jeyre,2021-04-11,https://www.inaturalist.org/observations/75269572,"© jeyre, some rights reserved (CC-BY)",b1fc916d969de7481ed27d3656a292eb213a8bd62f86fe8b672642441e613d93,cc-by,https://creativecommons.org/licenses/by/4.0/,119419,2026-09-26T05:42:26Z
Scorpaenopsis diabolus,123115144,https://inaturalist-open-data.s3.amazonaws.com/photos/123115144/medium.jpg,CC-BY 4.0,jeyre,jeyre,2021-04-11,https://www.inaturalist.org/observations/75269572,"© jeyre, some rights reserved (CC-BY)",7e6d610a448fd9bebb2e080a4df59171c7e28810d8f3b6092ff942648cd7b4ec,cc-by,https://creativecommons.org/licenses/by/4.0/,119419,2026-09-26T05:42:26Z
Scorpaenopsis diabolus,575831692,https://inaturalist-open-data.s3.amazonaws.com/photos/575831692/medium.jpg,CC-BY 4.0,Daniel Eisenhauer,kdapt-preacher,2025-09-30,https://www.inaturalist.org/observations/318597901,"© Daniel Eisenhauer, some rights reserved (CC-BY)",26474c627f802ab5a546120ac7cd6190927283c99fbd0a366467e3817cd3e687,cc-by,https://creativecommons.org/licenses/by/4.0/,119419,2026-09-26T05:42:27Z
Scorpaenopsis diabolus,575831691,https://inaturalist-open-data.s3.amazonaws.com/photos/575831691/medium.jpg,CC-BY 4.0,Daniel Eisenhauer,kdapt-preacher,2025-09-30,https://www.inaturalist.org/observations/318597901,"© Daniel Eisenhauer, some rights reserved (CC-BY)",ad3dd856d8e1cac20096cbfa3be7e9d14b0ba28c8c4db494a48340935d31001a,cc-by,https://creativecommons.org/licenses/by/4.0/,119419,2026-09-26T05:42:27Z
Scorpaenopsis diabolus,283973918,https://inaturalist-open-data.s3.amazonaws.com/photos/283973918/medium.jpg,CC-BY 4.0,portioid,portioid,2023-05-26,https://www.inaturalist.org/observations/164145099,"© portioid, some rights reserved (CC-BY)",ae885515186c0a747b0c3ae492f5fa6763a53b040d3a3fd0a097291e6c044c9e,cc-by,https://creativecommons.org/licenses/by/4.0/,119419,2026-09-26T05:42:28Z
Scorpaenopsis diabolus,283973907,https://inaturalist-open-data.s3.amazonaws.com/photos/283973907/medium.jpg,CC-BY 4.0,portioid,portioid,2023-05-26,https://www.inaturalist.org/observations/164145099,"© portioid, some rights reserved (CC-BY)",065ec087593a0d89e2bcc0d275db8dbab514a881b103532d413ee11aa425ea8a,cc-by,https://creativecommons.org/licenses/by/4.0/,119419,2026-09-26T05:42:28Z
Scorpaenopsis diabolus,616022317,https://inaturalist-open-data.s3.amazonaws.com/photos/616022317/medium.jpg,CC-BY 4.0,Jan Ebr &amp; Ivana Ebrová,opisska,2026-01-28,https://www.inaturalist.org/observations/338592181,"© Jan Ebr &amp; Ivana Ebrová, some rights reserved (CC-BY)",7f1ab367ec05d0c52a7cbad5b6aad41afb31291501977f9ea199dbaf476e16f8,cc-by,https://creativecommons.org/licenses/by/4.0/,119419,2026-09-26T05:42:32Z
Scorpaenopsis diabolus,616022311,https://inaturalist-open-data.s3.amazonaws.com/photos/616022311/medium.jpg,CC-BY 4.0,Jan Ebr &amp; Ivana Ebrová,opisska,2026-01-28,https://www.inaturalist.org/observations/338592181,"© Jan Ebr &amp; Ivana Ebrová, some rights reserved (CC-BY)",e254ecefc846285716f32641a12910734049535481864199980d5bf6079017de,cc-by,https://creativecommons.org/licenses/by/4.0/,119419,2026-09-26T05:42:32Z
Scorpaenopsis diabolus,263835141,https://inaturalist-open-data.s3.amazonaws.com/photos/263835141/medium.jpeg,CC-BY 4.0,norcalmc,norcalmc,2022-03-31,https://www.inaturalist.org/observations/152806694,"© norcalmc, some rights reserved (CC-BY)",07937886ef7c1f715516eec1cf063f1fa654d79f4da86c6555684d6a96d0196a,cc-by,https://creativecommons.org/licenses/by/4.0/,119419,2026-09-26T05:42:33Z
Scorpaenopsis diabolus,263835120,https://inaturalist-open-data.s3.amazonaws.com/photos/263835120/medium.jpeg,CC-BY 4.0,norcalmc,norcalmc,2022-03-31,https://www.inaturalist.org/observations/152806694,"© norcalmc, some rights reserved (CC-BY)",c0c616d49b21b6a78e37d89c531a747793b45ae7b9e0152d87d6d36caa2b0676,cc-by,https://creativecommons.org/licenses/by/4.0/,119419,2026-09-26T05:42:34Z
Scorpaenopsis diabolus,245712054,https://inaturalist-open-data.s3.amazonaws.com/photos/245712054/medium.jpg,CC-BY 4.0,Juraj Ahel,xeniorn,2022-11-28,https://www.inaturalist.org/observations/143283993,"© Juraj Ahel, some rights reserved (CC-BY)",0e6f228688367019a88d17f2ba8e60414aed3cb16c4be32e364ce827425f032f,cc-by,https://creativecommons.org/licenses/by/4.0/,119419,2026-09-26T05:42:35Z
Scorpaenopsis diabolus,245711974,https://inaturalist-open-data.s3.amazonaws.com/photos/245711974/medium.jpg,CC-BY 4.0,Juraj Ahel,xeniorn,2022-11-28,https://www.inaturalist.org/observations/143283993,"© Juraj Ahel, some rights reserved (CC-BY)",9a6bd7ff6e4769aa68fab02bd664c728532a8d9b69ad6a375eeb26f9ca9d7541,cc-by,https://creativecommons.org/licenses/by/4.0/,119419,2026-09-26T05:42:35Z
Scorpaenopsis diabolus,346000319,https://inaturalist-open-data.s3.amazonaws.com/photos/346000319/medium.jpg,CC-BY 4.0,Tom Heijnen,tomheijnen,2023-12-07,https://www.inaturalist.org/observations/196533968,"© Tom Heijnen, some rights reserved (CC-BY)",2b9fbff3532bc24bd60e034f00a4132a60da351552d5004983c695ce3280a721,cc-by,https://creativecommons.org/licenses/by/4.0/,119419,2026-09-26T05:42:35Z
Scorpaenopsis diabolus,346000326,https://inaturalist-open-data.s3.amazonaws.com/photos/346000326/medium.jpg,CC-BY 4.0,Tom Heijnen,tomheijnen,2023-12-07,https://www.inaturalist.org/observations/196533968,"© Tom Heijnen, some rights reserved (CC-BY)",6a4ff15ff2b551cc47fcb2b0dbc9bb1e9974281f12fa5935352c1954b0ed09d5,cc-by,https://creativecommons.org/licenses/by/4.0/,119419,2026-09-26T05:42:36Z
Scorpaenopsis diabolus,101820064,https://inaturalist-open-data.s3.amazonaws.com/photos/101820064/medium.jpg,CC-BY 4.0,desertnaturalist,desertnaturalist,1988-03-22,https://www.inaturalist.org/observations/63445941,"© desertnaturalist, some rights reserved (CC-BY)",13c9098f290862ed614b0835d10cce0bf82aed96bcaaef99fdd7f9c98efbef01,cc-by,https://creativecommons.org/licenses/by/4.0/,119419,2026-09-26T05:42:36Z
Scorpaenopsis diabolus,444165973,https://inaturalist-open-data.s3.amazonaws.com/photos/444165973/medium.png,CC-BY 4.0,Jason Grant,jasonrgrant,2024-10-17,https://www.inaturalist.org/observations/248567780,"© Jason Grant, some rights reserved (CC-BY)",b1864832723f464f22306f6b4a53fb8a0875d03666f4997861232bda57ce5b62,cc-by,https://creativecommons.org/licenses/by/4.0/,119419,2026-09-26T05:42:37Z
Scorpaenopsis diabolus,296315168,https://inaturalist-open-data.s3.amazonaws.com/photos/296315168/medium.jpeg,CC-BY 4.0,naturewatchwidow,naturewatchwidow,2023-06-27,https://www.inaturalist.org/observations/170810177,"© naturewatchwidow, some rights reserved (CC-BY)",15d75a450528c5433954bc6505d3f1a8992fcbea506f1dedc26da42fc42e604f,cc-by,https://creativecommons.org/licenses/by/4.0/,119419,2026-09-26T05:42:39Z
Scorpaenopsis diabolus,296315160,https://inaturalist-open-data.s3.amazonaws.com/photos/296315160/medium.jpeg,CC-BY 4.0,naturewatchwidow,naturewatchwidow,2023-06-27,https://www.inaturalist.org/observations/170810177,"© naturewatchwidow, some rights reserved (CC-BY)",048567a5f1c35172ab2739707c79ee803ab012c0bb873fdc0da1b763157a29f4,cc-by,https://creativecommons.org/licenses/by/4.0/,119419,2026-09-26T05:42:38Z
Scorpaenopsis diabolus,171037010,https://inaturalist-open-data.s3.amazonaws.com/photos/171037010/medium.jpg,CC-BY 4.0,jeyre,jeyre,2018-04-18,https://www.inaturalist.org/observations/102333610,"© jeyre, some rights reserved (CC-BY)",2e957f41b8c75bd1f20d60156049ccf0fc733d3cc647d499328ca7925e2849fc,cc-by,https://creativecommons.org/licenses/by/4.0/,119419,2026-09-26T05:42:41Z
Scorpaenopsis diabolus,171037002,https://inaturalist-open-data.s3.amazonaws.com/photos/171037002/medium.jpg,CC-BY 4.0,jeyre,jeyre,2018-04-18,https://www.inaturalist.org/observations/102333610,"© jeyre, some rights reserved (CC-BY)",7130e829226535f65c30d2074a6359b69c03ada558511942ca16d9c574da788b,cc-by,https://creativecommons.org/licenses/by/4.0/,119419,2026-09-26T05:42:40Z
Scorpaenopsis diabolus,650441744,https://inaturalist-open-data.s3.amazonaws.com/photos/650441744/medium.jpg,CC-BY 4.0,Ben Costamagna,bencostamagna,2026-04-23,https://www.inaturalist.org/observations/356666379,"© Ben Costamagna, some rights reserved (CC-BY)",a38e96398755c4530e2c49605e5ff0e6754a5242b6b7dd29d8d5837062530bfd,cc-by,https://creativecommons.org/licenses/by/4.0/,119419,2026-09-26T05:42:41Z
Scorpaenopsis diabolus,450682599,https://inaturalist-open-data.s3.amazonaws.com/photos/450682599/medium.jpeg,CC-BY 4.0,Robin White,robin_dive_diva,2024-11-14,https://www.inaturalist.org/observations/251832262,"© Robin White, some rights reserved (CC-BY)",65a8124aefd7965b0baebc5e7f83c3a9e4c165211864bd57993bdeafe0ac52e2,cc-by,https://creativecommons.org/licenses/by/4.0/,119419,2026-09-26T05:42:41Z
Scorpaenopsis diabolus,450682611,https://inaturalist-open-data.s3.amazonaws.com/photos/450682611/medium.jpeg,CC-BY 4.0,Robin White,robin_dive_diva,2024-11-14,https://www.inaturalist.org/observations/251832262,"© Robin White, some rights reserved (CC-BY)",c727909cf954d963826a41a1b603a4121f9b7e3f5f3d1fc186834e568442a4c6,cc-by,https://creativecommons.org/licenses/by/4.0/,119419,2026-09-26T05:42:42Z
Scorpaenopsis diabolus,597980146,https://inaturalist-open-data.s3.amazonaws.com/photos/597980146/medium.jpg,CC-BY 4.0,Melissa Meadows,melissameadows,2012-10-05,https://www.inaturalist.org/observations/329841427,"© Melissa Meadows, some rights reserved (CC-BY)",de0a0f495898a90fa72e33e26fd65684b284ceba1d4f718e3f2e979fde85432f,cc-by,https://creativecommons.org/licenses/by/4.0/,119419,2026-09-26T05:42:42Z
Scorpaenopsis diabolus,182539519,https://inaturalist-open-data.s3.amazonaws.com/photos/182539519/medium.jpeg,CC-BY 4.0,Cricket Raspet,chilipossum,2022-03-01,https://www.inaturalist.org/observations/108419946,"© Cricket Raspet, some rights reserved (CC-BY)",7a26a5f4ac0ad052d2082539ce21aade24894821b87231541b2feccf95d165d3,cc-by,https://creativecommons.org/licenses/by/4.0/,119419,2026-09-26T05:42:43Z
Scorpaenopsis diabolus,182539515,https://inaturalist-open-data.s3.amazonaws.com/photos/182539515/medium.jpeg,CC-BY 4.0,Cricket Raspet,chilipossum,2022-03-01,https://www.inaturalist.org/observations/108419946,"© Cricket Raspet, some rights reserved (CC-BY)",61a956502d3979b72ebedef6c17c735626aee76d134b7633864608f10055754d,cc-by,https://creativecommons.org/licenses/by/4.0/,119419,2026-09-26T05:42:42Z
Scorpaenopsis diabolus,543306685,https://inaturalist-open-data.s3.amazonaws.com/photos/543306685/medium.jpg,CC-BY 4.0,Selim Türeli,selimtureli,2025-07-27,https://www.inaturalist.org/observations/301501073,"© Selim Türeli, some rights reserved (CC-BY)",e31891641f566f55e4f856cb815a24344e6f41c56621d59a131ba2e6632655e8,cc-by,https://creativecommons.org/licenses/by/4.0/,119419,2026-09-26T05:42:44Z
Scorpaenopsis diabolus,543306834,https://inaturalist-open-data.s3.amazonaws.com/photos/543306834/medium.jpg,CC-BY 4.0,Selim Türeli,selimtureli,2025-07-27,https://www.inaturalist.org/observations/301501073,"© Selim Türeli, some rights reserved (CC-BY)",2c15b5af7a4383eb900cf89fdce31b52410e5eb000109a8ce87cb3a05652db29,cc-by,https://creativecommons.org/licenses/by/4.0/,119419,2026-09-26T05:42:44Z
Scorpaenopsis diabolus,245257345,https://inaturalist-open-data.s3.amazonaws.com/photos/245257345/medium.jpg,CC-BY 4.0,Daniel Benák,benake,2007-03-31,https://www.inaturalist.org/observations/143015319,"© Daniel Benák, some rights reserved (CC-BY)",558b8df319e92a5558bf0212b709da864dd86416947e0669c1df6c1ff427b161,cc-by,https://creativecommons.org/licenses/by/4.0/,119419,2026-09-26T05:42:44Z
Scorpaenopsis diabolus,344780842,https://inaturalist-open-data.s3.amazonaws.com/photos/344780842/medium.jpeg,CC-BY 4.0,Анна Митрошенкова,anna_mitroshenkova,2008-07-11,https://www.inaturalist.org/observations/195920538,"© Анна Митрошенкова, some rights reserved (CC-BY)",9ed31be44e1be23f2f3fd8caf676eaf5c6169f467ac26ef43120adc0f3ffb5b1,cc-by,https://creativecommons.org/licenses/by/4.0/,119419,2026-09-26T05:42:34Z
Scorpaenopsis diabolus,324769861,https://inaturalist-open-data.s3.amazonaws.com/photos/324769861/medium.jpeg,CC-BY 4.0,Nicola Crockford,nicolacrockford,2023-09-29,https://www.inaturalist.org/observations/185908848,"© Nicola Crockford, some rights reserved (CC-BY)",1db94920e522c9445f7e8caa4bd9c355edf9155695bd768973ece85da63bed8f,cc-by,https://creativecommons.org/licenses/by/4.0/,119419,2026-09-26T05:42:31Z
Scorpaenopsis diabolus,553073826,https://inaturalist-open-data.s3.amazonaws.com/photos/553073826/medium.jpg,CC-BY 4.0,Robin White,robin_dive_diva,2025-08-15,https://www.inaturalist.org/observations/306674375,"© Robin White, some rights reserved (CC-BY)",b06a013b806068056e5930f80d89dc23c978e960313f4f6dc5517f4721ad44fb,cc-by,https://creativecommons.org/licenses/by/4.0/,119419,2026-09-26T05:42:31Z
Scorpaenopsis diabolus,479178818,https://inaturalist-open-data.s3.amazonaws.com/photos/479178818/medium.jpg,CC-BY 4.0,Thomas Irvine,thomasirvine,2025-03-21,https://www.inaturalist.org/observations/266691939,"© Thomas Irvine, some rights reserved (CC-BY)",e3c7c6d5d467d4fc943b20cf8ddb14c24017c9070b67c122a415412c824d4216,cc-by,https://creativecommons.org/licenses/by/4.0/,119419,2026-09-26T05:42:37Z
Scorpaenopsis diabolus,138900093,https://inaturalist-open-data.s3.amazonaws.com/photos/138900093/medium.jpeg,CC-BY 4.0,klukoff,klukoff,2015-04-18,https://www.inaturalist.org/observations/84505412,"© klukoff, some rights reserved (CC-BY)",3edd76013a0aa63897849c812895aadd11bed10779fffb81d8f96952fb668c4f,cc-by,https://creativecommons.org/licenses/by/4.0/,119419,2026-09-26T05:42:36Z
Scorpaenopsis diabolus,422134155,https://inaturalist-open-data.s3.amazonaws.com/photos/422134155/medium.jpeg,CC-BY 4.0,Kristiina Hurme,kjhurme,2024-08-14,https://www.inaturalist.org/observations/237215137,"© Kristiina Hurme, some rights reserved (CC-BY)",4229e379f9b484ed82b90531058dfe609dd296f37fed6aa9cd5555e9447d53e8,cc-by,https://creativecommons.org/licenses/by/4.0/,119419,2026-09-26T05:42:37Z
Scorpaenopsis diabolus,269775313,https://inaturalist-open-data.s3.amazonaws.com/photos/269775313/medium.jpg,CC-BY 4.0,Tom Heijnen,tomheijnen,2023-03-28,https://www.inaturalist.org/observations/156035116,"© Tom Heijnen, some rights reserved (CC-BY)",76a41af0ead5cb8c4c1ef92362a66f95e58e05ed24550ce27b59feaf13f8e502,cc-by,https://creativecommons.org/licenses/by/4.0/,119419,2026-09-26T05:42:30Z
Scorpaenopsis diabolus,515505736,https://inaturalist-open-data.s3.amazonaws.com/photos/515505736/medium.jpg,CC-BY 4.0,Thomas Irvine,thomasirvine,2025-06-03,https://www.inaturalist.org/observations/286731925,"© Thomas Irvine, some rights reserved (CC-BY)",452838bd2752bc586d640c934c987e9a2f73a3dcaee4db474c573e4283ef8eb9,cc-by,https://creativecommons.org/licenses/by/4.0/,119419,2026-09-26T05:42:31Z
Scorpaenopsis diabolus,538922831,https://inaturalist-open-data.s3.amazonaws.com/photos/538922831/medium.jpg,CC-BY 4.0,Pierre Pericard,ppericard,2025-07-19,https://www.inaturalist.org/observations/299146244,"© Pierre Pericard, some rights reserved (CC-BY)",a52efa51312d65bcb3dbd15c346b53fca4602a7d8726c4cd9072851a5ec55527,cc-by,https://creativecommons.org/licenses/by/4.0/,119419,2026-09-26T05:42:37Z
Scorpaenopsis diabolus,345872562,https://inaturalist-open-data.s3.amazonaws.com/photos/345872562/medium.jpg,CC-BY 4.0,Tom Heijnen,tomheijnen,2023-11-29,https://www.inaturalist.org/observations/196453123,"© Tom Heijnen, some rights reserved (CC-BY)",a82077919f0d3e2214814e89fa42bed26da810def74e5affa48bd392313e1a22,cc-by,https://creativecommons.org/licenses/by/4.0/,119419,2026-09-26T05:42:43Z
Scorpaenopsis diabolus,445281641,https://inaturalist-open-data.s3.amazonaws.com/photos/445281641/medium.jpeg,CC-BY 4.0,Robin White,robin_dive_diva,2024-10-25,https://www.inaturalist.org/observations/249128836,"© Robin White, some rights reserved (CC-BY)",c42b633f5002c9eccd1f21d55ed2b70875fe6a66ea30c887b59594d31ac46936,cc-by,https://creativecommons.org/licenses/by/4.0/,119419,2026-09-26T05:42:39Z
Scorpaenopsis diabolus,64011374,https://inaturalist-open-data.s3.amazonaws.com/photos/64011374/medium.jpg,CC-BY 4.0,Kai Squires,squiresk,2011-12-28,https://www.inaturalist.org/observations/40295349,"© Kai Squires, some rights reserved (CC-BY)",f9b2e97553a938a574d0d30b2e42437e91626518252df53320f01b8403e740ab,cc-by,https://creativecommons.org/licenses/by/4.0/,119419,2026-09-26T05:42:40Z
Octopus cyanea,260686058,https://inaturalist-open-data.s3.amazonaws.com/photos/260686058/medium.jpeg,CC-BY 4.0,Rohan Arthur,rohanarthur,2017-04-12,https://www.inaturalist.org/observations/151112387,"© Rohan Arthur, some rights reserved (CC-BY)",b47c9db8b2af713704cfb9f393c805c985784ad902ea1afb0a9f6225ffa835dc,cc-by,https://creativecommons.org/licenses/by/4.0/,49056,2026-09-26T05:42:46Z
Octopus cyanea,260028645,https://inaturalist-open-data.s3.amazonaws.com/photos/260028645/medium.jpeg,CC-BY 4.0,cello caruso-turiello,celllo,2022-08-01,https://www.inaturalist.org/observations/150764800,"© cello caruso-turiello, some rights reserved (CC-BY)",d10325cf87ae1b611b4bec8ccf3d3f3a1531951a01154c67a9dae9e8fa2ac805,cc-by,https://creativecommons.org/licenses/by/4.0/,49056,2026-09-26T05:42:46Z
Octopus cyanea,345996879,https://inaturalist-open-data.s3.amazonaws.com/photos/345996879/medium.jpg,CC-BY 4.0,Tom Heijnen,tomheijnen,2023-12-06,https://www.inaturalist.org/observations/196528101,"© Tom Heijnen, some rights reserved (CC-BY)",fb5efa30e8867e19f57606e30ff15c17aab9f429c05642d9111f4d34950b1432,cc-by,https://creativecommons.org/licenses/by/4.0/,49056,2026-09-26T05:42:47Z
Octopus cyanea,345996890,https://inaturalist-open-data.s3.amazonaws.com/photos/345996890/medium.jpg,CC-BY 4.0,Tom Heijnen,tomheijnen,2023-12-06,https://www.inaturalist.org/observations/196528101,"© Tom Heijnen, some rights reserved (CC-BY)",24d1e29f416080636ba62ba19baea411cf5b97f9e44dd5fb8bc930a73efc9538,cc-by,https://creativecommons.org/licenses/by/4.0/,49056,2026-09-26T05:42:47Z
Octopus cyanea,255191083,https://inaturalist-open-data.s3.amazonaws.com/photos/255191083/medium.jpeg,CC-BY 4.0,cello caruso-turiello,celllo,2022-08-01,https://www.inaturalist.org/observations/148215492,"© cello caruso-turiello, some rights reserved (CC-BY)",a06f6a88e078157448764d5a05567c69cc553ab6472fe9c9250d9d48461577bf,cc-by,https://creativecommons.org/licenses/by/4.0/,49056,2026-09-26T05:42:48Z
Octopus cyanea,255191035,https://inaturalist-open-data.s3.amazonaws.com/photos/255191035/medium.jpeg,CC-BY 4.0,cello caruso-turiello,celllo,2022-08-01,https://www.inaturalist.org/observations/148215492,"© cello caruso-turiello, some rights reserved (CC-BY)",08382e4d49c3d856db2cc0ad5c5e10318f83720ba104a922535d33dac98f78af,cc-by,https://creativecommons.org/licenses/by/4.0/,49056,2026-09-26T05:42:48Z
Octopus cyanea,732539965,https://inaturalist-open-data.s3.amazonaws.com/photos/732539965/medium.jpg,CC-BY 4.0,Gergely Nigg,naturebynigg,2026-09-11,https://www.inaturalist.org/observations/399283806,"© Gergely Nigg, some rights reserved (CC-BY)",3c053809bfdbb2b11724de50870dcb765b2ff10177b8b1789a6efa6edf6f6e14,cc-by,https://creativecommons.org/licenses/by/4.0/,49056,2026-09-26T05:42:49Z
Octopus cyanea,732540128,https://inaturalist-open-data.s3.amazonaws.com/photos/732540128/medium.jpg,CC-BY 4.0,Gergely Nigg,naturebynigg,2026-09-11,https://www.inaturalist.org/observations/399283806,"© Gergely Nigg, some rights reserved (CC-BY)",12e09e6e87ff76b1f820b428c7bcd2c9972650bcb036b7c91add192eefce5ab0,cc-by,https://creativecommons.org/licenses/by/4.0/,49056,2026-09-26T05:42:48Z
Octopus cyanea,335338830,https://inaturalist-open-data.s3.amazonaws.com/photos/335338830/medium.jpeg,CC-BY 4.0,Gergely Nigg,naturebynigg,2023-11-10,https://www.inaturalist.org/observations/191190129,"© Gergely Nigg, some rights reserved (CC-BY)",f54da059641f0744348e8ad07e52d04223ee609b229ff241da89325ae1e66ec3,cc-by,https://creativecommons.org/licenses/by/4.0/,49056,2026-09-26T05:42:50Z
Octopus cyanea,335338877,https://inaturalist-open-data.s3.amazonaws.com/photos/335338877/medium.jpeg,CC-BY 4.0,Gergely Nigg,naturebynigg,2023-11-10,https://www.inaturalist.org/observations/191190129,"© Gergely Nigg, some rights reserved (CC-BY)",a19b6e91e78ce56595b114b1de1bbce72e0f9631fbe1fcfdd9b1e2f1cc8eae58,cc-by,https://creativecommons.org/licenses/by/4.0/,49056,2026-09-26T05:42:50Z
Octopus cyanea,57389935,https://inaturalist-open-data.s3.amazonaws.com/photos/57389935/medium.jpeg,CC-BY 4.0,Lisa Bennett,lisa_bennett,2019-11-19,https://www.inaturalist.org/observations/36314308,"© Lisa Bennett, some rights reserved (CC-BY)",ef458acb248e7a782fd8eb154ec611983202dfa1cebcd726cd9fca4c3552c8c6,cc-by,https://creativecommons.org/licenses/by/4.0/,49056,2026-09-26T05:42:51Z
Octopus cyanea,275425591,https://inaturalist-open-data.s3.amazonaws.com/photos/275425591/medium.jpeg,CC-BY 4.0,Hugo Innes,hugo_innes,2023-05-02,https://www.inaturalist.org/observations/159415099,"© Hugo Innes, some rights reserved (CC-BY)",d118989aefa5a438527f8fd7bdf6802ea748260135e28d730e2ae4cfd43108d5,cc-by,https://creativecommons.org/licenses/by/4.0/,49056,2026-09-26T05:42:52Z
Octopus cyanea,275425369,https://inaturalist-open-data.s3.amazonaws.com/photos/275425369/medium.jpeg,CC-BY 4.0,Hugo Innes,hugo_innes,2023-05-02,https://www.inaturalist.org/observations/159415099,"© Hugo Innes, some rights reserved (CC-BY)",79e7f3a452eb1187d2c6799cedf4e4968fe240c8d392e6f588da7b6a35041fd1,cc-by,https://creativecommons.org/licenses/by/4.0/,49056,2026-09-26T05:42:52Z
Octopus cyanea,340743973,https://inaturalist-open-data.s3.amazonaws.com/photos/340743973/medium.jpeg,CC-BY 4.0,Henrik Kibak,hkibak,2023-04-03,https://www.inaturalist.org/observations/193926163,"© Henrik Kibak, some rights reserved (CC-BY)",035e72448e70ae01aab2cc54d8241cc444d3b54852a294b8b6e1dacc6d3d8005,cc-by,https://creativecommons.org/licenses/by/4.0/,49056,2026-09-26T05:42:53Z
Octopus cyanea,340744594,https://inaturalist-open-data.s3.amazonaws.com/photos/340744594/medium.jpg,CC-BY 4.0,Henrik Kibak,hkibak,2023-04-03,https://www.inaturalist.org/observations/193926163,"© Henrik Kibak, some rights reserved (CC-BY)",de06f061ab318fd7fed55aad5de3cf6a9491a4f078b2920882d07a3c9fb86690,cc-by,https://creativecommons.org/licenses/by/4.0/,49056,2026-09-26T05:42:54Z
Octopus cyanea,409799335,https://inaturalist-open-data.s3.amazonaws.com/photos/409799335/medium.jpeg,CC-BY 4.0,呂一起(Lyu yi-chi),pchi45,2024-07-21,https://www.inaturalist.org/observations/230779448,"© 呂一起(Lyu yi-chi), some rights reserved (CC-BY)",ed6946578f92852d8efaa61248b780248862fbbf51ed6c3d6b461ab71d7e77e8,cc-by,https://creativecommons.org/licenses/by/4.0/,49056,2026-09-26T05:42:55Z
Octopus cyanea,409799141,https://inaturalist-open-data.s3.amazonaws.com/photos/409799141/medium.jpeg,CC-BY 4.0,呂一起(Lyu yi-chi),pchi45,2024-07-21,https://www.inaturalist.org/observations/230779448,"© 呂一起(Lyu yi-chi), some rights reserved (CC-BY)",96fc6a7c1f76fa053e05b250dbddf84a72a8237890585b70776dfd24b2d34671,cc-by,https://creativecommons.org/licenses/by/4.0/,49056,2026-09-26T05:42:55Z
Octopus cyanea,556353896,https://inaturalist-open-data.s3.amazonaws.com/photos/556353896/medium.jpg,CC-BY 4.0,Bernard DUPONT,berniedup,2025-06-25,https://www.inaturalist.org/observations/308378215,"© Bernard DUPONT, some rights reserved (CC-BY)",8e38662b751bb376faa4ab68c2bfec66b3b122b8c9c2cb4301bb81d37afb9757,cc-by,https://creativecommons.org/licenses/by/4.0/,49056,2026-09-26T05:42:56Z
Octopus cyanea,527553186,https://inaturalist-open-data.s3.amazonaws.com/photos/527553186/medium.jpg,CC-BY 4.0,Daniel Eisenhauer,kdapt-preacher,2025-05-01,https://www.inaturalist.org/observations/293119933,"© Daniel Eisenhauer, some rights reserved (CC-BY)",62827220a0dcd325de8b1353b069b1c24b92a4432e5b10f453fbe5f18cadd0fa,cc-by,https://creativecommons.org/licenses/by/4.0/,49056,2026-09-26T05:42:56Z
Octopus cyanea,527402864,https://inaturalist-open-data.s3.amazonaws.com/photos/527402864/medium.jpg,CC-BY 4.0,Pierre Pericard,ppericard,2025-06-26,https://www.inaturalist.org/observations/293039156,"© Pierre Pericard, some rights reserved (CC-BY)",e0805230c4f4330e1533e9eeb83d55964740e4276b857c6ffdcc320106e640e5,cc-by,https://creativecommons.org/licenses/by/4.0/,49056,2026-09-26T05:42:57Z
Octopus cyanea,252733184,https://inaturalist-open-data.s3.amazonaws.com/photos/252733184/medium.jpeg,CC-BY 4.0,Debra Baker,quokka2,2023-01-13,https://www.inaturalist.org/observations/146933814,"© Debra Baker, some rights reserved (CC-BY)",28e18f7637bc99a5d5e1992b910efb81ce891b595837c94f98317af08d0cafda,cc-by,https://creativecommons.org/licenses/by/4.0/,49056,2026-09-26T05:42:57Z
Octopus cyanea,252733146,https://inaturalist-open-data.s3.amazonaws.com/photos/252733146/medium.jpeg,CC-BY 4.0,Debra Baker,quokka2,2023-01-13,https://www.inaturalist.org/observations/146933814,"© Debra Baker, some rights reserved (CC-BY)",047b71ba5af18f8d63112a635ecdc1d28c0adb7553e6fbc421a37f13fbe32212,cc-by,https://creativecommons.org/licenses/by/4.0/,49056,2026-09-26T05:42:57Z
Octopus cyanea,295792865,https://inaturalist-open-data.s3.amazonaws.com/photos/295792865/medium.jpg,CC-BY 4.0,Julien Renoult,jujurenoult,2023-05-22,https://www.inaturalist.org/observations/170537321,"© Julien Renoult, some rights reserved (CC-BY)",c4d3aa961755633fe30560690555ff40d21fa105db1cdbacae589b1eabc04a8e,cc-by,https://creativecommons.org/licenses/by/4.0/,49056,2026-09-26T05:42:57Z
Octopus cyanea,295792841,https://inaturalist-open-data.s3.amazonaws.com/photos/295792841/medium.jpg,CC-BY 4.0,Julien Renoult,jujurenoult,2023-05-22,https://www.inaturalist.org/observations/170537321,"© Julien Renoult, some rights reserved (CC-BY)",8f79e1ad6fdeab2bc27f36ac538c0e97ad6b6677125a321b993a35f62bf681cb,cc-by,https://creativecommons.org/licenses/by/4.0/,49056,2026-09-26T05:42:57Z
Octopus cyanea,425064526,https://inaturalist-open-data.s3.amazonaws.com/photos/425064526/medium.jpeg,CC-BY 4.0,TonyT,tongks22,2019-12-18,https://www.inaturalist.org/observations/238729358,"© TonyT, some rights reserved (CC-BY)",bd32183eca2cda3d4343190355964cf928b7400e5694d6a16413450c21b5cccd,cc-by,https://creativecommons.org/licenses/by/4.0/,49056,2026-09-26T05:42:57Z
Octopus cyanea,59090592,https://inaturalist-open-data.s3.amazonaws.com/photos/59090592/medium.jpg,CC-BY 4.0,Dan Schofield,djscho,2019-12-20,https://www.inaturalist.org/observations/37293432,"© Dan Schofield, some rights reserved (CC-BY)",f97be015db1423bdbdf046574f4b1c7ab89a8ef577762f85c5bc8ae479c5eb52,cc-by,https://creativecommons.org/licenses/by/4.0/,49056,2026-09-26T05:42:58Z
Octopus cyanea,59090583,https://inaturalist-open-data.s3.amazonaws.com/photos/59090583/medium.jpg,CC-BY 4.0,Dan Schofield,djscho,2019-12-20,https://www.inaturalist.org/observations/37293432,"© Dan Schofield, some rights reserved (CC-BY)",c1d927f7933c9656183f69b957e131ca8d8a70c9302b32a10181c5ae0d43508f,cc-by,https://creativecommons.org/licenses/by/4.0/,49056,2026-09-26T05:42:58Z
Octopus cyanea,26710256,https://inaturalist-open-data.s3.amazonaws.com/photos/26710256/medium.jpg,CC-BY 4.0,Armin G. Fabritzek,arminf82,2013-12-18,https://www.inaturalist.org/observations/17544643,"© Armin G. Fabritzek, some rights reserved (CC-BY)",870aaf77df6b9936fed8a03262ee073da583550d16495f1804d62bbecf9ba705,cc-by,https://creativecommons.org/licenses/by/4.0/,49056,2026-09-26T05:42:58Z
Octopus cyanea,655352204,https://inaturalist-open-data.s3.amazonaws.com/photos/655352204/medium.jpg,CC-BY 4.0,Ben Costamagna,bencostamagna,2026-05-01,https://www.inaturalist.org/observations/359204768,"© Ben Costamagna, some rights reserved (CC-BY)",6e16dfe986f1a9e8904b668411fddb75e69153e48ec019ad6846c977230dd40c,cc-by,https://creativecommons.org/licenses/by/4.0/,49056,2026-09-26T05:42:59Z
Octopus cyanea,655352105,https://inaturalist-open-data.s3.amazonaws.com/photos/655352105/medium.jpg,CC-BY 4.0,Ben Costamagna,bencostamagna,2026-05-01,https://www.inaturalist.org/observations/359204768,"© Ben Costamagna, some rights reserved (CC-BY)",715bafc40d039b64271edf6912cb5ab5c30e0a316eee8df7677df8b63d99d780,cc-by,https://creativecommons.org/licenses/by/4.0/,49056,2026-09-26T05:42:59Z
Octopus cyanea,534764990,https://inaturalist-open-data.s3.amazonaws.com/photos/534764990/medium.jpg,CC-BY 4.0,Jay Paroline,jayparoline,2025-07-05,https://www.inaturalist.org/observations/296959456,"© Jay Paroline, some rights reserved (CC-BY)",8fc9e9c53e0faae2b8ff1b7dbfc982d786f5b386bcca62c856262eeecdef1da4,cc-by,https://creativecommons.org/licenses/by/4.0/,49056,2026-09-26T05:43:00Z
Octopus cyanea,534764987,https://inaturalist-open-data.s3.amazonaws.com/photos/534764987/medium.jpg,CC-BY 4.0,Jay Paroline,jayparoline,2025-07-05,https://www.inaturalist.org/observations/296959456,"© Jay Paroline, some rights reserved (CC-BY)",4223d5e1b6a8280f6772c5b1bc92e027fd3affe41304aa02f23659da93a7702f,cc-by,https://creativecommons.org/licenses/by/4.0/,49056,2026-09-26T05:43:00Z
Octopus cyanea,692709274,https://inaturalist-open-data.s3.amazonaws.com/photos/692709274/medium.jpg,CC-BY 4.0,Jay Paroline,jayparoline,2026-06-16,https://www.inaturalist.org/observations/378739697,"© Jay Paroline, some rights reserved (CC-BY)",8913fd341b399c43ff75ad464f592e8d22483337b6c98d301e7edcc955da7937,cc-by,https://creativecommons.org/licenses/by/4.0/,49056,2026-09-26T05:43:00Z
Octopus cyanea,692709277,https://inaturalist-open-data.s3.amazonaws.com/photos/692709277/medium.jpg,CC-BY 4.0,Jay Paroline,jayparoline,2026-06-16,https://www.inaturalist.org/observations/378739697,"© Jay Paroline, some rights reserved (CC-BY)",901293a52b574674f35e731ba592f24339f72f9230c570b3eef66fd76387f825,cc-by,https://creativecommons.org/licenses/by/4.0/,49056,2026-09-26T05:43:00Z
Octopus cyanea,614709623,https://inaturalist-open-data.s3.amazonaws.com/photos/614709623/medium.jpg,CC-BY 4.0,Tim,twan3253,2025-08-21,https://www.inaturalist.org/observations/338065832,"© Tim, some rights reserved (CC-BY)",fd6014c337c3c304edcdc2a4cf0b3906aa34bf5542c27e781a6ca603ab0ee436,cc-by,https://creativecommons.org/licenses/by/4.0/,49056,2026-09-26T05:43:01Z
Octopus cyanea,616642945,https://inaturalist-open-data.s3.amazonaws.com/photos/616642945/medium.jpg,CC-BY 4.0,Jan Ebr &amp; Ivana Ebrová,opisska,2026-02-01,https://www.inaturalist.org/observations/339027988,"© Jan Ebr &amp; Ivana Ebrová, some rights reserved (CC-BY)",d240d15a5f11ce07f9e66756ecda63e06e2821fac80500f532aaa6da1d2e35d4,cc-by,https://creativecommons.org/licenses/by/4.0/,49056,2026-09-26T05:43:01Z
Octopus cyanea,655968714,https://inaturalist-open-data.s3.amazonaws.com/photos/655968714/medium.jpg,CC-BY 4.0,Ben Costamagna,bencostamagna,2026-05-06,https://www.inaturalist.org/observations/359526009,"© Ben Costamagna, some rights reserved (CC-BY)",079e497ec65eb1829a78add090e538cbcd711b558b21dcb52fcd58ba3aa95d4d,cc-by,https://creativecommons.org/licenses/by/4.0/,49056,2026-09-26T05:43:01Z
Octopus cyanea,655968658,https://inaturalist-open-data.s3.amazonaws.com/photos/655968658/medium.jpg,CC-BY 4.0,Ben Costamagna,bencostamagna,2026-05-06,https://www.inaturalist.org/observations/359526009,"© Ben Costamagna, some rights reserved (CC-BY)",d6648fdaf14c003fdf80dd564f5778c5a6408a7491fcb83869faf0d28116f715,cc-by,https://creativecommons.org/licenses/by/4.0/,49056,2026-09-26T05:43:01Z
Octopus cyanea,59050170,https://inaturalist-open-data.s3.amazonaws.com/photos/59050170/medium.jpg,CC-BY 4.0,Tom Heijnen,tomheijnen,2018-03-06,https://www.inaturalist.org/observations/37267882,"© Tom Heijnen, some rights reserved (CC-BY)",c1d0f1130e4c7ffa2d1485e03e14fd32339f65e597fd494b89e37bde9b5ba4b3,cc-by,https://creativecommons.org/licenses/by/4.0/,49056,2026-09-26T05:43:02Z
Octopus cyanea,59050175,https://inaturalist-open-data.s3.amazonaws.com/photos/59050175/medium.jpg,CC-BY 4.0,Tom Heijnen,tomheijnen,2018-03-06,https://www.inaturalist.org/observations/37267882,"© Tom Heijnen, some rights reserved (CC-BY)",042e626fe48acecf97f6b67233a270a318cbbb6ab7f243a0a7be0d8adce3895f,cc-by,https://creativecommons.org/licenses/by/4.0/,49056,2026-09-26T05:43:02Z
Octopus cyanea,575424734,https://inaturalist-open-data.s3.amazonaws.com/photos/575424734/medium.jpg,CC-BY 4.0,Daniel Eisenhauer,kdapt-preacher,2025-07-04,https://www.inaturalist.org/observations/318388594,"© Daniel Eisenhauer, some rights reserved (CC-BY)",e968547ce370f25ef1dc3be0da3b75bbb96071af624d265b4bda7292234d2af9,cc-by,https://creativecommons.org/licenses/by/4.0/,49056,2026-09-26T05:43:02Z
Octopus cyanea,575424736,https://inaturalist-open-data.s3.amazonaws.com/photos/575424736/medium.jpg,CC-BY 4.0,Daniel Eisenhauer,kdapt-preacher,2025-07-04,https://www.inaturalist.org/observations/318388594,"© Daniel Eisenhauer, some rights reserved (CC-BY)",267cff2e7527db72e534862c929f546e97d94c9eb45de9e11069a0d8ca348185,cc-by,https://creativecommons.org/licenses/by/4.0/,49056,2026-09-26T05:43:03Z
Octopus cyanea,59058892,https://inaturalist-open-data.s3.amazonaws.com/photos/59058892/medium.jpg,CC-BY 4.0,Tom Heijnen,tomheijnen,2018-11-09,https://www.inaturalist.org/observations/37272720,"© Tom Heijnen, some rights reserved (CC-BY)",b8cd10a9aeb96d44f723e698163be66466a7539c6f94336c5c3adef0869fc380,cc-by,https://creativecommons.org/licenses/by/4.0/,49056,2026-09-26T05:43:16Z
Octopus cyanea,259831238,https://inaturalist-open-data.s3.amazonaws.com/photos/259831238/medium.jpg,CC-BY 4.0,Pauline Walsh Jacobson,coralreefdreams,2008-09-30,https://www.inaturalist.org/observations/150660852,"© Pauline Walsh Jacobson, some rights reserved (CC-BY)",aa357c51d68800834738e899145ff53075ed4ee7f48490b6dea5f2c3318580c3,cc-by,https://creativecommons.org/licenses/by/4.0/,49056,2026-09-26T05:43:05Z
Octopus cyanea,602117343,https://inaturalist-open-data.s3.amazonaws.com/photos/602117343/medium.jpg,CC-BY 4.0,Borja Fierro,borjitaaa,2025-09-08,https://www.inaturalist.org/observations/331858211,"© Borja Fierro, some rights reserved (CC-BY)",551ad352213cd5bde1fa5a0d80fbc7dded018f00f233f5b7b5a5de5233aa7d44,cc-by,https://creativecommons.org/licenses/by/4.0/,49056,2026-09-26T05:42:59Z
Octopus cyanea,585880640,https://inaturalist-open-data.s3.amazonaws.com/photos/585880640/medium.jpg,CC-BY 4.0,Alicia Christman,aliciachristman,2025-10-27,https://www.inaturalist.org/observations/323760591,"© Alicia Christman, some rights reserved (CC-BY)",a295c16e837a1023ddf898e2a08da0e597b1fc8c3cae1272334d430751fee8dc,cc-by,https://creativecommons.org/licenses/by/4.0/,49056,2026-09-26T05:43:13Z
Octopus cyanea,688442961,https://inaturalist-open-data.s3.amazonaws.com/photos/688442961/medium.jpg,CC-BY 4.0,Lawrence Hylton,lawrencehylton,2026-06-26,https://www.inaturalist.org/observations/376546402,"© Lawrence Hylton, some rights reserved (CC-BY)",4289094e148ef4fb70aebc5e0521b0923c3001d41b8c1aeb2c94277e115e757e,cc-by,https://creativecommons.org/licenses/by/4.0/,49056,2026-09-26T05:43:12Z
Octopus cyanea,621360788,https://inaturalist-open-data.s3.amazonaws.com/photos/621360788/medium.jpg,CC-BY 4.0,Debra Baker,quokka2,2026-02-15,https://www.inaturalist.org/observations/341337605,"© Debra Baker, some rights reserved (CC-BY)",c41b36be362d834af15bbc2e97258c5edf0528ab2380d9caae6e27c5cb61a026,cc-by,https://creativecommons.org/licenses/by/4.0/,49056,2026-09-26T05:42:56Z
Octopus cyanea,352991459,https://inaturalist-open-data.s3.amazonaws.com/photos/352991459/medium.jpg,CC-BY 4.0,cello caruso-turiello,celllo,2024-02-21,https://www.inaturalist.org/observations/200109559,"© cello caruso-turiello, some rights reserved (CC-BY)",cafaeef61b6465b654d3c3a748ee53a8b8dc0289be5076132143cbf1323d2052,cc-by,https://creativecommons.org/licenses/by/4.0/,49056,2026-09-26T05:42:53Z
Octopus cyanea,23969993,https://inaturalist-open-data.s3.amazonaws.com/photos/23969993/medium.jpeg,CC-BY 4.0,Martin Purdy,mdpurdy,2017-08-19,https://www.inaturalist.org/observations/16008978,"© Martin Purdy, some rights reserved (CC-BY)",091fa2e48fa8ac93103c5125d971bfd31146733341f942d494d71ceae2077e2e,cc-by,https://creativecommons.org/licenses/by/4.0/,49056,2026-09-26T05:43:26Z
Octopus cyanea,345867442,https://inaturalist-open-data.s3.amazonaws.com/photos/345867442/medium.jpg,CC-BY 4.0,Tom Heijnen,tomheijnen,2023-11-26,https://www.inaturalist.org/observations/196450574,"© Tom Heijnen, some rights reserved (CC-BY)",98a99eeb4ef5b344b8caa7c58a00bdd93299404d3fe834ff2dc28d06066037f3,cc-by,https://creativecommons.org/licenses/by/4.0/,49056,2026-09-26T05:43:26Z
Octopus cyanea,46230742,https://inaturalist-open-data.s3.amazonaws.com/photos/46230742/medium.jpeg,CC-BY 4.0,Dan Schofield,djscho,2019-07-11,https://www.inaturalist.org/observations/29617132,"© Dan Schofield, some rights reserved (CC-BY)",c59b5f56c9d13d7ddc5dfd39f0a89419f9328b8d090905d31ec040043ceb1c66,cc-by,https://creativecommons.org/licenses/by/4.0/,49056,2026-09-26T05:43:17Z
Octopus cyanea,576630175,https://inaturalist-open-data.s3.amazonaws.com/photos/576630175/medium.jpg,CC-BY 4.0,Robin White,robin_dive_diva,2025-10-05,https://www.inaturalist.org/observations/319018177,"© Robin White, some rights reserved (CC-BY)",15fc1ab10a6f5e01a49bb1259f93930fc96cff9fa9eee5b9a5bbcca859e6db3b,cc-by,https://creativecommons.org/licenses/by/4.0/,49056,2026-09-26T05:42:50Z
Sepioteuthis sepioidea,382542810,https://inaturalist-open-data.s3.amazonaws.com/photos/382542810/medium.jpg,CC-BY 4.0,Pauline Walsh Jacobson,coralreefdreams,2021-07-16,https://www.inaturalist.org/observations/216308884,"© Pauline Walsh Jacobson, some rights reserved (CC-BY)",49360fca717b87ac5074bb828148ed0c729f3f278cce249b19890da7eac6f144,cc-by,https://creativecommons.org/licenses/by/4.0/,49440,2026-09-26T05:43:31Z
Sepioteuthis sepioidea,382542865,https://inaturalist-open-data.s3.amazonaws.com/photos/382542865/medium.jpg,CC-BY 4.0,Pauline Walsh Jacobson,coralreefdreams,2021-07-16,https://www.inaturalist.org/observations/216308884,"© Pauline Walsh Jacobson, some rights reserved (CC-BY)",02462eec6a822799f463a2ff7329d8e7a47a4daa61470aa6f6d7cd1276b0b03e,cc-by,https://creativecommons.org/licenses/by/4.0/,49440,2026-09-26T05:43:33Z
Sepioteuthis sepioidea,341328986,https://inaturalist-open-data.s3.amazonaws.com/photos/341328986/medium.jpg,CC-BY 4.0,Susan Aide,susanfibio,2023-12-03,https://www.inaturalist.org/observations/194215090,"© Susan Aide, some rights reserved (CC-BY)",4b049ab72ef4dade81271017b0d577f3512ae42d786fda668729b0a02257bc97,cc-by,https://creativecommons.org/licenses/by/4.0/,49440,2026-09-26T05:43:34Z
Sepioteuthis sepioidea,341328982,https://inaturalist-open-data.s3.amazonaws.com/photos/341328982/medium.jpg,CC-BY 4.0,Susan Aide,susanfibio,2023-12-03,https://www.inaturalist.org/observations/194215090,"© Susan Aide, some rights reserved (CC-BY)",cf56270ec485a22fa66ad83e641e0b92cf17dda7611eda535a85d56c0534061a,cc-by,https://creativecommons.org/licenses/by/4.0/,49440,2026-09-26T05:43:33Z
Sepioteuthis sepioidea,402454635,https://inaturalist-open-data.s3.amazonaws.com/photos/402454635/medium.jpg,CC-BY 4.0,Pauline Walsh Jacobson,coralreefdreams,2022-07-28,https://www.inaturalist.org/observations/226896338,"© Pauline Walsh Jacobson, some rights reserved (CC-BY)",e0d263a9cd0c97ec9711a20c8c137c2f001f8b8054201041bfe212c3770095b0,cc-by,https://creativecommons.org/licenses/by/4.0/,49440,2026-09-26T05:43:34Z
Sepioteuthis sepioidea,502297372,https://inaturalist-open-data.s3.amazonaws.com/photos/502297372/medium.jpg,CC-BY 4.0,Pauline Walsh Jacobson,coralreefdreams,2024-07-16,https://www.inaturalist.org/observations/279706211,"© Pauline Walsh Jacobson, some rights reserved (CC-BY)",89a74bff2c5380842eff81267f4eced88fd9d95e53a828e0eeac4693d136f1f0,cc-by,https://creativecommons.org/licenses/by/4.0/,49440,2026-09-26T05:43:34Z
Sepioteuthis sepioidea,502296144,https://inaturalist-open-data.s3.amazonaws.com/photos/502296144/medium.jpg,CC-BY 4.0,Pauline Walsh Jacobson,coralreefdreams,2024-07-16,https://www.inaturalist.org/observations/279706211,"© Pauline Walsh Jacobson, some rights reserved (CC-BY)",a6ce69cddbe62fc0f4cdc07fce262d292d71a61e2727e2d796eb899c72704f61,cc-by,https://creativecommons.org/licenses/by/4.0/,49440,2026-09-26T05:43:34Z
Sepioteuthis sepioidea,591659719,https://inaturalist-open-data.s3.amazonaws.com/photos/591659719/medium.jpg,CC-BY 4.0,Jan Ebr &amp; Ivana Ebrová,opisska,2025-09-26,https://www.inaturalist.org/observations/326661132,"© Jan Ebr &amp; Ivana Ebrová, some rights reserved (CC-BY)",af7f41b9cd3bc8622c5d46e238a9d31e0efcbcf8e56c74318a07a274b0e59495,cc-by,https://creativecommons.org/licenses/by/4.0/,49440,2026-09-26T05:43:35Z
Sepioteuthis sepioidea,315585616,https://inaturalist-open-data.s3.amazonaws.com/photos/315585616/medium.jpg,CC-BY 4.0,Pauline Walsh Jacobson,coralreefdreams,2015-09-06,https://www.inaturalist.org/observations/181105305,"© Pauline Walsh Jacobson, some rights reserved (CC-BY)",b81974953c065da75c8b4d46ec147c21a3c714ef31bbb37e56f67a88d642b408,cc-by,https://creativecommons.org/licenses/by/4.0/,49440,2026-09-26T05:43:38Z
Sepioteuthis sepioidea,315585625,https://inaturalist-open-data.s3.amazonaws.com/photos/315585625/medium.jpg,CC-BY 4.0,Pauline Walsh Jacobson,coralreefdreams,2015-09-06,https://www.inaturalist.org/observations/181105305,"© Pauline Walsh Jacobson, some rights reserved (CC-BY)",aeafe2a400c72d0b842a657670546d95f45133e19711825ee252e0ae1a3251ad,cc-by,https://creativecommons.org/licenses/by/4.0/,49440,2026-09-26T05:43:39Z
Sepioteuthis sepioidea,359193424,https://inaturalist-open-data.s3.amazonaws.com/photos/359193424/medium.jpg,CC-BY 4.0,Robin White,robin_dive_diva,2024-03-20,https://www.inaturalist.org/observations/203310505,"© Robin White, some rights reserved (CC-BY)",2134b4054e1e8247b3be9bbaee536eafe5590ecfaf287bf90b136b154c3fc786,cc-by,https://creativecommons.org/licenses/by/4.0/,49440,2026-09-26T05:43:40Z
Sepioteuthis sepioidea,359193371,https://inaturalist-open-data.s3.amazonaws.com/photos/359193371/medium.jpg,CC-BY 4.0,Robin White,robin_dive_diva,2024-03-20,https://www.inaturalist.org/observations/203310505,"© Robin White, some rights reserved (CC-BY)",b4dc2c40b0f676becd6ad6597f63ce61083dfd0be8b56e15e178a3ad989ac94c,cc-by,https://creativecommons.org/licenses/by/4.0/,49440,2026-09-26T05:43:40Z
Sepioteuthis sepioidea,426068964,https://inaturalist-open-data.s3.amazonaws.com/photos/426068964/medium.jpeg,CC-BY 4.0,Alberto Alcalá,alboertoalcala,2024-09-01,https://www.inaturalist.org/observations/239248679,"© Alberto Alcalá, some rights reserved (CC-BY)",d6277337f90534da16b2511c0815f23569dc4310e0311d0d19ae58326c8b6d53,cc-by,https://creativecommons.org/licenses/by/4.0/,49440,2026-09-26T05:43:41Z
Sepioteuthis sepioidea,585680434,https://inaturalist-open-data.s3.amazonaws.com/photos/585680434/medium.jpg,CC-BY 4.0,Jan Ebr &amp; Ivana Ebrová,opisska,2025-09-27,https://www.inaturalist.org/observations/323665173,"© Jan Ebr &amp; Ivana Ebrová, some rights reserved (CC-BY)",7f55626148ddd54e9d6ede22e616e878fad2aa6ed279495aec221d1ec4a3ff31,cc-by,https://creativecommons.org/licenses/by/4.0/,49440,2026-09-26T05:43:41Z
Sepioteuthis sepioidea,585680340,https://inaturalist-open-data.s3.amazonaws.com/photos/585680340/medium.jpg,CC-BY 4.0,Jan Ebr &amp; Ivana Ebrová,opisska,2025-09-27,https://www.inaturalist.org/observations/323665173,"© Jan Ebr &amp; Ivana Ebrová, some rights reserved (CC-BY)",7eba107201c7da0a1c700cfc32c12d73fd5645e09af56f8ca32509f4c751117a,cc-by,https://creativecommons.org/licenses/by/4.0/,49440,2026-09-26T05:43:41Z
Sepioteuthis sepioidea,692962633,https://inaturalist-open-data.s3.amazonaws.com/photos/692962633/medium.jpg,CC-BY 4.0,Matteo Bellucci,matteobellu239,2026-04-11,https://www.inaturalist.org/observations/378876824,"© Matteo Bellucci, some rights reserved (CC-BY)",29a332e5bd14192db643d0716eb23dd5c6ec265513173cfa9b87328b46d22ba7,cc-by,https://creativecommons.org/licenses/by/4.0/,49440,2026-09-26T05:43:41Z
Sepioteuthis sepioidea,59737142,https://inaturalist-open-data.s3.amazonaws.com/photos/59737142/medium.jpg,CC-BY 4.0,Don Loarie,dloarie,2020-01-05,https://www.inaturalist.org/observations/37653559,"© Don Loarie, some rights reserved (CC-BY)",940039d4f52e9c6a48394cf9e10b8da69f73695f5e5a2288ff5099f4ee777633,cc-by,https://creativecommons.org/licenses/by/4.0/,49440,2026-09-26T05:43:43Z
Sepioteuthis sepioidea,59737138,https://inaturalist-open-data.s3.amazonaws.com/photos/59737138/medium.jpg,CC-BY 4.0,Don Loarie,dloarie,2020-01-05,https://www.inaturalist.org/observations/37653559,"© Don Loarie, some rights reserved (CC-BY)",b29adae1f1d579ba190bf15d5743ca9245b35053486f01c9e4a2643b7227d93d,cc-by,https://creativecommons.org/licenses/by/4.0/,49440,2026-09-26T05:43:42Z
Sepioteuthis sepioidea,61932784,https://inaturalist-open-data.s3.amazonaws.com/photos/61932784/medium.jpeg,CC-BY 4.0,Kaela Wilbur,kaela-wilbur,2019-05-25,https://www.inaturalist.org/observations/39032712,"© Kaela Wilbur, some rights reserved (CC-BY)",fd2d96da98088e94078682a519b389485ef4a88d57fb517d11d660097943d2d0,cc-by,https://creativecommons.org/licenses/by/4.0/,49440,2026-09-26T05:43:42Z
Sepioteuthis sepioidea,359398386,https://inaturalist-open-data.s3.amazonaws.com/photos/359398386/medium.jpg,CC-BY 4.0,Dan Schofield,djscho,2024-03-08,https://www.inaturalist.org/observations/203418338,"© Dan Schofield, some rights reserved (CC-BY)",6ebaadfa6ce97440d72b4eefa6b4b1a3402339decd112c6a54d71151f5f0e034,cc-by,https://creativecommons.org/licenses/by/4.0/,49440,2026-09-26T05:43:43Z
Sepioteuthis sepioidea,359398381,https://inaturalist-open-data.s3.amazonaws.com/photos/359398381/medium.jpg,CC-BY 4.0,Dan Schofield,djscho,2024-03-08,https://www.inaturalist.org/observations/203418338,"© Dan Schofield, some rights reserved (CC-BY)",2704d424a9889c635c91804fd56e6224365197f2c83730bd293223b90601ee8c,cc-by,https://creativecommons.org/licenses/by/4.0/,49440,2026-09-26T05:43:43Z
Sepioteuthis sepioidea,151090185,https://inaturalist-open-data.s3.amazonaws.com/photos/151090185/medium.jpg,CC-BY 4.0,caymanmatt,caymanmatt,2021-08-15,https://www.inaturalist.org/observations/91364710,"© caymanmatt, some rights reserved (CC-BY)",787ab55a3e70314865db6a2cce8310910d2ed5c2a906723b2c8f65a644ec5535,cc-by,https://creativecommons.org/licenses/by/4.0/,49440,2026-09-26T05:43:45Z
Sepioteuthis sepioidea,150786494,https://inaturalist-open-data.s3.amazonaws.com/photos/150786494/medium.jpeg,CC-BY 4.0,Jay Brasher,jbrasher,2017-09-15,https://www.inaturalist.org/observations/91183820,"© Jay Brasher, some rights reserved (CC-BY)",c6312d51f81acf838acb79fa5bb45bd6aabe30c37440f16ba8120391c5bdd240,cc-by,https://creativecommons.org/licenses/by/4.0/,49440,2026-09-26T05:43:45Z
Sepioteuthis sepioidea,254185631,https://inaturalist-open-data.s3.amazonaws.com/photos/254185631/medium.jpeg,CC-BY 4.0,Addshore,addshore,2023-01-25,https://www.inaturalist.org/observations/147691943,"© Addshore, some rights reserved (CC-BY)",044769fd2e147cec8a3da20c6fe6177cd0c163ea34e8581b0755c6b9389d1ff6,cc-by,https://creativecommons.org/licenses/by/4.0/,49440,2026-09-26T05:43:45Z
Sepioteuthis sepioidea,263711173,https://inaturalist-open-data.s3.amazonaws.com/photos/263711173/medium.jpeg,CC-BY 4.0,Dan Schofield,djscho,2023-03-22,https://www.inaturalist.org/observations/152740513,"© Dan Schofield, some rights reserved (CC-BY)",2c7f4281aac6418039aefc370bab0bebcfe0ca3e3270fd1b1307fe032fd99cab,cc-by,https://creativecommons.org/licenses/by/4.0/,49440,2026-09-26T05:43:45Z
Sepioteuthis sepioidea,610169380,https://inaturalist-open-data.s3.amazonaws.com/photos/610169380/medium.jpg,CC-BY 4.0,Jan Ebr &amp; Ivana Ebrová,opisska,2026-01-06,https://www.inaturalist.org/observations/335833292,"© Jan Ebr &amp; Ivana Ebrová, some rights reserved (CC-BY)",ff1435ee919190976143f3a7998a81329d5ceef8009dd68a23a594d3e55531a8,cc-by,https://creativecommons.org/licenses/by/4.0/,49440,2026-09-26T05:43:46Z
Sepioteuthis sepioidea,61142297,https://inaturalist-open-data.s3.amazonaws.com/photos/61142297/medium.jpg,CC-BY 4.0,James Telford,jtelford,2020-01-23,https://www.inaturalist.org/observations/38469470,"© James Telford, some rights reserved (CC-BY)",c9f8ab56d0a93d962a60da6be180cc3b728c442ef4ca653720c954a23b784e24,cc-by,https://creativecommons.org/licenses/by/4.0/,49440,2026-09-26T05:43:45Z
Sepioteuthis sepioidea,61142306,https://inaturalist-open-data.s3.amazonaws.com/photos/61142306/medium.jpg,CC-BY 4.0,James Telford,jtelford,2020-01-23,https://www.inaturalist.org/observations/38469470,"© James Telford, some rights reserved (CC-BY)",9d667227953aa2ab83a55491ea67e7d42d84a996fcf9939bd80a740d25846812,cc-by,https://creativecommons.org/licenses/by/4.0/,49440,2026-09-26T05:43:46Z
Sepioteuthis sepioidea,692266974,https://inaturalist-open-data.s3.amazonaws.com/photos/692266974/medium.jpg,CC-BY 4.0,Matteo Bellucci,matteobellu239,2026-04-09,https://www.inaturalist.org/observations/378514184,"© Matteo Bellucci, some rights reserved (CC-BY)",63912ad754878d399469b3a108bb6a172e6cc3469cb6b4f6c07ffc7de3755618,cc-by,https://creativecommons.org/licenses/by/4.0/,49440,2026-09-26T05:43:47Z
Sepioteuthis sepioidea,685670839,https://inaturalist-open-data.s3.amazonaws.com/photos/685670839/medium.jpg,CC-BY 4.0,Alex Doyle,alexjdoyle17,2026-04-15,https://www.inaturalist.org/observations/375106329,"© Alex Doyle, some rights reserved (CC-BY)",aff56fe85b62b30c8c2aca071350c0391e0a5cb54d3e4d4b9d04d44a17ffc403,cc-by,https://creativecommons.org/licenses/by/4.0/,49440,2026-09-26T05:43:47Z
Sepioteuthis sepioidea,685670820,https://inaturalist-open-data.s3.amazonaws.com/photos/685670820/medium.jpg,CC-BY 4.0,Alex Doyle,alexjdoyle17,2026-04-15,https://www.inaturalist.org/observations/375106329,"© Alex Doyle, some rights reserved (CC-BY)",a05f4b37d5fd90298a5aa90bb5358bce0d037b9dbcebe5be21447fb0d7cff4d8,cc-by,https://creativecommons.org/licenses/by/4.0/,49440,2026-09-26T05:43:47Z
Sepioteuthis sepioidea,287675149,https://inaturalist-open-data.s3.amazonaws.com/photos/287675149/medium.png,CC-BY 4.0,Rachel Crane,rachelonthereef,2023-02-05,https://www.inaturalist.org/observations/166143409,"© Rachel Crane, some rights reserved (CC-BY)",41762dbce5309508e918731a8a2429980f1783834a66b99c044c10edb4f36fc5,cc-by,https://creativecommons.org/licenses/by/4.0/,49440,2026-09-26T05:43:48Z
Sepioteuthis sepioidea,287675131,https://inaturalist-open-data.s3.amazonaws.com/photos/287675131/medium.png,CC-BY 4.0,Rachel Crane,rachelonthereef,2023-02-05,https://www.inaturalist.org/observations/166143409,"© Rachel Crane, some rights reserved (CC-BY)",aac2bc99786bc96ea574200f39f04cbad4a0c04744ee6939b91cd53a1c04a465,cc-by,https://creativecommons.org/licenses/by/4.0/,49440,2026-09-26T05:43:48Z
Sepioteuthis sepioidea,606237684,https://inaturalist-open-data.s3.amazonaws.com/photos/606237684/medium.jpg,CC-BY 4.0,nbasargin,nbasargin,2025-03-23,https://www.inaturalist.org/observations/333897710,"© nbasargin, some rights reserved (CC-BY)",3906312c7b75a63098bbaee1711f67cbe08065acb69e2857e82cdc316ba1f635,cc-by,https://creativecommons.org/licenses/by/4.0/,49440,2026-09-26T05:43:49Z
Sepioteuthis sepioidea,151462843,https://inaturalist-open-data.s3.amazonaws.com/photos/151462843/medium.jpeg,CC-BY 4.0,Jay Brasher,jbrasher,2017-09-21,https://www.inaturalist.org/observations/91555133,"© Jay Brasher, some rights reserved (CC-BY)",9754dfa3bdfaa80cd828712717a3241a95a672a751e385afe03d3fa7b757ee72,cc-by,https://creativecommons.org/licenses/by/4.0/,49440,2026-09-26T05:43:49Z
Sepioteuthis sepioidea,589862582,https://inaturalist-open-data.s3.amazonaws.com/photos/589862582/medium.jpg,CC-BY 4.0,Jan Ebr &amp; Ivana Ebrová,opisska,2025-09-14,https://www.inaturalist.org/observations/325760203,"© Jan Ebr &amp; Ivana Ebrová, some rights reserved (CC-BY)",8352d52202dd577ce1516a0569f915fc8f2493726dc2b78c3618f9a619f68ca1,cc-by,https://creativecommons.org/licenses/by/4.0/,49440,2026-09-26T05:43:49Z
Sepioteuthis sepioidea,150786573,https://inaturalist-open-data.s3.amazonaws.com/photos/150786573/medium.jpeg,CC-BY 4.0,Jay Brasher,jbrasher,2017-09-15,https://www.inaturalist.org/observations/91183822,"© Jay Brasher, some rights reserved (CC-BY)",ced530b12e59ae8892c2450bed6de800aafc9e4e6b412423e0adc7c82ed7f88c,cc-by,https://creativecommons.org/licenses/by/4.0/,49440,2026-09-26T05:43:50Z
Sepioteuthis sepioidea,634588767,https://inaturalist-open-data.s3.amazonaws.com/photos/634588767/medium.jpg,CC-BY 4.0,Don Loarie,dloarie,2026-03-19,https://www.inaturalist.org/observations/347990289,"© Don Loarie, some rights reserved (CC-BY)",0eeee6fed418ce92c28d1259888125d20ae152b53966a1544e36b99433d5b67e,cc-by,https://creativecommons.org/licenses/by/4.0/,49440,2026-09-26T05:43:43Z
Sepioteuthis sepioidea,261077906,https://inaturalist-open-data.s3.amazonaws.com/photos/261077906/medium.jpeg,CC-BY 4.0,Darren Obbard,darren_j_obbard,2018-03-12,https://www.inaturalist.org/observations/151323386,"© Darren Obbard, some rights reserved (CC-BY)",b8f744e54a36a87c9fec8174f57a0f059738a05dc648f0a40a4ab61e348bc439,cc-by,https://creativecommons.org/licenses/by/4.0/,49440,2026-09-26T05:43:53Z
Sepioteuthis sepioidea,607554005,https://inaturalist-open-data.s3.amazonaws.com/photos/607554005/medium.jpg,CC-BY 4.0,Jay Brasher,jbrasher,2024-09-11,https://www.inaturalist.org/observations/334544524,"© Jay Brasher, some rights reserved (CC-BY)",b8f7d96fee375c4aa3e148296f57b3c68d46c75968a26ad31944e3f2d1bf768c,cc-by,https://creativecommons.org/licenses/by/4.0/,49440,2026-09-26T05:43:42Z
Sepioteuthis sepioidea,359093083,https://inaturalist-open-data.s3.amazonaws.com/photos/359093083/medium.jpg,CC-BY 4.0,Robin White,robin_dive_diva,2024-03-18,https://www.inaturalist.org/observations/203258503,"© Robin White, some rights reserved (CC-BY)",6bde03fd76cec3bee5e1264837222775fb97d66c006e27f0871cebdbd68f841c,cc-by,https://creativecommons.org/licenses/by/4.0/,49440,2026-09-26T05:44:06Z
Sepioteuthis sepioidea,485716452,https://inaturalist-open-data.s3.amazonaws.com/photos/485716452/medium.jpg,CC-BY 4.0,agujaceratops,agujaceratops,2025-04-11,https://www.inaturalist.org/observations/270103723,"© agujaceratops, some rights reserved (CC-BY)",b6cfd50b15e3028e67b888c452deb8d3b99e7cedb35f52ee076bba773e611593,cc-by,https://creativecommons.org/licenses/by/4.0/,49440,2026-09-26T05:44:02Z
Sepioteuthis sepioidea,359398379,https://inaturalist-open-data.s3.amazonaws.com/photos/359398379/medium.jpg,CC-BY 4.0,Dan Schofield,djscho,2024-03-08,https://www.inaturalist.org/observations/203418337,"© Dan Schofield, some rights reserved (CC-BY)",5b4e7d756d87d869653104f70ef2bcba4b890b6e2712056f264c94f288e353eb,cc-by,https://creativecommons.org/licenses/by/4.0/,49440,2026-09-26T05:44:04Z
Sepioteuthis sepioidea,100414519,https://inaturalist-open-data.s3.amazonaws.com/photos/100414519/medium.jpeg,CC-BY 4.0,desertnaturalist,desertnaturalist,2002-02-09,https://www.inaturalist.org/observations/62652532,"© desertnaturalist, some rights reserved (CC-BY)",41a66d8c224d22081c7b548c0367b8a02c3305acc4e7ccbc48fb2f1e31ebe6cd,cc-by,https://creativecommons.org/licenses/by/4.0/,49440,2026-09-26T05:43:47Z
Sepioteuthis sepioidea,585665536,https://inaturalist-open-data.s3.amazonaws.com/photos/585665536/medium.jpg,CC-BY 4.0,Jan Ebr &amp; Ivana Ebrová,opisska,2025-09-26,https://www.inaturalist.org/observations/323657806,"© Jan Ebr &amp; Ivana Ebrová, some rights reserved (CC-BY)",db0cabf218099b64d71dc2afd018b415da820ad2b2493c20c7ddad0226b424b6,cc-by,https://creativecommons.org/licenses/by/4.0/,49440,2026-09-26T05:44:04Z
Sepioteuthis sepioidea,319310789,https://inaturalist-open-data.s3.amazonaws.com/photos/319310789/medium.jpg,CC-BY 4.0,Dan Schofield,djscho,2023-08-27,https://www.inaturalist.org/observations/183063359,"© Dan Schofield, some rights reserved (CC-BY)",8b4a0bf49c1cd29153dacc262e3ef1e9489c7e0730995d8af2c3b6e24eceb5c5,cc-by,https://creativecommons.org/licenses/by/4.0/,49440,2026-09-26T05:43:41Z
Sepioteuthis sepioidea,155682016,https://inaturalist-open-data.s3.amazonaws.com/photos/155682016/medium.jpeg,CC-BY 4.0,Josiah Londerée,gatorhawk,2021-09-06,https://www.inaturalist.org/observations/93895759,"© Josiah Londerée, some rights reserved (CC-BY)",15e63b6e82d3c024b83e70ba35721478a7a69f0f8859628374829718793bdd2c,cc-by,https://creativecommons.org/licenses/by/4.0/,49440,2026-09-26T05:43:44Z
Sepioteuthis sepioidea,346494076,https://inaturalist-open-data.s3.amazonaws.com/photos/346494076/medium.jpeg,CC-BY 4.0,Alicia Christman,aliciachristman,2023-12-21,https://www.inaturalist.org/observations/196821237,"© Alicia Christman, some rights reserved (CC-BY)",3c59279565d9db79b445c007bddf3cad987c95d4b1aa8a536f669eb5d679a9d9,cc-by,https://creativecommons.org/licenses/by/4.0/,49440,2026-09-26T05:43:44Z
Amphiprion bicinctus,731542421,https://inaturalist-open-data.s3.amazonaws.com/photos/731542421/medium.jpg,CC-BY 4.0,Gergely Nigg,naturebynigg,2026-09-09,https://www.inaturalist.org/observations/398767244,"© Gergely Nigg, some rights reserved (CC-BY)",77e1b40c960fbffc81db297cd69a6e78700ca359d0fcbacdd8cca84170e5d0e3,cc-by,https://creativecommons.org/licenses/by/4.0/,343249,2026-09-26T05:44:52Z
Amphiprion bicinctus,731542740,https://inaturalist-open-data.s3.amazonaws.com/photos/731542740/medium.jpg,CC-BY 4.0,Gergely Nigg,naturebynigg,2026-09-09,https://www.inaturalist.org/observations/398767244,"© Gergely Nigg, some rights reserved (CC-BY)",1984de3e6a9372ccdb8ea64d85e79e04e4408dd0bbced1c11ac0acbdfade76c0,cc-by,https://creativecommons.org/licenses/by/4.0/,343249,2026-09-26T05:44:52Z
Amphiprion bicinctus,335163382,https://inaturalist-open-data.s3.amazonaws.com/photos/335163382/medium.jpeg,CC-BY 4.0,Gergely Nigg,naturebynigg,2023-11-09,https://www.inaturalist.org/observations/191102962,"© Gergely Nigg, some rights reserved (CC-BY)",920dcd75353fa3517d2e728618ce8b71d2f0f84131a106cfcb6031a83dae1f52,cc-by,https://creativecommons.org/licenses/by/4.0/,343249,2026-09-26T05:44:53Z
Amphiprion bicinctus,335163384,https://inaturalist-open-data.s3.amazonaws.com/photos/335163384/medium.jpeg,CC-BY 4.0,Gergely Nigg,naturebynigg,2023-11-09,https://www.inaturalist.org/observations/191102962,"© Gergely Nigg, some rights reserved (CC-BY)",9be887cf8f9b25711ad676460708f97123b8ff26df9e4e6cc1fc710d6ea64580,cc-by,https://creativecommons.org/licenses/by/4.0/,343249,2026-09-26T05:44:52Z
Amphiprion bicinctus,283189232,https://inaturalist-open-data.s3.amazonaws.com/photos/283189232/medium.jpg,CC-BY 4.0,Julien Renoult,jujurenoult,2023-05-17,https://www.inaturalist.org/observations/163717994,"© Julien Renoult, some rights reserved (CC-BY)",c16dd1b7e3630759dbd499abb80109bda3501e9ee2805409be7ed6e02ef1262e,cc-by,https://creativecommons.org/licenses/by/4.0/,343249,2026-09-26T05:44:53Z
Amphiprion bicinctus,90039150,https://inaturalist-open-data.s3.amazonaws.com/photos/90039150/medium.jpg,CC-BY 4.0,Ryan McMinds,rmcminds,2016-05-17,https://www.inaturalist.org/observations/56495969,"© Ryan McMinds, some rights reserved (CC-BY)",8f5e66669b31baedd9130d336ecd96f0033d8f9744309e25822fc9106dc98ed7,cc-by,https://creativecommons.org/licenses/by/4.0/,343249,2026-09-26T05:44:54Z
Amphiprion bicinctus,90038736,https://inaturalist-open-data.s3.amazonaws.com/photos/90038736/medium.jpg,CC-BY 4.0,Ryan McMinds,rmcminds,2016-05-17,https://www.inaturalist.org/observations/56495969,"© Ryan McMinds, some rights reserved (CC-BY)",3e12ee83c5e132da28db954e57a8c1cbfcd55d168f8f40672eb8c0e41332478f,cc-by,https://creativecommons.org/licenses/by/4.0/,343249,2026-09-26T05:44:54Z
Amphiprion bicinctus,198938935,https://inaturalist-open-data.s3.amazonaws.com/photos/198938935/medium.jpg,CC-BY 4.0,Pål A. Olsvik,paalo121,2004-12-21,https://www.inaturalist.org/observations/117777533,"© Pål A. Olsvik, some rights reserved (CC-BY)",11f7540b62ce1b3f292fa21622fcc09071871dbfee9c679492b62311a9e4b064,cc-by,https://creativecommons.org/licenses/by/4.0/,343249,2026-09-26T05:44:55Z
Amphiprion bicinctus,331640634,https://inaturalist-open-data.s3.amazonaws.com/photos/331640634/medium.jpeg,CC-BY 4.0,Edmundas Greimas,grey_moss,2023-10-28,https://www.inaturalist.org/observations/189331702,"© Edmundas Greimas, some rights reserved (CC-BY)",6e0b226bfcebd03843be25e7c74aa2e1526523fc6171ac0c0f528a0d1139f858,cc-by,https://creativecommons.org/licenses/by/4.0/,343249,2026-09-26T05:44:55Z
Amphiprion bicinctus,331640774,https://inaturalist-open-data.s3.amazonaws.com/photos/331640774/medium.jpeg,CC-BY 4.0,Edmundas Greimas,grey_moss,2023-10-28,https://www.inaturalist.org/observations/189331702,"© Edmundas Greimas, some rights reserved (CC-BY)",b62a6697b481a7fb115bdfa009441cebf522a7af663b38d3fec60f23b64460c4,cc-by,https://creativecommons.org/licenses/by/4.0/,343249,2026-09-26T05:44:55Z
Amphiprion bicinctus,119528071,https://inaturalist-open-data.s3.amazonaws.com/photos/119528071/medium.jpg,CC-BY 4.0,Grete Pasch,gpasch,2012-10-12,https://www.inaturalist.org/observations/73230317,"© Grete Pasch, some rights reserved (CC-BY)",96c092b9558253069834e62c27ec446f57cf10558322f562c78714d5e07fb763,cc-by,https://creativecommons.org/licenses/by/4.0/,343249,2026-09-26T05:44:56Z
Amphiprion bicinctus,119527906,https://inaturalist-open-data.s3.amazonaws.com/photos/119527906/medium.jpg,CC-BY 4.0,Grete Pasch,gpasch,2012-10-12,https://www.inaturalist.org/observations/73230317,"© Grete Pasch, some rights reserved (CC-BY)",06b94ec4d288306dda28848446d66771ef706e0f4f7c198f606df2e140e2c75a,cc-by,https://creativecommons.org/licenses/by/4.0/,343249,2026-09-26T05:44:56Z
Amphiprion bicinctus,59050756,https://inaturalist-open-data.s3.amazonaws.com/photos/59050756/medium.jpg,CC-BY 4.0,Tom Heijnen,tomheijnen,2018-03-07,https://www.inaturalist.org/observations/37267902,"© Tom Heijnen, some rights reserved (CC-BY)",122a17c95f9fa85e7a2671578e7536bc232fc549d14dc95d00f5f5fc5835a0fb,cc-by,https://creativecommons.org/licenses/by/4.0/,343249,2026-09-26T05:44:57Z
Amphiprion bicinctus,59050752,https://inaturalist-open-data.s3.amazonaws.com/photos/59050752/medium.jpg,CC-BY 4.0,Tom Heijnen,tomheijnen,2018-03-07,https://www.inaturalist.org/observations/37267902,"© Tom Heijnen, some rights reserved (CC-BY)",49b10f7e9c784ad9ac95aa5bae8507e8715348a21e31c3a0dec2f574a4c03006,cc-by,https://creativecommons.org/licenses/by/4.0/,343249,2026-09-26T05:44:56Z
Amphiprion bicinctus,58940228,https://inaturalist-open-data.s3.amazonaws.com/photos/58940228/medium.jpg,CC-BY 4.0,Tom Heijnen,tomheijnen,2017-02-21,https://www.inaturalist.org/observations/37203666,"© Tom Heijnen, some rights reserved (CC-BY)",7ae15b50ee9ba19d82abdfe37c8c453dfa0c540d28f140ac96ee61b35fc3a16f,cc-by,https://creativecommons.org/licenses/by/4.0/,343249,2026-09-26T05:44:58Z
Amphiprion bicinctus,58940226,https://inaturalist-open-data.s3.amazonaws.com/photos/58940226/medium.jpg,CC-BY 4.0,Tom Heijnen,tomheijnen,2017-02-21,https://www.inaturalist.org/observations/37203666,"© Tom Heijnen, some rights reserved (CC-BY)",f90b44dde360190792fd57df8964b56c5114a3274eeb0d23f0a3a418ab01bd8b,cc-by,https://creativecommons.org/licenses/by/4.0/,343249,2026-09-26T05:44:57Z
Amphiprion bicinctus,251824785,https://inaturalist-open-data.s3.amazonaws.com/photos/251824785/medium.jpg,CC-BY 4.0,Pauline Walsh Jacobson,coralreefdreams,2007-08-08,https://www.inaturalist.org/observations/146469838,"© Pauline Walsh Jacobson, some rights reserved (CC-BY)",12595dc23e15b922f48277aa4dca0748c366394a38889e7a900797ec1d84dabf,cc-by,https://creativecommons.org/licenses/by/4.0/,343249,2026-09-26T05:44:58Z
Amphiprion bicinctus,251824556,https://inaturalist-open-data.s3.amazonaws.com/photos/251824556/medium.jpg,CC-BY 4.0,Pauline Walsh Jacobson,coralreefdreams,2007-08-08,https://www.inaturalist.org/observations/146469838,"© Pauline Walsh Jacobson, some rights reserved (CC-BY)",551d613a9c6b1ad1191d23fe1b7d99d228e56d57f6efa45298bd798de44aef9b,cc-by,https://creativecommons.org/licenses/by/4.0/,343249,2026-09-26T05:44:58Z
Amphiprion bicinctus,728479452,https://inaturalist-open-data.s3.amazonaws.com/photos/728479452/medium.jpg,CC-BY 4.0,Ella McCausland,ellamccausland,2026-04-18,https://www.inaturalist.org/observations/397200203,"© Ella McCausland, some rights reserved (CC-BY)",a6d1f395f49436683dc887769166f0d2b0ce2131c773e02b25d014d18dd900d2,cc-by,https://creativecommons.org/licenses/by/4.0/,343249,2026-09-26T05:44:57Z
Amphiprion bicinctus,733732419,https://inaturalist-open-data.s3.amazonaws.com/photos/733732419/medium.jpg,CC-BY 4.0,Gergely Nigg,naturebynigg,2026-09-13,https://www.inaturalist.org/observations/399890257,"© Gergely Nigg, some rights reserved (CC-BY)",a65c8d0ab095852983e48eac8f68633a7f99fa2b2d013360dd4a009854e8a321,cc-by,https://creativecommons.org/licenses/by/4.0/,343249,2026-09-26T05:44:58Z
Amphiprion bicinctus,733731703,https://inaturalist-open-data.s3.amazonaws.com/photos/733731703/medium.jpg,CC-BY 4.0,Gergely Nigg,naturebynigg,2026-09-13,https://www.inaturalist.org/observations/399890257,"© Gergely Nigg, some rights reserved (CC-BY)",e8e26d770a17cddfb8b88a9ea65412a62f791aff003fca4c2230ac3d403c16f9,cc-by,https://creativecommons.org/licenses/by/4.0/,343249,2026-09-26T05:44:58Z
Amphiprion bicinctus,734890379,https://inaturalist-open-data.s3.amazonaws.com/photos/734890379/medium.jpg,CC-BY 4.0,Gergely Nigg,naturebynigg,2026-09-15,https://www.inaturalist.org/observations/400468148,"© Gergely Nigg, some rights reserved (CC-BY)",3ec5fcaa03d1058740994f5d334c5434562439094eace2015ae2b234c24ef1d0,cc-by,https://creativecommons.org/licenses/by/4.0/,343249,2026-09-26T05:44:59Z
Amphiprion bicinctus,734890347,https://inaturalist-open-data.s3.amazonaws.com/photos/734890347/medium.jpg,CC-BY 4.0,Gergely Nigg,naturebynigg,2026-09-15,https://www.inaturalist.org/observations/400468148,"© Gergely Nigg, some rights reserved (CC-BY)",c9a641d7d73ebf231a42da1bb9c0fe23c5c1988f833ba13994e784ddb11198aa,cc-by,https://creativecommons.org/licenses/by/4.0/,343249,2026-09-26T05:44:59Z
Amphiprion bicinctus,247530163,https://inaturalist-open-data.s3.amazonaws.com/photos/247530163/medium.png,CC-BY 4.0,agujaceratops,agujaceratops,2022-12-04,https://www.inaturalist.org/observations/144247587,"© agujaceratops, some rights reserved (CC-BY)",c4c1f68ff288cc0b2b10a73fa205bb7ee8032baf5a6c72be64153f21129ca4cd,cc-by,https://creativecommons.org/licenses/by/4.0/,343249,2026-09-26T05:44:59Z
Amphiprion bicinctus,376728192,https://inaturalist-open-data.s3.amazonaws.com/photos/376728192/medium.jpeg,CC-BY 4.0,audili,audili,2024-04-24,https://www.inaturalist.org/observations/213173598,"© audili, some rights reserved (CC-BY)",072d2f34410a15b98a9eb3d4551aa9180e01073f1b38e96559df8cf4c352855b,cc-by,https://creativecommons.org/licenses/by/4.0/,343249,2026-09-26T05:44:59Z
Amphiprion bicinctus,246395601,https://inaturalist-open-data.s3.amazonaws.com/photos/246395601/medium.jpeg,CC-BY 4.0,Michael Bakker Paiva,michaelbakkerpaiva,2022-11-26,https://www.inaturalist.org/observations/143652425,"© Michael Bakker Paiva, some rights reserved (CC-BY)",fbf19c65be9c3ed4cd2da82f4f1dce2c628abc3992e353744f9d57c034dd53ab,cc-by,https://creativecommons.org/licenses/by/4.0/,343249,2026-09-26T05:44:59Z
Amphiprion bicinctus,246395624,https://inaturalist-open-data.s3.amazonaws.com/photos/246395624/medium.jpeg,CC-BY 4.0,Michael Bakker Paiva,michaelbakkerpaiva,2022-11-26,https://www.inaturalist.org/observations/143652425,"© Michael Bakker Paiva, some rights reserved (CC-BY)",fc4641c24723db1ad107c4a33b2d4e919cdfcd6e29476a1a0e3d31c92a3f5331,cc-by,https://creativecommons.org/licenses/by/4.0/,343249,2026-09-26T05:45:00Z
Amphiprion bicinctus,473885986,https://inaturalist-open-data.s3.amazonaws.com/photos/473885986/medium.jpg,CC-BY 4.0,Caroline Quinn,luo_qing,2025-02-25,https://www.inaturalist.org/observations/263755129,"© Caroline Quinn, some rights reserved (CC-BY)",04dab2a2edea4c60b7d508e8e7866e303114fb88034f348b23b5bbda329785d8,cc-by,https://creativecommons.org/licenses/by/4.0/,343249,2026-09-26T05:45:01Z
Amphiprion bicinctus,588685227,https://inaturalist-open-data.s3.amazonaws.com/photos/588685227/medium.jpg,CC-BY 4.0,Gianluca Marraffa,gmarraff,2025-10-02,https://www.inaturalist.org/observations/325165612,"© Gianluca Marraffa, some rights reserved (CC-BY)",68362d30af8927db3d6dcbb0045ff85dbe14bcc3f83825ca0ceac9330de4643c,cc-by,https://creativecommons.org/licenses/by/4.0/,343249,2026-09-26T05:45:02Z
Amphiprion bicinctus,588685225,https://inaturalist-open-data.s3.amazonaws.com/photos/588685225/medium.jpg,CC-BY 4.0,Gianluca Marraffa,gmarraff,2025-10-02,https://www.inaturalist.org/observations/325165612,"© Gianluca Marraffa, some rights reserved (CC-BY)",dddc14f4b2762442320b6433bed7476fe25bcbb525564d74ed384bd9c856c5ff,cc-by,https://creativecommons.org/licenses/by/4.0/,343249,2026-09-26T05:45:02Z
Amphiprion bicinctus,251997180,https://inaturalist-open-data.s3.amazonaws.com/photos/251997180/medium.jpg,CC-BY 4.0,Pauline Walsh Jacobson,coralreefdreams,2007-08-09,https://www.inaturalist.org/observations/146559245,"© Pauline Walsh Jacobson, some rights reserved (CC-BY)",a40cca6553f13dce238e2ab5de12d185d6b5eac3be929e11ae7df872c23498e3,cc-by,https://creativecommons.org/licenses/by/4.0/,343249,2026-09-26T05:45:04Z
Amphiprion bicinctus,251997174,https://inaturalist-open-data.s3.amazonaws.com/photos/251997174/medium.jpg,CC-BY 4.0,Pauline Walsh Jacobson,coralreefdreams,2007-08-09,https://www.inaturalist.org/observations/146559245,"© Pauline Walsh Jacobson, some rights reserved (CC-BY)",43eb6f304134b7673c603223f8b7ae16344cc7aed396d71d4805848b6c583657,cc-by,https://creativecommons.org/licenses/by/4.0/,343249,2026-09-26T05:45:03Z
Amphiprion bicinctus,707820250,https://inaturalist-open-data.s3.amazonaws.com/photos/707820250/medium.jpg,CC-BY 4.0,Martin Scheidleder,headlounge,2026-07-30,https://www.inaturalist.org/observations/386577920,"© Martin Scheidleder, some rights reserved (CC-BY)",fc0f8064f41b114718fc2efec2f65479485a728ac9788ac4bfafe9c8281cddd5,cc-by,https://creativecommons.org/licenses/by/4.0/,343249,2026-09-26T05:45:05Z
Amphiprion bicinctus,707820336,https://inaturalist-open-data.s3.amazonaws.com/photos/707820336/medium.jpg,CC-BY 4.0,Martin Scheidleder,headlounge,2026-07-30,https://www.inaturalist.org/observations/386577920,"© Martin Scheidleder, some rights reserved (CC-BY)",1ed4abbc17577c4d1dd8aefee48235c076ce45c24ec5ce58331091bb313cd555,cc-by,https://creativecommons.org/licenses/by/4.0/,343249,2026-09-26T05:45:05Z
Amphiprion bicinctus,681356,https://inaturalist-open-data.s3.amazonaws.com/photos/681356/medium.JPG,CC-BY 4.0,Mattia Menchetti,mattiamenchetti,2010-08-08,https://www.inaturalist.org/observations/535716,"© Mattia Menchetti, some rights reserved (CC-BY)",4dd16f824155e1a3fabe21b243a3bb6b1a334969cc2fbdb0bcbe998124ceb254,cc-by,https://creativecommons.org/licenses/by/4.0/,343249,2026-09-26T05:45:05Z
Amphiprion bicinctus,2041869,https://inaturalist-open-data.s3.amazonaws.com/photos/2041869/medium.jpg,CC-BY 4.0,Rafael Medina,rmedina,2008-08-10,https://www.inaturalist.org/observations/1681639,"© Rafael Medina, some rights reserved (CC-BY)",7ca0b92d414c5b4ac189c18f730df968c827ba3fda2d9d5dfdf6323a8f3532bb,cc-by,https://creativecommons.org/licenses/by/4.0/,343249,2026-09-26T05:45:01Z
Amphiprion bicinctus,733726089,https://inaturalist-open-data.s3.amazonaws.com/photos/733726089/medium.jpg,CC-BY 4.0,Gergely Nigg,naturebynigg,2026-09-13,https://www.inaturalist.org/observations/399887836,"© Gergely Nigg, some rights reserved (CC-BY)",ddcdbb9bb59cdb0b78338f9a523b6529caf51d7a4f5e5cfa9947240e35efee33,cc-by,https://creativecommons.org/licenses/by/4.0/,343249,2026-09-26T05:45:22Z
Amphiprion bicinctus,238361061,https://inaturalist-open-data.s3.amazonaws.com/photos/238361061/medium.jpg,CC-BY 4.0,Jim Wallace,beaverjfw,2022-09-28,https://www.inaturalist.org/observations/139371026,"© Jim Wallace, some rights reserved (CC-BY)",d4caddec91258abef9329136a53e8430045ee648e7ea1b40eb649b7cf60d7cfb,cc-by,https://creativecommons.org/licenses/by/4.0/,343249,2026-09-26T05:45:00Z
Amphiprion bicinctus,246826102,https://inaturalist-open-data.s3.amazonaws.com/photos/246826102/medium.jpeg,CC-BY 4.0,Michael Bakker Paiva,michaelbakkerpaiva,2022-11-28,https://www.inaturalist.org/observations/143879240,"© Michael Bakker Paiva, some rights reserved (CC-BY)",2be08cab9b2203d30a7ad1a5a453f13031c75c0dd41d99458298b1cdadfc5174,cc-by,https://creativecommons.org/licenses/by/4.0/,343249,2026-09-26T05:45:29Z
Amphiprion bicinctus,112927202,https://inaturalist-open-data.s3.amazonaws.com/photos/112927202/medium.jpg,CC-BY 4.0,nbasargin,nbasargin,2019-06-20,https://www.inaturalist.org/observations/69579185,"© nbasargin, some rights reserved (CC-BY)",a71ec85233e1c36b8b5f03f4963f9e822e9a83f3831647bf5a355975e528cb44,cc-by,https://creativecommons.org/licenses/by/4.0/,343249,2026-09-26T05:45:19Z
Amphiprion bicinctus,327981425,https://inaturalist-open-data.s3.amazonaws.com/photos/327981425/medium.jpg,CC-BY 4.0,Julien Renoult,jujurenoult,2023-05-20,https://www.inaturalist.org/observations/187535887,"© Julien Renoult, some rights reserved (CC-BY)",d2b3dfcf4d9fbefe7b259221e570731e71f3badc3a3a16a025db735445604755,cc-by,https://creativecommons.org/licenses/by/4.0/,343249,2026-09-26T05:45:32Z
Amphiprion bicinctus,448283418,https://inaturalist-open-data.s3.amazonaws.com/photos/448283418/medium.jpeg,CC-BY 4.0,Josh Noseworthy,josh_noseworthy,2022-11-09,https://www.inaturalist.org/observations/250631108,"© Josh Noseworthy, some rights reserved (CC-BY)",b98eb25bbbac25104102323797c09ddba2c39c47a81fd6ddd2428bdcf23b0fbd,cc-by,https://creativecommons.org/licenses/by/4.0/,343249,2026-09-26T05:45:16Z
Amphiprion bicinctus,245375477,https://inaturalist-open-data.s3.amazonaws.com/photos/245375477/medium.jpg,CC-BY 4.0,Juraj Ahel,xeniorn,2022-11-26,https://www.inaturalist.org/observations/143089819,"© Juraj Ahel, some rights reserved (CC-BY)",9173af4e16337d1a674a8d5ae1f78aa3d695e816313e3e43d106810b51d0107f,cc-by,https://creativecommons.org/licenses/by/4.0/,343249,2026-09-26T05:45:33Z
Amphiprion bicinctus,596956392,https://inaturalist-open-data.s3.amazonaws.com/photos/596956392/medium.jpg,CC-BY 4.0,Jacek Pietruszewski,hyacinthus,2025-12-02,https://www.inaturalist.org/observations/329333380,"© Jacek Pietruszewski, some rights reserved (CC-BY)",f1fcc5d950628b4f1aded2dcc49d04044963ef968b503b1738f965f5575475c3,cc-by,https://creativecommons.org/licenses/by/4.0/,343249,2026-09-26T05:45:10Z
Amphiprion bicinctus,112725152,https://inaturalist-open-data.s3.amazonaws.com/photos/112725152/medium.jpg,CC-BY 4.0,ajott,ajott,2021-02-01,https://www.inaturalist.org/observations/69469675,"© ajott, some rights reserved (CC-BY)",33da646ace4f7fd2583475286c8e33abf1caa5298645a60ef12826bb04d4dc24,cc-by,https://creativecommons.org/licenses/by/4.0/,343249,2026-09-26T05:45:36Z
Aliger gigas,363566177,https://inaturalist-open-data.s3.amazonaws.com/photos/363566177/medium.jpg,CC-BY 4.0,Robin White,robin_dive_diva,2024-04-05,https://www.inaturalist.org/observations/205602944,"© Robin White, some rights reserved (CC-BY)",29be11d609bedaa1ba732ef2ae4c213f576a2c309053b2f3b48e64a86eb55489,cc-by,https://creativecommons.org/licenses/by/4.0/,1099504,2026-09-26T05:45:38Z
Aliger gigas,363566066,https://inaturalist-open-data.s3.amazonaws.com/photos/363566066/medium.jpg,CC-BY 4.0,Robin White,robin_dive_diva,2024-04-05,https://www.inaturalist.org/observations/205602944,"© Robin White, some rights reserved (CC-BY)",133773943edc3fbe04d6eae5c06296059a1e99967892224798c15dd37c5d2ad5,cc-by,https://creativecommons.org/licenses/by/4.0/,1099504,2026-09-26T05:45:38Z
Aliger gigas,69975675,https://inaturalist-open-data.s3.amazonaws.com/photos/69975675/medium.jpg,CC-BY 4.0,Thomas Irvine,thomasirvine,2020-04-28,https://www.inaturalist.org/observations/44134056,"© Thomas Irvine, some rights reserved (CC-BY)",6d3fab6caaecd2af72ad0c7b256810863cc90d4d0797f0247894bd42d25bdd29,cc-by,https://creativecommons.org/licenses/by/4.0/,1099504,2026-09-26T05:45:38Z
Aliger gigas,218108647,https://inaturalist-open-data.s3.amazonaws.com/photos/218108647/medium.jpg,CC-BY 4.0,Donald Davesne,donalddavesne,2022-05-20,https://www.inaturalist.org/observations/128407783,"© Donald Davesne, some rights reserved (CC-BY)",8ce0a4aee3e16313e1e765881a391434abc1983da5615c25df29ea4fbfb87335,cc-by,https://creativecommons.org/licenses/by/4.0/,1099504,2026-09-26T05:45:39Z
Aliger gigas,218108640,https://inaturalist-open-data.s3.amazonaws.com/photos/218108640/medium.jpg,CC-BY 4.0,Donald Davesne,donalddavesne,2022-05-20,https://www.inaturalist.org/observations/128407783,"© Donald Davesne, some rights reserved (CC-BY)",efd0c2e21a358ef91a80f25a0f977a3667dfb37eb7b4900451301054dd46a3d7,cc-by,https://creativecommons.org/licenses/by/4.0/,1099504,2026-09-26T05:45:39Z
Aliger gigas,333876028,https://inaturalist-open-data.s3.amazonaws.com/photos/333876028/medium.jpg,CC-BY 4.0,Robin White,robin_dive_diva,2023-11-07,https://www.inaturalist.org/observations/190455415,"© Robin White, some rights reserved (CC-BY)",ff81c0c0e458c88c6b33e74fc7f659f0bb0af6b0326e1525542b1f13a95aa0c9,cc-by,https://creativecommons.org/licenses/by/4.0/,1099504,2026-09-26T05:45:40Z
Aliger gigas,333876076,https://inaturalist-open-data.s3.amazonaws.com/photos/333876076/medium.jpg,CC-BY 4.0,Robin White,robin_dive_diva,2023-11-07,https://www.inaturalist.org/observations/190455415,"© Robin White, some rights reserved (CC-BY)",1eeac0b926ae034a8c39b66ddcc0a90de2eb83f75f59b8a3d4e78152383efa42,cc-by,https://creativecommons.org/licenses/by/4.0/,1099504,2026-09-26T05:45:40Z
Aliger gigas,349929574,https://inaturalist-open-data.s3.amazonaws.com/photos/349929574/medium.jpg,CC-BY 4.0,Robin White,robin_dive_diva,2024-02-05,https://www.inaturalist.org/observations/198525900,"© Robin White, some rights reserved (CC-BY)",5df468c4307b1b75e823f7952b92e17cd91c44773805a68b272e9d17ccac19fa,cc-by,https://creativecommons.org/licenses/by/4.0/,1099504,2026-09-26T05:45:42Z
Aliger gigas,616811587,https://inaturalist-open-data.s3.amazonaws.com/photos/616811587/medium.jpg,CC-BY 4.0,Dan Schofield,djscho,2026-02-16,https://www.inaturalist.org/observations/339109520,"© Dan Schofield, some rights reserved (CC-BY)",216cdffc593b633b0f6a6aec8f13fdd41e163b2c442bab233d2ecfd744e49e93,cc-by,https://creativecommons.org/licenses/by/4.0/,1099504,2026-09-26T05:45:43Z
Aliger gigas,616811575,https://inaturalist-open-data.s3.amazonaws.com/photos/616811575/medium.jpg,CC-BY 4.0,Dan Schofield,djscho,2026-02-16,https://www.inaturalist.org/observations/339109520,"© Dan Schofield, some rights reserved (CC-BY)",265befd9e86146f3651dd2477ced0576419b601e6da8d10393c3c43295367702,cc-by,https://creativecommons.org/licenses/by/4.0/,1099504,2026-09-26T05:45:43Z
Aliger gigas,308481068,https://inaturalist-open-data.s3.amazonaws.com/photos/308481068/medium.jpg,CC-BY 4.0,Pauline Walsh Jacobson,coralreefdreams,2014-05-26,https://www.inaturalist.org/observations/177372241,"© Pauline Walsh Jacobson, some rights reserved (CC-BY)",b470ecb3e9866965dd79a52a111996ed3c04d1996a3231ea326df7e67176dee3,cc-by,https://creativecommons.org/licenses/by/4.0/,1099504,2026-09-26T05:45:44Z
Aliger gigas,333760375,https://inaturalist-open-data.s3.amazonaws.com/photos/333760375/medium.jpg,CC-BY 4.0,Robin White,robin_dive_diva,2023-11-07,https://www.inaturalist.org/observations/190398315,"© Robin White, some rights reserved (CC-BY)",469890a29bca20237460d96f80c3126c9eb8be29a554117afcbcc7831f14ba3e,cc-by,https://creativecommons.org/licenses/by/4.0/,1099504,2026-09-26T05:45:47Z
Aliger gigas,333760413,https://inaturalist-open-data.s3.amazonaws.com/photos/333760413/medium.jpg,CC-BY 4.0,Robin White,robin_dive_diva,2023-11-07,https://www.inaturalist.org/observations/190398315,"© Robin White, some rights reserved (CC-BY)",c1bf0ceef48e258767a7004cd31565ddef4e756a769e79055e07cad760a1c7f0,cc-by,https://creativecommons.org/licenses/by/4.0/,1099504,2026-09-26T05:45:47Z
Aliger gigas,434041941,https://inaturalist-open-data.s3.amazonaws.com/photos/434041941/medium.jpeg,CC-BY 4.0,Michael A. Alcorn,airalcorn2,2024-09-22,https://www.inaturalist.org/observations/243418047,"© Michael A. Alcorn, some rights reserved (CC-BY)",8038091af221489281da72dd5b61c895f2702595fcd6d2124b66263ab4b8eb42,cc-by,https://creativecommons.org/licenses/by/4.0/,1099504,2026-09-26T05:45:49Z
Aliger gigas,434041905,https://inaturalist-open-data.s3.amazonaws.com/photos/434041905/medium.jpeg,CC-BY 4.0,Michael A. Alcorn,airalcorn2,2024-09-22,https://www.inaturalist.org/observations/243418047,"© Michael A. Alcorn, some rights reserved (CC-BY)",696c84e4433fe755774bc930a85ac8e517c6114866ba011c29ba48a294c4074e,cc-by,https://creativecommons.org/licenses/by/4.0/,1099504,2026-09-26T05:45:49Z
Aliger gigas,372243381,https://inaturalist-open-data.s3.amazonaws.com/photos/372243381/medium.jpg,CC-BY 4.0,Robin White,robin_dive_diva,2024-04-26,https://www.inaturalist.org/observations/210454220,"© Robin White, some rights reserved (CC-BY)",d5dd31b1aad1c93d294ddd1c144dc1eadbaea106886386ae71540b01f638534c,cc-by,https://creativecommons.org/licenses/by/4.0/,1099504,2026-09-26T05:45:51Z
Aliger gigas,372245175,https://inaturalist-open-data.s3.amazonaws.com/photos/372245175/medium.jpg,CC-BY 4.0,Robin White,robin_dive_diva,2024-04-26,https://www.inaturalist.org/observations/210454220,"© Robin White, some rights reserved (CC-BY)",17e8bc180143be4b648991add6a91142cde075d522d317606566150a70102880,cc-by,https://creativecommons.org/licenses/by/4.0/,1099504,2026-09-26T05:45:51Z
Aliger gigas,394862052,https://inaturalist-open-data.s3.amazonaws.com/photos/394862052/medium.jpeg,CC-BY 4.0,ritirene,ritirene,2024-06-11,https://www.inaturalist.org/observations/222889251,"© ritirene, some rights reserved (CC-BY)",b75fa5365c30a0e63af34852a3978c61927f3ca28ab631f7d03284ccbd1bd0b2,cc-by,https://creativecommons.org/licenses/by/4.0/,1099504,2026-09-26T05:45:52Z
Aliger gigas,394862087,https://inaturalist-open-data.s3.amazonaws.com/photos/394862087/medium.jpeg,CC-BY 4.0,ritirene,ritirene,2024-06-11,https://www.inaturalist.org/observations/222889251,"© ritirene, some rights reserved (CC-BY)",51532acbb09e0bd076ba5fdc0841ed1475051322a05ed007a8e09c4339542c8f,cc-by,https://creativecommons.org/licenses/by/4.0/,1099504,2026-09-26T05:45:52Z
Aliger gigas,187584225,https://inaturalist-open-data.s3.amazonaws.com/photos/187584225/medium.jpg,CC-BY 4.0,Jay Brasher,jbrasher,2007-09-06,https://www.inaturalist.org/observations/111142170,"© Jay Brasher, some rights reserved (CC-BY)",a50391c09777216c1dda7fa5be5e13eaa8e8a00e582e2abc4aa88e6cc1316e59,cc-by,https://creativecommons.org/licenses/by/4.0/,1099504,2026-09-26T05:45:53Z
Aliger gigas,583753207,https://inaturalist-open-data.s3.amazonaws.com/photos/583753207/medium.jpg,CC-BY 4.0,Jay Brasher,jbrasher,2024-09-09,https://www.inaturalist.org/observations/322668465,"© Jay Brasher, some rights reserved (CC-BY)",4a87c27f1c5685d24a660bcfa57f6a46a069a6947bca2d2fec2e17229d9622f6,cc-by,https://creativecommons.org/licenses/by/4.0/,1099504,2026-09-26T05:45:55Z
Aliger gigas,583753255,https://inaturalist-open-data.s3.amazonaws.com/photos/583753255/medium.jpg,CC-BY 4.0,Jay Brasher,jbrasher,2024-09-09,https://www.inaturalist.org/observations/322668465,"© Jay Brasher, some rights reserved (CC-BY)",3e412f16dbcb93139e9e1deb24a1c74c040a466e8454806fa6bcae7c04e57d87,cc-by,https://creativecommons.org/licenses/by/4.0/,1099504,2026-09-26T05:45:55Z
Aliger gigas,261304200,https://inaturalist-open-data.s3.amazonaws.com/photos/261304200/medium.jpeg,CC-BY 4.0,Addshore,addshore,2023-03-17,https://www.inaturalist.org/observations/151442653,"© Addshore, some rights reserved (CC-BY)",e29bdcd7081afa59bd1a2bc3a7d55cce8e89c40fdaa1dcf246c958787647c4e8,cc-by,https://creativecommons.org/licenses/by/4.0/,1099504,2026-09-26T05:45:59Z
Aliger gigas,423624982,https://inaturalist-open-data.s3.amazonaws.com/photos/423624982/medium.jpeg,CC-BY 4.0,Alberto Alcalá,alboertoalcala,2024-08-25,https://www.inaturalist.org/observations/237987217,"© Alberto Alcalá, some rights reserved (CC-BY)",24ae3954b7aa49480aca805e3486284b20a2715e9fd41ca4760c59593e4c774a,cc-by,https://creativecommons.org/licenses/by/4.0/,1099504,2026-09-26T05:45:59Z
Aliger gigas,392652020,https://inaturalist-open-data.s3.amazonaws.com/photos/392652020/medium.jpg,CC-BY 4.0,Robin White,robin_dive_diva,2024-06-04,https://www.inaturalist.org/observations/221710164,"© Robin White, some rights reserved (CC-BY)",71b42d247bcf8635a60ccb688ab57a048559410714cc77302626fc7aca226d52,cc-by,https://creativecommons.org/licenses/by/4.0/,1099504,2026-09-26T05:46:02Z
Aliger gigas,385698768,https://inaturalist-open-data.s3.amazonaws.com/photos/385698768/medium.jpg,CC-BY 4.0,Robin White,robin_dive_diva,2024-05-23,https://www.inaturalist.org/observations/217988201,"© Robin White, some rights reserved (CC-BY)",b894b4b5e0b526d14abeff124eb74874bca080a25a561de9c3782dac1af82f1a,cc-by,https://creativecommons.org/licenses/by/4.0/,1099504,2026-09-26T05:46:02Z
Aliger gigas,385698466,https://inaturalist-open-data.s3.amazonaws.com/photos/385698466/medium.jpg,CC-BY 4.0,Robin White,robin_dive_diva,2024-05-23,https://www.inaturalist.org/observations/217988201,"© Robin White, some rights reserved (CC-BY)",3cdad7fb547a3fdc80418a28831c40db70a45438ef3a59a0e00c09fd6f26f998,cc-by,https://creativecommons.org/licenses/by/4.0/,1099504,2026-09-26T05:46:02Z
Aliger gigas,479415716,https://inaturalist-open-data.s3.amazonaws.com/photos/479415716/medium.jpeg,CC-BY 4.0,Adrienne van den Beemt,mmmmbugs,2025-03-24,https://www.inaturalist.org/observations/266817660,"© Adrienne van den Beemt, some rights reserved (CC-BY)",768bc25192308aa732622f31b4852450a44a911222546c019eecf507534f58e8,cc-by,https://creativecommons.org/licenses/by/4.0/,1099504,2026-09-26T05:46:03Z
Aliger gigas,240087879,https://inaturalist-open-data.s3.amazonaws.com/photos/240087879/medium.jpg,CC-BY 4.0,Robin White,robin_dive_diva,2022-10-27,https://www.inaturalist.org/observations/140268404,"© Robin White, some rights reserved (CC-BY)",d43ef6955748ebe78a96d4ddbe0082125f2bd8c22f9a9433126c29681ccf1a7a,cc-by,https://creativecommons.org/licenses/by/4.0/,1099504,2026-09-26T05:46:06Z
Aliger gigas,240087939,https://inaturalist-open-data.s3.amazonaws.com/photos/240087939/medium.jpg,CC-BY 4.0,Robin White,robin_dive_diva,2022-10-27,https://www.inaturalist.org/observations/140268404,"© Robin White, some rights reserved (CC-BY)",6c9be11dc39b42d01c2b23c138fb5eec7bd41668088206866e973289c37bb8f1,cc-by,https://creativecommons.org/licenses/by/4.0/,1099504,2026-09-26T05:46:06Z
Aliger gigas,471396151,https://inaturalist-open-data.s3.amazonaws.com/photos/471396151/medium.jpg,CC-BY 4.0,Jay Brasher,jbrasher,2024-09-05,https://www.inaturalist.org/observations/262404689,"© Jay Brasher, some rights reserved (CC-BY)",2058da93d3dce2e761f592dcd905095d3e1361dca539895e19ae688ca6f1f291,cc-by,https://creativecommons.org/licenses/by/4.0/,1099504,2026-09-26T05:46:06Z
Aliger gigas,59922753,https://inaturalist-open-data.s3.amazonaws.com/photos/59922753/medium.jpg,CC-BY 4.0,Eamon Corbett,eamonccorbett,2020-01-12,https://www.inaturalist.org/observations/37758796,"© Eamon Corbett, some rights reserved (CC-BY)",a322d3d2d2f16084b9ff86db3d7e349c7b456b20f19b83f6a726602f8dcab8a7,cc-by,https://creativecommons.org/licenses/by/4.0/,1099504,2026-09-26T05:46:06Z
Aliger gigas,585971635,https://inaturalist-open-data.s3.amazonaws.com/photos/585971635/medium.jpg,CC-BY 4.0,Jan Ebr &amp; Ivana Ebrová,opisska,2025-09-17,https://www.inaturalist.org/observations/323808881,"© Jan Ebr &amp; Ivana Ebrová, some rights reserved (CC-BY)",d7a78e74ca1c66bf2e741edf021b3597a199f3601d2bcd6e337358443f470de1,cc-by,https://creativecommons.org/licenses/by/4.0/,1099504,2026-09-26T05:46:07Z
Aliger gigas,585971629,https://inaturalist-open-data.s3.amazonaws.com/photos/585971629/medium.jpg,CC-BY 4.0,Jan Ebr &amp; Ivana Ebrová,opisska,2025-09-17,https://www.inaturalist.org/observations/323808881,"© Jan Ebr &amp; Ivana Ebrová, some rights reserved (CC-BY)",36c077372efea8662f3e3a8e4de7254500dc0c04367c381e2179b09ea57bfa07,cc-by,https://creativecommons.org/licenses/by/4.0/,1099504,2026-09-26T05:46:07Z
Aliger gigas,241204175,https://inaturalist-open-data.s3.amazonaws.com/photos/241204175/medium.jpeg,CC-BY 4.0,Josiah Londerée,gatorhawk,2022-11-01,https://www.inaturalist.org/observations/140869741,"© Josiah Londerée, some rights reserved (CC-BY)",d9e53f404b7126dd538763e0e26a6d5351062acf1508a18c2335e756faa411f7,cc-by,https://creativecommons.org/licenses/by/4.0/,1099504,2026-09-26T05:46:08Z
Aliger gigas,322511028,https://inaturalist-open-data.s3.amazonaws.com/photos/322511028/medium.jpg,CC-BY 4.0,Pauline Walsh Jacobson,coralreefdreams,2015-11-27,https://www.inaturalist.org/observations/184737335,"© Pauline Walsh Jacobson, some rights reserved (CC-BY)",5ded0cb8dfc246d3b6376f9c9cda686bd41dc554d78238322d1065c34d8b639c,cc-by,https://creativecommons.org/licenses/by/4.0/,1099504,2026-09-26T05:46:11Z
Aliger gigas,385690183,https://inaturalist-open-data.s3.amazonaws.com/photos/385690183/medium.jpg,CC-BY 4.0,Robin White,robin_dive_diva,2024-05-23,https://www.inaturalist.org/observations/217984007,"© Robin White, some rights reserved (CC-BY)",f7dd4e660f26370cf5bee3fbfa8fda68d6cfda994c01b95a9fa13629cc08779d,cc-by,https://creativecommons.org/licenses/by/4.0/,1099504,2026-09-26T05:46:11Z
Aliger gigas,385688266,https://inaturalist-open-data.s3.amazonaws.com/photos/385688266/medium.jpg,CC-BY 4.0,Robin White,robin_dive_diva,2024-05-23,https://www.inaturalist.org/observations/217982872,"© Robin White, some rights reserved (CC-BY)",d3e92dfe159fd99f532cd06bca2f4a6e155ef8869ed5203fb065e783c7bd517c,cc-by,https://creativecommons.org/licenses/by/4.0/,1099504,2026-09-26T05:46:23Z
Aliger gigas,399932843,https://inaturalist-open-data.s3.amazonaws.com/photos/399932843/medium.jpg,CC-BY 4.0,Pauline Walsh Jacobson,coralreefdreams,2022-07-24,https://www.inaturalist.org/observations/225565771,"© Pauline Walsh Jacobson, some rights reserved (CC-BY)",c99decb078babcb8f9f6b6670fc62f4176f14878eab9183b72ab53c1321b37f2,cc-by,https://creativecommons.org/licenses/by/4.0/,1099504,2026-09-26T05:46:03Z
Aliger gigas,9742063,https://inaturalist-open-data.s3.amazonaws.com/photos/9742063/medium.png,CC-BY 4.0,Ashwin Srinivasan,ash2016,2017-07-08,https://www.inaturalist.org/observations/7482208,"© Ashwin Srinivasan, some rights reserved (CC-BY)",b7648182e7c92c8693c88d3f09b7c5fc3f5a7eb84d660dbcd2fec4b5c62f0b41,cc-by,https://creativecommons.org/licenses/by/4.0/,1099504,2026-09-26T05:46:10Z
Aliger gigas,21590699,https://inaturalist-open-data.s3.amazonaws.com/photos/21590699/medium.jpg,CC-BY 4.0,Xochitl Castaño,laxoch,2018-07-17,https://www.inaturalist.org/observations/14504056,"© Xochitl Castaño, some rights reserved (CC-BY)",7fdc38eda64edb1a15b52d8159baddedd0650e24a32bc63aadfdcee3f19daf70,cc-by,https://creativecommons.org/licenses/by/4.0/,1099504,2026-09-26T05:46:19Z
Aliger gigas,363912912,https://inaturalist-open-data.s3.amazonaws.com/photos/363912912/medium.jpg,CC-BY 4.0,Jay Brasher,jbrasher,2023-09-13,https://www.inaturalist.org/observations/205792073,"© Jay Brasher, some rights reserved (CC-BY)",b1666cb470054c6e893bce26f47e07265a715df75b5fc7ca58c4409efed6f03f,cc-by,https://creativecommons.org/licenses/by/4.0/,1099504,2026-09-26T05:46:07Z
Aliger gigas,364935744,https://inaturalist-open-data.s3.amazonaws.com/photos/364935744/medium.jpg,CC-BY 4.0,cello caruso-turiello,celllo,2024-04-09,https://www.inaturalist.org/observations/206337900,"© cello caruso-turiello, some rights reserved (CC-BY)",288c6d1aca58bdbdfb6887f01e39a34f36c8aabab4c7c7d15354901e32b6a747,cc-by,https://creativecommons.org/licenses/by/4.0/,1099504,2026-09-26T05:45:45Z
Aliger gigas,385321949,https://inaturalist-open-data.s3.amazonaws.com/photos/385321949/medium.jpg,CC-BY 4.0,Robin White,robin_dive_diva,2024-05-23,https://www.inaturalist.org/observations/217787904,"© Robin White, some rights reserved (CC-BY)",949df7c26af0e35b4b0fcff3f02593776d371204baf652cb2c96112a22bb7af6,cc-by,https://creativecommons.org/licenses/by/4.0/,1099504,2026-09-26T05:46:02Z
Aliger gigas,216840619,https://inaturalist-open-data.s3.amazonaws.com/photos/216840619/medium.jpg,CC-BY 4.0,happyslug,happyslug,2022-07-13,https://www.inaturalist.org/observations/127708896,"© happyslug, some rights reserved (CC-BY)",470cdd68b91a750f9089a4ec2dd6dbfb71165c74e8fea682c8ecd29ea27df712,cc-by,https://creativecommons.org/licenses/by/4.0/,1099504,2026-09-26T05:46:01Z
Aliger gigas,385343588,https://inaturalist-open-data.s3.amazonaws.com/photos/385343588/medium.jpg,CC-BY 4.0,Robin White,robin_dive_diva,2024-05-23,https://www.inaturalist.org/observations/217799687,"© Robin White, some rights reserved (CC-BY)",9a91c8efbd3c0c3bb0d15b8f2ae642a16dd34431c362841e013779f60ff2d62b,cc-by,https://creativecommons.org/licenses/by/4.0/,1099504,2026-09-26T05:46:06Z
Aliger gigas,384003053,https://inaturalist-open-data.s3.amazonaws.com/photos/384003053/medium.jpg,CC-BY 4.0,Robin White,robin_dive_diva,2024-05-20,https://www.inaturalist.org/observations/217089698,"© Robin White, some rights reserved (CC-BY)",1a2e0c6be9f7a4ec3c6bb09158ff4b0edf630065d2eb9e472ca52c30d2f5bc18,cc-by,https://creativecommons.org/licenses/by/4.0/,1099504,2026-09-26T05:45:44Z
Octopus briareus,238188647,https://inaturalist-open-data.s3.amazonaws.com/photos/238188647/medium.jpeg,CC-BY 4.0,Dan Schofield,djscho,2022-10-17,https://www.inaturalist.org/observations/139277846,"© Dan Schofield, some rights reserved (CC-BY)",1b3f50c99cd15fde9d5a349d8a27a4665019f0dde8066850724c99f5a2afe8ef,cc-by,https://creativecommons.org/licenses/by/4.0/,253681,2026-09-26T05:46:40Z
Octopus briareus,238188704,https://inaturalist-open-data.s3.amazonaws.com/photos/238188704/medium.jpeg,CC-BY 4.0,Dan Schofield,djscho,2022-10-17,https://www.inaturalist.org/observations/139277846,"© Dan Schofield, some rights reserved (CC-BY)",83de00e6614ffb81200413daa3b33b7b37669cfb303bebe6a41a308e30175e60,cc-by,https://creativecommons.org/licenses/by/4.0/,253681,2026-09-26T05:46:40Z
Octopus briareus,301153882,https://inaturalist-open-data.s3.amazonaws.com/photos/301153882/medium.jpg,CC-BY 4.0,Pauline Walsh Jacobson,coralreefdreams,2022-04-05,https://www.inaturalist.org/observations/173414336,"© Pauline Walsh Jacobson, some rights reserved (CC-BY)",fda89c815c842e378a51ab0139615f67610b6485ecb0765e3bbe03bdc9195bc1,cc-by,https://creativecommons.org/licenses/by/4.0/,253681,2026-09-26T05:46:41Z
Octopus briareus,301153868,https://inaturalist-open-data.s3.amazonaws.com/photos/301153868/medium.jpg,CC-BY 4.0,Pauline Walsh Jacobson,coralreefdreams,2022-04-05,https://www.inaturalist.org/observations/173414336,"© Pauline Walsh Jacobson, some rights reserved (CC-BY)",9ec96d31e0ee2ac8c4685254fca3c401406bbe75e6697f6c0b37a649284b6647,cc-by,https://creativecommons.org/licenses/by/4.0/,253681,2026-09-26T05:46:41Z
Octopus briareus,283094876,https://inaturalist-open-data.s3.amazonaws.com/photos/283094876/medium.jpg,CC-BY 4.0,Robin White,robin_dive_diva,2023-05-24,https://www.inaturalist.org/observations/163663167,"© Robin White, some rights reserved (CC-BY)",dd644066d8255563d714db2edde1a0cd9d6dd1ec862b845fe0caab82bc54b53b,cc-by,https://creativecommons.org/licenses/by/4.0/,253681,2026-09-26T05:46:41Z
Octopus briareus,283094959,https://inaturalist-open-data.s3.amazonaws.com/photos/283094959/medium.jpg,CC-BY 4.0,Robin White,robin_dive_diva,2023-05-24,https://www.inaturalist.org/observations/163663167,"© Robin White, some rights reserved (CC-BY)",5c9e989a89d47fc043067dd16be60b5c38e5a8c5d50130df23ede288760c0565,cc-by,https://creativecommons.org/licenses/by/4.0/,253681,2026-09-26T05:46:41Z
Octopus briareus,351691190,https://inaturalist-open-data.s3.amazonaws.com/photos/351691190/medium.jpg,CC-BY 4.0,Robin White,robin_dive_diva,2024-02-15,https://www.inaturalist.org/observations/199426075,"© Robin White, some rights reserved (CC-BY)",3220fe1c2f6ad3befa546b040b36c4b6e33a1fe4c6fad34c266c05a35fa0bb05,cc-by,https://creativecommons.org/licenses/by/4.0/,253681,2026-09-26T05:46:41Z
Octopus briareus,351691165,https://inaturalist-open-data.s3.amazonaws.com/photos/351691165/medium.jpg,CC-BY 4.0,Robin White,robin_dive_diva,2024-02-15,https://www.inaturalist.org/observations/199426075,"© Robin White, some rights reserved (CC-BY)",1533716e94111c9459465fa3fa9bc4d2d33c71caea65bb300d4e69bc46718e69,cc-by,https://creativecommons.org/licenses/by/4.0/,253681,2026-09-26T05:46:41Z
Octopus briareus,356041133,https://inaturalist-open-data.s3.amazonaws.com/photos/356041133/medium.jpg,CC-BY 4.0,Robin White,robin_dive_diva,2024-03-07,https://www.inaturalist.org/observations/201672897,"© Robin White, some rights reserved (CC-BY)",09a5f38cc952e752063211ee98f44aa8c9d4d430885917b4567e263841b14909,cc-by,https://creativecommons.org/licenses/by/4.0/,253681,2026-09-26T05:46:42Z
Octopus briareus,356041039,https://inaturalist-open-data.s3.amazonaws.com/photos/356041039/medium.jpg,CC-BY 4.0,Robin White,robin_dive_diva,2024-03-07,https://www.inaturalist.org/observations/201672897,"© Robin White, some rights reserved (CC-BY)",ccd40595ef9142811cc192459c66745d9227a414fe5f3b9da361bff65965fb3f,cc-by,https://creativecommons.org/licenses/by/4.0/,253681,2026-09-26T05:46:42Z
Octopus briareus,261936025,https://inaturalist-open-data.s3.amazonaws.com/photos/261936025/medium.jpeg,CC-BY 4.0,Roger Rittmaster,rogerritt,2023-03-12,https://www.inaturalist.org/observations/151780613,"© Roger Rittmaster, some rights reserved (CC-BY)",ebcc277429bc77c3f0eaa07450bebebc08c7a3c4a3eae09d1e28db83b81f6fe8,cc-by,https://creativecommons.org/licenses/by/4.0/,253681,2026-09-26T05:46:42Z
Octopus briareus,617522685,https://inaturalist-open-data.s3.amazonaws.com/photos/617522685/medium.jpg,CC-BY 4.0,Dan Schofield,djscho,2026-02-19,https://www.inaturalist.org/observations/339456207,"© Dan Schofield, some rights reserved (CC-BY)",bab50411de0d6ca018444ff017223d3d1b121906be24257a0b5caa49e1fa5d82,cc-by,https://creativecommons.org/licenses/by/4.0/,253681,2026-09-26T05:46:42Z
Octopus briareus,251635018,https://inaturalist-open-data.s3.amazonaws.com/photos/251635018/medium.jpeg,CC-BY 4.0,Dan Schofield,djscho,2023-01-06,https://www.inaturalist.org/observations/146372352,"© Dan Schofield, some rights reserved (CC-BY)",b86b8982bb6d6caa2b0f19401d0de0fe798e7e451152bfe773024943c500dd3a,cc-by,https://creativecommons.org/licenses/by/4.0/,253681,2026-09-26T05:46:42Z
Octopus briareus,251635031,https://inaturalist-open-data.s3.amazonaws.com/photos/251635031/medium.jpeg,CC-BY 4.0,Dan Schofield,djscho,2023-01-06,https://www.inaturalist.org/observations/146372352,"© Dan Schofield, some rights reserved (CC-BY)",4184c4ee0549a4fcbf7823dc92424b01621755d2294ebdb43632cf499abc9802,cc-by,https://creativecommons.org/licenses/by/4.0/,253681,2026-09-26T05:46:42Z
Octopus briareus,152211990,https://inaturalist-open-data.s3.amazonaws.com/photos/152211990/medium.jpg,CC-BY 4.0,Jay Brasher,jbrasher,2017-09-28,https://www.inaturalist.org/observations/91973443,"© Jay Brasher, some rights reserved (CC-BY)",34899d69c4bc6f28ae21f81051c130298c1e45e5d8f66a037a57e758a4765683,cc-by,https://creativecommons.org/licenses/by/4.0/,253681,2026-09-26T05:46:43Z
Octopus briareus,152211946,https://inaturalist-open-data.s3.amazonaws.com/photos/152211946/medium.jpg,CC-BY 4.0,Jay Brasher,jbrasher,2017-09-28,https://www.inaturalist.org/observations/91973443,"© Jay Brasher, some rights reserved (CC-BY)",0ca7e0d341a37a2f5594383e0438fe676e258d4ee310f78626d75471fcd627c1,cc-by,https://creativecommons.org/licenses/by/4.0/,253681,2026-09-26T05:46:43Z
Octopus briareus,182160940,https://inaturalist-open-data.s3.amazonaws.com/photos/182160940/medium.jpg,CC-BY 4.0,Robin White,robin_dive_diva,2022-03-08,https://www.inaturalist.org/observations/108217838,"© Robin White, some rights reserved (CC-BY)",a67aa10024c68d8a654ab63dfa4212d4a49aadfd943d0f52dec2d0aefa0a297b,cc-by,https://creativecommons.org/licenses/by/4.0/,253681,2026-09-26T05:46:43Z
Octopus briareus,182160919,https://inaturalist-open-data.s3.amazonaws.com/photos/182160919/medium.jpg,CC-BY 4.0,Robin White,robin_dive_diva,2022-03-08,https://www.inaturalist.org/observations/108217838,"© Robin White, some rights reserved (CC-BY)",0c172837a222da23e39833a4485d73c37cac2398ceb109af01ade28c014c7ab8,cc-by,https://creativecommons.org/licenses/by/4.0/,253681,2026-09-26T05:46:43Z
Octopus briareus,360837536,https://inaturalist-open-data.s3.amazonaws.com/photos/360837536/medium.jpg,CC-BY 4.0,Susan Aide,susanfibio,2023-12-03,https://www.inaturalist.org/observations/204168665,"© Susan Aide, some rights reserved (CC-BY)",e26d51593615a08a23857c55659b941a2411a1c580d4ea720ea68e8d4b74bc55,cc-by,https://creativecommons.org/licenses/by/4.0/,253681,2026-09-26T05:46:43Z
Octopus briareus,360837557,https://inaturalist-open-data.s3.amazonaws.com/photos/360837557/medium.jpg,CC-BY 4.0,Susan Aide,susanfibio,2023-12-03,https://www.inaturalist.org/observations/204168665,"© Susan Aide, some rights reserved (CC-BY)",a4d00919d4b47c8d521a7cfd8b03588ea24d6832b60efcf9c67ee5979beec3eb,cc-by,https://creativecommons.org/licenses/by/4.0/,253681,2026-09-26T05:46:43Z
Octopus briareus,617451539,https://inaturalist-open-data.s3.amazonaws.com/photos/617451539/medium.jpg,CC-BY 4.0,Dan Schofield,djscho,2026-02-16,https://www.inaturalist.org/observations/339422292,"© Dan Schofield, some rights reserved (CC-BY)",e1693d36e629612fe0a38a2c6f5205e75cd600fdca756025a5164c98055a4233,cc-by,https://creativecommons.org/licenses/by/4.0/,253681,2026-09-26T05:46:44Z
Octopus briareus,655077883,https://inaturalist-open-data.s3.amazonaws.com/photos/655077883/medium.jpg,CC-BY 4.0,Dan Schofield,djscho,2026-04-28,https://www.inaturalist.org/observations/359061495,"© Dan Schofield, some rights reserved (CC-BY)",cc3c5ab8758c811953f4abe6ef55bee84eb3be8aa31764c54009ef347422abcc,cc-by,https://creativecommons.org/licenses/by/4.0/,253681,2026-09-26T05:46:44Z
Octopus briareus,655077901,https://inaturalist-open-data.s3.amazonaws.com/photos/655077901/medium.jpg,CC-BY 4.0,Dan Schofield,djscho,2026-04-28,https://www.inaturalist.org/observations/359061495,"© Dan Schofield, some rights reserved (CC-BY)",6014d9bb84af4fbd26df02fdc1011bad410d0ad16c10a7e04e0e37c1d93df280,cc-by,https://creativecommons.org/licenses/by/4.0/,253681,2026-09-26T05:46:44Z
Octopus briareus,617547983,https://inaturalist-open-data.s3.amazonaws.com/photos/617547983/medium.jpg,CC-BY 4.0,Dan Schofield,djscho,2026-02-19,https://www.inaturalist.org/observations/339470131,"© Dan Schofield, some rights reserved (CC-BY)",068d05dd0027b5f9dd39ace47d44be879d11ace79378e64cedd64f9e03c082bc,cc-by,https://creativecommons.org/licenses/by/4.0/,253681,2026-09-26T05:46:44Z
Octopus briareus,655077977,https://inaturalist-open-data.s3.amazonaws.com/photos/655077977/medium.jpg,CC-BY 4.0,Dan Schofield,djscho,2026-04-28,https://www.inaturalist.org/observations/359061498,"© Dan Schofield, some rights reserved (CC-BY)",7cb8627580161570b176e879edd52fbd129c277be22998944b28003ce88214df,cc-by,https://creativecommons.org/licenses/by/4.0/,253681,2026-09-26T05:46:44Z
Octopus briareus,534386896,https://inaturalist-open-data.s3.amazonaws.com/photos/534386896/medium.jpg,CC-BY 4.0,Uma Mezzanotte,uma_dives,2025-07-05,https://www.inaturalist.org/observations/296759952,"© Uma Mezzanotte, some rights reserved (CC-BY)",9827a1a8372149fea19bc9e57e3acb8c3ad0a4ab87200d92cc9dfa279b1cbbf7,cc-by,https://creativecommons.org/licenses/by/4.0/,253681,2026-09-26T05:46:44Z
Octopus briareus,456114581,https://inaturalist-open-data.s3.amazonaws.com/photos/456114581/medium.jpeg,CC-BY 4.0,Roger Rittmaster,rogerritt,2024-11-29,https://www.inaturalist.org/observations/254663234,"© Roger Rittmaster, some rights reserved (CC-BY)",d6da28b5bec65bb1111be6878f9ad399932ae22aa03486b7a9cd2fe521d2f933,cc-by,https://creativecommons.org/licenses/by/4.0/,253681,2026-09-26T05:46:45Z
Octopus briareus,456114690,https://inaturalist-open-data.s3.amazonaws.com/photos/456114690/medium.jpeg,CC-BY 4.0,Roger Rittmaster,rogerritt,2024-11-29,https://www.inaturalist.org/observations/254663234,"© Roger Rittmaster, some rights reserved (CC-BY)",b0e6b746d5156ed1fc1c9c4d5c442bfe2c5659bd178eb92bc3e290165bc520e0,cc-by,https://creativecommons.org/licenses/by/4.0/,253681,2026-09-26T05:46:45Z
Octopus briareus,474811095,https://inaturalist-open-data.s3.amazonaws.com/photos/474811095/medium.jpg,CC-BY 4.0,Dan Schofield,djscho,2025-03-05,https://www.inaturalist.org/observations/264377342,"© Dan Schofield, some rights reserved (CC-BY)",547e0d754d1ba574e77082cf5d05176c21516f8a7024e751a4627eca6b2485e8,cc-by,https://creativecommons.org/licenses/by/4.0/,253681,2026-09-26T05:46:45Z
Octopus briareus,474811091,https://inaturalist-open-data.s3.amazonaws.com/photos/474811091/medium.jpg,CC-BY 4.0,Dan Schofield,djscho,2025-03-05,https://www.inaturalist.org/observations/264377342,"© Dan Schofield, some rights reserved (CC-BY)",285553a9766f09c228a6137541975f1db37b152e5e14c27fcda4cbd4d5417406,cc-by,https://creativecommons.org/licenses/by/4.0/,253681,2026-09-26T05:46:45Z
Octopus briareus,653971876,https://inaturalist-open-data.s3.amazonaws.com/photos/653971876/medium.jpg,CC-BY 4.0,Dan Schofield,djscho,2026-04-27,https://www.inaturalist.org/observations/358486188,"© Dan Schofield, some rights reserved (CC-BY)",d4a57e2a8d0b80bd696561fbed1a214cc891a9e4a402b0c787935fde8ecb4cb2,cc-by,https://creativecommons.org/licenses/by/4.0/,253681,2026-09-26T05:46:45Z
Octopus briareus,617451480,https://inaturalist-open-data.s3.amazonaws.com/photos/617451480/medium.jpg,CC-BY 4.0,Dan Schofield,djscho,2026-02-16,https://www.inaturalist.org/observations/339422285,"© Dan Schofield, some rights reserved (CC-BY)",7061e57afcb91e2579e3ecfcf1ded4a4a89735017214ddd702eb13a0d226a7cb,cc-by,https://creativecommons.org/licenses/by/4.0/,253681,2026-09-26T05:46:46Z
Octopus briareus,616811513,https://inaturalist-open-data.s3.amazonaws.com/photos/616811513/medium.jpg,CC-BY 4.0,Dan Schofield,djscho,2026-02-16,https://www.inaturalist.org/observations/339109517,"© Dan Schofield, some rights reserved (CC-BY)",b96ac6fae9a11d4a2aa8bccd50a8e45dfbf18c72e920e201169ee973f5749ec4,cc-by,https://creativecommons.org/licenses/by/4.0/,253681,2026-09-26T05:46:46Z
Octopus briareus,616811556,https://inaturalist-open-data.s3.amazonaws.com/photos/616811556/medium.jpg,CC-BY 4.0,Dan Schofield,djscho,2026-02-16,https://www.inaturalist.org/observations/339109517,"© Dan Schofield, some rights reserved (CC-BY)",becb4bcaccb3dc330904ccfa6b52f7809a4e8c9e0825d4ea056bc63a21fa9c89,cc-by,https://creativecommons.org/licenses/by/4.0/,253681,2026-09-26T05:46:46Z
Octopus briareus,565421073,https://inaturalist-open-data.s3.amazonaws.com/photos/565421073/medium.jpg,CC-BY 4.0,Dan Schofield,djscho,2025-09-03,https://www.inaturalist.org/observations/313120949,"© Dan Schofield, some rights reserved (CC-BY)",d6cc518d6c4bbcd288c4fca4fd2afbea4ab02a8146f4d36d30b3d4e2f2eb9bee,cc-by,https://creativecommons.org/licenses/by/4.0/,253681,2026-09-26T05:46:46Z
Octopus briareus,565421137,https://inaturalist-open-data.s3.amazonaws.com/photos/565421137/medium.jpg,CC-BY 4.0,Dan Schofield,djscho,2025-09-03,https://www.inaturalist.org/observations/313120949,"© Dan Schofield, some rights reserved (CC-BY)",b58ebe8f5037e9b5426adf7f9b30906442f256348f4697aefe883fad35c7d144,cc-by,https://creativecommons.org/licenses/by/4.0/,253681,2026-09-26T05:46:46Z
Octopus briareus,608003614,https://inaturalist-open-data.s3.amazonaws.com/photos/608003614/medium.jpg,CC-BY 4.0,Jan Ebr &amp; Ivana Ebrová,opisska,2026-01-07,https://www.inaturalist.org/observations/334769615,"© Jan Ebr &amp; Ivana Ebrová, some rights reserved (CC-BY)",f6aaff80900e6387143675bd3094c383b8b92d35fdc93eaaadc0d487c2b2a766,cc-by,https://creativecommons.org/licenses/by/4.0/,253681,2026-09-26T05:46:46Z
Octopus briareus,608003602,https://inaturalist-open-data.s3.amazonaws.com/photos/608003602/medium.jpg,CC-BY 4.0,Jan Ebr &amp; Ivana Ebrová,opisska,2026-01-07,https://www.inaturalist.org/observations/334769615,"© Jan Ebr &amp; Ivana Ebrová, some rights reserved (CC-BY)",7623b85959d6d06fa6e42c9b65bdd5bc510c079d8c288fde784d66b1365e9ef6,cc-by,https://creativecommons.org/licenses/by/4.0/,253681,2026-09-26T05:46:46Z
Octopus briareus,319897033,https://inaturalist-open-data.s3.amazonaws.com/photos/319897033/medium.jpg,CC-BY 4.0,Robin White,robin_dive_diva,2023-09-14,https://www.inaturalist.org/observations/183367425,"© Robin White, some rights reserved (CC-BY)",ad06b0bede5fc51acd195b61b21a2ba55c4ffc337f71ae5e3c7762828211c144,cc-by,https://creativecommons.org/licenses/by/4.0/,253681,2026-09-26T05:46:47Z
Octopus briareus,319896972,https://inaturalist-open-data.s3.amazonaws.com/photos/319896972/medium.jpg,CC-BY 4.0,Robin White,robin_dive_diva,2023-09-14,https://www.inaturalist.org/observations/183367425,"© Robin White, some rights reserved (CC-BY)",3816c6a3b9381d01017cb99d2f02528fbf662dd1728262d2f168fd997c9219fa,cc-by,https://creativecommons.org/licenses/by/4.0/,253681,2026-09-26T05:46:47Z
Octopus briareus,477565703,https://inaturalist-open-data.s3.amazonaws.com/photos/477565703/medium.jpg,CC-BY 4.0,Dan Schofield,djscho,2025-03-16,https://www.inaturalist.org/observations/265836951,"© Dan Schofield, some rights reserved (CC-BY)",908c06bc477d1de38b0415a9c8d931613536fe256d8c67bb6d8aaf2ead71158e,cc-by,https://creativecommons.org/licenses/by/4.0/,253681,2026-09-26T05:46:47Z
Octopus briareus,496624949,https://inaturalist-open-data.s3.amazonaws.com/photos/496624949/medium.jpg,CC-BY 4.0,Dan Schofield,djscho,2025-04-17,https://www.inaturalist.org/observations/276554638,"© Dan Schofield, some rights reserved (CC-BY)",b2dff43cf251f3cbaa2dfc4db2a6cc039a5e2ff0068c1fc43b856c51bf66ab06,cc-by,https://creativecommons.org/licenses/by/4.0/,253681,2026-09-26T05:46:47Z
Octopus briareus,29266502,https://inaturalist-open-data.s3.amazonaws.com/photos/29266502/medium.jpeg,CC-BY 4.0,Eamon Corbett,eamonccorbett,2017-03-13,https://www.inaturalist.org/observations/19075887,"© Eamon Corbett, some rights reserved (CC-BY)",5668252f1f8ebb0694182bab18b737c8f955f548594a0586d5ae62a081346a91,cc-by,https://creativecommons.org/licenses/by/4.0/,253681,2026-09-26T05:46:47Z
Octopus briareus,147319188,https://inaturalist-open-data.s3.amazonaws.com/photos/147319188/medium.jpg,CC-BY 4.0,caymanmatt,caymanmatt,2021-07-29,https://www.inaturalist.org/observations/89231517,"© caymanmatt, some rights reserved (CC-BY)",94f5a098d808e2795e4531e64dafb851c0cb151d019131faf2268d9d037146d6,cc-by,https://creativecommons.org/licenses/by/4.0/,253681,2026-09-26T05:46:47Z
Octopus briareus,564303475,https://inaturalist-open-data.s3.amazonaws.com/photos/564303475/medium.jpg,CC-BY 4.0,Dan Schofield,djscho,2025-09-03,https://www.inaturalist.org/observations/312543015,"© Dan Schofield, some rights reserved (CC-BY)",97ff0b8a9594254fd492e3c4f98e41bf49be27e32ed2abc9471a2b71acc6a59c,cc-by,https://creativecommons.org/licenses/by/4.0/,253681,2026-09-26T05:46:46Z
Octopus briareus,466782034,https://inaturalist-open-data.s3.amazonaws.com/photos/466782034/medium.jpg,CC-BY 4.0,Dan Schofield,djscho,2025-01-27,https://www.inaturalist.org/observations/259974348,"© Dan Schofield, some rights reserved (CC-BY)",3ce36f529ec08fa614aae664cc5ef0ef9d2d0524f73836e55beb4e99b1877715,cc-by,https://creativecommons.org/licenses/by/4.0/,253681,2026-09-26T05:46:46Z
Octopus briareus,611516433,https://inaturalist-open-data.s3.amazonaws.com/photos/611516433/medium.jpg,CC-BY 4.0,Dan Schofield,djscho,2026-01-24,https://www.inaturalist.org/observations/336507574,"© Dan Schofield, some rights reserved (CC-BY)",d08954eb5765b732ca68044cc861664d831c52e482bfe0e0a949f0a45724f06d,cc-by,https://creativecommons.org/licenses/by/4.0/,253681,2026-09-26T05:46:45Z
Octopus briareus,548250726,https://inaturalist-open-data.s3.amazonaws.com/photos/548250726/medium.jpg,CC-BY 4.0,ecovore,ecovore,2000-08-05,https://www.inaturalist.org/observations/304138645,"© ecovore, some rights reserved (CC-BY)",6ca0c92c38731277aa13d6ca14d58a564b0800b27427851acd03fbc637d71522,cc-by,https://creativecommons.org/licenses/by/4.0/,253681,2026-09-26T05:46:45Z
Octopus briareus,598615543,https://inaturalist-open-data.s3.amazonaws.com/photos/598615543/medium.jpg,CC-BY 4.0,Dan Schofield,djscho,2025-07-15,https://www.inaturalist.org/observations/330153309,"© Dan Schofield, some rights reserved (CC-BY)",f2e2930fb5e7f6cf028995f12ad38cc0758bce540341806f9b8cc9877ae9f72b,cc-by,https://creativecommons.org/licenses/by/4.0/,253681,2026-09-26T05:46:48Z
Octopus briareus,31292125,https://inaturalist-open-data.s3.amazonaws.com/photos/31292125/medium.jpg,CC-BY 4.0,José Garrido,josegarrido,2016-12-14,https://www.inaturalist.org/observations/20273073,"© José Garrido, some rights reserved (CC-BY)",848d15414411024b2c19e706449fe3602010aa1ebf3221dfd2c6a7a56cd64a06,cc-by,https://creativecommons.org/licenses/by/4.0/,253681,2026-09-26T05:46:51Z
Octopus briareus,581733123,https://inaturalist-open-data.s3.amazonaws.com/photos/581733123/medium.jpg,CC-BY 4.0,Jan Ebr &amp; Ivana Ebrová,opisska,2025-09-27,https://www.inaturalist.org/observations/321655414,"© Jan Ebr &amp; Ivana Ebrová, some rights reserved (CC-BY)",4559a33cc15fe3f1247f01b280b7b10dbef078c1510a11919f1816f597cd7b11,cc-by,https://creativecommons.org/licenses/by/4.0/,253681,2026-09-26T05:46:43Z
Octopus briareus,565416868,https://inaturalist-open-data.s3.amazonaws.com/photos/565416868/medium.jpg,CC-BY 4.0,Dan Schofield,djscho,2025-09-03,https://www.inaturalist.org/observations/313118729,"© Dan Schofield, some rights reserved (CC-BY)",1b3a6869faeb38332f042c83679e51db40224e4d97888b0759d976236466a49c,cc-by,https://creativecommons.org/licenses/by/4.0/,253681,2026-09-26T05:46:43Z
Octopus briareus,551826592,https://inaturalist-open-data.s3.amazonaws.com/photos/551826592/medium.jpg,CC-BY 4.0,Dan Schofield,djscho,2025-08-12,https://www.inaturalist.org/observations/306026838,"© Dan Schofield, some rights reserved (CC-BY)",f0499115cd0a070e391601620703198900e9f48bb15c84e508623407b9a53a08,cc-by,https://creativecommons.org/licenses/by/4.0/,253681,2026-09-26T05:46:46Z
Octopus briareus,321342194,https://inaturalist-open-data.s3.amazonaws.com/photos/321342194/medium.jpeg,CC-BY 4.0,Dan Schofield,djscho,2023-08-31,https://www.inaturalist.org/observations/184119812,"© Dan Schofield, some rights reserved (CC-BY)",c623157b21b780ebf40d3614ebdb9964c552933424c996cbea7b1e598327eecd,cc-by,https://creativecommons.org/licenses/by/4.0/,253681,2026-09-26T05:46:48Z
Octopus briareus,581733373,https://inaturalist-open-data.s3.amazonaws.com/photos/581733373/medium.jpg,CC-BY 4.0,Jan Ebr &amp; Ivana Ebrová,opisska,2025-09-27,https://www.inaturalist.org/observations/321655440,"© Jan Ebr &amp; Ivana Ebrová, some rights reserved (CC-BY)",cabbfcb6ef5f72f1d99b591cd5a06d4e54d8e2409a2a1c267bec3c01fb685679,cc-by,https://creativecommons.org/licenses/by/4.0/,253681,2026-09-26T05:46:45Z
Octopus briareus,695151617,https://inaturalist-open-data.s3.amazonaws.com/photos/695151617/medium.jpg,CC-BY 4.0,Gregor Bailar,gregorbailar,2025-03-08,https://www.inaturalist.org/observations/380007296,"© Gregor Bailar, some rights reserved (CC-BY)",f0c5783a9881c2ec1fe4c1ec37a4dcbaaa384b1509a27d3d22713e20741ee701,cc-by,https://creativecommons.org/licenses/by/4.0/,253681,2026-09-26T05:46:47Z
Octopus briareus,311749172,https://inaturalist-open-data.s3.amazonaws.com/photos/311749172/medium.jpg,CC-BY 4.0,Robin White,robin_dive_diva,2023-08-18,https://www.inaturalist.org/observations/179092280,"© Robin White, some rights reserved (CC-BY)",83c54138458671082233b7317a201c336435685bdc37f4a2308379351411cd39,cc-by,https://creativecommons.org/licenses/by/4.0/,253681,2026-09-26T05:46:45Z
Octopus briareus,695413501,https://inaturalist-open-data.s3.amazonaws.com/photos/695413501/medium.jpg,CC-BY 4.0,Gregor Bailar,gregorbailar,2025-03-08,https://www.inaturalist.org/observations/380007295,"© Gregor Bailar, some rights reserved (CC-BY)",7cf2f5d9358132c922faee4f7e4e1f20a0d5b12312be519b01ef3d84f19825ba,cc-by,https://creativecommons.org/licenses/by/4.0/,253681,2026-09-26T05:46:43Z
Sepioteuthis lessoniana,536584321,https://inaturalist-open-data.s3.amazonaws.com/photos/536584321/medium.jpg,CC-BY 4.0,Jay Paroline,jayparoline,2025-07-13,https://www.inaturalist.org/observations/297922744,"© Jay Paroline, some rights reserved (CC-BY)",6c7c3e2029e45cb1769c7bef644ba9dec8a9a466a5538e65e1095f3fe6681594,cc-by,https://creativecommons.org/licenses/by/4.0/,121187,2026-09-26T05:47:10Z
Sepioteuthis lessoniana,283536804,https://inaturalist-open-data.s3.amazonaws.com/photos/283536804/medium.jpeg,CC-BY 4.0,portioid,portioid,2023-05-25,https://www.inaturalist.org/observations/163901140,"© portioid, some rights reserved (CC-BY)",01a660883160676448a0d52be9d4d9b7588a56094ff12d8244f1ece97bc6e18c,cc-by,https://creativecommons.org/licenses/by/4.0/,121187,2026-09-26T05:47:10Z
Sepioteuthis lessoniana,283536742,https://inaturalist-open-data.s3.amazonaws.com/photos/283536742/medium.jpeg,CC-BY 4.0,portioid,portioid,2023-05-25,https://www.inaturalist.org/observations/163901140,"© portioid, some rights reserved (CC-BY)",9ec5f8f4a7ee969197a71a44db40b2107e574999b9c8359e5cf5a68e2a59213d,cc-by,https://creativecommons.org/licenses/by/4.0/,121187,2026-09-26T05:47:10Z
Sepioteuthis lessoniana,276467960,https://inaturalist-open-data.s3.amazonaws.com/photos/276467960/medium.jpeg,CC-BY 4.0,Auradyme,auradyme,2023-05-05,https://www.inaturalist.org/observations/160003060,"© Auradyme, some rights reserved (CC-BY)",c694265ae57cd446b90200a318e245b1a72f9bd2549c8fa5e7a5e668a1ff8833,cc-by,https://creativecommons.org/licenses/by/4.0/,121187,2026-09-26T05:47:11Z
Sepioteuthis lessoniana,276467037,https://inaturalist-open-data.s3.amazonaws.com/photos/276467037/medium.jpeg,CC-BY 4.0,Auradyme,auradyme,2023-05-05,https://www.inaturalist.org/observations/160003060,"© Auradyme, some rights reserved (CC-BY)",723fd03a9018c72ead33b522b7b3ffcc81496b4d544d5dafa97c5b74c1aeb7f3,cc-by,https://creativecommons.org/licenses/by/4.0/,121187,2026-09-26T05:47:11Z
Sepioteuthis lessoniana,245373306,https://inaturalist-open-data.s3.amazonaws.com/photos/245373306/medium.jpg,CC-BY 4.0,Daniel Benák,benake,2018-03-12,https://www.inaturalist.org/observations/143086770,"© Daniel Benák, some rights reserved (CC-BY)",7409820e32fb3eeaa3ec1e9bcf79747646f15b20d5a87a154f9b8cec7b68aef1,cc-by,https://creativecommons.org/licenses/by/4.0/,121187,2026-09-26T05:47:11Z
Sepioteuthis lessoniana,633825616,https://inaturalist-open-data.s3.amazonaws.com/photos/633825616/medium.jpg,CC-BY 4.0,Chris Chucholl,astacoides,2012-11-01,https://www.inaturalist.org/observations/347609088,"© Chris Chucholl, some rights reserved (CC-BY)",76cd51807fc365d7cf08b8c2a420aff4dfd1cc7a630ad7b9860ab1d498a52522,cc-by,https://creativecommons.org/licenses/by/4.0/,121187,2026-09-26T05:47:12Z
Sepioteuthis lessoniana,732548727,https://inaturalist-open-data.s3.amazonaws.com/photos/732548727/medium.jpg,CC-BY 4.0,Gergely Nigg,naturebynigg,2026-09-11,https://www.inaturalist.org/observations/399287061,"© Gergely Nigg, some rights reserved (CC-BY)",a837c3e71d6e0798f87fb87b517fa3a6fc1172e0a67c6bee59d9b825c3f54fe7,cc-by,https://creativecommons.org/licenses/by/4.0/,121187,2026-09-26T05:47:12Z
Sepioteuthis lessoniana,732548753,https://inaturalist-open-data.s3.amazonaws.com/photos/732548753/medium.jpg,CC-BY 4.0,Gergely Nigg,naturebynigg,2026-09-11,https://www.inaturalist.org/observations/399287061,"© Gergely Nigg, some rights reserved (CC-BY)",3d8ccac042ad3729695df2a877c0b436f6c152196cad539654a3d73190ade8a1,cc-by,https://creativecommons.org/licenses/by/4.0/,121187,2026-09-26T05:47:12Z
Sepioteuthis lessoniana,595001743,https://inaturalist-open-data.s3.amazonaws.com/photos/595001743/medium.jpg,CC-BY 4.0,nbasargin,nbasargin,2025-08-23,https://www.inaturalist.org/observations/328368435,"© nbasargin, some rights reserved (CC-BY)",a2393d48be9321fa33ec2e791d96ae31c50f207b7ec7e35191dd7ffc7ea88748,cc-by,https://creativecommons.org/licenses/by/4.0/,121187,2026-09-26T05:47:11Z
Sepioteuthis lessoniana,595001757,https://inaturalist-open-data.s3.amazonaws.com/photos/595001757/medium.jpg,CC-BY 4.0,nbasargin,nbasargin,2025-08-23,https://www.inaturalist.org/observations/328368435,"© nbasargin, some rights reserved (CC-BY)",c98fdefd02a5a30c9e6e8effec425a23362df6ec67b42a9b4198f9d897271929,cc-by,https://creativecommons.org/licenses/by/4.0/,121187,2026-09-26T05:47:12Z
Sepioteuthis lessoniana,253404136,https://inaturalist-open-data.s3.amazonaws.com/photos/253404136/medium.jpg,CC-BY 4.0,Pauline Walsh Jacobson,coralreefdreams,2007-08-10,https://www.inaturalist.org/observations/147280710,"© Pauline Walsh Jacobson, some rights reserved (CC-BY)",64ef0980bd43d1ac9c46df4d352611fb28323fce86afe094da84eb0509c9d429,cc-by,https://creativecommons.org/licenses/by/4.0/,121187,2026-09-26T05:47:12Z
Sepioteuthis lessoniana,253403640,https://inaturalist-open-data.s3.amazonaws.com/photos/253403640/medium.jpg,CC-BY 4.0,Pauline Walsh Jacobson,coralreefdreams,2007-08-10,https://www.inaturalist.org/observations/147280710,"© Pauline Walsh Jacobson, some rights reserved (CC-BY)",05508c77a73a45d6d83792b9d1243a5cecec88e20fd87cab0a3996e8f5e59463,cc-by,https://creativecommons.org/licenses/by/4.0/,121187,2026-09-26T05:47:12Z
Sepioteuthis lessoniana,7408530,https://inaturalist-open-data.s3.amazonaws.com/photos/7408530/medium.jpg,CC-BY 4.0,Geoff Shuetrim,shuetrim,2017-04-15,https://www.inaturalist.org/observations/5935278,"© Geoff Shuetrim, some rights reserved (CC-BY)",18cf2b7ad8dde66fbde82761a932c24577d67cc3c889157b436188114b46b013,cc-by,https://creativecommons.org/licenses/by/4.0/,121187,2026-09-26T05:47:13Z
Sepioteuthis lessoniana,534765010,https://inaturalist-open-data.s3.amazonaws.com/photos/534765010/medium.jpg,CC-BY 4.0,Jay Paroline,jayparoline,2025-07-05,https://www.inaturalist.org/observations/296959463,"© Jay Paroline, some rights reserved (CC-BY)",d5f47a72cdf4147cd589c3b4d4081013fe6432e657853582a6cb115c689ebe35,cc-by,https://creativecommons.org/licenses/by/4.0/,121187,2026-09-26T05:47:12Z
Sepioteuthis lessoniana,535806851,https://inaturalist-open-data.s3.amazonaws.com/photos/535806851/medium.jpg,CC-BY 4.0,Debra Baker,quokka2,2025-07-12,https://www.inaturalist.org/observations/297133702,"© Debra Baker, some rights reserved (CC-BY)",5d47a7a0692b428cc73a943ac1ede42a1e28567d1b8ff3f8fa534bc4846973e3,cc-by,https://creativecommons.org/licenses/by/4.0/,121187,2026-09-26T05:47:13Z
Sepioteuthis lessoniana,28954012,https://inaturalist-open-data.s3.amazonaws.com/photos/28954012/medium.jpeg,CC-BY 4.0,coenobita,coenobita,2016-04-23,https://www.inaturalist.org/observations/18893550,"© coenobita, some rights reserved (CC-BY)",1fb01dc0fa0a84dd9ffafd77fcb59faa8bbaece1a7b198d8ad5939219d46f05a,cc-by,https://creativecommons.org/licenses/by/4.0/,121187,2026-09-26T05:47:13Z
Sepioteuthis lessoniana,229888320,https://inaturalist-open-data.s3.amazonaws.com/photos/229888320/medium.jpg,CC-BY 4.0,Daniel Benák,benake,2016-11-26,https://www.inaturalist.org/observations/134830574,"© Daniel Benák, some rights reserved (CC-BY)",66ed6df07e36f3d599f33dc0ea3cb64ed95720be820fdc5c4b058301a6ee8c21,cc-by,https://creativecommons.org/licenses/by/4.0/,121187,2026-09-26T05:47:14Z
Sepioteuthis lessoniana,256321261,https://inaturalist-open-data.s3.amazonaws.com/photos/256321261/medium.jpeg,CC-BY 4.0,Debra Baker,quokka2,2023-02-07,https://www.inaturalist.org/observations/148806219,"© Debra Baker, some rights reserved (CC-BY)",b9865f931bc216ea56dcef8fe3d0c55604d7a4100de676c4e19cac19b43f10dc,cc-by,https://creativecommons.org/licenses/by/4.0/,121187,2026-09-26T05:47:14Z
Sepioteuthis lessoniana,256321288,https://inaturalist-open-data.s3.amazonaws.com/photos/256321288/medium.jpeg,CC-BY 4.0,Debra Baker,quokka2,2023-02-07,https://www.inaturalist.org/observations/148806219,"© Debra Baker, some rights reserved (CC-BY)",166b7519f3dc24c3f3231520851e4a4c60aa7a1682d9f0d97c813fed68b51a9c,cc-by,https://creativecommons.org/licenses/by/4.0/,121187,2026-09-26T05:47:14Z
Sepioteuthis lessoniana,700669363,https://inaturalist-open-data.s3.amazonaws.com/photos/700669363/medium.jpg,CC-BY 4.0,呂一起(Lyu yi-chi),pchi45,2026-07-18,https://www.inaturalist.org/observations/382853699,"© 呂一起(Lyu yi-chi), some rights reserved (CC-BY)",dc0d75962e768d33d751b7fdb34c804c7a873b308365af6019e328b0246e2b09,cc-by,https://creativecommons.org/licenses/by/4.0/,121187,2026-09-26T05:47:14Z
Sepioteuthis lessoniana,700669313,https://inaturalist-open-data.s3.amazonaws.com/photos/700669313/medium.jpg,CC-BY 4.0,呂一起(Lyu yi-chi),pchi45,2026-07-18,https://www.inaturalist.org/observations/382853699,"© 呂一起(Lyu yi-chi), some rights reserved (CC-BY)",d6ace495fe3cdaf233c763d870b49a61ca3213b7637c20b6de0a20e0b45b74b4,cc-by,https://creativecommons.org/licenses/by/4.0/,121187,2026-09-26T05:47:14Z
Sepioteuthis lessoniana,574334010,https://inaturalist-open-data.s3.amazonaws.com/photos/574334010/medium.jpg,CC-BY 4.0,Nicola Crockford,nicolacrockford,2025-09-18,https://www.inaturalist.org/observations/317819750,"© Nicola Crockford, some rights reserved (CC-BY)",d918a460b361e8c2b162511cce67abf234808f9e73e01b1be26dbb12319f50f0,cc-by,https://creativecommons.org/licenses/by/4.0/,121187,2026-09-26T05:47:14Z
Sepioteuthis lessoniana,29795956,https://inaturalist-open-data.s3.amazonaws.com/photos/29795956/medium.png,CC-BY 4.0,elawrey,elawrey,2018-07-16,https://www.inaturalist.org/observations/19374165,"© elawrey, some rights reserved (CC-BY)",8b68f256b636f7300da7515c3bd5ced0395441c2e375b65aacd49aab1fa8fad4,cc-by,https://creativecommons.org/licenses/by/4.0/,121187,2026-09-26T05:47:15Z
Sepioteuthis lessoniana,29795957,https://inaturalist-open-data.s3.amazonaws.com/photos/29795957/medium.png,CC-BY 4.0,elawrey,elawrey,2018-07-16,https://www.inaturalist.org/observations/19374165,"© elawrey, some rights reserved (CC-BY)",5b2a675280accb995f206820b10fc612726f137af3b70f8430b73c6542cd4ccc,cc-by,https://creativecommons.org/licenses/by/4.0/,121187,2026-09-26T05:47:15Z
Sepioteuthis lessoniana,244491991,https://inaturalist-open-data.s3.amazonaws.com/photos/244491991/medium.jpg,CC-BY 4.0,Debra Baker,quokka2,2022-11-20,https://www.inaturalist.org/observations/142593766,"© Debra Baker, some rights reserved (CC-BY)",4507425201e5757d937d857a1217f023b9279f8ce6368bb605298de84a91b7e1,cc-by,https://creativecommons.org/licenses/by/4.0/,121187,2026-09-26T05:47:15Z
Sepioteuthis lessoniana,602542406,https://inaturalist-open-data.s3.amazonaws.com/photos/602542406/medium.jpg,CC-BY 4.0,nbasargin,nbasargin,2025-08-13,https://www.inaturalist.org/observations/332065111,"© nbasargin, some rights reserved (CC-BY)",e131d64024da1b108c1ddfeddb00be38fca3b97e9870a731fd23dc4eb1be3dd7,cc-by,https://creativecommons.org/licenses/by/4.0/,121187,2026-09-26T05:47:16Z
Sepioteuthis lessoniana,602542386,https://inaturalist-open-data.s3.amazonaws.com/photos/602542386/medium.jpg,CC-BY 4.0,nbasargin,nbasargin,2025-08-13,https://www.inaturalist.org/observations/332065111,"© nbasargin, some rights reserved (CC-BY)",ff51c66af88e47bd1325192619565c27334e16ccab574421204dd4f5fbeab9c0,cc-by,https://creativecommons.org/licenses/by/4.0/,121187,2026-09-26T05:47:15Z
Sepioteuthis lessoniana,532356801,https://inaturalist-open-data.s3.amazonaws.com/photos/532356801/medium.jpg,CC-BY 4.0,呂一起(Lyu yi-chi),pchi45,2025-07-05,https://www.inaturalist.org/observations/295703497,"© 呂一起(Lyu yi-chi), some rights reserved (CC-BY)",b2d0a160cc146569071a0bf8126368349c3bf4e9c2ab3ad0a354a4c774e8cb9f,cc-by,https://creativecommons.org/licenses/by/4.0/,121187,2026-09-26T05:47:15Z
Sepioteuthis lessoniana,532356883,https://inaturalist-open-data.s3.amazonaws.com/photos/532356883/medium.jpg,CC-BY 4.0,呂一起(Lyu yi-chi),pchi45,2025-07-05,https://www.inaturalist.org/observations/295703497,"© 呂一起(Lyu yi-chi), some rights reserved (CC-BY)",bdf62ca3cbdf1d95dd0a689fa01054ed410431881863077eff7a6fd76d14e1d3,cc-by,https://creativecommons.org/licenses/by/4.0/,121187,2026-09-26T05:47:15Z
Sepioteuthis lessoniana,446893319,https://inaturalist-open-data.s3.amazonaws.com/photos/446893319/medium.jpeg,CC-BY 4.0,Nicola Crockford,nicolacrockford,2024-04-21,https://www.inaturalist.org/observations/249940660,"© Nicola Crockford, some rights reserved (CC-BY)",a2fdd00ac508880cacc41d7d2b44b258f3a9f2f551ffbe2f8ed93adfb4645c10,cc-by,https://creativecommons.org/licenses/by/4.0/,121187,2026-09-26T05:47:16Z
Sepioteuthis lessoniana,446893325,https://inaturalist-open-data.s3.amazonaws.com/photos/446893325/medium.jpeg,CC-BY 4.0,Nicola Crockford,nicolacrockford,2024-04-21,https://www.inaturalist.org/observations/249940660,"© Nicola Crockford, some rights reserved (CC-BY)",6e07f9ea2641ac44839cc85fff39c428f6df8ec2f24fef8200f8bb96e1c0c028,cc-by,https://creativecommons.org/licenses/by/4.0/,121187,2026-09-26T05:47:16Z
Sepioteuthis lessoniana,334533700,https://inaturalist-open-data.s3.amazonaws.com/photos/334533700/medium.jpeg,CC-BY 4.0,Nicola Crockford,nicolacrockford,2023-10-03,https://www.inaturalist.org/observations/190784367,"© Nicola Crockford, some rights reserved (CC-BY)",938cb6add59d67e96d9d9e2f3496e696dfbc4e045f4aeb4bb35e475553e25041,cc-by,https://creativecommons.org/licenses/by/4.0/,121187,2026-09-26T05:47:13Z
Sepioteuthis lessoniana,724938165,https://inaturalist-open-data.s3.amazonaws.com/photos/724938165/medium.jpg,CC-BY 4.0,Pierre Pericard,ppericard,2026-08-28,https://www.inaturalist.org/observations/395370019,"© Pierre Pericard, some rights reserved (CC-BY)",515e284df38a2f53aa9d4e42f1ce8e817ebacaaf8c02b93473b291c10c028214,cc-by,https://creativecommons.org/licenses/by/4.0/,121187,2026-09-26T05:47:19Z
Sepioteuthis lessoniana,597383775,https://inaturalist-open-data.s3.amazonaws.com/photos/597383775/medium.jpg,CC-BY 4.0,Pierre Pericard,ppericard,2025-12-03,https://www.inaturalist.org/observations/329547600,"© Pierre Pericard, some rights reserved (CC-BY)",d57d5ae2e0205a89c8e6acf43bba7212002d6c591543205ad009f84ab7668351,cc-by,https://creativecommons.org/licenses/by/4.0/,121187,2026-09-26T05:47:21Z
Sepioteuthis lessoniana,225053572,https://inaturalist-open-data.s3.amazonaws.com/photos/225053572/medium.jpg,CC-BY 4.0,Daniel Benák,benake,2019-08-08,https://www.inaturalist.org/observations/132183122,"© Daniel Benák, some rights reserved (CC-BY)",686576d78034278813f0256cea579f538e33f85050897c99d2f878514244441e,cc-by,https://creativecommons.org/licenses/by/4.0/,121187,2026-09-26T05:47:12Z
Sepioteuthis lessoniana,574334025,https://inaturalist-open-data.s3.amazonaws.com/photos/574334025/medium.jpg,CC-BY 4.0,Nicola Crockford,nicolacrockford,2025-09-19,https://www.inaturalist.org/observations/317819754,"© Nicola Crockford, some rights reserved (CC-BY)",7afab82bac35a472605f04802ea61b07975a8779621246a39ad0c72d3d97b09b,cc-by,https://creativecommons.org/licenses/by/4.0/,121187,2026-09-26T05:47:14Z
Sepioteuthis lessoniana,529214352,https://inaturalist-open-data.s3.amazonaws.com/photos/529214352/medium.jpg,CC-BY 4.0,Jay Paroline,jayparoline,2025-06-29,https://www.inaturalist.org/observations/294040439,"© Jay Paroline, some rights reserved (CC-BY)",8d6684108176ba9650f9b2f43a7534e05863e6fbc5f20adfde11e904fcd64b84,cc-by,https://creativecommons.org/licenses/by/4.0/,121187,2026-09-26T05:47:16Z
Sepioteuthis lessoniana,344133722,https://inaturalist-open-data.s3.amazonaws.com/photos/344133722/medium.jpeg,CC-BY 4.0,Nicola Crockford,nicolacrockford,2023-07-09,https://www.inaturalist.org/observations/195589793,"© Nicola Crockford, some rights reserved (CC-BY)",7d358bf6bf0876dc916fe97abe1d2868327af15e06c9529aa61dc653434a9a63,cc-by,https://creativecommons.org/licenses/by/4.0/,121187,2026-09-26T05:47:15Z
Sepioteuthis lessoniana,717153296,https://inaturalist-open-data.s3.amazonaws.com/photos/717153296/medium.jpg,CC-BY 4.0,Ben Costamagna,bencostamagna,2026-08-14,https://www.inaturalist.org/observations/391388880,"© Ben Costamagna, some rights reserved (CC-BY)",11262e7cf9ca198231992683a4294d4288b465b55f8bf306607ce8ce16748216,cc-by,https://creativecommons.org/licenses/by/4.0/,121187,2026-09-26T05:47:16Z
Sepioteuthis lessoniana,598841866,https://inaturalist-open-data.s3.amazonaws.com/photos/598841866/medium.jpg,CC-BY 4.0,Nicola Crockford,nicolacrockford,2025-11-17,https://www.inaturalist.org/observations/330264688,"© Nicola Crockford, some rights reserved (CC-BY)",5d28f3fb62dd6762d47a6879adc15b510d3821823709826f6fb47b118930b5bc,cc-by,https://creativecommons.org/licenses/by/4.0/,121187,2026-09-26T05:47:14Z
Flabellinopsis iodinea,183672503,https://inaturalist-open-data.s3.amazonaws.com/photos/183672503/medium.jpeg,CC-BY 4.0,Cricket Raspet,chilipossum,2022-03-19,https://www.inaturalist.org/observations/109023438,"© Cricket Raspet, some rights reserved (CC-BY)",c37e67e6b6dcfd9eca84bc6425bcce66447b41f26b9cda149f3f2c7baa1b2fe6,cc-by,https://creativecommons.org/licenses/by/4.0/,194495,2026-09-26T05:47:37Z
Flabellinopsis iodinea,287764579,https://inaturalist-open-data.s3.amazonaws.com/photos/287764579/medium.jpeg,CC-BY 4.0,Cricket Raspet,chilipossum,2023-06-07,https://www.inaturalist.org/observations/166189751,"© Cricket Raspet, some rights reserved (CC-BY)",cd1efd04e02374582409251e8dbeb5d1f36b8341411f58d95787132df72b0fa7,cc-by,https://creativecommons.org/licenses/by/4.0/,194495,2026-09-26T05:47:38Z
Flabellinopsis iodinea,282966066,https://inaturalist-open-data.s3.amazonaws.com/photos/282966066/medium.jpeg,CC-BY 4.0,Cricket Raspet,chilipossum,2023-05-23,https://www.inaturalist.org/observations/163593587,"© Cricket Raspet, some rights reserved (CC-BY)",9a7e6ccea6f7bf7a444288dad56fd6950a25c4012cbb986483af9c1e9f618ac0,cc-by,https://creativecommons.org/licenses/by/4.0/,194495,2026-09-26T05:47:38Z
Flabellinopsis iodinea,171377566,https://inaturalist-open-data.s3.amazonaws.com/photos/171377566/medium.jpg,CC-BY 4.0,Trevor Van Loon,trevvan,2021-12-04,https://www.inaturalist.org/observations/102511399,"© Trevor Van Loon, some rights reserved (CC-BY)",be991534e2632a11992ee18450c0fa45005f7dcfb958dd8559c881f737836f0f,cc-by,https://creativecommons.org/licenses/by/4.0/,194495,2026-09-26T05:47:39Z
Flabellinopsis iodinea,171377788,https://inaturalist-open-data.s3.amazonaws.com/photos/171377788/medium.jpg,CC-BY 4.0,Trevor Van Loon,trevvan,2021-12-04,https://www.inaturalist.org/observations/102511399,"© Trevor Van Loon, some rights reserved (CC-BY)",3c0d98dc705e9a56d37b5c349fafee4355838f0e9748331f0c0f139a40c7fb1c,cc-by,https://creativecommons.org/licenses/by/4.0/,194495,2026-09-26T05:47:38Z
Flabellinopsis iodinea,688922837,https://inaturalist-open-data.s3.amazonaws.com/photos/688922837/medium.jpg,CC-BY 4.0,Amelia Tauber,antrozousamelia,2026-03-23,https://www.inaturalist.org/observations/376774307,"© Amelia Tauber, some rights reserved (CC-BY)",c4300915dabe62a6f531efab328b25af7a2cdfaa3c50aa65309665cc9605e7aa,cc-by,https://creativecommons.org/licenses/by/4.0/,194495,2026-09-26T05:47:39Z
Flabellinopsis iodinea,596869691,https://inaturalist-open-data.s3.amazonaws.com/photos/596869691/medium.jpg,CC-BY 4.0,Nathan,befuddledowl,2025-11-29,https://www.inaturalist.org/observations/329292163,"© Nathan, some rights reserved (CC-BY)",6bf2f50caa1694cfb970252a411254a401f28aac24abc859f7af8abe1be63296,cc-by,https://creativecommons.org/licenses/by/4.0/,194495,2026-09-26T05:47:40Z
Flabellinopsis iodinea,77353246,https://inaturalist-open-data.s3.amazonaws.com/photos/77353246/medium.jpeg,CC-BY 4.0,Erin Lalime,erininmd,2020-06-06,https://www.inaturalist.org/observations/48740403,"© Erin Lalime, some rights reserved (CC-BY)",d75f3b3c57e0049af3a726d1a8bf01bb7b6f8b666e825dd956e190b8a8695b24,cc-by,https://creativecommons.org/licenses/by/4.0/,194495,2026-09-26T05:47:40Z
Flabellinopsis iodinea,77353283,https://inaturalist-open-data.s3.amazonaws.com/photos/77353283/medium.jpeg,CC-BY 4.0,Erin Lalime,erininmd,2020-06-06,https://www.inaturalist.org/observations/48740403,"© Erin Lalime, some rights reserved (CC-BY)",7b38448d8d5d5a0042f6cce9a109f5e3d73a4f1881d57e3ace32f6d9ed626b37,cc-by,https://creativecommons.org/licenses/by/4.0/,194495,2026-09-26T05:47:40Z
Flabellinopsis iodinea,270057256,https://inaturalist-open-data.s3.amazonaws.com/photos/270057256/medium.jpeg,CC-BY 4.0,Madeleine Claire,madily,2023-04-22,https://www.inaturalist.org/observations/156191280,"© Madeleine Claire, some rights reserved (CC-BY)",ea9d0ce29d4e2b7d2f749ffe7ccf975a1b94fb40fd29d5db6c17f3c73fde4283,cc-by,https://creativecommons.org/licenses/by/4.0/,194495,2026-09-26T05:47:40Z
Flabellinopsis iodinea,341270884,https://inaturalist-open-data.s3.amazonaws.com/photos/341270884/medium.jpg,CC-BY 4.0,Trevor Van Loon,trevvan,2023-12-16,https://www.inaturalist.org/observations/194187748,"© Trevor Van Loon, some rights reserved (CC-BY)",1e7df69cfacd8871b4a88a0b489beee415eb150d860ceb092be1a9e185dd8460,cc-by,https://creativecommons.org/licenses/by/4.0/,194495,2026-09-26T05:47:40Z
Flabellinopsis iodinea,341270882,https://inaturalist-open-data.s3.amazonaws.com/photos/341270882/medium.jpg,CC-BY 4.0,Trevor Van Loon,trevvan,2023-12-16,https://www.inaturalist.org/observations/194187748,"© Trevor Van Loon, some rights reserved (CC-BY)",f2615fc1677ae0713adbde53f4e5722c34f4efd08b1b141099562a209dee0cb9,cc-by,https://creativecommons.org/licenses/by/4.0/,194495,2026-09-26T05:47:41Z
Flabellinopsis iodinea,450989702,https://inaturalist-open-data.s3.amazonaws.com/photos/450989702/medium.jpeg,CC-BY 4.0,Steve Addison,digitaltidepool,2024-11-16,https://www.inaturalist.org/observations/251983753,"© Steve Addison, some rights reserved (CC-BY)",a0273fecda9304cc0c7faf66e713b97239b72dc4040ff85450c663333c33b1a1,cc-by,https://creativecommons.org/licenses/by/4.0/,194495,2026-09-26T05:47:41Z
Flabellinopsis iodinea,450986017,https://inaturalist-open-data.s3.amazonaws.com/photos/450986017/medium.jpeg,CC-BY 4.0,Steve Addison,digitaltidepool,2024-11-16,https://www.inaturalist.org/observations/251983753,"© Steve Addison, some rights reserved (CC-BY)",8fcadd6bfc21a38a5098009845ee51ea7485be958f67eb80a42a88920f8d5fd9,cc-by,https://creativecommons.org/licenses/by/4.0/,194495,2026-09-26T05:47:41Z
Flabellinopsis iodinea,620102239,https://inaturalist-open-data.s3.amazonaws.com/photos/620102239/medium.jpg,CC-BY 4.0,tunicatedreamz,tunicatedreamz,2026-02-28,https://www.inaturalist.org/observations/340723341,"© tunicatedreamz, some rights reserved (CC-BY)",dc48f8f519e3349e929e1a68993d2a47b3f092bfddd64f9816b2cfba8ddcdac7,cc-by,https://creativecommons.org/licenses/by/4.0/,194495,2026-09-26T05:47:41Z
Flabellinopsis iodinea,620102213,https://inaturalist-open-data.s3.amazonaws.com/photos/620102213/medium.jpg,CC-BY 4.0,tunicatedreamz,tunicatedreamz,2026-02-28,https://www.inaturalist.org/observations/340723341,"© tunicatedreamz, some rights reserved (CC-BY)",a35b5d4935b84e197086a78baee3c90e64884eea26891c52e8e8662d4599e63b,cc-by,https://creativecommons.org/licenses/by/4.0/,194495,2026-09-26T05:47:41Z
Flabellinopsis iodinea,287765942,https://inaturalist-open-data.s3.amazonaws.com/photos/287765942/medium.jpeg,CC-BY 4.0,Cricket Raspet,chilipossum,2023-06-07,https://www.inaturalist.org/observations/166189801,"© Cricket Raspet, some rights reserved (CC-BY)",9262e520f8bb9c34bdf6b5d875fdcab581f22c283a0d0ce84bc11d6cebc35e45,cc-by,https://creativecommons.org/licenses/by/4.0/,194495,2026-09-26T05:47:41Z
Flabellinopsis iodinea,598184603,https://inaturalist-open-data.s3.amazonaws.com/photos/598184603/medium.jpg,CC-BY 4.0,Nathan,befuddledowl,2025-12-07,https://www.inaturalist.org/observations/329941678,"© Nathan, some rights reserved (CC-BY)",063e2a6b639386457c8d2a8804494de2257a0b2c3f121659503be9a3390ed889,cc-by,https://creativecommons.org/licenses/by/4.0/,194495,2026-09-26T05:47:41Z
Flabellinopsis iodinea,595375601,https://inaturalist-open-data.s3.amazonaws.com/photos/595375601/medium.jpg,CC-BY 4.0,tunicatedreamz,tunicatedreamz,2025-11-27,https://www.inaturalist.org/observations/328548205,"© tunicatedreamz, some rights reserved (CC-BY)",dbe077273040f248ba2d06c19162a74dfca49cd610effc24a71a01d9cee443bc,cc-by,https://creativecommons.org/licenses/by/4.0/,194495,2026-09-26T05:47:41Z
Flabellinopsis iodinea,489463157,https://inaturalist-open-data.s3.amazonaws.com/photos/489463157/medium.jpeg,CC-BY 4.0,Dan Killam,dankillam,2017-12-31,https://www.inaturalist.org/observations/272076658,"© Dan Killam, some rights reserved (CC-BY)",b2cf156ddc9a7977a26127c57e7e324359993610b8ac0200e3a9bc8da581a92c,cc-by,https://creativecommons.org/licenses/by/4.0/,194495,2026-09-26T05:47:42Z
Flabellinopsis iodinea,686872081,https://inaturalist-open-data.s3.amazonaws.com/photos/686872081/medium.jpg,CC-BY 4.0,Cricket Raspet,chilipossum,2026-06-24,https://www.inaturalist.org/observations/375708379,"© Cricket Raspet, some rights reserved (CC-BY)",73189f3754925076b63767da85303d11fb8f40599b42ddab64abd29556e8fc44,cc-by,https://creativecommons.org/licenses/by/4.0/,194495,2026-09-26T05:47:42Z
Flabellinopsis iodinea,183676850,https://inaturalist-open-data.s3.amazonaws.com/photos/183676850/medium.jpg,CC-BY 4.0,Cricket Raspet,chilipossum,2022-03-19,https://www.inaturalist.org/observations/109024188,"© Cricket Raspet, some rights reserved (CC-BY)",e2041582fa17f8df2cae90f7f3916098fb3dd23d2b32ed5ee317c7b6a2eccfd1,cc-by,https://creativecommons.org/licenses/by/4.0/,194495,2026-09-26T05:47:42Z
Flabellinopsis iodinea,457707084,https://inaturalist-open-data.s3.amazonaws.com/photos/457707084/medium.jpeg,CC-BY 4.0,Lisa Biasillo,tidepooltales,2024-12-14,https://www.inaturalist.org/observations/255404748,"© Lisa Biasillo, some rights reserved (CC-BY)",b1feb2ee014c8ae0e04f738e19be13678da14d516c378e56e2fefd4cabb40b8b,cc-by,https://creativecommons.org/licenses/by/4.0/,194495,2026-09-26T05:47:42Z
Flabellinopsis iodinea,455779193,https://inaturalist-open-data.s3.amazonaws.com/photos/455779193/medium.jpeg,CC-BY 4.0,Lisa Biasillo,tidepooltales,2024-12-02,https://www.inaturalist.org/observations/254453838,"© Lisa Biasillo, some rights reserved (CC-BY)",1ce63ff5e90c1370d478e6068add04cc11ba55e871420d076d3b8c09b71f42fe,cc-by,https://creativecommons.org/licenses/by/4.0/,194495,2026-09-26T05:47:42Z
Flabellinopsis iodinea,457707097,https://inaturalist-open-data.s3.amazonaws.com/photos/457707097/medium.jpeg,CC-BY 4.0,Lisa Biasillo,tidepooltales,2024-12-14,https://www.inaturalist.org/observations/255404750,"© Lisa Biasillo, some rights reserved (CC-BY)",9fb8735a8239e46f666d37c68ed4700b6877a4a50a63daab5aa814a9655258c8,cc-by,https://creativecommons.org/licenses/by/4.0/,194495,2026-09-26T05:47:42Z
Flabellinopsis iodinea,173138146,https://inaturalist-open-data.s3.amazonaws.com/photos/173138146/medium.jpeg,CC-BY 4.0,Steve Addison,digitaltidepool,2021-12-21,https://www.inaturalist.org/observations/103448289,"© Steve Addison, some rights reserved (CC-BY)",d6c2af8612815933fe4788078f8ec5bc2690ffa51adbc41dc08ae666f3dbefab,cc-by,https://creativecommons.org/licenses/by/4.0/,194495,2026-09-26T05:47:42Z
Flabellinopsis iodinea,173138121,https://inaturalist-open-data.s3.amazonaws.com/photos/173138121/medium.jpeg,CC-BY 4.0,Steve Addison,digitaltidepool,2021-12-21,https://www.inaturalist.org/observations/103448289,"© Steve Addison, some rights reserved (CC-BY)",da3edaca2d1cf4a6989ebc09488dda7ff32ee8d8dc771c8fd215506dd50e3181,cc-by,https://creativecommons.org/licenses/by/4.0/,194495,2026-09-26T05:47:42Z
Flabellinopsis iodinea,261739475,https://inaturalist-open-data.s3.amazonaws.com/photos/261739475/medium.jpeg,CC-BY 4.0,Tom and T Herman,th92105,2023-03-19,https://www.inaturalist.org/observations/151675616,"© Tom and T Herman, some rights reserved (CC-BY)",9c66d2ba31ca7f742174def3d44ed47b5470a4c9f60986a7e3a3950ff3dba6e4,cc-by,https://creativecommons.org/licenses/by/4.0/,194495,2026-09-26T05:47:43Z
Flabellinopsis iodinea,403979427,https://inaturalist-open-data.s3.amazonaws.com/photos/403979427/medium.jpeg,CC-BY 4.0,Cricket Raspet,chilipossum,2024-07-05,https://www.inaturalist.org/observations/227701794,"© Cricket Raspet, some rights reserved (CC-BY)",06afdbc5e5dd89ac01aae07175022fe43e97dc107e5023cc81310eebbde11168,cc-by,https://creativecommons.org/licenses/by/4.0/,194495,2026-09-26T05:47:43Z
Flabellinopsis iodinea,287765143,https://inaturalist-open-data.s3.amazonaws.com/photos/287765143/medium.jpeg,CC-BY 4.0,Cricket Raspet,chilipossum,2023-06-07,https://www.inaturalist.org/observations/166189768,"© Cricket Raspet, some rights reserved (CC-BY)",2effc693c773b928014358436b1b279ed97ac873c5c803d16fc062366171cf91,cc-by,https://creativecommons.org/licenses/by/4.0/,194495,2026-09-26T05:47:43Z
Flabellinopsis iodinea,475682724,https://inaturalist-open-data.s3.amazonaws.com/photos/475682724/medium.jpeg,CC-BY 4.0,Lisa Biasillo,tidepooltales,2025-03-09,https://www.inaturalist.org/observations/264877752,"© Lisa Biasillo, some rights reserved (CC-BY)",35494d546dfd9cc6d9a62df1a3cb171eac883f740382ccc01e1afc86e218b13c,cc-by,https://creativecommons.org/licenses/by/4.0/,194495,2026-09-26T05:47:43Z
Flabellinopsis iodinea,466591722,https://inaturalist-open-data.s3.amazonaws.com/photos/466591722/medium.jpeg,CC-BY 4.0,Cypress Hansen,north_star_naturalist,2025-01-25,https://www.inaturalist.org/observations/259877615,"© Cypress Hansen, some rights reserved (CC-BY)",90f39b01972c5797d3febb1efba1a701b3f269a5a37808ac2af5bf6ab578123e,cc-by,https://creativecommons.org/licenses/by/4.0/,194495,2026-09-26T05:47:43Z
Flabellinopsis iodinea,663511700,https://inaturalist-open-data.s3.amazonaws.com/photos/663511700/medium.jpg,CC-BY 4.0,Nathan,befuddledowl,2026-05-20,https://www.inaturalist.org/observations/363487947,"© Nathan, some rights reserved (CC-BY)",64f0a4f4e9ea580aeda1ec29d406c9eef72d59173f3430000b6ef63a7d993de9,cc-by,https://creativecommons.org/licenses/by/4.0/,194495,2026-09-26T05:47:43Z
Flabellinopsis iodinea,41849633,https://inaturalist-open-data.s3.amazonaws.com/photos/41849633/medium.jpg,CC-BY 4.0,redrovertracy,redrovertracy,2019-06-13,https://www.inaturalist.org/observations/26931458,"© redrovertracy, some rights reserved (CC-BY)",c451d91a58dbd350960c6354d925325b51a75003527bd7be5ff501bd52f72f71,cc-by,https://creativecommons.org/licenses/by/4.0/,194495,2026-09-26T05:47:43Z
Flabellinopsis iodinea,173124505,https://inaturalist-open-data.s3.amazonaws.com/photos/173124505/medium.jpeg,CC-BY 4.0,Steve Addison,digitaltidepool,2021-12-21,https://www.inaturalist.org/observations/103441375,"© Steve Addison, some rights reserved (CC-BY)",827725abef01815082d69d73e0e1ceae4006da7e82eab291311642dae75c7044,cc-by,https://creativecommons.org/licenses/by/4.0/,194495,2026-09-26T05:47:43Z
Flabellinopsis iodinea,173124563,https://inaturalist-open-data.s3.amazonaws.com/photos/173124563/medium.jpeg,CC-BY 4.0,Steve Addison,digitaltidepool,2021-12-21,https://www.inaturalist.org/observations/103441375,"© Steve Addison, some rights reserved (CC-BY)",1607102cffdc03fe454303d697c4caaca037117ad9e1af3786c24264065ede93,cc-by,https://creativecommons.org/licenses/by/4.0/,194495,2026-09-26T05:47:43Z
Flabellinopsis iodinea,172827107,https://inaturalist-open-data.s3.amazonaws.com/photos/172827107/medium.jpg,CC-BY 4.0,Trevor Van Loon,trevvan,2021-12-18,https://www.inaturalist.org/observations/103286542,"© Trevor Van Loon, some rights reserved (CC-BY)",8487cd4b7f4ad4c996d8ba0d09e8c7ba906ca6b91f5cefdbf8c9fadb19e78d4f,cc-by,https://creativecommons.org/licenses/by/4.0/,194495,2026-09-26T05:47:44Z
Flabellinopsis iodinea,172827093,https://inaturalist-open-data.s3.amazonaws.com/photos/172827093/medium.jpg,CC-BY 4.0,Trevor Van Loon,trevvan,2021-12-18,https://www.inaturalist.org/observations/103286542,"© Trevor Van Loon, some rights reserved (CC-BY)",e1882e68a97630433e2da45393e93654cb9ca3a516999404a0e9fa1b4f02430f,cc-by,https://creativecommons.org/licenses/by/4.0/,194495,2026-09-26T05:47:44Z
Flabellinopsis iodinea,181766406,https://inaturalist-open-data.s3.amazonaws.com/photos/181766406/medium.jpeg,CC-BY 4.0,Cricket Raspet,chilipossum,2022-03-05,https://www.inaturalist.org/observations/108008736,"© Cricket Raspet, some rights reserved (CC-BY)",e3e89cb67a3c128857a5412add16b631cfe3c2e46b542492333e89d2abfa4e48,cc-by,https://creativecommons.org/licenses/by/4.0/,194495,2026-09-26T05:47:44Z
Flabellinopsis iodinea,510708885,https://inaturalist-open-data.s3.amazonaws.com/photos/510708885/medium.jpg,CC-BY 4.0,Bryce Johnson,bryce_john,2025-02-09,https://www.inaturalist.org/observations/284185393,"© Bryce Johnson, some rights reserved (CC-BY)",b551ab23a46c1608d0c32136f8954a5a0322dcab983b0fa39dc0a9eb1cd61145,cc-by,https://creativecommons.org/licenses/by/4.0/,194495,2026-09-26T05:47:44Z
Flabellinopsis iodinea,510708845,https://inaturalist-open-data.s3.amazonaws.com/photos/510708845/medium.jpg,CC-BY 4.0,Bryce Johnson,bryce_john,2025-02-09,https://www.inaturalist.org/observations/284185393,"© Bryce Johnson, some rights reserved (CC-BY)",1cab8291b2d92f3ea9995f02fa627f4fcc1a37cb14ad6658127973f833d0934b,cc-by,https://creativecommons.org/licenses/by/4.0/,194495,2026-09-26T05:47:44Z
Flabellinopsis iodinea,455784130,https://inaturalist-open-data.s3.amazonaws.com/photos/455784130/medium.jpeg,CC-BY 4.0,Lisa Biasillo,tidepooltales,2024-12-03,https://www.inaturalist.org/observations/254456591,"© Lisa Biasillo, some rights reserved (CC-BY)",495aea08f796926ab033f1d38f7f6afbdd4e7b6ad3fe4938da2c3f4ea8093499,cc-by,https://creativecommons.org/licenses/by/4.0/,194495,2026-09-26T05:47:53Z
Flabellinopsis iodinea,487662933,https://inaturalist-open-data.s3.amazonaws.com/photos/487662933/medium.jpeg,CC-BY 4.0,Lisa Biasillo,tidepooltales,2025-04-14,https://www.inaturalist.org/observations/271125108,"© Lisa Biasillo, some rights reserved (CC-BY)",83bdb37702341864810de7e9ba94759ea923b4ad2a90a3e30d560f3c5e0438cc,cc-by,https://creativecommons.org/licenses/by/4.0/,194495,2026-09-26T05:47:48Z
Flabellinopsis iodinea,685781190,https://inaturalist-open-data.s3.amazonaws.com/photos/685781190/medium.jpg,CC-BY 4.0,Cricket Raspet,chilipossum,2026-06-23,https://www.inaturalist.org/observations/375150283,"© Cricket Raspet, some rights reserved (CC-BY)",07e90a1c6956dfd46003d70e9c9fcb3c43343bc71dc61f8949f02d09dffdb85f,cc-by,https://creativecommons.org/licenses/by/4.0/,194495,2026-09-26T05:47:48Z
Flabellinopsis iodinea,403896653,https://inaturalist-open-data.s3.amazonaws.com/photos/403896653/medium.jpeg,CC-BY 4.0,Cricket Raspet,chilipossum,2024-07-05,https://www.inaturalist.org/observations/227663455,"© Cricket Raspet, some rights reserved (CC-BY)",90d24db771658ef29e268d97f8e8ae2b1c9ba67e87d826098462c7ab4b444bd1,cc-by,https://creativecommons.org/licenses/by/4.0/,194495,2026-09-26T05:47:55Z
Flabellinopsis iodinea,1525425,https://inaturalist-open-data.s3.amazonaws.com/photos/1525425/medium.jpg,CC-BY 4.0,Ken-ichi Ueda,kueda,2015-02-01,https://www.inaturalist.org/observations/1207586,"© Ken-ichi Ueda, some rights reserved (CC-BY)",1f7ad2ef70c40f7078b32693fad0094d4ddfebb9f0545c6ac6f10fdecf25679b,cc-by,https://creativecommons.org/licenses/by/4.0/,194495,2026-09-26T05:47:42Z
Flabellinopsis iodinea,467284524,https://inaturalist-open-data.s3.amazonaws.com/photos/467284524/medium.jpeg,CC-BY 4.0,Lisa Biasillo,tidepooltales,2025-01-29,https://www.inaturalist.org/observations/260227054,"© Lisa Biasillo, some rights reserved (CC-BY)",ed35a632893dad07c73169d2aa36284a31189a2ac131e5d737ca46e312ba89c0,cc-by,https://creativecommons.org/licenses/by/4.0/,194495,2026-09-26T05:47:42Z
Flabellinopsis iodinea,686872248,https://inaturalist-open-data.s3.amazonaws.com/photos/686872248/medium.jpg,CC-BY 4.0,Cricket Raspet,chilipossum,2026-06-24,https://www.inaturalist.org/observations/375708385,"© Cricket Raspet, some rights reserved (CC-BY)",b1b70f8ec455ac27c86fb19b814d3144449ffe29853e1deaff299bec63b5d2e6,cc-by,https://creativecommons.org/licenses/by/4.0/,194495,2026-09-26T05:47:54Z
Flabellinopsis iodinea,415870850,https://inaturalist-open-data.s3.amazonaws.com/photos/415870850/medium.jpeg,CC-BY 4.0,Nathan,befuddledowl,2024-08-03,https://www.inaturalist.org/observations/233970139,"© Nathan, some rights reserved (CC-BY)",4186726005d9b743618474eec42fd8b4c2b64d286a87b7a9595158ba3214f311,cc-by,https://creativecommons.org/licenses/by/4.0/,194495,2026-09-26T05:47:43Z
Flabellinopsis iodinea,403979380,https://inaturalist-open-data.s3.amazonaws.com/photos/403979380/medium.jpeg,CC-BY 4.0,Cricket Raspet,chilipossum,2024-07-05,https://www.inaturalist.org/observations/227701792,"© Cricket Raspet, some rights reserved (CC-BY)",4e55938b4e67bbe57110498e91b2785baca5cd1d175bf71da61f97991707c17d,cc-by,https://creativecommons.org/licenses/by/4.0/,194495,2026-09-26T05:47:54Z
Flabellinopsis iodinea,663511680,https://inaturalist-open-data.s3.amazonaws.com/photos/663511680/medium.jpg,CC-BY 4.0,Nathan,befuddledowl,2026-05-20,https://www.inaturalist.org/observations/363487943,"© Nathan, some rights reserved (CC-BY)",5b106c49269690423072f30f25ed5897c430948fed8d22537025a203be881dea,cc-by,https://creativecommons.org/licenses/by/4.0/,194495,2026-09-26T05:47:50Z
Flabellinopsis iodinea,342819691,https://inaturalist-open-data.s3.amazonaws.com/photos/342819691/medium.jpeg,CC-BY 4.0,Steve Addison,digitaltidepool,2023-12-26,https://www.inaturalist.org/observations/194944915,"© Steve Addison, some rights reserved (CC-BY)",c608036a71bf73d2d471db216ad1b62812f20305bfc558ba3ad94fdb955ae3b0,cc-by,https://creativecommons.org/licenses/by/4.0/,194495,2026-09-26T05:47:45Z
Flabellinopsis iodinea,460845241,https://inaturalist-open-data.s3.amazonaws.com/photos/460845241/medium.jpeg,CC-BY 4.0,Lisa Biasillo,tidepooltales,2024-12-30,https://www.inaturalist.org/observations/256960604,"© Lisa Biasillo, some rights reserved (CC-BY)",19eaf1504a6014fd6615a35d4d71208f266f4bee3339704a1c12694d8a76d86c,cc-by,https://creativecommons.org/licenses/by/4.0/,194495,2026-09-26T05:47:48Z
Flabellinopsis iodinea,451735849,https://inaturalist-open-data.s3.amazonaws.com/photos/451735849/medium.jpeg,CC-BY 4.0,Lisa Biasillo,tidepooltales,2024-11-18,https://www.inaturalist.org/observations/252356778,"© Lisa Biasillo, some rights reserved (CC-BY)",0e391c6d22ee3f6f585fc33a0f4d8a19790130fff60b52c0d6d2f5016acf5d64,cc-by,https://creativecommons.org/licenses/by/4.0/,194495,2026-09-26T05:47:50Z
Octopus bimaculoides,160227616,https://inaturalist-open-data.s3.amazonaws.com/photos/160227616/medium.jpg,CC-BY 4.0,James M. Maley,jmaley,2021-09-26,https://www.inaturalist.org/observations/96317012,"© James M. Maley, some rights reserved (CC-BY)",08bc97def28d6353e0d7d5dbc326dd94c440680cd99d7c5dfb05332c17c47e71,cc-by,https://creativecommons.org/licenses/by/4.0/,54509,2026-09-26T05:47:56Z
Octopus bimaculoides,160227822,https://inaturalist-open-data.s3.amazonaws.com/photos/160227822/medium.jpg,CC-BY 4.0,James M. Maley,jmaley,2021-09-26,https://www.inaturalist.org/observations/96317012,"© James M. Maley, some rights reserved (CC-BY)",711b6633f1770d4d48dda398e2d94d272da809c6b258a81556c908d826ce625c,cc-by,https://creativecommons.org/licenses/by/4.0/,54509,2026-09-26T05:47:56Z
Octopus bimaculoides,539959847,https://inaturalist-open-data.s3.amazonaws.com/photos/539959847/medium.jpg,CC-BY 4.0,Lisa Biasillo,tidepooltales,2025-07-19,https://www.inaturalist.org/observations/299707382,"© Lisa Biasillo, some rights reserved (CC-BY)",d057395708ea1d8901958a05ec3b8fb6d27e6720d704edf5b06640b9088e22f5,cc-by,https://creativecommons.org/licenses/by/4.0/,54509,2026-09-26T05:47:57Z
Octopus bimaculoides,539959852,https://inaturalist-open-data.s3.amazonaws.com/photos/539959852/medium.jpg,CC-BY 4.0,Lisa Biasillo,tidepooltales,2025-07-19,https://www.inaturalist.org/observations/299707382,"© Lisa Biasillo, some rights reserved (CC-BY)",009471b75dafe6beb48404b69c93199c7bf84843abf6a02adaee11344ebc8e9e,cc-by,https://creativecommons.org/licenses/by/4.0/,54509,2026-09-26T05:47:57Z
Octopus bimaculoides,453885355,https://inaturalist-open-data.s3.amazonaws.com/photos/453885355/medium.jpg,CC-BY 4.0,Cricket Raspet,chilipossum,2024-11-28,https://www.inaturalist.org/observations/253484064,"© Cricket Raspet, some rights reserved (CC-BY)",98b1bd57a77ac44e96376094f9c3b78a48703bbd36ab56d7a7c85266938837fd,cc-by,https://creativecommons.org/licenses/by/4.0/,54509,2026-09-26T05:47:57Z
Octopus bimaculoides,675761631,https://inaturalist-open-data.s3.amazonaws.com/photos/675761631/medium.jpg,CC-BY 4.0,Nathan,befuddledowl,2026-06-07,https://www.inaturalist.org/observations/369926581,"© Nathan, some rights reserved (CC-BY)",bf79e661ec8def6dc522d746e863601e0163c9b4a8f3423451c5a4b76a65be6e,cc-by,https://creativecommons.org/licenses/by/4.0/,54509,2026-09-26T05:47:57Z
Octopus bimaculoides,475682635,https://inaturalist-open-data.s3.amazonaws.com/photos/475682635/medium.jpeg,CC-BY 4.0,Lisa Biasillo,tidepooltales,2025-03-09,https://www.inaturalist.org/observations/264877725,"© Lisa Biasillo, some rights reserved (CC-BY)",b85008ba386085e32e2efea735dcdb20275ac321bdfd8790111b56d272923a13,cc-by,https://creativecommons.org/licenses/by/4.0/,54509,2026-09-26T05:47:57Z
Octopus bimaculoides,475682638,https://inaturalist-open-data.s3.amazonaws.com/photos/475682638/medium.jpeg,CC-BY 4.0,Lisa Biasillo,tidepooltales,2025-03-09,https://www.inaturalist.org/observations/264877725,"© Lisa Biasillo, some rights reserved (CC-BY)",7b62c429779bb1cfe2143bd1aab850a741a723bb3040d86771158967c4a95e86,cc-by,https://creativecommons.org/licenses/by/4.0/,54509,2026-09-26T05:47:57Z
Octopus bimaculoides,475682649,https://inaturalist-open-data.s3.amazonaws.com/photos/475682649/medium.jpeg,CC-BY 4.0,Lisa Biasillo,tidepooltales,2025-03-09,https://www.inaturalist.org/observations/264877728,"© Lisa Biasillo, some rights reserved (CC-BY)",8bd870129de3fb8ecbef23bb4c3a0a70fdd81551c702d1c29916ab920e3d0868,cc-by,https://creativecommons.org/licenses/by/4.0/,54509,2026-09-26T05:47:58Z
Octopus bimaculoides,253267715,https://inaturalist-open-data.s3.amazonaws.com/photos/253267715/medium.jpg,CC-BY 4.0,Eric Klug,ericklug,2022-12-24,https://www.inaturalist.org/observations/147210294,"© Eric Klug, some rights reserved (CC-BY)",1986b57fdb3d12013548ba1b05ad959b760ba5472f7f725133c1ebbd9f7789fa,cc-by,https://creativecommons.org/licenses/by/4.0/,54509,2026-09-26T05:47:58Z
Octopus bimaculoides,253267731,https://inaturalist-open-data.s3.amazonaws.com/photos/253267731/medium.jpg,CC-BY 4.0,Eric Klug,ericklug,2022-12-24,https://www.inaturalist.org/observations/147210294,"© Eric Klug, some rights reserved (CC-BY)",ad71fc81912c7fe20d897aee4ac92db5923cee8655ff4d221c60e0bca7f43921,cc-by,https://creativecommons.org/licenses/by/4.0/,54509,2026-09-26T05:47:58Z
Octopus bimaculoides,198464513,https://inaturalist-open-data.s3.amazonaws.com/photos/198464513/medium.jpeg,CC-BY 4.0,Cypress Hansen,north_star_naturalist,2022-05-17,https://www.inaturalist.org/observations/117510665,"© Cypress Hansen, some rights reserved (CC-BY)",5993b66c3528f8dc6cd2809472e0fce4297f7e9b2c9109a51cde48c2bcf621b7,cc-by,https://creativecommons.org/licenses/by/4.0/,54509,2026-09-26T05:48:00Z
Octopus bimaculoides,564431063,https://inaturalist-open-data.s3.amazonaws.com/photos/564431063/medium.jpg,CC-BY 4.0,Lisa Biasillo,tidepooltales,2025-09-07,https://www.inaturalist.org/observations/312606434,"© Lisa Biasillo, some rights reserved (CC-BY)",31fa1d9bf148ab4803ce70ca55b9fb7ffd507eab3d5d3cf17f90a34ab91db10c,cc-by,https://creativecommons.org/licenses/by/4.0/,54509,2026-09-26T05:48:01Z
Octopus bimaculoides,463362858,https://inaturalist-open-data.s3.amazonaws.com/photos/463362858/medium.jpg,CC-BY 4.0,Lisa Biasillo,tidepooltales,2025-01-01,https://www.inaturalist.org/observations/258283217,"© Lisa Biasillo, some rights reserved (CC-BY)",95b0a7f62d95e77ee700541e2d3085bb111b8e5a73e67f60b6742e3eca31b305,cc-by,https://creativecommons.org/licenses/by/4.0/,54509,2026-09-26T05:48:01Z
Octopus bimaculoides,349636805,https://inaturalist-open-data.s3.amazonaws.com/photos/349636805/medium.jpg,CC-BY 4.0,Andre Dominguez,andredominguez,2024-01-10,https://www.inaturalist.org/observations/198377756,"© Andre Dominguez, some rights reserved (CC-BY)",6d6dab8265bb37740583e23c2ee4bb4cea9eab44a95174f94d0f08be8d6c525b,cc-by,https://creativecommons.org/licenses/by/4.0/,54509,2026-09-26T05:48:03Z
Octopus bimaculoides,349636816,https://inaturalist-open-data.s3.amazonaws.com/photos/349636816/medium.jpg,CC-BY 4.0,Andre Dominguez,andredominguez,2024-01-10,https://www.inaturalist.org/observations/198377756,"© Andre Dominguez, some rights reserved (CC-BY)",5cc2644450a2ab778b1d979b415c8c66f6e158cffa122b81ae63c6e8e74aa5fc,cc-by,https://creativecommons.org/licenses/by/4.0/,54509,2026-09-26T05:48:03Z
Octopus bimaculoides,641026268,https://inaturalist-open-data.s3.amazonaws.com/photos/641026268/medium.jpg,CC-BY 4.0,Nathan,befuddledowl,2026-04-19,https://www.inaturalist.org/observations/351287312,"© Nathan, some rights reserved (CC-BY)",0d22c1111f8bd2f70f9209cc7529e25f7c22e4fb82efb0f60737d236ad24103a,cc-by,https://creativecommons.org/licenses/by/4.0/,54509,2026-09-26T05:48:05Z
Octopus bimaculoides,215062258,https://inaturalist-open-data.s3.amazonaws.com/photos/215062258/medium.jpeg,CC-BY 4.0,Cypress Hansen,north_star_naturalist,2022-07-15,https://www.inaturalist.org/observations/126732266,"© Cypress Hansen, some rights reserved (CC-BY)",e75983d1ba96473c9db99423b981af1a4c53d035108e6f7f8aadfc280b1d56dc,cc-by,https://creativecommons.org/licenses/by/4.0/,54509,2026-09-26T05:48:07Z
Octopus bimaculoides,215062227,https://inaturalist-open-data.s3.amazonaws.com/photos/215062227/medium.jpeg,CC-BY 4.0,Cypress Hansen,north_star_naturalist,2022-07-15,https://www.inaturalist.org/observations/126732266,"© Cypress Hansen, some rights reserved (CC-BY)",2419a61be7a26667eac811918ebcee570d33bc49dd8dd55dcf5d0c562c6e434a,cc-by,https://creativecommons.org/licenses/by/4.0/,54509,2026-09-26T05:48:06Z
Octopus bimaculoides,590299164,https://inaturalist-open-data.s3.amazonaws.com/photos/590299164/medium.jpg,CC-BY 4.0,Cypress Hansen,north_star_naturalist,2025-11-09,https://www.inaturalist.org/observations/325976126,"© Cypress Hansen, some rights reserved (CC-BY)",40973b30ffe2f933dd9a987974c4eb0aa5fc126166e38166f5bb23d75cb9bfa6,cc-by,https://creativecommons.org/licenses/by/4.0/,54509,2026-09-26T05:48:07Z
Octopus bimaculoides,590299154,https://inaturalist-open-data.s3.amazonaws.com/photos/590299154/medium.jpg,CC-BY 4.0,Cypress Hansen,north_star_naturalist,2025-11-09,https://www.inaturalist.org/observations/325976126,"© Cypress Hansen, some rights reserved (CC-BY)",c0d8b34cd0e2b3520ac7b7e3a1d33572c7da0245167e334697709c49fd61ea43,cc-by,https://creativecommons.org/licenses/by/4.0/,54509,2026-09-26T05:48:07Z
Octopus bimaculoides,599855710,https://inaturalist-open-data.s3.amazonaws.com/photos/599855710/medium.jpg,CC-BY 4.0,Nathan,befuddledowl,2025-12-13,https://www.inaturalist.org/observations/330756825,"© Nathan, some rights reserved (CC-BY)",325e56cd502337036681bfea9b05038fcdbfb827ec51d6ab3d625940a3c28c45,cc-by,https://creativecommons.org/licenses/by/4.0/,54509,2026-09-26T05:48:07Z
Octopus bimaculoides,578225205,https://inaturalist-open-data.s3.amazonaws.com/photos/578225205/medium.jpg,CC-BY 4.0,Lisa Biasillo,tidepooltales,2025-10-08,https://www.inaturalist.org/observations/319851924,"© Lisa Biasillo, some rights reserved (CC-BY)",a7a60f96ff500d691fd355562598fbf4cec09ad8f02a458e8149e323d97b23ad,cc-by,https://creativecommons.org/licenses/by/4.0/,54509,2026-09-26T05:48:07Z
Octopus bimaculoides,345952424,https://inaturalist-open-data.s3.amazonaws.com/photos/345952424/medium.jpeg,CC-BY 4.0,Cricket Raspet,chilipossum,2024-01-12,https://www.inaturalist.org/observations/196491086,"© Cricket Raspet, some rights reserved (CC-BY)",361742e84bd900c8318c771473b4cd0afee51697de78b1f7b4bf8c9e5c769b26,cc-by,https://creativecommons.org/licenses/by/4.0/,54509,2026-09-26T05:48:07Z
Octopus bimaculoides,345952330,https://inaturalist-open-data.s3.amazonaws.com/photos/345952330/medium.jpeg,CC-BY 4.0,Cricket Raspet,chilipossum,2024-01-12,https://www.inaturalist.org/observations/196491086,"© Cricket Raspet, some rights reserved (CC-BY)",1e675c863d4732f37eb0aaf7095f9df39bf00762152b7b14fdb5c6bff21abaf2,cc-by,https://creativecommons.org/licenses/by/4.0/,54509,2026-09-26T05:48:07Z
Octopus bimaculoides,120496308,https://inaturalist-open-data.s3.amazonaws.com/photos/120496308/medium.jpg,CC-BY 4.0,Stella,little_starling,2021-03-26,https://www.inaturalist.org/observations/73780238,"© Stella, some rights reserved (CC-BY)",0eff60ecc731726ec1bf96d943811ab0888a9e942073dc8512a796adc233570b,cc-by,https://creativecommons.org/licenses/by/4.0/,54509,2026-09-26T05:48:08Z
Octopus bimaculoides,696100369,https://inaturalist-open-data.s3.amazonaws.com/photos/696100369/medium.jpg,CC-BY 4.0,Gavin Skeen,gavin_skeen,2026-07-11,https://www.inaturalist.org/observations/380487772,"© Gavin Skeen, some rights reserved (CC-BY)",93aeaba546482ede44399f2e1822c0a7200605a499ecccf826ac47bcebe41c0c,cc-by,https://creativecommons.org/licenses/by/4.0/,54509,2026-09-26T05:48:09Z
Octopus bimaculoides,539952104,https://inaturalist-open-data.s3.amazonaws.com/photos/539952104/medium.jpg,CC-BY 4.0,Lisa Biasillo,tidepooltales,2025-07-19,https://www.inaturalist.org/observations/299702386,"© Lisa Biasillo, some rights reserved (CC-BY)",b43bb4fe400af20cb77ea65020adbb7b7fcbe74970a3e734aba82a2ce2163dc6,cc-by,https://creativecommons.org/licenses/by/4.0/,54509,2026-09-26T05:48:09Z
Octopus bimaculoides,539951987,https://inaturalist-open-data.s3.amazonaws.com/photos/539951987/medium.jpg,CC-BY 4.0,Lisa Biasillo,tidepooltales,2025-07-19,https://www.inaturalist.org/observations/299702386,"© Lisa Biasillo, some rights reserved (CC-BY)",bccf6ed22f297c4630b89d665e03c88a3fd47051efda699b638841b6a90283d6,cc-by,https://creativecommons.org/licenses/by/4.0/,54509,2026-09-26T05:48:09Z
Octopus bimaculoides,253089254,https://inaturalist-open-data.s3.amazonaws.com/photos/253089254/medium.jpeg,CC-BY 4.0,Madeleine Claire,madily,2023-01-21,https://www.inaturalist.org/observations/147119409,"© Madeleine Claire, some rights reserved (CC-BY)",fda5e4819b8589753cc2224f8a2b289ca26d240e50f503b9a3475908e4dbe85c,cc-by,https://creativecommons.org/licenses/by/4.0/,54509,2026-09-26T05:48:10Z
Octopus bimaculoides,463373851,https://inaturalist-open-data.s3.amazonaws.com/photos/463373851/medium.jpeg,CC-BY 4.0,Lisa Biasillo,tidepooltales,2025-01-11,https://www.inaturalist.org/observations/258288564,"© Lisa Biasillo, some rights reserved (CC-BY)",a30773a39d989c34910b45f6c1870c9f8008603767654c285250037a1246ef2c,cc-by,https://creativecommons.org/licenses/by/4.0/,54509,2026-09-26T05:48:10Z
Octopus bimaculoides,463373849,https://inaturalist-open-data.s3.amazonaws.com/photos/463373849/medium.jpeg,CC-BY 4.0,Lisa Biasillo,tidepooltales,2025-01-11,https://www.inaturalist.org/observations/258288564,"© Lisa Biasillo, some rights reserved (CC-BY)",624094854a9974cae6462318ca23dbf0fde5c6cfed93619a983542d6b47ebd8c,cc-by,https://creativecommons.org/licenses/by/4.0/,54509,2026-09-26T05:48:10Z
Octopus bimaculoides,518762760,https://inaturalist-open-data.s3.amazonaws.com/photos/518762760/medium.jpg,CC-BY 4.0,Adam J. Searcy,serpophaga,2022-02-02,https://www.inaturalist.org/observations/288462028,"© Adam J. Searcy, some rights reserved (CC-BY)",3938cfdcb3d489d9c1042805602ec1f0ab172e154aaf9d96fd090e9fc2b7a13d,cc-by,https://creativecommons.org/licenses/by/4.0/,54509,2026-09-26T05:48:12Z
Octopus bimaculoides,525907682,https://inaturalist-open-data.s3.amazonaws.com/photos/525907682/medium.jpg,CC-BY 4.0,Nathan,befuddledowl,2025-06-12,https://www.inaturalist.org/observations/292257544,"© Nathan, some rights reserved (CC-BY)",de503f24268051b8a757e0af0d24c53dcbb6b9e36226ce7ab2d71fcdf299afe0,cc-by,https://creativecommons.org/licenses/by/4.0/,54509,2026-09-26T05:48:13Z
Octopus bimaculoides,523763346,https://inaturalist-open-data.s3.amazonaws.com/photos/523763346/medium.jpg,CC-BY 4.0,Rachel Lee Harper,rachelleaf,2025-06-19,https://www.inaturalist.org/observations/291119169,"© Rachel Lee Harper, some rights reserved (CC-BY)",deae1f0f8c2dc7aa995bf5a77e88bf2f5d055d0496ed5a0165d1658928453daf,cc-by,https://creativecommons.org/licenses/by/4.0/,54509,2026-09-26T05:48:02Z
Octopus bimaculoides,617902731,https://inaturalist-open-data.s3.amazonaws.com/photos/617902731/medium.jpg,CC-BY 4.0,tunicatedreamz,tunicatedreamz,2026-02-21,https://www.inaturalist.org/observations/339644442,"© tunicatedreamz, some rights reserved (CC-BY)",41cd02d368aab7c2d1e543c87fbaced54ddf3f320b3d172256b18deb0a49479a,cc-by,https://creativecommons.org/licenses/by/4.0/,54509,2026-09-26T05:48:07Z
Octopus bimaculoides,675761252,https://inaturalist-open-data.s3.amazonaws.com/photos/675761252/medium.jpg,CC-BY 4.0,Nathan,befuddledowl,2026-06-07,https://www.inaturalist.org/observations/369926500,"© Nathan, some rights reserved (CC-BY)",108d2f6dbd91614dd13b022eeb4e885774d33ebed03488ebba42c5d7a22c2f86,cc-by,https://creativecommons.org/licenses/by/4.0/,54509,2026-09-26T05:48:07Z
Octopus bimaculoides,487662985,https://inaturalist-open-data.s3.amazonaws.com/photos/487662985/medium.jpeg,CC-BY 4.0,Lisa Biasillo,tidepooltales,2025-04-14,https://www.inaturalist.org/observations/271125111,"© Lisa Biasillo, some rights reserved (CC-BY)",887143352a3dfd0e42401d179070b624654ac4e6d79aeca89fbb5a09cafb1d95,cc-by,https://creativecommons.org/licenses/by/4.0/,54509,2026-09-26T05:48:10Z
Octopus bimaculoides,599855932,https://inaturalist-open-data.s3.amazonaws.com/photos/599855932/medium.jpg,CC-BY 4.0,Nathan,befuddledowl,2025-12-13,https://www.inaturalist.org/observations/330756846,"© Nathan, some rights reserved (CC-BY)",baf46ed146e3a7a921df7bcd3a893ae89a5dea6979943c16bf776b14ebcbb096,cc-by,https://creativecommons.org/licenses/by/4.0/,54509,2026-09-26T05:48:08Z
Octopus bimaculoides,150072328,https://inaturalist-open-data.s3.amazonaws.com/photos/150072328/medium.jpg,CC-BY 4.0,Cricket Raspet,chilipossum,2021-08-10,https://www.inaturalist.org/observations/90784310,"© Cricket Raspet, some rights reserved (CC-BY)",bdf236b6976cbcb99c068917733b752fda3bec2a154b301b3bac3300e4ec1ad2,cc-by,https://creativecommons.org/licenses/by/4.0/,54509,2026-09-26T05:48:01Z
Octopus bimaculoides,599855757,https://inaturalist-open-data.s3.amazonaws.com/photos/599855757/medium.jpg,CC-BY 4.0,Nathan,befuddledowl,2025-12-13,https://www.inaturalist.org/observations/330756831,"© Nathan, some rights reserved (CC-BY)",2b8b13c86f91e1544ac8a94c5c13d18140441c56ebb7733e99114bd1a1529bd4,cc-by,https://creativecommons.org/licenses/by/4.0/,54509,2026-09-26T05:48:04Z
Octopus bimaculoides,529328174,https://inaturalist-open-data.s3.amazonaws.com/photos/529328174/medium.jpg,CC-BY 4.0,Eric Klug,ericklug,2025-06-28,https://www.inaturalist.org/observations/293619509,"© Eric Klug, some rights reserved (CC-BY)",dae0cc1209df03616655bc60b2d2dd44585d93e843b9379ce7f09b95910d67a9,cc-by,https://creativecommons.org/licenses/by/4.0/,54509,2026-09-26T05:47:59Z
Octopus bimaculoides,498850290,https://inaturalist-open-data.s3.amazonaws.com/photos/498850290/medium.jpeg,CC-BY 4.0,Henrik Kibak,hkibak,2025-05-01,https://www.inaturalist.org/observations/277823904,"© Henrik Kibak, some rights reserved (CC-BY)",9f8059b0afd7d57f154f24d64b5cba95179a31fb0572953777502560408268f1,cc-by,https://creativecommons.org/licenses/by/4.0/,54509,2026-09-26T05:48:08Z
Peltodoris nobilis,604362153,https://inaturalist-open-data.s3.amazonaws.com/photos/604362153/medium.jpg,CC-BY 4.0,Mandy Hackney,mandymushii,2025-12-31,https://www.inaturalist.org/observations/332948286,"© Mandy Hackney, some rights reserved (CC-BY)",1ddbcdf07260150bbb4e362d360a14df5e95e9ab7767f71f351f831604ea10d9,cc-by,https://creativecommons.org/licenses/by/4.0/,48450,2026-09-26T05:48:17Z
Peltodoris nobilis,287281421,https://inaturalist-open-data.s3.amazonaws.com/photos/287281421/medium.jpeg,CC-BY 4.0,Cricket Raspet,chilipossum,2023-06-06,https://www.inaturalist.org/observations/165936595,"© Cricket Raspet, some rights reserved (CC-BY)",308c1ff40064e6845b4cb6faaea3af8dc6db539463be2224641c80e55c48d834,cc-by,https://creativecommons.org/licenses/by/4.0/,48450,2026-09-26T05:48:17Z
Peltodoris nobilis,498344926,https://inaturalist-open-data.s3.amazonaws.com/photos/498344926/medium.jpeg,CC-BY 4.0,Cricket Raspet,chilipossum,2025-05-01,https://www.inaturalist.org/observations/277545982,"© Cricket Raspet, some rights reserved (CC-BY)",6983eaafffb9e414c2531785ce08f60d02154a7947e36217ff15f63c7db32986,cc-by,https://creativecommons.org/licenses/by/4.0/,48450,2026-09-26T05:48:18Z
Peltodoris nobilis,647538217,https://inaturalist-open-data.s3.amazonaws.com/photos/647538217/medium.jpg,CC-BY 4.0,Nathan,befuddledowl,2026-04-25,https://www.inaturalist.org/observations/354994182,"© Nathan, some rights reserved (CC-BY)",4c98b799a8735a5c6d707ea5845541917c664caa72bc3057e71fbdfdddff2a82,cc-by,https://creativecommons.org/licenses/by/4.0/,48450,2026-09-26T05:48:19Z
Peltodoris nobilis,698532312,https://inaturalist-open-data.s3.amazonaws.com/photos/698532312/medium.jpg,CC-BY 4.0,Cricket Raspet,chilipossum,2026-07-14,https://www.inaturalist.org/observations/381744148,"© Cricket Raspet, some rights reserved (CC-BY)",0123e2399e71aa3e507e0e9ead897dacf476a1c3eeb2ab477fc931edd456d9c0,cc-by,https://creativecommons.org/licenses/by/4.0/,48450,2026-09-26T05:48:19Z
Peltodoris nobilis,104690746,https://inaturalist-open-data.s3.amazonaws.com/photos/104690746/medium.jpeg,CC-BY 4.0,Monica Ventrice,moventrice,2020-11-15,https://www.inaturalist.org/observations/65060242,"© Monica Ventrice, some rights reserved (CC-BY)",4c47596f8ef43448674fe3c848ffca62ddf433f79cf20d81aa2c4b040315432d,cc-by,https://creativecommons.org/licenses/by/4.0/,48450,2026-09-26T05:48:20Z
Peltodoris nobilis,171378816,https://inaturalist-open-data.s3.amazonaws.com/photos/171378816/medium.jpeg,CC-BY 4.0,Cricket Raspet,chilipossum,2021-12-04,https://www.inaturalist.org/observations/102513269,"© Cricket Raspet, some rights reserved (CC-BY)",b5fbb9ddab359c4c999b714744dd18f58e3c5980e64a21f7482b08cdbb6ab01c,cc-by,https://creativecommons.org/licenses/by/4.0/,48450,2026-09-26T05:48:20Z
Peltodoris nobilis,542075831,https://inaturalist-open-data.s3.amazonaws.com/photos/542075831/medium.jpg,CC-BY 4.0,Cricket Raspet,chilipossum,2025-07-24,https://www.inaturalist.org/observations/300849962,"© Cricket Raspet, some rights reserved (CC-BY)",6b354b262058cded746b51425c5203bb411bd44925fb750b7a6e7666d81fab2f,cc-by,https://creativecommons.org/licenses/by/4.0/,48450,2026-09-26T05:48:21Z
Peltodoris nobilis,671863364,https://inaturalist-open-data.s3.amazonaws.com/photos/671863364/medium.jpg,CC-BY 4.0,Cricket Raspet,chilipossum,2026-06-02,https://www.inaturalist.org/observations/367881876,"© Cricket Raspet, some rights reserved (CC-BY)",07ba6acdc839131f460662a69f90c505254f53c27573bd1473cadd66dbec74e1,cc-by,https://creativecommons.org/licenses/by/4.0/,48450,2026-09-26T05:48:21Z
Peltodoris nobilis,698542893,https://inaturalist-open-data.s3.amazonaws.com/photos/698542893/medium.jpg,CC-BY 4.0,Cricket Raspet,chilipossum,2026-07-14,https://www.inaturalist.org/observations/381749959,"© Cricket Raspet, some rights reserved (CC-BY)",63753aace1b624ef647a1db48a8a5c1d803fa50e7e2ed922b23b00ae0c4beae5,cc-by,https://creativecommons.org/licenses/by/4.0/,48450,2026-09-26T05:48:21Z
Peltodoris nobilis,433283182,https://inaturalist-open-data.s3.amazonaws.com/photos/433283182/medium.jpeg,CC-BY 4.0,Cricket Raspet,chilipossum,2024-09-20,https://www.inaturalist.org/observations/243015306,"© Cricket Raspet, some rights reserved (CC-BY)",b77890a06d7c845a5b74d572c97c8295558e037993d8acf2aa95fd309866c2fe,cc-by,https://creativecommons.org/licenses/by/4.0/,48450,2026-09-26T05:48:21Z
Peltodoris nobilis,433285638,https://inaturalist-open-data.s3.amazonaws.com/photos/433285638/medium.jpeg,CC-BY 4.0,Cricket Raspet,chilipossum,2024-09-20,https://www.inaturalist.org/observations/243015387,"© Cricket Raspet, some rights reserved (CC-BY)",f94cfd78e4df3404c079356c211aaccf0db792a4540a026d0113c2634017c1e7,cc-by,https://creativecommons.org/licenses/by/4.0/,48450,2026-09-26T05:48:21Z
Peltodoris nobilis,361811259,https://inaturalist-open-data.s3.amazonaws.com/photos/361811259/medium.jpeg,CC-BY 4.0,Marilynne Box,marilynneb,2024-03-16,https://www.inaturalist.org/observations/204678611,"© Marilynne Box, some rights reserved (CC-BY)",e7428af5b90be7f72e9a2145e8ea6b7fe195d34c205c434e774d35c57818d64c,cc-by,https://creativecommons.org/licenses/by/4.0/,48450,2026-09-26T05:48:22Z
Peltodoris nobilis,391219368,https://inaturalist-open-data.s3.amazonaws.com/photos/391219368/medium.jpeg,CC-BY 4.0,Rebecca Johnson,rebeccafay,2024-06-06,https://www.inaturalist.org/observations/220939808,"© Rebecca Johnson, some rights reserved (CC-BY)",dbd903cd9e1b97d8dde35755957a82656a5c1f0d15ee88c2829242f085bc5977,cc-by,https://creativecommons.org/licenses/by/4.0/,48450,2026-09-26T05:48:22Z
Peltodoris nobilis,385794939,https://inaturalist-open-data.s3.amazonaws.com/photos/385794939/medium.jpeg,CC-BY 4.0,Cricket Raspet,chilipossum,2024-05-24,https://www.inaturalist.org/observations/218038349,"© Cricket Raspet, some rights reserved (CC-BY)",2ee08887157a89555b67b36713e8ba4230efaaccc782f962d63fee82a60a0c90,cc-by,https://creativecommons.org/licenses/by/4.0/,48450,2026-09-26T05:48:22Z
Peltodoris nobilis,542072327,https://inaturalist-open-data.s3.amazonaws.com/photos/542072327/medium.jpg,CC-BY 4.0,Cricket Raspet,chilipossum,2025-07-24,https://www.inaturalist.org/observations/300847818,"© Cricket Raspet, some rights reserved (CC-BY)",1270e1e1720e8d65b99492b3b8127f3fd4cfd5321a4466919209ccec5c53b0bd,cc-by,https://creativecommons.org/licenses/by/4.0/,48450,2026-09-26T05:48:23Z
Peltodoris nobilis,96464423,https://inaturalist-open-data.s3.amazonaws.com/photos/96464423/medium.jpeg,CC-BY 4.0,James Telford,jtelford,2020-09-06,https://www.inaturalist.org/observations/58806464,"© James Telford, some rights reserved (CC-BY)",85206ed4b14a3922f32b291fa900bde0fe9d759ec2f315f471658ce41bdf9924,cc-by,https://creativecommons.org/licenses/by/4.0/,48450,2026-09-26T05:48:23Z
Peltodoris nobilis,485588304,https://inaturalist-open-data.s3.amazonaws.com/photos/485588304/medium.jpg,CC-BY 4.0,Marilynne Box,marilynneb,2025-03-31,https://www.inaturalist.org/observations/270036684,"© Marilynne Box, some rights reserved (CC-BY)",a2d3800fe284ca3d2b2c416a0905614dfbd6fe3a37be8d231d2fdc309e3170dc,cc-by,https://creativecommons.org/licenses/by/4.0/,48450,2026-09-26T05:48:23Z
Peltodoris nobilis,696043776,https://inaturalist-open-data.s3.amazonaws.com/photos/696043776/medium.jpg,CC-BY 4.0,Marilynne Box,marilynneb,2026-06-14,https://www.inaturalist.org/observations/380458374,"© Marilynne Box, some rights reserved (CC-BY)",0dfeada2809849b19122817a033cd46803ba94f1d0d1c537a8f98734bbbdc966,cc-by,https://creativecommons.org/licenses/by/4.0/,48450,2026-09-26T05:48:24Z
Peltodoris nobilis,105053878,https://inaturalist-open-data.s3.amazonaws.com/photos/105053878/medium.jpg,CC-BY 4.0,Cricket Raspet,chilipossum,2020-11-16,https://www.inaturalist.org/observations/65287635,"© Cricket Raspet, some rights reserved (CC-BY)",f30d8c00264b4785110b5a7027325eebdcb227a1b8610a6951945fec266fd7dd,cc-by,https://creativecommons.org/licenses/by/4.0/,48450,2026-09-26T05:48:24Z
Peltodoris nobilis,261325756,https://inaturalist-open-data.s3.amazonaws.com/photos/261325756/medium.jpeg,CC-BY 4.0,Sage Sharp,tidaltraveler,2023-03-17,https://www.inaturalist.org/observations/151453683,"© Sage Sharp, some rights reserved (CC-BY)",ab5dd9e522bac68279d3d861146213ceb7aee142bc5d3097ece961599600ba9f,cc-by,https://creativecommons.org/licenses/by/4.0/,48450,2026-09-26T05:48:24Z
Peltodoris nobilis,253197765,https://inaturalist-open-data.s3.amazonaws.com/photos/253197765/medium.jpeg,CC-BY 4.0,Cricket Raspet,chilipossum,2023-01-22,https://www.inaturalist.org/observations/147174435,"© Cricket Raspet, some rights reserved (CC-BY)",d8aa2f04287b71476eef32b8e02a40534a364d69fccc51248a472e2dae254327,cc-by,https://creativecommons.org/licenses/by/4.0/,48450,2026-09-26T05:48:24Z
Peltodoris nobilis,399733277,https://inaturalist-open-data.s3.amazonaws.com/photos/399733277/medium.jpeg,CC-BY 4.0,Steve Addison,digitaltidepool,2024-06-26,https://www.inaturalist.org/observations/225456837,"© Steve Addison, some rights reserved (CC-BY)",4eeb99fae5648b3af0664a2b8171dd87f5eaab3ec70f0f5d895520ed7b8d2f63,cc-by,https://creativecommons.org/licenses/by/4.0/,48450,2026-09-26T05:48:25Z
Peltodoris nobilis,98327,https://inaturalist-open-data.s3.amazonaws.com/photos/98327/medium.jpg,CC-BY 4.0,Ken-ichi Ueda,kueda,2012-04-09,https://www.inaturalist.org/observations/64097,"© Ken-ichi Ueda, some rights reserved (CC-BY)",32b35eea5e82de12025f642c7fba20975744562b53ad1e13026dc257a3b8ca8e,cc-by,https://creativecommons.org/licenses/by/4.0/,48450,2026-09-26T05:48:25Z
Peltodoris nobilis,466890368,https://inaturalist-open-data.s3.amazonaws.com/photos/466890368/medium.jpg,CC-BY 4.0,Neal Kelso,nealkelso,2025-01-29,https://www.inaturalist.org/observations/260028012,"© Neal Kelso, some rights reserved (CC-BY)",daddcfc1b9ba34c118c13a6f6e4dd63058570e0253c359d1855ca12d6f0d41da,cc-by,https://creativecommons.org/licenses/by/4.0/,48450,2026-09-26T05:48:25Z
Peltodoris nobilis,466890563,https://inaturalist-open-data.s3.amazonaws.com/photos/466890563/medium.jpg,CC-BY 4.0,Neal Kelso,nealkelso,2025-01-29,https://www.inaturalist.org/observations/260028012,"© Neal Kelso, some rights reserved (CC-BY)",038c767af873bbd882585448a317b2af0714973b6812046da9e32be59e042f2b,cc-by,https://creativecommons.org/licenses/by/4.0/,48450,2026-09-26T05:48:25Z
Peltodoris nobilis,119015130,https://inaturalist-open-data.s3.amazonaws.com/photos/119015130/medium.jpg,CC-BY 4.0,Topher Mueller,topher_mueller,2021-04-04,https://www.inaturalist.org/observations/72942199,"© Topher Mueller, some rights reserved (CC-BY)",a5a94cee891975d5263964c50e007380cb3a939951f3a8a1efef9206fca6b7f0,cc-by,https://creativecommons.org/licenses/by/4.0/,48450,2026-09-26T05:48:25Z
Peltodoris nobilis,119015197,https://inaturalist-open-data.s3.amazonaws.com/photos/119015197/medium.jpg,CC-BY 4.0,Topher Mueller,topher_mueller,2021-04-04,https://www.inaturalist.org/observations/72942199,"© Topher Mueller, some rights reserved (CC-BY)",18bc1a2bcf798a9127947d2464c4d0f238a4d3e7dc28ec7116909092008c106c,cc-by,https://creativecommons.org/licenses/by/4.0/,48450,2026-09-26T05:48:26Z
Peltodoris nobilis,433285517,https://inaturalist-open-data.s3.amazonaws.com/photos/433285517/medium.jpeg,CC-BY 4.0,Cricket Raspet,chilipossum,2024-09-20,https://www.inaturalist.org/observations/243015369,"© Cricket Raspet, some rights reserved (CC-BY)",2494a7058f9bbbadd505b67c1bbf5ff42d9de52c62581aba8b2f15d43787daa9,cc-by,https://creativecommons.org/licenses/by/4.0/,48450,2026-09-26T05:48:26Z
Peltodoris nobilis,463021426,https://inaturalist-open-data.s3.amazonaws.com/photos/463021426/medium.jpeg,CC-BY 4.0,Cricket Raspet,chilipossum,2025-01-10,https://www.inaturalist.org/observations/258106236,"© Cricket Raspet, some rights reserved (CC-BY)",a0f788e640dc1151a524e4b17f5d8d952e33695711bd4c3ce3f31cd857b0a3bc,cc-by,https://creativecommons.org/licenses/by/4.0/,48450,2026-09-26T05:48:26Z
Peltodoris nobilis,662836692,https://inaturalist-open-data.s3.amazonaws.com/photos/662836692/medium.jpg,CC-BY 4.0,Quinn Shemet,sqshemet,2026-05-18,https://www.inaturalist.org/observations/363133938,"© Quinn Shemet, some rights reserved (CC-BY)",05befdc16c5f016203ba48ba972985960709201944fd302cbb5eda8845e8d892,cc-by,https://creativecommons.org/licenses/by/4.0/,48450,2026-09-26T05:48:26Z
Peltodoris nobilis,615371290,https://inaturalist-open-data.s3.amazonaws.com/photos/615371290/medium.jpg,CC-BY 4.0,Sean Vanderluit,seanvanderluit,2026-02-12,https://www.inaturalist.org/observations/338388867,"© Sean Vanderluit, some rights reserved (CC-BY)",f4a273043f31912c432114a302137f6e98f896e8985b32f07ec4f3d07b5c8edb,cc-by,https://creativecommons.org/licenses/by/4.0/,48450,2026-09-26T05:48:27Z
Peltodoris nobilis,254331273,https://inaturalist-open-data.s3.amazonaws.com/photos/254331273/medium.jpeg,CC-BY 4.0,Matt Muir,muir,2023-01-21,https://www.inaturalist.org/observations/147769408,"© Matt Muir, some rights reserved (CC-BY)",2dad16e9c677fc9ac5888e096b4d46b0ce0db7ad2d7ab189880954f5f72fbaff,cc-by,https://creativecommons.org/licenses/by/4.0/,48450,2026-09-26T05:48:27Z
Peltodoris nobilis,386259445,https://inaturalist-open-data.s3.amazonaws.com/photos/386259445/medium.jpg,CC-BY 4.0,Marilynne Box,marilynneb,2024-05-10,https://www.inaturalist.org/observations/218287930,"© Marilynne Box, some rights reserved (CC-BY)",b8bfd97c4ff5019e7746cd5a4c3f8a8b261aace96f2f1acfc1daeef1e570e2ff,cc-by,https://creativecommons.org/licenses/by/4.0/,48450,2026-09-26T05:48:24Z
Peltodoris nobilis,525907774,https://inaturalist-open-data.s3.amazonaws.com/photos/525907774/medium.jpg,CC-BY 4.0,Nathan,befuddledowl,2025-06-12,https://www.inaturalist.org/observations/292257550,"© Nathan, some rights reserved (CC-BY)",f2ba0f33e5e332123eaaf0a46d6f3a534f17b765f06539aad63f5a226f9accfe,cc-by,https://creativecommons.org/licenses/by/4.0/,48450,2026-09-26T05:48:23Z
Peltodoris nobilis,132738933,https://inaturalist-open-data.s3.amazonaws.com/photos/132738933/medium.jpg,CC-BY 4.0,Cricket Raspet,chilipossum,2021-05-29,https://www.inaturalist.org/observations/80960172,"© Cricket Raspet, some rights reserved (CC-BY)",28deaae66d868812d04ada797bcf88ceba2b636556803d34bd0cc5205eb1a5d7,cc-by,https://creativecommons.org/licenses/by/4.0/,48450,2026-09-26T05:48:16Z
Peltodoris nobilis,139771799,https://inaturalist-open-data.s3.amazonaws.com/photos/139771799/medium.jpg,CC-BY 4.0,Cricket Raspet,chilipossum,2021-06-28,https://www.inaturalist.org/observations/84995278,"© Cricket Raspet, some rights reserved (CC-BY)",03a222ec86b7e2a82c2f48989b085344259b41012e9279900afa87c9a7691ec4,cc-by,https://creativecommons.org/licenses/by/4.0/,48450,2026-09-26T05:48:18Z
Peltodoris nobilis,340587702,https://inaturalist-open-data.s3.amazonaws.com/photos/340587702/medium.jpeg,CC-BY 4.0,Cricket Raspet,chilipossum,2023-12-12,https://www.inaturalist.org/observations/193851253,"© Cricket Raspet, some rights reserved (CC-BY)",62bd1b1e33f82f7689190f58b5d09dca5836f30d38b4b9fb171a6d693c736ebc,cc-by,https://creativecommons.org/licenses/by/4.0/,48450,2026-09-26T05:48:25Z
Peltodoris nobilis,107413326,https://inaturalist-open-data.s3.amazonaws.com/photos/107413326/medium.jpg,CC-BY 4.0,Cricket Raspet,chilipossum,2020-12-14,https://www.inaturalist.org/observations/66606789,"© Cricket Raspet, some rights reserved (CC-BY)",5bab56bf2e61c0ccf86f35513d4da65f32a1484775206f28294404fa2d11e623,cc-by,https://creativecommons.org/licenses/by/4.0/,48450,2026-09-26T05:48:24Z
Peltodoris nobilis,597633209,https://inaturalist-open-data.s3.amazonaws.com/photos/597633209/medium.jpg,CC-BY 4.0,harrii,harrii,2025-12-05,https://www.inaturalist.org/observations/329669615,"© harrii, some rights reserved (CC-BY)",d4026f6858054b0a80344aab89763c4e4bcdc531de9f38d4c31caf531244517d,cc-by,https://creativecommons.org/licenses/by/4.0/,48450,2026-09-26T05:48:24Z
Peltodoris nobilis,247040824,https://inaturalist-open-data.s3.amazonaws.com/photos/247040824/medium.jpeg,CC-BY 4.0,Madeleine Claire,madily,2022-12-08,https://www.inaturalist.org/observations/143989569,"© Madeleine Claire, some rights reserved (CC-BY)",18e13c72b49049f1794dd9ffe60a569350079d28fb96fd461f48b999ee52641e,cc-by,https://creativecommons.org/licenses/by/4.0/,48450,2026-09-26T05:48:20Z
Peltodoris nobilis,712907105,https://inaturalist-open-data.s3.amazonaws.com/photos/712907105/medium.jpg,CC-BY 4.0,Marilynne Box,marilynneb,2026-07-14,https://www.inaturalist.org/observations/389211612,"© Marilynne Box, some rights reserved (CC-BY)",2aa426f90410728509e54a2cdc090a21cb4534404120eb57fd957af8c5b44078,cc-by,https://creativecommons.org/licenses/by/4.0/,48450,2026-09-26T05:48:19Z
Peltodoris nobilis,663014779,https://inaturalist-open-data.s3.amazonaws.com/photos/663014779/medium.jpg,CC-BY 4.0,Rebecca Johnson,rebeccafay,2026-05-19,https://www.inaturalist.org/observations/363226342,"© Rebecca Johnson, some rights reserved (CC-BY)",5123cb97fe8c6b1a1bcd54af8ef0b0d19115f940d248fbb94726fab89d7b07e1,cc-by,https://creativecommons.org/licenses/by/4.0/,48450,2026-09-26T05:48:19Z
Peltodoris nobilis,171634004,https://inaturalist-open-data.s3.amazonaws.com/photos/171634004/medium.jpeg,CC-BY 4.0,Cricket Raspet,chilipossum,2021-12-06,https://www.inaturalist.org/observations/102647436,"© Cricket Raspet, some rights reserved (CC-BY)",afbd740bcdea0abf3af6a6b1b8dcc26257307de7cccfa745a05ae667a8f4f5d3,cc-by,https://creativecommons.org/licenses/by/4.0/,48450,2026-09-26T05:48:28Z
Peltodoris nobilis,107229002,https://inaturalist-open-data.s3.amazonaws.com/photos/107229002/medium.jpg,CC-BY 4.0,Cricket Raspet,chilipossum,2020-12-12,https://www.inaturalist.org/observations/66507029,"© Cricket Raspet, some rights reserved (CC-BY)",c5b4fe050205d99ba4de8dad16bdc569c035ee1d744885409ae10a0f79389f2e,cc-by,https://creativecommons.org/licenses/by/4.0/,48450,2026-09-26T05:48:28Z
Peltodoris nobilis,457280535,https://inaturalist-open-data.s3.amazonaws.com/photos/457280535/medium.jpg,CC-BY 4.0,Cricket Raspet,chilipossum,2024-12-14,https://www.inaturalist.org/observations/255195852,"© Cricket Raspet, some rights reserved (CC-BY)",cfc45bccf22dd24fbb780c14e0c84187e8f67b26c02e5c7baf9c3334500eeaf1,cc-by,https://creativecommons.org/licenses/by/4.0/,48450,2026-09-26T05:48:21Z
Pisaster giganteus,314222434,https://inaturalist-open-data.s3.amazonaws.com/photos/314222434/medium.jpg,CC-BY 4.0,Irina Mitine,irinamitine,2023-08-26,https://www.inaturalist.org/observations/180393338,"© Irina Mitine, some rights reserved (CC-BY)",74be38faf71541e83c581e853746df597ba50d70bf9c1f3b93549997a1727366,cc-by,https://creativecommons.org/licenses/by/4.0/,48833,2026-09-26T05:48:48Z
Pisaster giganteus,174592588,https://inaturalist-open-data.s3.amazonaws.com/photos/174592588/medium.jpg,CC-BY 4.0,Cricket Raspet,chilipossum,2022-01-01,https://www.inaturalist.org/observations/104168590,"© Cricket Raspet, some rights reserved (CC-BY)",e8f202da793bd58b33ba46854e7d7e001ce5bacefc64df60ed081b60a9deba6c,cc-by,https://creativecommons.org/licenses/by/4.0/,48833,2026-09-26T05:48:50Z
Pisaster giganteus,1563736,https://inaturalist-open-data.s3.amazonaws.com/photos/1563736/medium.jpg,CC-BY 4.0,Ken-ichi Ueda,kueda,2015-02-18,https://www.inaturalist.org/observations/1241843,"© Ken-ichi Ueda, some rights reserved (CC-BY)",51244e74f3664beec306d9471d5842df5d60703801883e3c7941b10cc5a49163,cc-by,https://creativecommons.org/licenses/by/4.0/,48833,2026-09-26T05:48:50Z
Pisaster giganteus,64288407,https://inaturalist-open-data.s3.amazonaws.com/photos/64288407/medium.jpg,CC-BY 4.0,desertnaturalist,desertnaturalist,2004-10-17,https://www.inaturalist.org/observations/40564251,"© desertnaturalist, some rights reserved (CC-BY)",b4408b42f72486d9b3b5f689e79e5283fd0fdcce8aee4481238653bcd3d19aa0,cc-by,https://creativecommons.org/licenses/by/4.0/,48833,2026-09-26T05:48:49Z
Pisaster giganteus,132399137,https://inaturalist-open-data.s3.amazonaws.com/photos/132399137/medium.jpg,CC-BY 4.0,Topher Mueller,topher_mueller,2021-05-29,https://www.inaturalist.org/observations/80763663,"© Topher Mueller, some rights reserved (CC-BY)",0967cb5b22625a3e923ece71daf1b1043af3ecddf522fabe9eb21b8b76043ca0,cc-by,https://creativecommons.org/licenses/by/4.0/,48833,2026-09-26T05:48:50Z
Pisaster giganteus,132399100,https://inaturalist-open-data.s3.amazonaws.com/photos/132399100/medium.jpg,CC-BY 4.0,Topher Mueller,topher_mueller,2021-05-29,https://www.inaturalist.org/observations/80763663,"© Topher Mueller, some rights reserved (CC-BY)",3d132a4520c2a295eaa0b3ddf82f7092856a713bb53afeb0dc44c941c79034c4,cc-by,https://creativecommons.org/licenses/by/4.0/,48833,2026-09-26T05:48:50Z
Pisaster giganteus,318380292,https://inaturalist-open-data.s3.amazonaws.com/photos/318380292/medium.jpg,CC-BY 4.0,cello caruso-turiello,celllo,2023-09-09,https://www.inaturalist.org/observations/182586962,"© cello caruso-turiello, some rights reserved (CC-BY)",9bcccb0b14cf49f8a977b94b91109003b09ad2bb0a76b7b3ee8e47eeafc8e82a,cc-by,https://creativecommons.org/licenses/by/4.0/,48833,2026-09-26T05:48:51Z
Pisaster giganteus,433650764,https://inaturalist-open-data.s3.amazonaws.com/photos/433650764/medium.jpg,CC-BY 4.0,Nathan,befuddledowl,2024-09-21,https://www.inaturalist.org/observations/243211076,"© Nathan, some rights reserved (CC-BY)",453b9cea6e2e765abfd08868c97bdcb7f74803338ca2e3ae5d12483a1ed8b348,cc-by,https://creativecommons.org/licenses/by/4.0/,48833,2026-09-26T05:48:51Z
Pisaster giganteus,50207225,https://inaturalist-open-data.s3.amazonaws.com/photos/50207225/medium.jpeg,CC-BY 4.0,Henrik Kibak,hkibak,2019-08-31,https://www.inaturalist.org/observations/32037046,"© Henrik Kibak, some rights reserved (CC-BY)",d306795ed07f31ec9eb942d2844b8271251e47b24c6f42078edce2e8d7d97fe4,cc-by,https://creativecommons.org/licenses/by/4.0/,48833,2026-09-26T05:48:51Z
Pisaster giganteus,169312865,https://inaturalist-open-data.s3.amazonaws.com/photos/169312865/medium.jpg,CC-BY 4.0,Cricket Raspet,chilipossum,2021-11-17,https://www.inaturalist.org/observations/101384850,"© Cricket Raspet, some rights reserved (CC-BY)",4b24ffee339cffcbcaef56570d1f0c99c5a7e856d3903eecd32bf3a269af3f40,cc-by,https://creativecommons.org/licenses/by/4.0/,48833,2026-09-26T05:48:51Z
Pisaster giganteus,169312951,https://inaturalist-open-data.s3.amazonaws.com/photos/169312951/medium.jpg,CC-BY 4.0,Cricket Raspet,chilipossum,2021-11-17,https://www.inaturalist.org/observations/101384850,"© Cricket Raspet, some rights reserved (CC-BY)",a6f06af3cbe3cef3af1beb27f8a76b9708aad5d9467c7354bf0adb21efb3619a,cc-by,https://creativecommons.org/licenses/by/4.0/,48833,2026-09-26T05:48:51Z
Pisaster giganteus,41284038,https://inaturalist-open-data.s3.amazonaws.com/photos/41284038/medium.jpeg,CC-BY 4.0,Rebecca Johnson,rebeccafay,2019-06-07,https://www.inaturalist.org/observations/26581911,"© Rebecca Johnson, some rights reserved (CC-BY)",0f9598563c7bf2dfe0cc91e761d3be79b32dd3daf1329eee2dcfca668695811a,cc-by,https://creativecommons.org/licenses/by/4.0/,48833,2026-09-26T05:48:52Z
Pisaster giganteus,41284031,https://inaturalist-open-data.s3.amazonaws.com/photos/41284031/medium.jpeg,CC-BY 4.0,Rebecca Johnson,rebeccafay,2019-06-07,https://www.inaturalist.org/observations/26581911,"© Rebecca Johnson, some rights reserved (CC-BY)",9fb3bf1f0e7bbfb3180d2e7f4c648ce208ac8569ac2aa800491cfb479a5862c5,cc-by,https://creativecommons.org/licenses/by/4.0/,48833,2026-09-26T05:48:52Z
Pisaster giganteus,253173431,https://inaturalist-open-data.s3.amazonaws.com/photos/253173431/medium.jpg,CC-BY 4.0,Eric Klug,ericklug,2023-01-22,https://www.inaturalist.org/observations/147161223,"© Eric Klug, some rights reserved (CC-BY)",85eecee4e8029cdae150698b2bf05ab33c3f38baf79903ee2ad9030826e6fb84,cc-by,https://creativecommons.org/licenses/by/4.0/,48833,2026-09-26T05:48:52Z
Pisaster giganteus,660362780,https://inaturalist-open-data.s3.amazonaws.com/photos/660362780/medium.jpg,CC-BY 4.0,Carolyn Koehn,qtcarolyn,2009-04-16,https://www.inaturalist.org/observations/361829182,"© Carolyn Koehn, some rights reserved (CC-BY)",759bf7ffc66950bc06758db5c13c9fd38a6b2b3d2d31b5c85e70e156fbd39f91,cc-by,https://creativecommons.org/licenses/by/4.0/,48833,2026-09-26T05:48:52Z
Pisaster giganteus,43473468,https://inaturalist-open-data.s3.amazonaws.com/photos/43473468/medium.jpeg,CC-BY 4.0,Henrik Kibak,hkibak,2019-06-29,https://www.inaturalist.org/observations/27911498,"© Henrik Kibak, some rights reserved (CC-BY)",e8a35a5f6f3518641ace41dd2bd845765d79218d4953ad2d2af387d96950553d,cc-by,https://creativecommons.org/licenses/by/4.0/,48833,2026-09-26T05:48:52Z
Pisaster giganteus,709637174,https://inaturalist-open-data.s3.amazonaws.com/photos/709637174/medium.jpg,CC-BY 4.0,ian bullock,iantb,2025-07-20,https://www.inaturalist.org/observations/387528005,"© ian bullock, some rights reserved (CC-BY)",8d60c86fe021ab15c1c139c3e3a16d9789eaa2a9d277dc28c2108f7fc67b4030,cc-by,https://creativecommons.org/licenses/by/4.0/,48833,2026-09-26T05:48:53Z
Pisaster giganteus,436776891,https://inaturalist-open-data.s3.amazonaws.com/photos/436776891/medium.jpg,CC-BY 4.0,cello caruso-turiello,celllo,2024-09-28,https://www.inaturalist.org/observations/244828569,"© cello caruso-turiello, some rights reserved (CC-BY)",c44b5fee967d44a07c73023bb0554a9864dd333ea0744c36e53bafd4d24e16f6,cc-by,https://creativecommons.org/licenses/by/4.0/,48833,2026-09-26T05:48:53Z
Pisaster giganteus,66746,https://inaturalist-open-data.s3.amazonaws.com/photos/66746/medium.jpg,CC-BY 4.0,Ken-ichi Ueda,kueda,2011-11-25,https://www.inaturalist.org/observations/40189,"© Ken-ichi Ueda, some rights reserved (CC-BY)",3e9cd973530e1fb7c0e2cfb15b38099d289ecfe8a6b42a093b6031c5a11fa57d,cc-by,https://creativecommons.org/licenses/by/4.0/,48833,2026-09-26T05:48:53Z
Pisaster giganteus,432413457,https://inaturalist-open-data.s3.amazonaws.com/photos/432413457/medium.jpeg,CC-BY 4.0,Bob,bobglen,1980-01-01,https://www.inaturalist.org/observations/242554908,"© Bob, some rights reserved (CC-BY)",6018adf84cf8e218a028de70ae8eecd0ca38d541fffda8f948cc3266d51db335,cc-by,https://creativecommons.org/licenses/by/4.0/,48833,2026-09-26T05:48:53Z
Pisaster giganteus,479478518,https://inaturalist-open-data.s3.amazonaws.com/photos/479478518/medium.jpeg,CC-BY 4.0,Lisa Biasillo,tidepooltales,2025-03-23,https://www.inaturalist.org/observations/266848632,"© Lisa Biasillo, some rights reserved (CC-BY)",3726262f1683c0d4d42dbd5c313d8c88ba8e7829248f16f62841d8a10cde5993,cc-by,https://creativecommons.org/licenses/by/4.0/,48833,2026-09-26T05:48:53Z
Pisaster giganteus,620431697,https://inaturalist-open-data.s3.amazonaws.com/photos/620431697/medium.jpg,CC-BY 4.0,Cricket Raspet,chilipossum,2026-03-01,https://www.inaturalist.org/observations/340887081,"© Cricket Raspet, some rights reserved (CC-BY)",c283546c148a5b4aa61c3b31db329d3d33d68ace9e1a84bfaaeafbef890e496b,cc-by,https://creativecommons.org/licenses/by/4.0/,48833,2026-09-26T05:48:53Z
Pisaster giganteus,675761060,https://inaturalist-open-data.s3.amazonaws.com/photos/675761060/medium.jpg,CC-BY 4.0,Nathan,befuddledowl,2026-06-07,https://www.inaturalist.org/observations/369926473,"© Nathan, some rights reserved (CC-BY)",e4cd0602936b321431f93296c9cdc5094d6d1e895a07d83750165ab91e931a6d,cc-by,https://creativecommons.org/licenses/by/4.0/,48833,2026-09-26T05:48:54Z
Pisaster giganteus,204585749,https://inaturalist-open-data.s3.amazonaws.com/photos/204585749/medium.jpg,CC-BY 4.0,Cricket Raspet,chilipossum,2022-06-08,https://www.inaturalist.org/observations/120928037,"© Cricket Raspet, some rights reserved (CC-BY)",b4d615b3a85527fe5d1d242d51471ced86b0fbb306b6a47e0abe540a788d84e9,cc-by,https://creativecommons.org/licenses/by/4.0/,48833,2026-09-26T05:48:54Z
Pisaster giganteus,6835596,https://inaturalist-open-data.s3.amazonaws.com/photos/6835596/medium.jpg,CC-BY 4.0,Michael Bear,michael_bear,2016-08-17,https://www.inaturalist.org/observations/5538202,"© Michael Bear, some rights reserved (CC-BY)",d4a958722c50fca9dec03c5c7068315f8f21bb34164f7643322d7075f6508a7b,cc-by,https://creativecommons.org/licenses/by/4.0/,48833,2026-09-26T05:48:54Z
Pisaster giganteus,5920574,https://inaturalist-open-data.s3.amazonaws.com/photos/5920574/medium.jpeg,CC-BY 4.0,Carrie Seltzer,carrieseltzer,2016-12-14,https://www.inaturalist.org/observations/4872251,"© Carrie Seltzer, some rights reserved (CC-BY)",6b6ab522ca6082140159e9465680075ef542edb88ccb2fdf3c38500cf390bc9a,cc-by,https://creativecommons.org/licenses/by/4.0/,48833,2026-09-26T05:48:54Z
Pisaster giganteus,523763489,https://inaturalist-open-data.s3.amazonaws.com/photos/523763489/medium.jpg,CC-BY 4.0,Rachel Lee Harper,rachelleaf,2025-06-19,https://www.inaturalist.org/observations/291119234,"© Rachel Lee Harper, some rights reserved (CC-BY)",739788374c7c715b75e78773eaa9d4934168f9dab1c315bed7436e015e18fc14,cc-by,https://creativecommons.org/licenses/by/4.0/,48833,2026-09-26T05:48:54Z
Pisaster giganteus,2078398,https://inaturalist-open-data.s3.amazonaws.com/photos/2078398/medium.jpg,CC-BY 4.0,Heather Marie,heathermarie,2015-07-02,https://www.inaturalist.org/observations/1716081,"© Heather Marie, some rights reserved (CC-BY)",c6f673a49e3028ffafa2aff5b0ad002430b3514e1d7f69abd2739e1aa7391fee,cc-by,https://creativecommons.org/licenses/by/4.0/,48833,2026-09-26T05:48:54Z
Pisaster giganteus,474995303,https://inaturalist-open-data.s3.amazonaws.com/photos/474995303/medium.jpg,CC-BY 4.0,Roberto Daniel Avila,robertodesu,2025-03-07,https://www.inaturalist.org/observations/264524290,"© Roberto Daniel Avila, some rights reserved (CC-BY)",e26d3f2b8a3b20df95223485b86cc60c43a1e3d63b71cac90162bd6b73668ab7,cc-by,https://creativecommons.org/licenses/by/4.0/,48833,2026-09-26T05:48:55Z
Pisaster giganteus,675760974,https://inaturalist-open-data.s3.amazonaws.com/photos/675760974/medium.jpg,CC-BY 4.0,Nathan,befuddledowl,2026-06-07,https://www.inaturalist.org/observations/369926465,"© Nathan, some rights reserved (CC-BY)",9eab113545092309b7f2cdcc4231dfb2db1d07f9fbe731e5273f9bd8a9784bce,cc-by,https://creativecommons.org/licenses/by/4.0/,48833,2026-09-26T05:48:56Z
Pisaster giganteus,586521545,https://inaturalist-open-data.s3.amazonaws.com/photos/586521545/medium.jpg,CC-BY 4.0,tunicatedreamz,tunicatedreamz,2025-10-30,https://www.inaturalist.org/observations/324087778,"© tunicatedreamz, some rights reserved (CC-BY)",bb5a37935adac21f96edb039f3fb62423809e7ad1564cf452f42ad4ba3970eea,cc-by,https://creativecommons.org/licenses/by/4.0/,48833,2026-09-26T05:48:56Z
Pisaster giganteus,586521534,https://inaturalist-open-data.s3.amazonaws.com/photos/586521534/medium.jpg,CC-BY 4.0,tunicatedreamz,tunicatedreamz,2025-10-30,https://www.inaturalist.org/observations/324087778,"© tunicatedreamz, some rights reserved (CC-BY)",5fca4de65afeaccd6a23cdfeddfb9a9907cf5de6a174607c794bdd427d72da7d,cc-by,https://creativecommons.org/licenses/by/4.0/,48833,2026-09-26T05:48:56Z
Pisaster giganteus,675761407,https://inaturalist-open-data.s3.amazonaws.com/photos/675761407/medium.jpg,CC-BY 4.0,Nathan,befuddledowl,2026-06-07,https://www.inaturalist.org/observations/369926526,"© Nathan, some rights reserved (CC-BY)",5aa1976e8584cf06d3de49228eb170e2d9f734912e1d9b571b11a950ba0f61ec,cc-by,https://creativecommons.org/licenses/by/4.0/,48833,2026-09-26T05:48:56Z
Pisaster giganteus,8384370,https://inaturalist-open-data.s3.amazonaws.com/photos/8384370/medium.png,CC-BY 4.0,gabbieb,gabbieb,2017-06-10,https://www.inaturalist.org/observations/6603422,"© gabbieb, some rights reserved (CC-BY)",a74bfa27c8697f41ce1d0cdda321043db50fe9ec803c2db8658d609258f80dc3,cc-by,https://creativecommons.org/licenses/by/4.0/,48833,2026-09-26T05:48:56Z
Pisaster giganteus,240006917,https://inaturalist-open-data.s3.amazonaws.com/photos/240006917/medium.jpeg,CC-BY 4.0,Cricket Raspet,chilipossum,2022-10-27,https://www.inaturalist.org/observations/140227844,"© Cricket Raspet, some rights reserved (CC-BY)",220cb7be56fa65ff05a12d46dcb029d3ed37e247c2246e948f90bd30b4002d91,cc-by,https://creativecommons.org/licenses/by/4.0/,48833,2026-09-26T05:48:56Z
Pisaster giganteus,298950718,https://inaturalist-open-data.s3.amazonaws.com/photos/298950718/medium.jpeg,CC-BY 4.0,Noah Doughty,ndoughty,2023-07-09,https://www.inaturalist.org/observations/172225811,"© Noah Doughty, some rights reserved (CC-BY)",1aee8531dcd2c8dddce698e4140f5ca17a9cd98fefd55395933c7f4f4390f9be,cc-by,https://creativecommons.org/licenses/by/4.0/,48833,2026-09-26T05:48:51Z
Pisaster giganteus,675761094,https://inaturalist-open-data.s3.amazonaws.com/photos/675761094/medium.jpg,CC-BY 4.0,Nathan,befuddledowl,2026-06-07,https://www.inaturalist.org/observations/369926476,"© Nathan, some rights reserved (CC-BY)",83c3d9740fb212afff16b540b2f56847b98b92e3748cd4f113871afa234eae63,cc-by,https://creativecommons.org/licenses/by/4.0/,48833,2026-09-26T05:48:52Z
Pisaster giganteus,207901672,https://inaturalist-open-data.s3.amazonaws.com/photos/207901672/medium.jpg,CC-BY 4.0,Will Sides,willsides,2022-04-30,https://www.inaturalist.org/observations/122767458,"© Will Sides, some rights reserved (CC-BY)",c1b50f2c0ec2348da9b8bc4a7daa005948e9edc833ffa46b9f936a99632e9594,cc-by,https://creativecommons.org/licenses/by/4.0/,48833,2026-09-26T05:48:56Z
Pisaster giganteus,178388154,https://inaturalist-open-data.s3.amazonaws.com/photos/178388154/medium.jpeg,CC-BY 4.0,J.R.Frey,jrfrey,2021-11-13,https://www.inaturalist.org/observations/106213248,"© J.R.Frey, some rights reserved (CC-BY)",ec46b4bcba0936f314710df58fae62234c4f40a7afe3cac2972394f2585f575e,cc-by,https://creativecommons.org/licenses/by/4.0/,48833,2026-09-26T05:48:54Z
Pisaster giganteus,539913715,https://inaturalist-open-data.s3.amazonaws.com/photos/539913715/medium.jpg,CC-BY 4.0,Eric Knight,knightericm,2025-07-20,https://www.inaturalist.org/observations/299689415,"© Eric Knight, some rights reserved (CC-BY)",d2ce409e5ba1bf620e71dfc851ee32c8be7dea003eb94905bcc416dd4efbb543,cc-by,https://creativecommons.org/licenses/by/4.0/,48833,2026-09-26T05:48:54Z
Pisaster giganteus,596869688,https://inaturalist-open-data.s3.amazonaws.com/photos/596869688/medium.jpg,CC-BY 4.0,Nathan,befuddledowl,2025-11-29,https://www.inaturalist.org/observations/329292159,"© Nathan, some rights reserved (CC-BY)",f3b2dace42a8c44226642c63be9cc536aae1b3fd762969ab9e3e4f88a27ccf7d,cc-by,https://creativecommons.org/licenses/by/4.0/,48833,2026-09-26T05:48:52Z
Pisaster giganteus,178388384,https://inaturalist-open-data.s3.amazonaws.com/photos/178388384/medium.jpeg,CC-BY 4.0,J.R.Frey,jrfrey,2021-11-13,https://www.inaturalist.org/observations/106213362,"© J.R.Frey, some rights reserved (CC-BY)",e2065b203b984d66be4b3e8455f97068b48729702efcb92d56f15607fc7c595e,cc-by,https://creativecommons.org/licenses/by/4.0/,48833,2026-09-26T05:48:57Z
Pisaster giganteus,533426928,https://inaturalist-open-data.s3.amazonaws.com/photos/533426928/medium.jpg,CC-BY 4.0,TonyT,tongks22,2025-05-07,https://www.inaturalist.org/observations/296256918,"© TonyT, some rights reserved (CC-BY)",dd276f04b79ca9210b37dc850f9830b1463fcce128c2817c9ede97296d81c6a3,cc-by,https://creativecommons.org/licenses/by/4.0/,48833,2026-09-26T05:48:58Z
Pisaster giganteus,149766347,https://inaturalist-open-data.s3.amazonaws.com/photos/149766347/medium.jpg,CC-BY 4.0,Mike Carr,mikecarr,2021-07-25,https://www.inaturalist.org/observations/90606261,"© Mike Carr, some rights reserved (CC-BY)",08bb8a665f51d67149d11ba37e79deaf05d851e1932bc093cc34404de18e0ba3,cc-by,https://creativecommons.org/licenses/by/4.0/,48833,2026-09-26T05:48:52Z
Pisaster giganteus,41479679,https://inaturalist-open-data.s3.amazonaws.com/photos/41479679/medium.png,CC-BY 4.0,Michael Bear,michael_bear,2019-06-08,https://www.inaturalist.org/observations/26704447,"© Michael Bear, some rights reserved (CC-BY)",e1b22ac74c2db440b1ae8a6ec46e8346c084c29b1daa4d1f01b165ee85409563,cc-by,https://creativecommons.org/licenses/by/4.0/,48833,2026-09-26T05:48:50Z
Pisaster giganteus,159522630,https://inaturalist-open-data.s3.amazonaws.com/photos/159522630/medium.jpeg,CC-BY 4.0,Henrik Kibak,hkibak,2021-09-24,https://www.inaturalist.org/observations/96047893,"© Henrik Kibak, some rights reserved (CC-BY)",289f464b6204ede65a5ad5ba5ec909fc15f00b44522f1806938bab32992c6b15,cc-by,https://creativecommons.org/licenses/by/4.0/,48833,2026-09-26T05:48:57Z
Pisaster giganteus,318376354,https://inaturalist-open-data.s3.amazonaws.com/photos/318376354/medium.jpg,CC-BY 4.0,cello caruso-turiello,celllo,2023-09-09,https://www.inaturalist.org/observations/182585078,"© cello caruso-turiello, some rights reserved (CC-BY)",dc0cea060a54ef9db785a1b0b7b81717c2a79024eb56ac0c6470833222f7b46e,cc-by,https://creativecommons.org/licenses/by/4.0/,48833,2026-09-26T05:48:52Z
Scorpaenichthys marmoratus,629691244,https://inaturalist-open-data.s3.amazonaws.com/photos/629691244/medium.jpg,CC-BY 4.0,dpcmiller,dpcmiller,2026-03-26,https://www.inaturalist.org/observations/345520081,"© dpcmiller, some rights reserved (CC-BY)",2b844a45b4c244059961b1a8dbfcab2b32a2ed278c8e5b9a416c4f5bdad83ff7,cc-by,https://creativecommons.org/licenses/by/4.0/,47638,2026-09-26T05:49:01Z
Scorpaenichthys marmoratus,481969549,https://inaturalist-open-data.s3.amazonaws.com/photos/481969549/medium.jpg,CC-BY 4.0,Nathan,befuddledowl,2025-03-31,https://www.inaturalist.org/observations/268156366,"© Nathan, some rights reserved (CC-BY)",7f42ea8e47f9b55c31b721f0d3ae36350dbed77e7a38f90b2507f46b20edf906,cc-by,https://creativecommons.org/licenses/by/4.0/,47638,2026-09-26T05:49:02Z
Scorpaenichthys marmoratus,715881399,https://inaturalist-open-data.s3.amazonaws.com/photos/715881399/medium.jpg,CC-BY 4.0,Cricket Raspet,chilipossum,2026-08-12,https://www.inaturalist.org/observations/390736332,"© Cricket Raspet, some rights reserved (CC-BY)",e26ab1d2ca5c63fd78f188bc2709d1753edd72ea3ab816a7c37f1072619b3a57,cc-by,https://creativecommons.org/licenses/by/4.0/,47638,2026-09-26T05:49:01Z
Scorpaenichthys marmoratus,365226825,https://inaturalist-open-data.s3.amazonaws.com/photos/365226825/medium.jpeg,CC-BY 4.0,Cricket Raspet,chilipossum,2024-04-10,https://www.inaturalist.org/observations/206512623,"© Cricket Raspet, some rights reserved (CC-BY)",733620633edb90ab032543b3c4a3df4f7449253881ff1dc4e0211c3d2c0879f7,cc-by,https://creativecommons.org/licenses/by/4.0/,47638,2026-09-26T05:49:01Z
Scorpaenichthys marmoratus,530621852,https://inaturalist-open-data.s3.amazonaws.com/photos/530621852/medium.jpg,CC-BY 4.0,Cricket Raspet,chilipossum,2025-06-29,https://www.inaturalist.org/observations/294782785,"© Cricket Raspet, some rights reserved (CC-BY)",9e5517b6a5c4d40a8a750972ede7ae602f4e3d69d464e4a98f085dfe947517e3,cc-by,https://creativecommons.org/licenses/by/4.0/,47638,2026-09-26T05:49:04Z
Scorpaenichthys marmoratus,133517869,https://inaturalist-open-data.s3.amazonaws.com/photos/133517869/medium.jpg,CC-BY 4.0,Cricket Raspet,chilipossum,2021-06-01,https://www.inaturalist.org/observations/81402492,"© Cricket Raspet, some rights reserved (CC-BY)",162b74a9b44b0ebb598a6d964de55591829ae97832e47f37d4d2a665266ef69e,cc-by,https://creativecommons.org/licenses/by/4.0/,47638,2026-09-26T05:49:04Z
Scorpaenichthys marmoratus,133517851,https://inaturalist-open-data.s3.amazonaws.com/photos/133517851/medium.jpg,CC-BY 4.0,Cricket Raspet,chilipossum,2021-06-01,https://www.inaturalist.org/observations/81402492,"© Cricket Raspet, some rights reserved (CC-BY)",5f61c4f8acfd996307f8c1c2eccd60c2348bae48bf65ece4ec29dbdb6cecfef8,cc-by,https://creativecommons.org/licenses/by/4.0/,47638,2026-09-26T05:49:04Z
Scorpaenichthys marmoratus,447832553,https://inaturalist-open-data.s3.amazonaws.com/photos/447832553/medium.jpeg,CC-BY 4.0,Cricket Raspet,chilipossum,2024-11-03,https://www.inaturalist.org/observations/250405028,"© Cricket Raspet, some rights reserved (CC-BY)",adeedcb2673216ce7f336fe3c14dfd61c40675fbb2368cf7d3698d1b42fcd64d,cc-by,https://creativecommons.org/licenses/by/4.0/,47638,2026-09-26T05:49:05Z
Scorpaenichthys marmoratus,11143398,https://inaturalist-open-data.s3.amazonaws.com/photos/11143398/medium.jpg,CC-BY 4.0,Michael Bear,michael_bear,2017-10-11,https://www.inaturalist.org/observations/8379216,"© Michael Bear, some rights reserved (CC-BY)",826c52b823ca378fec525e4bd8d5c9311db7a7e6a72edc9e2e60e07cb519323b,cc-by,https://creativecommons.org/licenses/by/4.0/,47638,2026-09-26T05:49:05Z
Scorpaenichthys marmoratus,312477947,https://inaturalist-open-data.s3.amazonaws.com/photos/312477947/medium.jpg,CC-BY 4.0,Cricket Raspet,chilipossum,2023-08-20,https://www.inaturalist.org/observations/179480161,"© Cricket Raspet, some rights reserved (CC-BY)",bb5d7458059cd4407469adf541ef213374f99d433962298ad7fe123fa9f258a4,cc-by,https://creativecommons.org/licenses/by/4.0/,47638,2026-09-26T05:49:07Z
Scorpaenichthys marmoratus,162213672,https://inaturalist-open-data.s3.amazonaws.com/photos/162213672/medium.jpg,CC-BY 4.0,Cricket Raspet,chilipossum,2021-09-27,https://www.inaturalist.org/observations/97527079,"© Cricket Raspet, some rights reserved (CC-BY)",324a67ecffe1aa252f546243cf0b5ed6e1f0ffae2e607a9229fc2b0183bd2e61,cc-by,https://creativecommons.org/licenses/by/4.0/,47638,2026-09-26T05:49:07Z
Scorpaenichthys marmoratus,20237,https://inaturalist-open-data.s3.amazonaws.com/photos/20237/medium.jpg,CC-BY 4.0,Ken-ichi Ueda,kueda,2008-06-23,https://www.inaturalist.org/observations/9379,"© Ken-ichi Ueda, some rights reserved (CC-BY)",483652fbee4ad9a3ab2300a0bf480d29c2c94af27bd4aea7754199de2ff041fc,cc-by,https://creativecommons.org/licenses/by/4.0/,47638,2026-09-26T05:49:08Z
Scorpaenichthys marmoratus,162217314,https://inaturalist-open-data.s3.amazonaws.com/photos/162217314/medium.jpg,CC-BY 4.0,Cricket Raspet,chilipossum,2021-09-27,https://www.inaturalist.org/observations/97529060,"© Cricket Raspet, some rights reserved (CC-BY)",f713d6d21bba0afe15477933147027ae2a03ccc35d010297ffe17437df4cff0d,cc-by,https://creativecommons.org/licenses/by/4.0/,47638,2026-09-26T05:49:08Z
Scorpaenichthys marmoratus,162217301,https://inaturalist-open-data.s3.amazonaws.com/photos/162217301/medium.jpg,CC-BY 4.0,Cricket Raspet,chilipossum,2021-09-27,https://www.inaturalist.org/observations/97529060,"© Cricket Raspet, some rights reserved (CC-BY)",7d9ba4a47b0e8b1afa50edd49d41d9758c0e92336f876bdb4332fcacef24d402,cc-by,https://creativecommons.org/licenses/by/4.0/,47638,2026-09-26T05:49:08Z
Scorpaenichthys marmoratus,500330638,https://inaturalist-open-data.s3.amazonaws.com/photos/500330638/medium.jpeg,CC-BY 4.0,Lia Keener,bnature_lia,2025-05-02,https://www.inaturalist.org/observations/278647469,"© Lia Keener, some rights reserved (CC-BY)",82e2a5595d66ec5399d66875cf5391f4a0fffef7f50cc2fed69c9b4e9fb2cf7d,cc-by,https://creativecommons.org/licenses/by/4.0/,47638,2026-09-26T05:49:11Z
Scorpaenichthys marmoratus,500330627,https://inaturalist-open-data.s3.amazonaws.com/photos/500330627/medium.jpeg,CC-BY 4.0,Lia Keener,bnature_lia,2025-05-02,https://www.inaturalist.org/observations/278647469,"© Lia Keener, some rights reserved (CC-BY)",0db448f93828c6fa2b8d1b7e1f70df553449729afd68ae139aabc5766f24553d,cc-by,https://creativecommons.org/licenses/by/4.0/,47638,2026-09-26T05:49:11Z
Scorpaenichthys marmoratus,511340711,https://inaturalist-open-data.s3.amazonaws.com/photos/511340711/medium.jpg,CC-BY 4.0,tunicatedreamz,tunicatedreamz,2024-11-30,https://www.inaturalist.org/observations/284521081,"© tunicatedreamz, some rights reserved (CC-BY)",75710bd7d8ab2f4f858e0d33b14cf1b4d88528ff0b07ccc84c0d249b3ded8275,cc-by,https://creativecommons.org/licenses/by/4.0/,47638,2026-09-26T05:49:11Z
Scorpaenichthys marmoratus,107162392,https://inaturalist-open-data.s3.amazonaws.com/photos/107162392/medium.jpg,CC-BY 4.0,Cricket Raspet,chilipossum,2020-12-11,https://www.inaturalist.org/observations/66470570,"© Cricket Raspet, some rights reserved (CC-BY)",57b495f190be64c42f288b78c6eb8b2ca9a7ad550f6c57719bbce7ba3410efec,cc-by,https://creativecommons.org/licenses/by/4.0/,47638,2026-09-26T05:49:11Z
Scorpaenichthys marmoratus,687589240,https://inaturalist-open-data.s3.amazonaws.com/photos/687589240/medium.jpg,CC-BY 4.0,Nathan,befuddledowl,2026-06-27,https://www.inaturalist.org/observations/376082104,"© Nathan, some rights reserved (CC-BY)",21c8b14300f8807af17ef5ff2982774386bb594edcabba5d2553f12e6f355646,cc-by,https://creativecommons.org/licenses/by/4.0/,47638,2026-09-26T05:49:13Z
Scorpaenichthys marmoratus,152114712,https://inaturalist-open-data.s3.amazonaws.com/photos/152114712/medium.jpg,CC-BY 4.0,Cricket Raspet,chilipossum,2021-08-14,https://www.inaturalist.org/observations/91916963,"© Cricket Raspet, some rights reserved (CC-BY)",a3464b262f33f3155a238fb41231bce00b5ea62c3008f0b5887a81cedbd56768,cc-by,https://creativecommons.org/licenses/by/4.0/,47638,2026-09-26T05:49:13Z
Scorpaenichthys marmoratus,152114718,https://inaturalist-open-data.s3.amazonaws.com/photos/152114718/medium.jpg,CC-BY 4.0,Cricket Raspet,chilipossum,2021-08-14,https://www.inaturalist.org/observations/91916963,"© Cricket Raspet, some rights reserved (CC-BY)",110b11688b9037b5d2fdfed0ba29a201a151f0db3223d0dc2cc79b080e70d4d0,cc-by,https://creativecommons.org/licenses/by/4.0/,47638,2026-09-26T05:49:14Z
Scorpaenichthys marmoratus,108876828,https://inaturalist-open-data.s3.amazonaws.com/photos/108876828/medium.jpg,CC-BY 4.0,Cricket Raspet,chilipossum,2020-12-31,https://www.inaturalist.org/observations/67394135,"© Cricket Raspet, some rights reserved (CC-BY)",dc20d1a6083b2f561e003014ba082b071083393ea0a80596c752e971d42bded5,cc-by,https://creativecommons.org/licenses/by/4.0/,47638,2026-09-26T05:49:14Z
Scorpaenichthys marmoratus,108876825,https://inaturalist-open-data.s3.amazonaws.com/photos/108876825/medium.jpg,CC-BY 4.0,Cricket Raspet,chilipossum,2020-12-31,https://www.inaturalist.org/observations/67394135,"© Cricket Raspet, some rights reserved (CC-BY)",615c969a9714d72a476ccbc3076c89e7fd0fe214c13f149c0e9fa30e656657c2,cc-by,https://creativecommons.org/licenses/by/4.0/,47638,2026-09-26T05:49:14Z
Scorpaenichthys marmoratus,231885341,https://inaturalist-open-data.s3.amazonaws.com/photos/231885341/medium.jpg,CC-BY 4.0,Donald Davesne,donalddavesne,2022-07-25,https://www.inaturalist.org/observations/135916169,"© Donald Davesne, some rights reserved (CC-BY)",1097fd67509f343385437646bca9e996831fd3ec1ee22df4dab1c6cdbcc73a65,cc-by,https://creativecommons.org/licenses/by/4.0/,47638,2026-09-26T05:49:15Z
Scorpaenichthys marmoratus,231885334,https://inaturalist-open-data.s3.amazonaws.com/photos/231885334/medium.jpg,CC-BY 4.0,Donald Davesne,donalddavesne,2022-07-25,https://www.inaturalist.org/observations/135916169,"© Donald Davesne, some rights reserved (CC-BY)",b6cafd7d1d11b7c9eefbe66b044ff689d30b3b1d748e9ac183dc98dc3a2c47a7,cc-by,https://creativecommons.org/licenses/by/4.0/,47638,2026-09-26T05:49:15Z
Scorpaenichthys marmoratus,8049687,https://inaturalist-open-data.s3.amazonaws.com/photos/8049687/medium.jpeg,CC-BY 4.0,Stosh Morency,stosh,2013-08-31,https://www.inaturalist.org/observations/6377629,"© Stosh Morency, some rights reserved (CC-BY)",c08ed0567df25ee17bea2afbf3bc5b2b5f76a3648ce5e1be6d237cd2a7194193,cc-by,https://creativecommons.org/licenses/by/4.0/,47638,2026-09-26T05:49:15Z
Scorpaenichthys marmoratus,503131661,https://inaturalist-open-data.s3.amazonaws.com/photos/503131661/medium.jpeg,CC-BY 4.0,Henrik Kibak,hkibak,2025-05-10,https://www.inaturalist.org/observations/280149444,"© Henrik Kibak, some rights reserved (CC-BY)",f66420ca74319f0a32c205aaa3b1ba93ea628cfe12788d5a6e528a4c777bae82,cc-by,https://creativecommons.org/licenses/by/4.0/,47638,2026-09-26T05:49:15Z
Scorpaenichthys marmoratus,231885690,https://inaturalist-open-data.s3.amazonaws.com/photos/231885690/medium.jpg,CC-BY 4.0,Donald Davesne,donalddavesne,2022-07-25,https://www.inaturalist.org/observations/135916233,"© Donald Davesne, some rights reserved (CC-BY)",5fe58927062edabe73a65367b7e3751520dd35c8e31c233b66914134da74b96c,cc-by,https://creativecommons.org/licenses/by/4.0/,47638,2026-09-26T05:49:04Z
Scorpaenichthys marmoratus,165907995,https://inaturalist-open-data.s3.amazonaws.com/photos/165907995/medium.jpeg,CC-BY 4.0,Cricket Raspet,chilipossum,2021-10-26,https://www.inaturalist.org/observations/99515634,"© Cricket Raspet, some rights reserved (CC-BY)",90eeb695b6b32f4643e6d08c93ad9d41653828fa8b1238e978d078432df0e52b,cc-by,https://creativecommons.org/licenses/by/4.0/,47638,2026-09-26T05:49:15Z
Scorpaenichthys marmoratus,167703858,https://inaturalist-open-data.s3.amazonaws.com/photos/167703858/medium.jpeg,CC-BY 4.0,Cricket Raspet,chilipossum,2021-11-06,https://www.inaturalist.org/observations/100475656,"© Cricket Raspet, some rights reserved (CC-BY)",6aca83e2f8565d84d5c06ce55ff6f6982402a0703250e03b7c66297675e81fab,cc-by,https://creativecommons.org/licenses/by/4.0/,47638,2026-09-26T05:49:04Z
Scorpaenichthys marmoratus,649084102,https://inaturalist-open-data.s3.amazonaws.com/photos/649084102/medium.jpg,CC-BY 4.0,Lia Keener,bnature_lia,2026-04-24,https://www.inaturalist.org/observations/355941506,"© Lia Keener, some rights reserved (CC-BY)",9782f765dabd1450ead8d0ebed78219fe5f9fc555a7d9a0d392559d5cfc9aa6c,cc-by,https://creativecommons.org/licenses/by/4.0/,47638,2026-09-26T05:49:08Z
Scorpaenichthys marmoratus,595375536,https://inaturalist-open-data.s3.amazonaws.com/photos/595375536/medium.jpg,CC-BY 4.0,tunicatedreamz,tunicatedreamz,2025-11-27,https://www.inaturalist.org/observations/328548191,"© tunicatedreamz, some rights reserved (CC-BY)",eac95c3c1feb881f6d248fb3c1cc025eeba15949de6f4b3b478b26489b75bd03,cc-by,https://creativecommons.org/licenses/by/4.0/,47638,2026-09-26T05:49:11Z
Scorpaenichthys marmoratus,107050778,https://inaturalist-open-data.s3.amazonaws.com/photos/107050778/medium.jpg,CC-BY 4.0,Cricket Raspet,chilipossum,2020-12-10,https://www.inaturalist.org/observations/66408397,"© Cricket Raspet, some rights reserved (CC-BY)",c2c9f7837722658d6cae4af27724a17203ccea0afd40870c995351fbe17e141e,cc-by,https://creativecommons.org/licenses/by/4.0/,47638,2026-09-26T05:49:14Z
Scorpaenichthys marmoratus,152541166,https://inaturalist-open-data.s3.amazonaws.com/photos/152541166/medium.jpg,CC-BY 4.0,Cricket Raspet,chilipossum,2021-08-22,https://www.inaturalist.org/observations/92156026,"© Cricket Raspet, some rights reserved (CC-BY)",89a522dd386a43a2177ad10b70036f868f621206bc2c3ca42dfd100d415ca9dd,cc-by,https://creativecommons.org/licenses/by/4.0/,47638,2026-09-26T05:49:09Z
Scorpaenichthys marmoratus,504185005,https://inaturalist-open-data.s3.amazonaws.com/photos/504185005/medium.jpg,CC-BY 4.0,Nathan,befuddledowl,2025-05-10,https://www.inaturalist.org/observations/280705196,"© Nathan, some rights reserved (CC-BY)",868c1fa77eafff4bf47027e7b4fe9900ff5f37f4d6f73a1eb61907e548964a94,cc-by,https://creativecommons.org/licenses/by/4.0/,47638,2026-09-26T05:49:10Z
Scorpaenichthys marmoratus,171634428,https://inaturalist-open-data.s3.amazonaws.com/photos/171634428/medium.jpeg,CC-BY 4.0,Cricket Raspet,chilipossum,2021-12-06,https://www.inaturalist.org/observations/102647454,"© Cricket Raspet, some rights reserved (CC-BY)",840d1b14e97151fe84b02dc2eebb82909e2be6b45e5c083001dc209678d9808a,cc-by,https://creativecommons.org/licenses/by/4.0/,47638,2026-09-26T05:49:10Z
Scorpaenichthys marmoratus,235445349,https://inaturalist-open-data.s3.amazonaws.com/photos/235445349/medium.jpeg,CC-BY 4.0,Henrik Kibak,hkibak,2022-10-03,https://www.inaturalist.org/observations/137819139,"© Henrik Kibak, some rights reserved (CC-BY)",5d4b089ba118de10e77bdf9130316f041f76828e2248a99a8cbd3f11cd752132,cc-by,https://creativecommons.org/licenses/by/4.0/,47638,2026-09-26T05:49:08Z
Scorpaenichthys marmoratus,88151346,https://inaturalist-open-data.s3.amazonaws.com/photos/88151346/medium.jpg,CC-BY 4.0,Cricket Raspet,chilipossum,2020-08-03,https://www.inaturalist.org/observations/55362526,"© Cricket Raspet, some rights reserved (CC-BY)",4b763d499b653ca4951d3ae57981f14d724904ef45dcdadc33583ec2482993b7,cc-by,https://creativecommons.org/licenses/by/4.0/,47638,2026-09-26T05:49:07Z
Myliobatis aquila,432024595,https://inaturalist-open-data.s3.amazonaws.com/photos/432024595/medium.jpeg,CC-BY 4.0,Michael Bommerer,michael_bommerer,2024-09-17,https://www.inaturalist.org/observations/242330410,"© Michael Bommerer, some rights reserved (CC-BY)",c8b42d73e90eb31eebf74d23784581a1da209d627571394b89fca8d139dd0c80,cc-by,https://creativecommons.org/licenses/by/4.0/,49311,2026-09-26T05:49:34Z
Myliobatis aquila,432023906,https://inaturalist-open-data.s3.amazonaws.com/photos/432023906/medium.jpeg,CC-BY 4.0,Michael Bommerer,michael_bommerer,2024-09-17,https://www.inaturalist.org/observations/242330410,"© Michael Bommerer, some rights reserved (CC-BY)",182563b55a56da372fd83fb22206acdc062b80d51618b37b609a18f14ab6aa31,cc-by,https://creativecommons.org/licenses/by/4.0/,49311,2026-09-26T05:49:34Z
Myliobatis aquila,379496874,https://inaturalist-open-data.s3.amazonaws.com/photos/379496874/medium.jpg,CC-BY 4.0,Michael Bommerer,michael_bommerer,2024-05-07,https://www.inaturalist.org/observations/214688417,"© Michael Bommerer, some rights reserved (CC-BY)",25d1a0ea706d0a225f713d60417d5bb8f54c7ba5ad4c26d550351fbf0da82b58,cc-by,https://creativecommons.org/licenses/by/4.0/,49311,2026-09-26T05:49:34Z
Myliobatis aquila,432012321,https://inaturalist-open-data.s3.amazonaws.com/photos/432012321/medium.jpeg,CC-BY 4.0,Michael Bommerer,michael_bommerer,2024-09-17,https://www.inaturalist.org/observations/242326605,"© Michael Bommerer, some rights reserved (CC-BY)",cc7dbe35219356087468c5677a2ce57946b0a78c67cb16e1579cd39dab702f78,cc-by,https://creativecommons.org/licenses/by/4.0/,49311,2026-09-26T05:49:34Z
Myliobatis aquila,432012555,https://inaturalist-open-data.s3.amazonaws.com/photos/432012555/medium.jpeg,CC-BY 4.0,Michael Bommerer,michael_bommerer,2024-09-17,https://www.inaturalist.org/observations/242326605,"© Michael Bommerer, some rights reserved (CC-BY)",16e0809f7b94ebf90ca9455d656e0d7c264a26edcf7e0b173b9f42622aac6a48,cc-by,https://creativecommons.org/licenses/by/4.0/,49311,2026-09-26T05:49:34Z
Myliobatis aquila,357561296,https://inaturalist-open-data.s3.amazonaws.com/photos/357561296/medium.jpeg,CC-BY 4.0,Michael Bommerer,michael_bommerer,2024-03-02,https://www.inaturalist.org/observations/202455636,"© Michael Bommerer, some rights reserved (CC-BY)",abf5ff12ca351b487ff1830c21c114b1a08db56bce6f7bf9b51ce90ee3634218,cc-by,https://creativecommons.org/licenses/by/4.0/,49311,2026-09-26T05:49:35Z
Myliobatis aquila,534444402,https://inaturalist-open-data.s3.amazonaws.com/photos/534444402/medium.jpg,CC-BY 4.0,Ben Jobson,benjobson,2025-07-10,https://www.inaturalist.org/observations/296791629,"© Ben Jobson, some rights reserved (CC-BY)",8b8e906ea99408806e25ffd40647e07b409f8e88218466e7f488416652270f39,cc-by,https://creativecommons.org/licenses/by/4.0/,49311,2026-09-26T05:49:35Z
Myliobatis aquila,432013044,https://inaturalist-open-data.s3.amazonaws.com/photos/432013044/medium.jpeg,CC-BY 4.0,Michael Bommerer,michael_bommerer,2024-09-17,https://www.inaturalist.org/observations/242329631,"© Michael Bommerer, some rights reserved (CC-BY)",94f7c79b4fa0240f940e896258199e9dde6846445d8136e8294b453c8570e1ee,cc-by,https://creativecommons.org/licenses/by/4.0/,49311,2026-09-26T05:49:35Z
Myliobatis aquila,432013773,https://inaturalist-open-data.s3.amazonaws.com/photos/432013773/medium.jpeg,CC-BY 4.0,Michael Bommerer,michael_bommerer,2024-09-17,https://www.inaturalist.org/observations/242329631,"© Michael Bommerer, some rights reserved (CC-BY)",6b5b80c7d91dba22607446981b070886190f3ac06a59ac81ef1320a148eca2b5,cc-by,https://creativecommons.org/licenses/by/4.0/,49311,2026-09-26T05:49:35Z
Myliobatis aquila,405853511,https://inaturalist-open-data.s3.amazonaws.com/photos/405853511/medium.jpeg,CC-BY 4.0,Michael Bommerer,michael_bommerer,2024-07-11,https://www.inaturalist.org/observations/228692100,"© Michael Bommerer, some rights reserved (CC-BY)",455e08ac61f6af8144372e5e1e5d5e953acfae42c35315a58dbfa684de1b86ce,cc-by,https://creativecommons.org/licenses/by/4.0/,49311,2026-09-26T05:49:35Z
Myliobatis aquila,405852905,https://inaturalist-open-data.s3.amazonaws.com/photos/405852905/medium.jpeg,CC-BY 4.0,Michael Bommerer,michael_bommerer,2024-07-11,https://www.inaturalist.org/observations/228692100,"© Michael Bommerer, some rights reserved (CC-BY)",132fc0338eb7305cfbcd4ce1f687ec6da5be4a3d7e789de949f7a60811960bd0,cc-by,https://creativecommons.org/licenses/by/4.0/,49311,2026-09-26T05:49:35Z
Myliobatis aquila,405337542,https://inaturalist-open-data.s3.amazonaws.com/photos/405337542/medium.jpg,CC-BY 4.0,Michael Bommerer,michael_bommerer,2024-07-10,https://www.inaturalist.org/observations/228417640,"© Michael Bommerer, some rights reserved (CC-BY)",94c1c8dac8140e1b083027928b3fe01b782f73475e2ef12453905b3eea288237,cc-by,https://creativecommons.org/licenses/by/4.0/,49311,2026-09-26T05:49:36Z
Myliobatis aquila,405337523,https://inaturalist-open-data.s3.amazonaws.com/photos/405337523/medium.jpg,CC-BY 4.0,Michael Bommerer,michael_bommerer,2024-07-10,https://www.inaturalist.org/observations/228417640,"© Michael Bommerer, some rights reserved (CC-BY)",b10d146e912cb2b128b0ccf34dd156d3b9eee76244a654cf95225161a5674af6,cc-by,https://creativecommons.org/licenses/by/4.0/,49311,2026-09-26T05:49:36Z
Myliobatis aquila,365833291,https://inaturalist-open-data.s3.amazonaws.com/photos/365833291/medium.jpeg,CC-BY 4.0,Michael Bommerer,michael_bommerer,2024-04-03,https://www.inaturalist.org/observations/206858885,"© Michael Bommerer, some rights reserved (CC-BY)",80b8deafaeaffc61d612fc3bd953cca3d380c0e3a5f6e6b86b52f0f3de297e13,cc-by,https://creativecommons.org/licenses/by/4.0/,49311,2026-09-26T05:49:36Z
Myliobatis aquila,365833178,https://inaturalist-open-data.s3.amazonaws.com/photos/365833178/medium.jpeg,CC-BY 4.0,Michael Bommerer,michael_bommerer,2024-04-03,https://www.inaturalist.org/observations/206858885,"© Michael Bommerer, some rights reserved (CC-BY)",59fc9783537a3b962cd54e38fa5252c78592a9e9af1f0cb1e2c5ef10eed02bb9,cc-by,https://creativecommons.org/licenses/by/4.0/,49311,2026-09-26T05:49:36Z
Myliobatis aquila,430476108,https://inaturalist-open-data.s3.amazonaws.com/photos/430476108/medium.jpeg,CC-BY 4.0,Michael Bommerer,michael_bommerer,2024-09-13,https://www.inaturalist.org/observations/241531718,"© Michael Bommerer, some rights reserved (CC-BY)",1e04ebb8aea9a2caff0185e1376030884ddc557e3a399c8f547ba7d0fd82c617,cc-by,https://creativecommons.org/licenses/by/4.0/,49311,2026-09-26T05:49:37Z
Myliobatis aquila,430475924,https://inaturalist-open-data.s3.amazonaws.com/photos/430475924/medium.jpeg,CC-BY 4.0,Michael Bommerer,michael_bommerer,2024-09-13,https://www.inaturalist.org/observations/241531718,"© Michael Bommerer, some rights reserved (CC-BY)",8dc9c225429e5a7bd658fc20b970f1e51b25f6ce71f5702317a3acf6df68ff03,cc-by,https://creativecommons.org/licenses/by/4.0/,49311,2026-09-26T05:49:36Z
Myliobatis aquila,327255784,https://inaturalist-open-data.s3.amazonaws.com/photos/327255784/medium.jpeg,CC-BY 4.0,Ben Jobson,benjobson,2023-10-11,https://www.inaturalist.org/observations/187166073,"© Ben Jobson, some rights reserved (CC-BY)",9a7dd66ccc999a25767b95efa934185b7f8a6860ee760806202a9157d54403aa,cc-by,https://creativecommons.org/licenses/by/4.0/,49311,2026-09-26T05:49:37Z
Myliobatis aquila,393237248,https://inaturalist-open-data.s3.amazonaws.com/photos/393237248/medium.jpg,CC-BY 4.0,Nicola Faulks,nicola35,2024-06-07,https://www.inaturalist.org/observations/222019785,"© Nicola Faulks, some rights reserved (CC-BY)",064b61667a5890fd63ac503f1fd4870b774212c35d0774b34d82878fb093b540,cc-by,https://creativecommons.org/licenses/by/4.0/,49311,2026-09-26T05:49:37Z
Myliobatis aquila,393236648,https://inaturalist-open-data.s3.amazonaws.com/photos/393236648/medium.jpg,CC-BY 4.0,Nicola Faulks,nicola35,2024-06-07,https://www.inaturalist.org/observations/222019785,"© Nicola Faulks, some rights reserved (CC-BY)",2b0a832aeefd7e7f05f79e6060ee6f7834e1756bc84c1ec8084024c9b63e99a7,cc-by,https://creativecommons.org/licenses/by/4.0/,49311,2026-09-26T05:49:37Z
Myliobatis aquila,415798225,https://inaturalist-open-data.s3.amazonaws.com/photos/415798225/medium.jpeg,CC-BY 4.0,Michael Bommerer,michael_bommerer,2024-08-05,https://www.inaturalist.org/observations/233929452,"© Michael Bommerer, some rights reserved (CC-BY)",3d038f38113650f936347e19720e9af1f6c9e1be683beb664158af499f994cf3,cc-by,https://creativecommons.org/licenses/by/4.0/,49311,2026-09-26T05:49:37Z
Myliobatis aquila,415798286,https://inaturalist-open-data.s3.amazonaws.com/photos/415798286/medium.jpeg,CC-BY 4.0,Michael Bommerer,michael_bommerer,2024-08-05,https://www.inaturalist.org/observations/233929452,"© Michael Bommerer, some rights reserved (CC-BY)",15ed559a5da5c77bba4627545a9ba5d21a521699af056b3a3cadaedbe30cf7b7,cc-by,https://creativecommons.org/licenses/by/4.0/,49311,2026-09-26T05:49:37Z
Myliobatis aquila,425992041,https://inaturalist-open-data.s3.amazonaws.com/photos/425992041/medium.jpeg,CC-BY 4.0,Ben Jobson,benjobson,2024-09-01,https://www.inaturalist.org/observations/239208890,"© Ben Jobson, some rights reserved (CC-BY)",94aa2d06fc07b4db7c86e4d620042bc5ca36179f4780acad97c72169c5265d5d,cc-by,https://creativecommons.org/licenses/by/4.0/,49311,2026-09-26T05:49:37Z
Myliobatis aquila,405851530,https://inaturalist-open-data.s3.amazonaws.com/photos/405851530/medium.jpeg,CC-BY 4.0,Michael Bommerer,michael_bommerer,2024-07-11,https://www.inaturalist.org/observations/228691414,"© Michael Bommerer, some rights reserved (CC-BY)",73ae4590811a07af4f175275aebd1e611ca2a54dd47c2611be5d25c75a3c1308,cc-by,https://creativecommons.org/licenses/by/4.0/,49311,2026-09-26T05:49:38Z
Myliobatis aquila,405851567,https://inaturalist-open-data.s3.amazonaws.com/photos/405851567/medium.jpeg,CC-BY 4.0,Michael Bommerer,michael_bommerer,2024-07-11,https://www.inaturalist.org/observations/228691414,"© Michael Bommerer, some rights reserved (CC-BY)",70bec08ba90d0fbd9a21e0b626a3bb625dece1cd0e145a4b1ac4a730bf75241a,cc-by,https://creativecommons.org/licenses/by/4.0/,49311,2026-09-26T05:49:37Z
Myliobatis aquila,468813877,https://inaturalist-open-data.s3.amazonaws.com/photos/468813877/medium.jpeg,CC-BY 4.0,Ben Jobson,benjobson,2025-02-08,https://www.inaturalist.org/observations/260997718,"© Ben Jobson, some rights reserved (CC-BY)",5a29a50d968d7467fff665e9c3b8d665b4fea31afea35af43da3a73fcdd49335,cc-by,https://creativecommons.org/licenses/by/4.0/,49311,2026-09-26T05:49:38Z
Myliobatis aquila,434379785,https://inaturalist-open-data.s3.amazonaws.com/photos/434379785/medium.jpeg,CC-BY 4.0,Michael Bommerer,michael_bommerer,2024-09-23,https://www.inaturalist.org/observations/243590778,"© Michael Bommerer, some rights reserved (CC-BY)",907d26aa44e5ce05561f74af8c147df212276358726efefa7e3daa2980a9b9d2,cc-by,https://creativecommons.org/licenses/by/4.0/,49311,2026-09-26T05:49:38Z
Myliobatis aquila,434379828,https://inaturalist-open-data.s3.amazonaws.com/photos/434379828/medium.jpeg,CC-BY 4.0,Michael Bommerer,michael_bommerer,2024-09-23,https://www.inaturalist.org/observations/243590778,"© Michael Bommerer, some rights reserved (CC-BY)",07987b7e34d0df6906f699cbfa0b94ba9618c2bb0e4766b8ba7cf575846c8d57,cc-by,https://creativecommons.org/licenses/by/4.0/,49311,2026-09-26T05:49:38Z
Myliobatis aquila,432009990,https://inaturalist-open-data.s3.amazonaws.com/photos/432009990/medium.jpeg,CC-BY 4.0,Michael Bommerer,michael_bommerer,2024-09-17,https://www.inaturalist.org/observations/242328100,"© Michael Bommerer, some rights reserved (CC-BY)",4ff00b4e226ae5e42255133818221ffb20dcab5b53fccec6ae0c31648615abfa,cc-by,https://creativecommons.org/licenses/by/4.0/,49311,2026-09-26T05:49:38Z
Myliobatis aquila,432010529,https://inaturalist-open-data.s3.amazonaws.com/photos/432010529/medium.jpeg,CC-BY 4.0,Michael Bommerer,michael_bommerer,2024-09-17,https://www.inaturalist.org/observations/242328100,"© Michael Bommerer, some rights reserved (CC-BY)",b125dee31e06c6b3fa42c657ceb4da1f03e673998dff5e2b28d6e46c5f0169c4,cc-by,https://creativecommons.org/licenses/by/4.0/,49311,2026-09-26T05:49:39Z
Myliobatis aquila,401887273,https://inaturalist-open-data.s3.amazonaws.com/photos/401887273/medium.jpg,CC-BY 4.0,Michael Bommerer,michael_bommerer,2024-07-02,https://www.inaturalist.org/observations/226592671,"© Michael Bommerer, some rights reserved (CC-BY)",37b52527207500811b1c9a1c2eb2a6088098d56e32e310eca3f9ae98fc3f84ca,cc-by,https://creativecommons.org/licenses/by/4.0/,49311,2026-09-26T05:49:39Z
Myliobatis aquila,401887335,https://inaturalist-open-data.s3.amazonaws.com/photos/401887335/medium.jpg,CC-BY 4.0,Michael Bommerer,michael_bommerer,2024-07-02,https://www.inaturalist.org/observations/226592671,"© Michael Bommerer, some rights reserved (CC-BY)",27fce3cf211bc7a794cfda4ae168ca6e1f6ce1d35bb03d8aebac4d0252f117a7,cc-by,https://creativecommons.org/licenses/by/4.0/,49311,2026-09-26T05:49:39Z
Myliobatis aquila,709840941,https://inaturalist-open-data.s3.amazonaws.com/photos/709840941/medium.jpg,CC-BY 4.0,Vsevolod Rudyi,ruseva,2026-08-02,https://www.inaturalist.org/observations/387634265,"© Vsevolod Rudyi, some rights reserved (CC-BY)",b5c636d6109849a77ad4cc23595d9d3d5a86629c61cc4f5269c1f7d658ff6205,cc-by,https://creativecommons.org/licenses/by/4.0/,49311,2026-09-26T05:49:40Z
Myliobatis aquila,575990359,https://inaturalist-open-data.s3.amazonaws.com/photos/575990359/medium.jpg,CC-BY 4.0,Ben Jobson,benjobson,2025-10-04,https://www.inaturalist.org/observations/318683759,"© Ben Jobson, some rights reserved (CC-BY)",e1ac04769727348cf366c0c07124d49211bdc03f74764b166594ba8fbf7e12fb,cc-by,https://creativecommons.org/licenses/by/4.0/,49311,2026-09-26T05:49:40Z
Myliobatis aquila,298227633,https://inaturalist-open-data.s3.amazonaws.com/photos/298227633/medium.jpeg,CC-BY 4.0,Ben Jobson,benjobson,2023-07-08,https://www.inaturalist.org/observations/171840187,"© Ben Jobson, some rights reserved (CC-BY)",42d6d69f77e1938d7e1a8807c47b6f1b3c0f5ca0ccf68d35488c433740de03a5,cc-by,https://creativecommons.org/licenses/by/4.0/,49311,2026-09-26T05:49:40Z
Myliobatis aquila,365833113,https://inaturalist-open-data.s3.amazonaws.com/photos/365833113/medium.jpeg,CC-BY 4.0,Michael Bommerer,michael_bommerer,2024-04-08,https://www.inaturalist.org/observations/206858717,"© Michael Bommerer, some rights reserved (CC-BY)",bb18a9c8f4be373c49c712b2274c4262baa05a6fe10dc47d76e1221d044f23c5,cc-by,https://creativecommons.org/licenses/by/4.0/,49311,2026-09-26T05:49:36Z
Myliobatis aquila,489286868,https://inaturalist-open-data.s3.amazonaws.com/photos/489286868/medium.jpeg,CC-BY 4.0,tunicatedreamz,tunicatedreamz,2023-10-01,https://www.inaturalist.org/observations/271981417,"© tunicatedreamz, some rights reserved (CC-BY)",537e5482ff750a52dc55ae56832ee19d9c4f4bad685b36f904a45998c44e752a,cc-by,https://creativecommons.org/licenses/by/4.0/,49311,2026-09-26T05:49:37Z
Myliobatis aquila,427546352,https://inaturalist-open-data.s3.amazonaws.com/photos/427546352/medium.jpeg,CC-BY 4.0,Michael Bommerer,michael_bommerer,2024-09-05,https://www.inaturalist.org/observations/240011192,"© Michael Bommerer, some rights reserved (CC-BY)",b7790ed34d08548eb6264ceec540b327e376bcfadf12e890e624eabd30a22947,cc-by,https://creativecommons.org/licenses/by/4.0/,49311,2026-09-26T05:49:36Z
Myliobatis aquila,642548567,https://inaturalist-open-data.s3.amazonaws.com/photos/642548567/medium.jpg,CC-BY 4.0,Rory Wilson,rorywilson,2026-04-21,https://www.inaturalist.org/observations/352063100,"© Rory Wilson, some rights reserved (CC-BY)",31d551cedd7ca8925b68b4aaa85575a3628c4705e94ed24f1d5bf3b8ce18f2e2,cc-by,https://creativecommons.org/licenses/by/4.0/,49311,2026-09-26T05:49:39Z
Myliobatis aquila,403169722,https://inaturalist-open-data.s3.amazonaws.com/photos/403169722/medium.jpg,CC-BY 4.0,Michael Bommerer,michael_bommerer,2024-07-04,https://www.inaturalist.org/observations/227273538,"© Michael Bommerer, some rights reserved (CC-BY)",08e219837b7c0fcc0c481b9ff1ae46f77cdf7480259b18852f9c1fd38916bd46,cc-by,https://creativecommons.org/licenses/by/4.0/,49311,2026-09-26T05:49:38Z
Myliobatis aquila,440873673,https://inaturalist-open-data.s3.amazonaws.com/photos/440873673/medium.jpeg,CC-BY 4.0,Michael Bommerer,michael_bommerer,2024-10-12,https://www.inaturalist.org/observations/246904548,"© Michael Bommerer, some rights reserved (CC-BY)",85ca791643e50c431e82de96ae1f46038e5430ee63e6df9702ced3300944622b,cc-by,https://creativecommons.org/licenses/by/4.0/,49311,2026-09-26T05:49:39Z
Myliobatis aquila,405852049,https://inaturalist-open-data.s3.amazonaws.com/photos/405852049/medium.jpeg,CC-BY 4.0,Michael Bommerer,michael_bommerer,2024-07-11,https://www.inaturalist.org/observations/228691669,"© Michael Bommerer, some rights reserved (CC-BY)",19fdd5fa5cde0252ecf267a668f3616cdbf2eeee837937478edf481e5fc90c66,cc-by,https://creativecommons.org/licenses/by/4.0/,49311,2026-09-26T05:49:38Z
Myliobatis aquila,427547150,https://inaturalist-open-data.s3.amazonaws.com/photos/427547150/medium.jpeg,CC-BY 4.0,Michael Bommerer,michael_bommerer,2024-09-05,https://www.inaturalist.org/observations/240011472,"© Michael Bommerer, some rights reserved (CC-BY)",7e862ed3ff0654de12536bd78804b81689f35d61a94ecba9dacafbca38fab11e,cc-by,https://creativecommons.org/licenses/by/4.0/,49311,2026-09-26T05:49:38Z
Pelagia noctiluca,326992039,https://inaturalist-open-data.s3.amazonaws.com/photos/326992039/medium.jpeg,CC-BY 4.0,Yves Bas,yvesbas,2023-05-05,https://www.inaturalist.org/observations/187033189,"© Yves Bas, some rights reserved (CC-BY)",ff565d0419b0631c42c4f44edfb2a13152221010923eb93bdd491ec45ef6c3e2,cc-by,https://creativecommons.org/licenses/by/4.0/,256089,2026-09-26T05:49:40Z
Pelagia noctiluca,326991998,https://inaturalist-open-data.s3.amazonaws.com/photos/326991998/medium.jpeg,CC-BY 4.0,Yves Bas,yvesbas,2023-05-05,https://www.inaturalist.org/observations/187033189,"© Yves Bas, some rights reserved (CC-BY)",457a0a136832e0d3de94c384ecde782b19525d115b6c625eef52a38616951177,cc-by,https://creativecommons.org/licenses/by/4.0/,256089,2026-09-26T05:49:40Z
Pelagia noctiluca,326989689,https://inaturalist-open-data.s3.amazonaws.com/photos/326989689/medium.jpeg,CC-BY 4.0,Yves Bas,yvesbas,2023-05-05,https://www.inaturalist.org/observations/187031950,"© Yves Bas, some rights reserved (CC-BY)",6eafe1bf07b797f110cb8ab6c5607f36d153106e028522cd57b726cf1a388381,cc-by,https://creativecommons.org/licenses/by/4.0/,256089,2026-09-26T05:49:40Z
Pelagia noctiluca,326989672,https://inaturalist-open-data.s3.amazonaws.com/photos/326989672/medium.jpeg,CC-BY 4.0,Yves Bas,yvesbas,2023-05-05,https://www.inaturalist.org/observations/187031950,"© Yves Bas, some rights reserved (CC-BY)",4a2ab1b558d2704e4493c277f9fb4c284d3e2a158548e91fdc1040d52c9cc3b7,cc-by,https://creativecommons.org/licenses/by/4.0/,256089,2026-09-26T05:49:40Z
Pelagia noctiluca,220256800,https://inaturalist-open-data.s3.amazonaws.com/photos/220256800/medium.jpeg,CC-BY 4.0,Philipp Pavelka,philpav,2022-07-23,https://www.inaturalist.org/observations/129594795,"© Philipp Pavelka, some rights reserved (CC-BY)",397a95a20814a61ef11d0f520aff5754cfcc5dbe06a392b67520593d75ac0a54,cc-by,https://creativecommons.org/licenses/by/4.0/,256089,2026-09-26T05:49:41Z
Pelagia noctiluca,324164475,https://inaturalist-open-data.s3.amazonaws.com/photos/324164475/medium.jpeg,CC-BY 4.0,Yves Bas,yvesbas,2023-09-15,https://www.inaturalist.org/observations/185597302,"© Yves Bas, some rights reserved (CC-BY)",b5d6135142b382a89ab8b815563daad5a8be29f87898a6d1adca7b1baf9479b6,cc-by,https://creativecommons.org/licenses/by/4.0/,256089,2026-09-26T05:49:41Z
Pelagia noctiluca,324164491,https://inaturalist-open-data.s3.amazonaws.com/photos/324164491/medium.jpeg,CC-BY 4.0,Yves Bas,yvesbas,2023-09-15,https://www.inaturalist.org/observations/185597302,"© Yves Bas, some rights reserved (CC-BY)",497f0005289201f6af38fdaf102d669341e4d5e5d214534764c73e62ede460fb,cc-by,https://creativecommons.org/licenses/by/4.0/,256089,2026-09-26T05:49:41Z
Pelagia noctiluca,226152673,https://inaturalist-open-data.s3.amazonaws.com/photos/226152673/medium.gif,CC-BY 4.0,Golfopolikayak,golfopolikayakl,2018-10-14,https://www.inaturalist.org/observations/132824944,"© Golfopolikayak, some rights reserved (CC-BY)",1b96839afacdb94bb7a62aa7564dbb27d2ad090197473d91d5c3ce129e796b84,cc-by,https://creativecommons.org/licenses/by/4.0/,256089,2026-09-26T05:49:44Z
Pelagia noctiluca,125549003,https://inaturalist-open-data.s3.amazonaws.com/photos/125549003/medium.jpeg,CC-BY 4.0,Chris Taklis,ctaklis,2021-05-02,https://www.inaturalist.org/observations/76770265,"© Chris Taklis, some rights reserved (CC-BY)",ea2ec5559313fc0a328134e6353c123fd1e178917ab858d583afda8d3caa5618,cc-by,https://creativecommons.org/licenses/by/4.0/,256089,2026-09-26T05:49:43Z
Pelagia noctiluca,125551813,https://inaturalist-open-data.s3.amazonaws.com/photos/125551813/medium.jpeg,CC-BY 4.0,Chris Taklis,ctaklis,2021-05-02,https://www.inaturalist.org/observations/76770265,"© Chris Taklis, some rights reserved (CC-BY)",be36ef41cf55557cb59c601e9185e3754eb27ebff15cb6e16fa5ed5f70798b6d,cc-by,https://creativecommons.org/licenses/by/4.0/,256089,2026-09-26T05:49:43Z
Pelagia noctiluca,131666878,https://inaturalist-open-data.s3.amazonaws.com/photos/131666878/medium.jpg,CC-BY 4.0,Eldon E Ball,eldonball,1986-01-15,https://www.inaturalist.org/observations/80338819,"© Eldon E Ball, some rights reserved (CC-BY)",a7caf067b41562a9ebb73fb2fce06b2465a512fd6ad789550d842d49be4f34b8,cc-by,https://creativecommons.org/licenses/by/4.0/,256089,2026-09-26T05:49:44Z
Pelagia noctiluca,364883067,https://inaturalist-open-data.s3.amazonaws.com/photos/364883067/medium.jpeg,CC-BY 4.0,Nicola Crockford,nicolacrockford,2021-09-13,https://www.inaturalist.org/observations/206308644,"© Nicola Crockford, some rights reserved (CC-BY)",022209c829ee74e3e26c84f222eb51063afc58787fcbbb048d33a508e785ba48,cc-by,https://creativecommons.org/licenses/by/4.0/,256089,2026-09-26T05:49:44Z
Pelagia noctiluca,506221942,https://inaturalist-open-data.s3.amazonaws.com/photos/506221942/medium.jpg,CC-BY 4.0,Scheufler Stefan,schtefan,2025-05-14,https://www.inaturalist.org/observations/281731723,"© Scheufler Stefan, some rights reserved (CC-BY)",b080138e9c3aafffe7da6ec44e886fc1907011e8f082772e35d7c6aebf26c0bf,cc-by,https://creativecommons.org/licenses/by/4.0/,256089,2026-09-26T05:49:44Z
Pelagia noctiluca,675849880,https://inaturalist-open-data.s3.amazonaws.com/photos/675849880/medium.jpg,CC-BY 4.0,ju_stine,ju_stine,2026-06-08,https://www.inaturalist.org/observations/369972369,"© ju_stine, some rights reserved (CC-BY)",8fe69d2f52a9ae2094395311f253d713fbd2d6ee83eb46d82cabcbd803650eea,cc-by,https://creativecommons.org/licenses/by/4.0/,256089,2026-09-26T05:49:45Z
Pelagia noctiluca,223208591,https://inaturalist-open-data.s3.amazonaws.com/photos/223208591/medium.jpeg,CC-BY 4.0,Cristina Villaverde,cristinavillaverde,2021-12-30,https://www.inaturalist.org/observations/131184296,"© Cristina Villaverde, some rights reserved (CC-BY)",04fcd5b8dc1ceaa93319d7d15fe51c443f0313ef5288d71d29734172da30be7a,cc-by,https://creativecommons.org/licenses/by/4.0/,256089,2026-09-26T05:49:45Z
Pelagia noctiluca,326348260,https://inaturalist-open-data.s3.amazonaws.com/photos/326348260/medium.jpeg,CC-BY 4.0,Yves Bas,yvesbas,2023-05-05,https://www.inaturalist.org/observations/186710097,"© Yves Bas, some rights reserved (CC-BY)",3dfbc94acbce1765330dc9cae7fd70564017a8c2a083aff537a19498f6e0113a,cc-by,https://creativecommons.org/licenses/by/4.0/,256089,2026-09-26T05:49:45Z
Pelagia noctiluca,326348236,https://inaturalist-open-data.s3.amazonaws.com/photos/326348236/medium.jpeg,CC-BY 4.0,Yves Bas,yvesbas,2023-05-05,https://www.inaturalist.org/observations/186710097,"© Yves Bas, some rights reserved (CC-BY)",f6e65f39b0e42a25f1d837198ab8154659cec3e58f5f1694e34d99f8e301f28b,cc-by,https://creativecommons.org/licenses/by/4.0/,256089,2026-09-26T05:49:45Z
Pelagia noctiluca,595328331,https://inaturalist-open-data.s3.amazonaws.com/photos/595328331/medium.jpg,CC-BY 4.0,Roland Gromes,rolandgromes,2013-09-03,https://www.inaturalist.org/observations/328525767,"© Roland Gromes, some rights reserved (CC-BY)",86f48c4135dc63e4203a35a3e60bc756883aae88af0316de048773d5a089ae76,cc-by,https://creativecommons.org/licenses/by/4.0/,256089,2026-09-26T05:49:45Z
Pelagia noctiluca,595328335,https://inaturalist-open-data.s3.amazonaws.com/photos/595328335/medium.jpg,CC-BY 4.0,Roland Gromes,rolandgromes,2013-09-03,https://www.inaturalist.org/observations/328525767,"© Roland Gromes, some rights reserved (CC-BY)",97dc30f9c8da62c6a3bf650d1c63d1558919ad2851cb7869eb78ebc9cd4d5be7,cc-by,https://creativecommons.org/licenses/by/4.0/,256089,2026-09-26T05:49:45Z
Pelagia noctiluca,265281908,https://inaturalist-open-data.s3.amazonaws.com/photos/265281908/medium.jpeg,CC-BY 4.0,CorentinD,corentind,2023-04-05,https://www.inaturalist.org/observations/153572428,"© CorentinD, some rights reserved (CC-BY)",7317b3a1d524eea9627a953d0adfea029cc58fbfca4f38d8667b32683fc9e605,cc-by,https://creativecommons.org/licenses/by/4.0/,256089,2026-09-26T05:49:45Z
Pelagia noctiluca,239738559,https://inaturalist-open-data.s3.amazonaws.com/photos/239738559/medium.jpeg,CC-BY 4.0,Attila Oláh,attilaolah,2022-07-28,https://www.inaturalist.org/observations/140088193,"© Attila Oláh, some rights reserved (CC-BY)",489efc467053a3dd9d936dc3933fc44db6b6316cf4762232e978253e59f55081,cc-by,https://creativecommons.org/licenses/by/4.0/,256089,2026-09-26T05:49:46Z
Pelagia noctiluca,239738529,https://inaturalist-open-data.s3.amazonaws.com/photos/239738529/medium.jpeg,CC-BY 4.0,Attila Oláh,attilaolah,2022-07-28,https://www.inaturalist.org/observations/140088193,"© Attila Oláh, some rights reserved (CC-BY)",eee45f864a4c9b86c63bc07f032e89d929cee6e9550c86b0e58aefe6816b552e,cc-by,https://creativecommons.org/licenses/by/4.0/,256089,2026-09-26T05:49:46Z
Pelagia noctiluca,731318492,https://inaturalist-open-data.s3.amazonaws.com/photos/731318492/medium.jpg,CC-BY 4.0,Xavier Mas,xavier_mas,2026-09-08,https://www.inaturalist.org/observations/398652562,"© Xavier Mas, some rights reserved (CC-BY)",8994dc33cd6aac90f8f791edc1c8367b6c65da5f0be9d6dcc598b4b95bad6b7c,cc-by,https://creativecommons.org/licenses/by/4.0/,256089,2026-09-26T05:49:47Z
Pelagia noctiluca,125546891,https://inaturalist-open-data.s3.amazonaws.com/photos/125546891/medium.jpeg,CC-BY 4.0,Chris Taklis,ctaklis,2021-05-02,https://www.inaturalist.org/observations/76770239,"© Chris Taklis, some rights reserved (CC-BY)",b8b7a45e67b299d5f64e5a6b8234ed4e7cbae6e4057e3d59c03da5e088f54ba9,cc-by,https://creativecommons.org/licenses/by/4.0/,256089,2026-09-26T05:49:47Z
Pelagia noctiluca,125545891,https://inaturalist-open-data.s3.amazonaws.com/photos/125545891/medium.jpeg,CC-BY 4.0,Chris Taklis,ctaklis,2021-05-02,https://www.inaturalist.org/observations/76770239,"© Chris Taklis, some rights reserved (CC-BY)",3c7a8b690dcd7e9a9b46993bbf7ec95b2f3426b92f438f9d2b58522a08e617e2,cc-by,https://creativecommons.org/licenses/by/4.0/,256089,2026-09-26T05:49:47Z
Pelagia noctiluca,534575547,https://inaturalist-open-data.s3.amazonaws.com/photos/534575547/medium.jpg,CC-BY 4.0,Valentin Moser,vmoser,2025-07-05,https://www.inaturalist.org/observations/296862305,"© Valentin Moser, some rights reserved (CC-BY)",207b828aa23f98d434878515e7566fc40a76ab21e62e3bb3f60d6e92f1b556c9,cc-by,https://creativecommons.org/licenses/by/4.0/,256089,2026-09-26T05:49:47Z
Pelagia noctiluca,534575427,https://inaturalist-open-data.s3.amazonaws.com/photos/534575427/medium.jpg,CC-BY 4.0,Valentin Moser,vmoser,2025-07-05,https://www.inaturalist.org/observations/296862305,"© Valentin Moser, some rights reserved (CC-BY)",1611c7a59e4094463615a30be130325d4de7792e464368d05fe240e9bc94957d,cc-by,https://creativecommons.org/licenses/by/4.0/,256089,2026-09-26T05:49:47Z
Pelagia noctiluca,220252182,https://inaturalist-open-data.s3.amazonaws.com/photos/220252182/medium.jpeg,CC-BY 4.0,Philipp Pavelka,philpav,2022-07-19,https://www.inaturalist.org/observations/129592415,"© Philipp Pavelka, some rights reserved (CC-BY)",805161fd337bcb7feeb693f3ea5436630a0e7d6847d3dd89e7c95456f2b7768f,cc-by,https://creativecommons.org/licenses/by/4.0/,256089,2026-09-26T05:49:48Z
Pelagia noctiluca,243623608,https://inaturalist-open-data.s3.amazonaws.com/photos/243623608/medium.jpeg,CC-BY 4.0,Philip Schaffer,philip_schaffer,2018-08-29,https://www.inaturalist.org/observations/142127799,"© Philip Schaffer, some rights reserved (CC-BY)",0de8c8c3731df7a6d17a6de910781bf41ecc96442c6569cb6e6353ae4cabd168,cc-by,https://creativecommons.org/licenses/by/4.0/,256089,2026-09-26T05:49:48Z
Pelagia noctiluca,251201723,https://inaturalist-open-data.s3.amazonaws.com/photos/251201723/medium.jpg,CC-BY 4.0,Mario Bassini,bssmnt52,2012-08-17,https://www.inaturalist.org/observations/146149254,"© Mario Bassini, some rights reserved (CC-BY)",7401f396575c66fc228706a46e73f56547ba80195df2d7b1de909e938aaf3165,cc-by,https://creativecommons.org/licenses/by/4.0/,256089,2026-09-26T05:49:49Z
Pelagia noctiluca,640700112,https://inaturalist-open-data.s3.amazonaws.com/photos/640700112/medium.jpg,CC-BY 4.0,Xavier Mas,xavier_mas,2026-04-19,https://www.inaturalist.org/observations/351116507,"© Xavier Mas, some rights reserved (CC-BY)",ca9e8d35cd8f15db219e2126ef036edf25e66c9bf37f6256c60defefe4fb30db,cc-by,https://creativecommons.org/licenses/by/4.0/,256089,2026-09-26T05:49:49Z
Pelagia noctiluca,633622696,https://inaturalist-open-data.s3.amazonaws.com/photos/633622696/medium.jpg,CC-BY 4.0,Chris Chucholl,astacoides,2024-08-07,https://www.inaturalist.org/observations/347503985,"© Chris Chucholl, some rights reserved (CC-BY)",a0b69722b90eee8ca818228a820a550b7ab28258262849c9942297701697a79c,cc-by,https://creativecommons.org/licenses/by/4.0/,256089,2026-09-26T05:49:49Z
Pelagia noctiluca,331776666,https://inaturalist-open-data.s3.amazonaws.com/photos/331776666/medium.jpeg,CC-BY 4.0,Yves Bas,yvesbas,2023-05-07,https://www.inaturalist.org/observations/189399044,"© Yves Bas, some rights reserved (CC-BY)",edc2b4a5bf712bf59b00133d10d098d2c19c2841de8fb9a511df89fdb5850ac8,cc-by,https://creativecommons.org/licenses/by/4.0/,256089,2026-09-26T05:49:49Z
Pelagia noctiluca,403199316,https://inaturalist-open-data.s3.amazonaws.com/photos/403199316/medium.jpeg,CC-BY 4.0,le0p0ld_d,le0p0ld_d,2024-06-25,https://www.inaturalist.org/observations/227289671,"© le0p0ld_d, some rights reserved (CC-BY)",af779248dcc9184c96f76525e05b48ecd2313977cea3415f574416a7ea247b75,cc-by,https://creativecommons.org/licenses/by/4.0/,256089,2026-09-26T05:49:46Z
Pelagia noctiluca,591306795,https://inaturalist-open-data.s3.amazonaws.com/photos/591306795/medium.jpg,CC-BY 4.0,Yves Bas,yvesbas,2025-09-11,https://www.inaturalist.org/observations/326483814,"© Yves Bas, some rights reserved (CC-BY)",ddfc6713aa973bdfe9cd3a0c8d92209a1b8a009e913ba57b376fa3301530412c,cc-by,https://creativecommons.org/licenses/by/4.0/,256089,2026-09-26T05:49:50Z
Pelagia noctiluca,211704301,https://inaturalist-open-data.s3.amazonaws.com/photos/211704301/medium.jpeg,CC-BY 4.0,Katerina Kalogerini,katerinakalogerini,2022-07-05,https://www.inaturalist.org/observations/124872760,"© Katerina Kalogerini, some rights reserved (CC-BY)",821eddc5fdb02f6f5fe08c6fdc50bfe697b3e2a54c535d314f9d2dd976d6fad7,cc-by,https://creativecommons.org/licenses/by/4.0/,256089,2026-09-26T05:49:50Z
Pelagia noctiluca,559403263,https://inaturalist-open-data.s3.amazonaws.com/photos/559403263/medium.jpg,CC-BY 4.0,Fabrizio Benedetti,fabrizio47,2025-08-29,https://www.inaturalist.org/observations/309981178,"© Fabrizio Benedetti, some rights reserved (CC-BY)",e011a8390416e0371be4c81fd056671ed7e770531c357a594b1aa2d049ea2001,cc-by,https://creativecommons.org/licenses/by/4.0/,256089,2026-09-26T05:49:57Z
Pelagia noctiluca,254542255,https://inaturalist-open-data.s3.amazonaws.com/photos/254542255/medium.jpeg,CC-BY 4.0,Mourad Harzallah,mourad-harzallah,2023-01-03,https://www.inaturalist.org/observations/147879538,"© Mourad Harzallah, some rights reserved (CC-BY)",0d0cd32c2fcd82077ce7046290748d185417fce91beb5e9eef2999d2f6f1b723,cc-by,https://creativecommons.org/licenses/by/4.0/,256089,2026-09-26T05:49:48Z
Pelagia noctiluca,251200059,https://inaturalist-open-data.s3.amazonaws.com/photos/251200059/medium.jpg,CC-BY 4.0,Mario Bassini,bssmnt52,2012-08-06,https://www.inaturalist.org/observations/146148107,"© Mario Bassini, some rights reserved (CC-BY)",45f756b6856c5036f47571ca666df318cbce9b7b1ef4f039b51e3360e59e0ecb,cc-by,https://creativecommons.org/licenses/by/4.0/,256089,2026-09-26T05:49:57Z
Pelagia noctiluca,357690096,https://inaturalist-open-data.s3.amazonaws.com/photos/357690096/medium.jpg,CC-BY 4.0,rhiz,rhizchimp,2024-03-15,https://www.inaturalist.org/observations/202522057,"© rhiz, some rights reserved (CC-BY)",7dfa7cdb09791ce559c3745dc7d057a32c52bf11f7d408ad4ac07a1db2e3a089,cc-by,https://creativecommons.org/licenses/by/4.0/,256089,2026-09-26T05:49:44Z
Pelagia noctiluca,211096046,https://inaturalist-open-data.s3.amazonaws.com/photos/211096046/medium.jpeg,CC-BY 4.0,Chris Taklis,ctaklis,2022-06-30,https://www.inaturalist.org/observations/124538916,"© Chris Taklis, some rights reserved (CC-BY)",aa2a8feed8b907b45eef3846448b52823f115daa01f6844ce6fcf4301e234574,cc-by,https://creativecommons.org/licenses/by/4.0/,256089,2026-09-26T05:49:53Z
Pelagia noctiluca,719030401,https://inaturalist-open-data.s3.amazonaws.com/photos/719030401/medium.jpg,CC-BY 4.0,Xavier Mas,xavier_mas,2026-08-18,https://www.inaturalist.org/observations/392353163,"© Xavier Mas, some rights reserved (CC-BY)",e6c44ec5dc2fd44e7456b011a5a6a29ebba82b8fbd5dad4507a09e3e24c43633,cc-by,https://creativecommons.org/licenses/by/4.0/,256089,2026-09-26T05:49:46Z
Pelagia noctiluca,555233007,https://inaturalist-open-data.s3.amazonaws.com/photos/555233007/medium.jpg,CC-BY 4.0,Sergio Garrido Villa,sergiogarrido,2025-08-17,https://www.inaturalist.org/observations/307822049,"© Sergio Garrido Villa, some rights reserved (CC-BY)",8df9ad8868046e6f994a98a6801ac521813f694060dedcbc70c2e7ca7c7446d9,cc-by,https://creativecommons.org/licenses/by/4.0/,256089,2026-09-26T05:49:50Z
Echinus esculentus,368981228,https://inaturalist-open-data.s3.amazonaws.com/photos/368981228/medium.jpg,CC-BY 4.0,Libby Keatley,libbykeatley,2024-04-21,https://www.inaturalist.org/observations/208539837,"© Libby Keatley, some rights reserved (CC-BY)",a4fd6305042a3af739069634bc81a4d74ff3fe42a5c3098feb61b9112adc1570,cc-by,https://creativecommons.org/licenses/by/4.0/,99684,2026-09-26T05:50:24Z
Echinus esculentus,29951093,https://inaturalist-open-data.s3.amazonaws.com/photos/29951093/medium.jpg,CC-BY 4.0,Bernard Picton,bernardpicton,2019-01-06,https://www.inaturalist.org/observations/19467027,"© Bernard Picton, some rights reserved (CC-BY)",597e8045748eaac1517df00f8dcca7f895cad1ea0b75a44cc3cffd432e2f930a,cc-by,https://creativecommons.org/licenses/by/4.0/,99684,2026-09-26T05:50:24Z
Echinus esculentus,151456248,https://inaturalist-open-data.s3.amazonaws.com/photos/151456248/medium.jpeg,CC-BY 4.0,Lara Maleen Beckmann,laramaleen,2021-08-17,https://www.inaturalist.org/observations/91552473,"© Lara Maleen Beckmann, some rights reserved (CC-BY)",e7c6b78a5b1a0bbb23f72d07dff8f546ab0db716ad327ef424daccd8d9e3833c,cc-by,https://creativecommons.org/licenses/by/4.0/,99684,2026-09-26T05:50:24Z
Echinus esculentus,667847625,https://inaturalist-open-data.s3.amazonaws.com/photos/667847625/medium.jpg,CC-BY 4.0,Charlotte Kirchner,charlottekirchner,2026-05-27,https://www.inaturalist.org/observations/365777913,"© Charlotte Kirchner, some rights reserved (CC-BY)",0f6330177b34375ee04bd5d7dcf7befd7925bd05453679c3ab285ac1d666fb77,cc-by,https://creativecommons.org/licenses/by/4.0/,99684,2026-09-26T05:50:24Z
Echinus esculentus,507408898,https://inaturalist-open-data.s3.amazonaws.com/photos/507408898/medium.jpg,CC-BY 4.0,Rebekah Bajkó,rebekahbajko,2025-05-17,https://www.inaturalist.org/observations/282428550,"© Rebekah Bajkó, some rights reserved (CC-BY)",bd3bc3ba8ab683e08d279c7a829bfcf749fbb936ad78551fb6e4427d82656053,cc-by,https://creativecommons.org/licenses/by/4.0/,99684,2026-09-26T05:50:25Z
Echinus esculentus,12980872,https://inaturalist-open-data.s3.amazonaws.com/photos/12980872/medium.jpg,CC-BY 4.0,Bernard Picton,bernardpicton,2016-09-13,https://www.inaturalist.org/observations/9521177,"© Bernard Picton, some rights reserved (CC-BY)",25c802cfb59b4f2153db67793cf7e8cf1de893a39313e851e372d473fc80ed49,cc-by,https://creativecommons.org/licenses/by/4.0/,99684,2026-09-26T05:50:26Z
Echinus esculentus,421756433,https://inaturalist-open-data.s3.amazonaws.com/photos/421756433/medium.jpeg,CC-BY 4.0,Nicola Crockford,nicolacrockford,2024-08-20,https://www.inaturalist.org/observations/237017120,"© Nicola Crockford, some rights reserved (CC-BY)",1a952f3876a38d879cee41e4bb782466b72819e230cf1422a8ef2569d4963807,cc-by,https://creativecommons.org/licenses/by/4.0/,99684,2026-09-26T05:50:25Z
Echinus esculentus,344508670,https://inaturalist-open-data.s3.amazonaws.com/photos/344508670/medium.jpeg,CC-BY 4.0,Libby Keatley,libbykeatley,2023-08-23,https://www.inaturalist.org/observations/195777111,"© Libby Keatley, some rights reserved (CC-BY)",dc92603e417e22e7ef4a46da2de60033d49e67249468cbbce4248fc5ca423bec,cc-by,https://creativecommons.org/licenses/by/4.0/,99684,2026-09-26T05:50:26Z
Echinus esculentus,483885818,https://inaturalist-open-data.s3.amazonaws.com/photos/483885818/medium.jpg,CC-BY 4.0,Charlotte Kirchner,charlottekirchner,2025-04-07,https://www.inaturalist.org/observations/269146989,"© Charlotte Kirchner, some rights reserved (CC-BY)",f40b339f54c7e4d01ca5e5d9347410ee5561302a579db4fd86d1a36748c72e41,cc-by,https://creativecommons.org/licenses/by/4.0/,99684,2026-09-26T05:50:26Z
Echinus esculentus,483885837,https://inaturalist-open-data.s3.amazonaws.com/photos/483885837/medium.jpg,CC-BY 4.0,Charlotte Kirchner,charlottekirchner,2025-04-07,https://www.inaturalist.org/observations/269146989,"© Charlotte Kirchner, some rights reserved (CC-BY)",ff000d7975d32a1a8f37140f75bb5daa6c4ba95b03bddffc5d8e2f5d4dd06e9c,cc-by,https://creativecommons.org/licenses/by/4.0/,99684,2026-09-26T05:50:26Z
Echinus esculentus,487064461,https://inaturalist-open-data.s3.amazonaws.com/photos/487064461/medium.png,CC-BY 4.0,Rory Wilson,rorywilson,2025-04-12,https://www.inaturalist.org/observations/270807410,"© Rory Wilson, some rights reserved (CC-BY)",20d1c105b144f1d24850ebc68b92f38c899fe646bc8067f423ad5342df675b87,cc-by,https://creativecommons.org/licenses/by/4.0/,99684,2026-09-26T05:50:26Z
Echinus esculentus,560267974,https://inaturalist-open-data.s3.amazonaws.com/photos/560267974/medium.jpg,CC-BY 4.0,tunicatedreamz,tunicatedreamz,2025-08-31,https://www.inaturalist.org/observations/310429441,"© tunicatedreamz, some rights reserved (CC-BY)",83bd57afaeedebd0cc2da147ae0401339e716321f23210f553125fde8f064acb,cc-by,https://creativecommons.org/licenses/by/4.0/,99684,2026-09-26T05:50:27Z
Echinus esculentus,607280840,https://inaturalist-open-data.s3.amazonaws.com/photos/607280840/medium.jpg,CC-BY 4.0,Rory Wilson,rorywilson,2026-01-10,https://www.inaturalist.org/observations/334409619,"© Rory Wilson, some rights reserved (CC-BY)",57a5dbe24d6f0c110b1ba914db55086c4ab9b82c9910b33f600b218d5f297ec7,cc-by,https://creativecommons.org/licenses/by/4.0/,99684,2026-09-26T05:50:27Z
Echinus esculentus,352462168,https://inaturalist-open-data.s3.amazonaws.com/photos/352462168/medium.jpg,CC-BY 4.0,Libby Keatley,libbykeatley,2023-09-03,https://www.inaturalist.org/observations/199832984,"© Libby Keatley, some rights reserved (CC-BY)",fe1b02a668171b796a289975966aedacf8270646ed7d63c29b690fe052e1746c,cc-by,https://creativecommons.org/licenses/by/4.0/,99684,2026-09-26T05:50:27Z
Echinus esculentus,563262534,https://inaturalist-open-data.s3.amazonaws.com/photos/563262534/medium.jpg,CC-BY 4.0,liam1294,liam1294,2025-09-06,https://www.inaturalist.org/observations/311999460,"© liam1294, some rights reserved (CC-BY)",ca2e12fbdfe939db1c979a22807d05264db6e49921cd7b62c71ec79d533f5907,cc-by,https://creativecommons.org/licenses/by/4.0/,99684,2026-09-26T05:50:27Z
Echinus esculentus,495185479,https://inaturalist-open-data.s3.amazonaws.com/photos/495185479/medium.jpg,CC-BY 4.0,Libby Keatley,libbykeatley,2024-09-01,https://www.inaturalist.org/observations/244872457,"© Libby Keatley, some rights reserved (CC-BY)",07786078c67ed263a4bf2dc1444084c3d59b4f851046f49bde02dfdaefbb94ef,cc-by,https://creativecommons.org/licenses/by/4.0/,99684,2026-09-26T05:50:27Z
Echinus esculentus,532840459,https://inaturalist-open-data.s3.amazonaws.com/photos/532840459/medium.jpg,CC-BY 4.0,Rory Wilson,rorywilson,2025-07-05,https://www.inaturalist.org/observations/295951235,"© Rory Wilson, some rights reserved (CC-BY)",8cf7965931749e02639eaf70601f9a84f1a3a1af2f7d18ec419f226a5298e6c2,cc-by,https://creativecommons.org/licenses/by/4.0/,99684,2026-09-26T05:50:27Z
Echinus esculentus,125933988,https://inaturalist-open-data.s3.amazonaws.com/photos/125933988/medium.jpeg,CC-BY 4.0,Nicola Faulks,nicola35,2021-05-01,https://www.inaturalist.org/observations/77006989,"© Nicola Faulks, some rights reserved (CC-BY)",d6d2c8af89bb5c9af28f34b3eb1ec701953783c2567cf5bbe49e315a19290d80,cc-by,https://creativecommons.org/licenses/by/4.0/,99684,2026-09-26T05:50:28Z
Echinus esculentus,26635251,https://inaturalist-open-data.s3.amazonaws.com/photos/26635251/medium.jpeg,CC-BY 4.0,Julien Renoult,jujurenoult,2018-10-11,https://www.inaturalist.org/observations/17506686,"© Julien Renoult, some rights reserved (CC-BY)",c94fb588170550c2d7f11cd20f64b941ff0cc328d21f11d843f99ae4f2682d50,cc-by,https://creativecommons.org/licenses/by/4.0/,99684,2026-09-26T05:50:28Z
Echinus esculentus,473906552,https://inaturalist-open-data.s3.amazonaws.com/photos/473906552/medium.jpg,CC-BY 4.0,Vsevolod Rudyi,ruseva,2023-10-17,https://www.inaturalist.org/observations/263766094,"© Vsevolod Rudyi, some rights reserved (CC-BY)",955a808659681875cb8c9f173c4ad590d81a914a71c29ed644501069a31bd062,cc-by,https://creativecommons.org/licenses/by/4.0/,99684,2026-09-26T05:50:28Z
Echinus esculentus,428647562,https://inaturalist-open-data.s3.amazonaws.com/photos/428647562/medium.jpg,CC-BY 4.0,Nicola Faulks,nicola35,2024-09-04,https://www.inaturalist.org/observations/240587444,"© Nicola Faulks, some rights reserved (CC-BY)",eb3830a6c07b8d093908a6d82e313f85bc756075d6c673ef2fc7b5ea165146a1,cc-by,https://creativecommons.org/licenses/by/4.0/,99684,2026-09-26T05:50:28Z
Echinus esculentus,667851750,https://inaturalist-open-data.s3.amazonaws.com/photos/667851750/medium.jpg,CC-BY 4.0,Charlotte Kirchner,charlottekirchner,2026-05-27,https://www.inaturalist.org/observations/365779966,"© Charlotte Kirchner, some rights reserved (CC-BY)",7b5432b4cedba846a945111fe6999ade58fec728da02aa85fa977908c615c1ac,cc-by,https://creativecommons.org/licenses/by/4.0/,99684,2026-09-26T05:50:29Z
Echinus esculentus,339421768,https://inaturalist-open-data.s3.amazonaws.com/photos/339421768/medium.jpeg,CC-BY 4.0,Libby Keatley,libbykeatley,2023-12-03,https://www.inaturalist.org/observations/193234931,"© Libby Keatley, some rights reserved (CC-BY)",3ba2950b230d82d95e48412115840849738b9462e43b22764f17396f4f680e6c,cc-by,https://creativecommons.org/licenses/by/4.0/,99684,2026-09-26T05:50:29Z
Echinus esculentus,531423856,https://inaturalist-open-data.s3.amazonaws.com/photos/531423856/medium.jpg,CC-BY 4.0,Rachel Crane,rachelonthereef,2025-07-03,https://www.inaturalist.org/observations/295209611,"© Rachel Crane, some rights reserved (CC-BY)",3d8ac5108791fbc1e66a6d5dcbb26a566814419f1d9d8f6a0da997892731ad08,cc-by,https://creativecommons.org/licenses/by/4.0/,99684,2026-09-26T05:50:29Z
Echinus esculentus,98525415,https://inaturalist-open-data.s3.amazonaws.com/photos/98525415/medium.jpg,CC-BY 4.0,Bernard Picton,bernardpicton,2020-09-29,https://www.inaturalist.org/observations/61567146,"© Bernard Picton, some rights reserved (CC-BY)",f071b1d7a63dfad6a6872a546e6951de89862895db29b1c6bd4a0f7380e41a89,cc-by,https://creativecommons.org/licenses/by/4.0/,99684,2026-09-26T05:50:29Z
Echinus esculentus,53422757,https://inaturalist-open-data.s3.amazonaws.com/photos/53422757/medium.jpg,CC-BY 4.0,Bernard Picton,bernardpicton,2019-10-06,https://www.inaturalist.org/observations/33978483,"© Bernard Picton, some rights reserved (CC-BY)",e79bf5ce71c94c5e663e0a20d85ef4d9d1bc1fe5579b0e2d42ecc7e5198beca8,cc-by,https://creativecommons.org/licenses/by/4.0/,99684,2026-09-26T05:50:29Z
Echinus esculentus,519771055,https://inaturalist-open-data.s3.amazonaws.com/photos/519771055/medium.jpg,CC-BY 4.0,Libby Keatley,libbykeatley,2025-05-19,https://www.inaturalist.org/observations/289000859,"© Libby Keatley, some rights reserved (CC-BY)",1046a048554fec6ce0451a7ce0c96fcab689498a3aa79ef8bd725114ea25c238,cc-by,https://creativecommons.org/licenses/by/4.0/,99684,2026-09-26T05:50:30Z
Echinus esculentus,386337946,https://inaturalist-open-data.s3.amazonaws.com/photos/386337946/medium.jpg,CC-BY 4.0,Nicola Faulks,nicola35,2024-04-21,https://www.inaturalist.org/observations/218336407,"© Nicola Faulks, some rights reserved (CC-BY)",243fffb9e2f9ed8602a26f0f72979b78013a0276abe57c1c0012727104460051,cc-by,https://creativecommons.org/licenses/by/4.0/,99684,2026-09-26T05:50:30Z
Echinus esculentus,193779312,https://inaturalist-open-data.s3.amazonaws.com/photos/193779312/medium.jpg,CC-BY 4.0,Nicola Faulks,nicola35,2022-04-30,https://www.inaturalist.org/observations/114784553,"© Nicola Faulks, some rights reserved (CC-BY)",e771e49b7abcb3e4565c38306f2858bbdddf0f5475f6c3dc6fb4de6d3ebedda6,cc-by,https://creativecommons.org/licenses/by/4.0/,99684,2026-09-26T05:50:30Z
Echinus esculentus,668534374,https://inaturalist-open-data.s3.amazonaws.com/photos/668534374/medium.jpg,CC-BY 4.0,Charlotte Kirchner,charlottekirchner,2026-05-27,https://www.inaturalist.org/observations/366138041,"© Charlotte Kirchner, some rights reserved (CC-BY)",b9b8b08e718862d04f7a5cc372cb2d0c63af869188bb09b2e2312f7255b24fff,cc-by,https://creativecommons.org/licenses/by/4.0/,99684,2026-09-26T05:50:30Z
Echinus esculentus,351292790,https://inaturalist-open-data.s3.amazonaws.com/photos/351292790/medium.jpeg,CC-BY 4.0,Libby Keatley,libbykeatley,2023-05-14,https://www.inaturalist.org/observations/199221981,"© Libby Keatley, some rights reserved (CC-BY)",1408f0c18f24d62f2f927225be1b82b28279fccb4b9416bc9b8a7b90b14863ae,cc-by,https://creativecommons.org/licenses/by/4.0/,99684,2026-09-26T05:50:31Z
Echinus esculentus,356593553,https://inaturalist-open-data.s3.amazonaws.com/photos/356593553/medium.jpg,CC-BY 4.0,Jamie O'Neill,swimjamie,2024-03-10,https://www.inaturalist.org/observations/201957642,"© Jamie O'Neill, some rights reserved (CC-BY)",036bd0a83e75ea503cad9816529e5b78d22ece232b94ef93e1ea5f5899ef2f1e,cc-by,https://creativecommons.org/licenses/by/4.0/,99684,2026-09-26T05:50:31Z
Echinus esculentus,27223065,https://inaturalist-open-data.s3.amazonaws.com/photos/27223065/medium.jpeg,CC-BY 4.0,Julien Renoult,jujurenoult,2018-10-21,https://www.inaturalist.org/observations/17837770,"© Julien Renoult, some rights reserved (CC-BY)",e2ac547c72cb7216435849fd8fb0e94c398cd7c9a8061109f3ac631ababc7af4,cc-by,https://creativecommons.org/licenses/by/4.0/,99684,2026-09-26T05:50:31Z
Echinus esculentus,153862581,https://inaturalist-open-data.s3.amazonaws.com/photos/153862581/medium.jpeg,CC-BY 4.0,Charlotte Kirchner,charlottekirchner,2021-08-29,https://www.inaturalist.org/observations/92882848,"© Charlotte Kirchner, some rights reserved (CC-BY)",0b894e9ba3c7f7988ff8574b3495e16edfd47cca28d6f6a9f150a9a1e3997c3c,cc-by,https://creativecommons.org/licenses/by/4.0/,99684,2026-09-26T05:50:31Z
Echinus esculentus,310627519,https://inaturalist-open-data.s3.amazonaws.com/photos/310627519/medium.jpeg,CC-BY 4.0,Jerry Lanfear,jerry2018,2023-08-06,https://www.inaturalist.org/observations/178504386,"© Jerry Lanfear, some rights reserved (CC-BY)",061c3a957f06fceff67826dec8f2a84eab3544ece007f9bb904279a2ddf3b002,cc-by,https://creativecommons.org/licenses/by/4.0/,99684,2026-09-26T05:50:31Z
Echinus esculentus,434488942,https://inaturalist-open-data.s3.amazonaws.com/photos/434488942/medium.jpg,CC-BY 4.0,Nicola Faulks,nicola35,2024-09-22,https://www.inaturalist.org/observations/243649152,"© Nicola Faulks, some rights reserved (CC-BY)",97731ff33c19771c6c090d9af97fe1ec9c021b9cac4f1ae5c34dd57c05e0fe33,cc-by,https://creativecommons.org/licenses/by/4.0/,99684,2026-09-26T05:50:32Z
Echinus esculentus,669564576,https://inaturalist-open-data.s3.amazonaws.com/photos/669564576/medium.jpg,CC-BY 4.0,Vsevolod Rudyi,ruseva,2026-05-30,https://www.inaturalist.org/observations/366680625,"© Vsevolod Rudyi, some rights reserved (CC-BY)",196f9cf50f64c9f275fb2b2fa75b12db4eacef1401c6a3ca83c057531e8df489,cc-by,https://creativecommons.org/licenses/by/4.0/,99684,2026-09-26T05:50:32Z
Echinus esculentus,531403202,https://inaturalist-open-data.s3.amazonaws.com/photos/531403202/medium.jpg,CC-BY 4.0,Rachel Crane,rachelonthereef,2025-07-02,https://www.inaturalist.org/observations/295205779,"© Rachel Crane, some rights reserved (CC-BY)",a00734333b199b63a21ef2f8aeec722cbfbb9b1817b81dd3560b4afc73ba3c27,cc-by,https://creativecommons.org/licenses/by/4.0/,99684,2026-09-26T05:50:32Z
Echinus esculentus,385234388,https://inaturalist-open-data.s3.amazonaws.com/photos/385234388/medium.jpeg,CC-BY 4.0,Rebekah Bajkó,rebekahbajko,2024-05-23,https://www.inaturalist.org/observations/217743484,"© Rebekah Bajkó, some rights reserved (CC-BY)",e59e384f1f497ec56508460f8d428f09f22abc7a17c15f4adba0220730d928f4,cc-by,https://creativecommons.org/licenses/by/4.0/,99684,2026-09-26T05:50:32Z
Echinus esculentus,184071713,https://inaturalist-open-data.s3.amazonaws.com/photos/184071713/medium.jpg,CC-BY 4.0,Bernard Picton,bernardpicton,2022-03-18,https://www.inaturalist.org/observations/109236365,"© Bernard Picton, some rights reserved (CC-BY)",3b405a47e90558a531548a65021d1f752997e6b8c2f82e0068f554ec3479fe0d,cc-by,https://creativecommons.org/licenses/by/4.0/,99684,2026-09-26T05:50:37Z
Echinus esculentus,531404047,https://inaturalist-open-data.s3.amazonaws.com/photos/531404047/medium.jpg,CC-BY 4.0,Rachel Crane,rachelonthereef,2025-07-02,https://www.inaturalist.org/observations/295205780,"© Rachel Crane, some rights reserved (CC-BY)",1c25564b202bbcedbb1228ab88f357d25d6cd71bfbd47a94d6e1fdea66885c14,cc-by,https://creativecommons.org/licenses/by/4.0/,99684,2026-09-26T05:50:35Z
Echinus esculentus,495189130,https://inaturalist-open-data.s3.amazonaws.com/photos/495189130/medium.jpg,CC-BY 4.0,Libby Keatley,libbykeatley,2025-04-27,https://www.inaturalist.org/observations/275606067,"© Libby Keatley, some rights reserved (CC-BY)",9bd9c3a3df010d110ab482c4af7b246b3bedb0553795bc4275e9e629038b3bf6,cc-by,https://creativecommons.org/licenses/by/4.0/,99684,2026-09-26T05:50:30Z
Echinus esculentus,6879854,https://inaturalist-open-data.s3.amazonaws.com/photos/6879854/medium.jpg,CC-BY 4.0,Bernard Picton,bernardpicton,2013-09-09,https://www.inaturalist.org/observations/5572056,"© Bernard Picton, some rights reserved (CC-BY)",f2e3f7e14cc2e5189ea97e681add4d5d950da5ecb9e2ce42f75c0f8a2207eda8,cc-by,https://creativecommons.org/licenses/by/4.0/,99684,2026-09-26T05:50:29Z
Echinus esculentus,177117077,https://inaturalist-open-data.s3.amazonaws.com/photos/177117077/medium.jpg,CC-BY 4.0,Drepanostoma,martinbishop,1968-06-25,https://www.inaturalist.org/observations/105546576,"© Drepanostoma, some rights reserved (CC-BY)",d1f56148bcb9f6cc402972ee8e395f0d1f8580fcc3c61e320c904cb9677f1498,cc-by,https://creativecommons.org/licenses/by/4.0/,99684,2026-09-26T05:50:33Z
Echinus esculentus,531307735,https://inaturalist-open-data.s3.amazonaws.com/photos/531307735/medium.jpg,CC-BY 4.0,Rachel Crane,rachelonthereef,2025-07-01,https://www.inaturalist.org/observations/295150781,"© Rachel Crane, some rights reserved (CC-BY)",2b2efe88e1c4cc97b175d6ec0674d96069fc29601a940aa7a78cc8bca4129e0c,cc-by,https://creativecommons.org/licenses/by/4.0/,99684,2026-09-26T05:50:32Z
Echinus esculentus,375856545,https://inaturalist-open-data.s3.amazonaws.com/photos/375856545/medium.jpg,CC-BY 4.0,Libby Keatley,libbykeatley,2024-04-28,https://www.inaturalist.org/observations/212688989,"© Libby Keatley, some rights reserved (CC-BY)",24fd5a6000c826b3a71c27f58e8ddc8d622e908cf812e87855b2ef0299734336,cc-by,https://creativecommons.org/licenses/by/4.0/,99684,2026-09-26T05:50:31Z
Echinus esculentus,22286109,https://inaturalist-open-data.s3.amazonaws.com/photos/22286109/medium.jpg,CC-BY 4.0,Bernard Picton,bernardpicton,2018-07-27,https://www.inaturalist.org/observations/14939506,"© Bernard Picton, some rights reserved (CC-BY)",011498fe60fbe5e035ca0974ab03f5d6d4a8991c707cfe1ba4a5521e8d29857a,cc-by,https://creativecommons.org/licenses/by/4.0/,99684,2026-09-26T05:50:36Z
Echinus esculentus,170431780,https://inaturalist-open-data.s3.amazonaws.com/photos/170431780/medium.jpeg,CC-BY 4.0,Charlotte Kirchner,charlottekirchner,2021-11-27,https://www.inaturalist.org/observations/102003673,"© Charlotte Kirchner, some rights reserved (CC-BY)",6306f7ee25abe332529eca9acd34ec2e2b0936223437d2708d59ce49920fa778,cc-by,https://creativecommons.org/licenses/by/4.0/,99684,2026-09-26T05:50:32Z
Echinus esculentus,518147427,https://inaturalist-open-data.s3.amazonaws.com/photos/518147427/medium.jpg,CC-BY 4.0,Rory Wilson,rorywilson,2025-06-08,https://www.inaturalist.org/observations/288141398,"© Rory Wilson, some rights reserved (CC-BY)",4310616bd67953e2f65665c2346f3cdfab2b8ef4b378605a3d8a22382bfddd97,cc-by,https://creativecommons.org/licenses/by/4.0/,99684,2026-09-26T05:50:25Z
Echinus esculentus,250737752,https://inaturalist-open-data.s3.amazonaws.com/photos/250737752/medium.jpg,CC-BY 4.0,Jamie O'Neill,swimjamie,2021-02-28,https://www.inaturalist.org/observations/145913263,"© Jamie O'Neill, some rights reserved (CC-BY)",086dd81b3c27180082af4492487d2a3376dde71acfb9b5b6bcf35ef13de3a112,cc-by,https://creativecommons.org/licenses/by/4.0/,99684,2026-09-26T05:50:33Z
Echinus esculentus,667852783,https://inaturalist-open-data.s3.amazonaws.com/photos/667852783/medium.jpg,CC-BY 4.0,Charlotte Kirchner,charlottekirchner,2026-05-27,https://www.inaturalist.org/observations/365780423,"© Charlotte Kirchner, some rights reserved (CC-BY)",cf20d57c6cf5b6e5c02f2d02ceebff0b230f859fb797515b184b8a42f5620160,cc-by,https://creativecommons.org/licenses/by/4.0/,99684,2026-09-26T05:50:26Z
Echinus esculentus,395249886,https://inaturalist-open-data.s3.amazonaws.com/photos/395249886/medium.jpg,CC-BY 4.0,Ella McCausland,ellamccausland,2024-06-09,https://www.inaturalist.org/observations/223091255,"© Ella McCausland, some rights reserved (CC-BY)",57436f0da75c54d8386f4a4cb9ae2b73117026e1b186650c106935bc67d79413,cc-by,https://creativecommons.org/licenses/by/4.0/,99684,2026-09-26T05:50:38Z
Scyliorhinus canicula,448396583,https://inaturalist-open-data.s3.amazonaws.com/photos/448396583/medium.png,CC-BY 4.0,celticdeep,celticdeep,2024-06-12,https://www.inaturalist.org/observations/250685873,"© celticdeep, some rights reserved (CC-BY)",230f00f1929999f71c225c4130b7cc845717dfac0a76c9d1807bcad3912f841d,cc-by,https://creativecommons.org/licenses/by/4.0/,112372,2026-09-26T05:50:39Z
Scyliorhinus canicula,448396569,https://inaturalist-open-data.s3.amazonaws.com/photos/448396569/medium.png,CC-BY 4.0,celticdeep,celticdeep,2024-06-12,https://www.inaturalist.org/observations/250685873,"© celticdeep, some rights reserved (CC-BY)",beb80a84a7bc5ee8da4e452bfcb841f0b4731d31d9d3c06c57bb6e9b2238927a,cc-by,https://creativecommons.org/licenses/by/4.0/,112372,2026-09-26T05:50:39Z
Scyliorhinus canicula,434690098,https://inaturalist-open-data.s3.amazonaws.com/photos/434690098/medium.jpeg,CC-BY 4.0,Ludovic Trochadero,lobelia_tupa,2022-09-17,https://www.inaturalist.org/observations/243750171,"© Ludovic Trochadero, some rights reserved (CC-BY)",c210b2cd105748714a43b90933dd400f9005fc726fd46b7e34820365b02e98a0,cc-by,https://creativecommons.org/licenses/by/4.0/,112372,2026-09-26T05:50:40Z
Scyliorhinus canicula,476475581,https://inaturalist-open-data.s3.amazonaws.com/photos/476475581/medium.png,CC-BY 4.0,celticdeep,celticdeep,2024-08-20,https://www.inaturalist.org/observations/265281439,"© celticdeep, some rights reserved (CC-BY)",7828483ae3543064056ae9ec317f04dba94d0e909db40e90280a994dbee12303,cc-by,https://creativecommons.org/licenses/by/4.0/,112372,2026-09-26T05:50:42Z
Scyliorhinus canicula,613209949,https://inaturalist-open-data.s3.amazonaws.com/photos/613209949/medium.jpg,CC-BY 4.0,Lou Wagstaffe,jsylou,2026-02-03,https://www.inaturalist.org/observations/337336395,"© Lou Wagstaffe, some rights reserved (CC-BY)",cffb86349d54adb34020a4ad581318e23a5b3410625059babab6f59388038403,cc-by,https://creativecommons.org/licenses/by/4.0/,112372,2026-09-26T05:50:44Z
Scyliorhinus canicula,613209950,https://inaturalist-open-data.s3.amazonaws.com/photos/613209950/medium.jpg,CC-BY 4.0,Lou Wagstaffe,jsylou,2026-02-03,https://www.inaturalist.org/observations/337336395,"© Lou Wagstaffe, some rights reserved (CC-BY)",d71c41b67c03a9eda5c2fc1d0f43075b4194b283f5095531d59e1efc3067a233,cc-by,https://creativecommons.org/licenses/by/4.0/,112372,2026-09-26T05:50:44Z
Scyliorhinus canicula,414888163,https://inaturalist-open-data.s3.amazonaws.com/photos/414888163/medium.jpg,CC-BY 4.0,Ella McCausland,ellamccausland,2024-07-30,https://www.inaturalist.org/observations/233450125,"© Ella McCausland, some rights reserved (CC-BY)",3d0953a5ece129231f059252582573001b641964fc7d9d802b6b67e2bf6897fd,cc-by,https://creativecommons.org/licenses/by/4.0/,112372,2026-09-26T05:50:47Z
Scyliorhinus canicula,414888168,https://inaturalist-open-data.s3.amazonaws.com/photos/414888168/medium.jpg,CC-BY 4.0,Ella McCausland,ellamccausland,2024-07-30,https://www.inaturalist.org/observations/233450125,"© Ella McCausland, some rights reserved (CC-BY)",0aae0c03d0a71a333b2e41e454aad11c31ac6d34e2963762ccaa5a778c9826fa,cc-by,https://creativecommons.org/licenses/by/4.0/,112372,2026-09-26T05:50:47Z
Scyliorhinus canicula,448146133,https://inaturalist-open-data.s3.amazonaws.com/photos/448146133/medium.png,CC-BY 4.0,celticdeep,celticdeep,2024-05-10,https://www.inaturalist.org/observations/250560994,"© celticdeep, some rights reserved (CC-BY)",7dfd67bca102e0888bc23241ddceec7c3c84356fb520bef42a9173c2e256d29d,cc-by,https://creativecommons.org/licenses/by/4.0/,112372,2026-09-26T05:50:49Z
Scyliorhinus canicula,447998352,https://inaturalist-open-data.s3.amazonaws.com/photos/447998352/medium.png,CC-BY 4.0,celticdeep,celticdeep,2024-05-08,https://www.inaturalist.org/observations/250489200,"© celticdeep, some rights reserved (CC-BY)",8ad02a1e616a3cefd17af4c3d04c4c3a7bdb982e854b39177b07113488565073,cc-by,https://creativecommons.org/licenses/by/4.0/,112372,2026-09-26T05:50:49Z
Scyliorhinus canicula,469522479,https://inaturalist-open-data.s3.amazonaws.com/photos/469522479/medium.png,CC-BY 4.0,celticdeep,celticdeep,2024-06-24,https://www.inaturalist.org/observations/261356876,"© celticdeep, some rights reserved (CC-BY)",6195ea572700c4e8c6410e385cd316e042a915dd19eb10ae8fbefc5d0c63c3b7,cc-by,https://creativecommons.org/licenses/by/4.0/,112372,2026-09-26T05:50:49Z
Scyliorhinus canicula,469522492,https://inaturalist-open-data.s3.amazonaws.com/photos/469522492/medium.png,CC-BY 4.0,celticdeep,celticdeep,2024-06-24,https://www.inaturalist.org/observations/261356876,"© celticdeep, some rights reserved (CC-BY)",5c2100f7af82a0d216da62606f6960677519abf79ccb92bda4099fb6cf4a5c4b,cc-by,https://creativecommons.org/licenses/by/4.0/,112372,2026-09-26T05:50:50Z
Scyliorhinus canicula,469532528,https://inaturalist-open-data.s3.amazonaws.com/photos/469532528/medium.png,CC-BY 4.0,celticdeep,celticdeep,2024-06-24,https://www.inaturalist.org/observations/261360768,"© celticdeep, some rights reserved (CC-BY)",95147311efff2d306403c5e5eb9757bf2e333cfc9b9ffc83c57b6cdea0e5191d,cc-by,https://creativecommons.org/licenses/by/4.0/,112372,2026-09-26T05:50:53Z
Scyliorhinus canicula,46648699,https://inaturalist-open-data.s3.amazonaws.com/photos/46648699/medium.jpg,CC-BY 4.0,Julien Renoult,jujurenoult,2019-07-28,https://www.inaturalist.org/observations/29877343,"© Julien Renoult, some rights reserved (CC-BY)",48924aaa7e8616193b61e4e67dc754b4115585d18afc155077562d2cd881d3aa,cc-by,https://creativecommons.org/licenses/by/4.0/,112372,2026-09-26T05:55:54Z
Scyliorhinus canicula,476478299,https://inaturalist-open-data.s3.amazonaws.com/photos/476478299/medium.png,CC-BY 4.0,celticdeep,celticdeep,2024-08-20,https://www.inaturalist.org/observations/265282950,"© celticdeep, some rights reserved (CC-BY)",2c63cb9745c47ec070c338b432b7c086d83d2058ad5241ea9c1da2745b47f693,cc-by,https://creativecommons.org/licenses/by/4.0/,112372,2026-09-26T05:55:56Z
Scyliorhinus canicula,476478289,https://inaturalist-open-data.s3.amazonaws.com/photos/476478289/medium.png,CC-BY 4.0,celticdeep,celticdeep,2024-08-20,https://www.inaturalist.org/observations/265282950,"© celticdeep, some rights reserved (CC-BY)",e53c79549e69caea5c8d5e04bc3107a768c6b13e0e45276d8f30fb50edbe24bf,cc-by,https://creativecommons.org/licenses/by/4.0/,112372,2026-09-26T05:55:56Z
Scyliorhinus canicula,730171237,https://inaturalist-open-data.s3.amazonaws.com/photos/730171237/medium.jpg,CC-BY 4.0,Rory Wilson,rorywilson,2026-09-05,https://www.inaturalist.org/observations/398065023,"© Rory Wilson, some rights reserved (CC-BY)",843289c5c4254275ab86d413662e87f228ebdf7b7456e5bd8cba3e37e9d6a3ee,cc-by,https://creativecommons.org/licenses/by/4.0/,112372,2026-09-26T05:55:59Z
Scyliorhinus canicula,457855539,https://inaturalist-open-data.s3.amazonaws.com/photos/457855539/medium.jpg,CC-BY 4.0,Sean Hartnett,apricaria,2024-12-15,https://www.inaturalist.org/observations/255488238,"© Sean Hartnett, some rights reserved (CC-BY)",263056a57b5c5edbc70085c7cd079cb832bea121f43d5f6d4483536c65d7bbd7,cc-by,https://creativecommons.org/licenses/by/4.0/,112372,2026-09-26T05:56:02Z
Scyliorhinus canicula,457855526,https://inaturalist-open-data.s3.amazonaws.com/photos/457855526/medium.jpg,CC-BY 4.0,Sean Hartnett,apricaria,2024-12-15,https://www.inaturalist.org/observations/255488238,"© Sean Hartnett, some rights reserved (CC-BY)",7ed22e2dd8f771f93cbf8935de1115414e4633d37dec8893dcae0871c12557be,cc-by,https://creativecommons.org/licenses/by/4.0/,112372,2026-09-26T05:56:03Z
Scyliorhinus canicula,540725017,https://inaturalist-open-data.s3.amazonaws.com/photos/540725017/medium.jpg,CC-BY 4.0,Ella McCausland,ellamccausland,2025-06-19,https://www.inaturalist.org/observations/300117361,"© Ella McCausland, some rights reserved (CC-BY)",544313fe5932fb47aad21207dd4c32e411b6efc2008492d71fb9ce83f69521d6,cc-by,https://creativecommons.org/licenses/by/4.0/,112372,2026-09-26T05:56:04Z
Scyliorhinus canicula,540725041,https://inaturalist-open-data.s3.amazonaws.com/photos/540725041/medium.jpg,CC-BY 4.0,Ella McCausland,ellamccausland,2025-06-19,https://www.inaturalist.org/observations/300117361,"© Ella McCausland, some rights reserved (CC-BY)",2c84bbe26122225106499336123a900042d931c170b068762eefbc84eed62deb,cc-by,https://creativecommons.org/licenses/by/4.0/,112372,2026-09-26T05:56:04Z
Scyliorhinus canicula,353012573,https://inaturalist-open-data.s3.amazonaws.com/photos/353012573/medium.jpg,CC-BY 4.0,Libby Keatley,libbykeatley,2023-02-19,https://www.inaturalist.org/observations/200119372,"© Libby Keatley, some rights reserved (CC-BY)",772368dfacc2dce288c713d49fd4c4b06967ae9271d1e930ac2624e4c1727500,cc-by,https://creativecommons.org/licenses/by/4.0/,112372,2026-09-26T05:56:06Z
Scyliorhinus canicula,353012561,https://inaturalist-open-data.s3.amazonaws.com/photos/353012561/medium.jpg,CC-BY 4.0,Libby Keatley,libbykeatley,2023-02-19,https://www.inaturalist.org/observations/200119372,"© Libby Keatley, some rights reserved (CC-BY)",eca3bb22b6f0d18a19b0dcddc2c4e3e088375e10ac32ade5bf59c0db84dc500a,cc-by,https://creativecommons.org/licenses/by/4.0/,112372,2026-09-26T05:56:06Z
Scyliorhinus canicula,227197994,https://inaturalist-open-data.s3.amazonaws.com/photos/227197994/medium.jpeg,CC-BY 4.0,Julien Renoult,jujurenoult,2022-09-02,https://www.inaturalist.org/observations/133389578,"© Julien Renoult, some rights reserved (CC-BY)",e9c66cad3ae1b5e9b0857856f653aa5e5af7dacc185f90e8781937adf9e2bc49,cc-by,https://creativecommons.org/licenses/by/4.0/,112372,2026-09-26T05:56:09Z
Scyliorhinus canicula,440357742,https://inaturalist-open-data.s3.amazonaws.com/photos/440357742/medium.png,CC-BY 4.0,celticdeep,celticdeep,2022-10-11,https://www.inaturalist.org/observations/246645948,"© celticdeep, some rights reserved (CC-BY)",f0880904b3957ed9218d19b346a935da4e0b051212d66599da6aa1550a22d626,cc-by,https://creativecommons.org/licenses/by/4.0/,112372,2026-09-26T05:56:14Z
Scyliorhinus canicula,443945434,https://inaturalist-open-data.s3.amazonaws.com/photos/443945434/medium.jpeg,CC-BY 4.0,Libby Keatley,libbykeatley,2024-10-16,https://www.inaturalist.org/observations/248457252,"© Libby Keatley, some rights reserved (CC-BY)",ac8fac87a1be88e154a6432175e24d7ae142e942260371b9f2876cbe17cb656e,cc-by,https://creativecommons.org/licenses/by/4.0/,112372,2026-09-26T05:56:04Z
Scyliorhinus canicula,476481410,https://inaturalist-open-data.s3.amazonaws.com/photos/476481410/medium.png,CC-BY 4.0,celticdeep,celticdeep,2024-09-12,https://www.inaturalist.org/observations/265284183,"© celticdeep, some rights reserved (CC-BY)",8647eaefb25991a6e3f0ae407af795d991ca1a0ce5738f1b1805054be72abeb2,cc-by,https://creativecommons.org/licenses/by/4.0/,112372,2026-09-26T05:56:19Z
Scyliorhinus canicula,476478070,https://inaturalist-open-data.s3.amazonaws.com/photos/476478070/medium.png,CC-BY 4.0,celticdeep,celticdeep,2024-08-20,https://www.inaturalist.org/observations/265282951,"© celticdeep, some rights reserved (CC-BY)",76e1309c2dfb82f86ec244db818b5cb958b7d36e787ed13743e3279883b18d6a,cc-by,https://creativecommons.org/licenses/by/4.0/,112372,2026-09-26T05:56:28Z
Scyliorhinus canicula,508279747,https://inaturalist-open-data.s3.amazonaws.com/photos/508279747/medium.jpg,CC-BY 4.0,Ella McCausland,ellamccausland,2025-05-20,https://www.inaturalist.org/observations/282890498,"© Ella McCausland, some rights reserved (CC-BY)",25f2236869f4fddac84688bd554eb8e4cfe3db41c1852b349a55d881123bd81f,cc-by,https://creativecommons.org/licenses/by/4.0/,112372,2026-09-26T05:56:39Z
Scyliorhinus canicula,447998967,https://inaturalist-open-data.s3.amazonaws.com/photos/447998967/medium.png,CC-BY 4.0,celticdeep,celticdeep,2024-05-08,https://www.inaturalist.org/observations/250489202,"© celticdeep, some rights reserved (CC-BY)",19edcb5f5b2f868ba68a1b9b0eb2e42168f95b7d90f9b3b495111d170a4d3940,cc-by,https://creativecommons.org/licenses/by/4.0/,112372,2026-09-26T05:56:08Z
Scyliorhinus canicula,447997652,https://inaturalist-open-data.s3.amazonaws.com/photos/447997652/medium.png,CC-BY 4.0,celticdeep,celticdeep,2024-05-08,https://www.inaturalist.org/observations/250489199,"© celticdeep, some rights reserved (CC-BY)",a5bcf95ed33e87237ebebb829ad2eaea6082863d8db2e4b61f2ae1b19b9342c1,cc-by,https://creativecommons.org/licenses/by/4.0/,112372,2026-09-26T05:56:08Z
Scyliorhinus canicula,448146423,https://inaturalist-open-data.s3.amazonaws.com/photos/448146423/medium.png,CC-BY 4.0,celticdeep,celticdeep,2024-05-10,https://www.inaturalist.org/observations/250560993,"© celticdeep, some rights reserved (CC-BY)",04e6a38d7d8793af472fb6d4d86052f3494826351c90ac13a97eb0349bf97fd7,cc-by,https://creativecommons.org/licenses/by/4.0/,112372,2026-09-26T05:56:33Z
Scyliorhinus canicula,414887796,https://inaturalist-open-data.s3.amazonaws.com/photos/414887796/medium.jpg,CC-BY 4.0,Ella McCausland,ellamccausland,2024-07-30,https://www.inaturalist.org/observations/233450124,"© Ella McCausland, some rights reserved (CC-BY)",fa89ca00300d03fda6a924955692d4edf2f57a2c277046ddcda532257f6682cc,cc-by,https://creativecommons.org/licenses/by/4.0/,112372,2026-09-26T05:55:58Z
Scyliorhinus canicula,553757782,https://inaturalist-open-data.s3.amazonaws.com/photos/553757782/medium.jpg,CC-BY 4.0,harry beaman,harrybeaman,2025-08-17,https://www.inaturalist.org/observations/307037341,"© harry beaman, some rights reserved (CC-BY)",a8961efd1d5c5bb24e2c28c233cfbd8f07b31a14a09aef1a4423ef743c4be90b,cc-by,https://creativecommons.org/licenses/by/4.0/,112372,2026-09-26T05:56:28Z
