species,photo_id,url,license,author,author_login,observed_on,source_page,attribution,sha256
Amphiprion bicinctus,335163493,https://inaturalist-open-data.s3.amazonaws.com/photos/335163493/medium.jpeg,CC-BY 4.0,Gergely Nigg,naturebynigg,2023-11-09,https://www.inaturalist.org/observations/191102962,"© Gergely Nigg, some rights reserved (CC-BY)",6a2a825b27fb195304055402c930a4f53bf954b623d9f767e385da92b84b8cf8
Amphiprion bicinctus,335163425,https://inaturalist-open-data.s3.amazonaws.com/photos/335163425/medium.jpeg,CC-BY 4.0,Gergely Nigg,naturebynigg,2023-11-09,https://www.inaturalist.org/observations/191102962,"© Gergely Nigg, some rights reserved (CC-BY)",ded6830c980d553f670353af8d7def82697557936bff19f54c8b84aedcab44e3
Amphiprion bicinctus,335163384,https://inaturalist-open-data.s3.amazonaws.com/photos/335163384/medium.jpeg,CC-BY 4.0,Gergely Nigg,naturebynigg,2023-11-09,https://www.inaturalist.org/observations/191102962,"© Gergely Nigg, some rights reserved (CC-BY)",9be887cf8f9b25711ad676460708f97123b8ff26df9e4e6cc1fc710d6ea64580
Amphiprion bicinctus,335163382,https://inaturalist-open-data.s3.amazonaws.com/photos/335163382/medium.jpeg,CC-BY 4.0,Gergely Nigg,naturebynigg,2023-11-09,https://www.inaturalist.org/observations/191102962,"© Gergely Nigg, some rights reserved (CC-BY)",920dcd75353fa3517d2e728618ce8b71d2f0f84131a106cfcb6031a83dae1f52
Amphiprion bicinctus,335163619,https://inaturalist-open-data.s3.amazonaws.com/photos/335163619/medium.jpeg,CC-BY 4.0,Gergely Nigg,naturebynigg,2023-11-09,https://www.inaturalist.org/observations/191102962,"© Gergely Nigg, some rights reserved (CC-BY)",bb9686491dc3cc5a3b1ad5c36a45141102707348787916ee27f9ed66ce9f2f21
Amphiprion bicinctus,283189232,https://inaturalist-open-data.s3.amazonaws.com/photos/283189232/medium.jpg,CC-BY 4.0,Julien Renoult,jujurenoult,2023-05-17,https://www.inaturalist.org/observations/163717994,"© Julien Renoult, some rights reserved (CC-BY)",c16dd1b7e3630759dbd499abb80109bda3501e9ee2805409be7ed6e02ef1262e
Amphiprion bicinctus,540368931,https://inaturalist-open-data.s3.amazonaws.com/photos/540368931/medium.jpg,CC-BY 4.0,Selim Türeli,selimtureli,2025-07-21,https://www.inaturalist.org/observations/299928143,"© Selim Türeli, some rights reserved (CC-BY)",677213be31c41eb256eb1ad60e397161b0de3c1226524d45047dd1173f002826
Amphiprion bicinctus,540368980,https://inaturalist-open-data.s3.amazonaws.com/photos/540368980/medium.jpg,CC-BY 4.0,Selim Türeli,selimtureli,2025-07-21,https://www.inaturalist.org/observations/299928143,"© Selim Türeli, some rights reserved (CC-BY)",75e776a93ece1018d2496b1084f6da48ec1e936503d3b7e466a2d3ef85f292d6
Amphiprion bicinctus,251824556,https://inaturalist-open-data.s3.amazonaws.com/photos/251824556/medium.jpg,CC-BY 4.0,Pauline Walsh Jacobson,coralreefdreams,2007-08-08,https://www.inaturalist.org/observations/146469838,"© Pauline Walsh Jacobson, some rights reserved (CC-BY)",551d613a9c6b1ad1191d23fe1b7d99d228e56d57f6efa45298bd798de44aef9b
Amphiprion bicinctus,251824785,https://inaturalist-open-data.s3.amazonaws.com/photos/251824785/medium.jpg,CC-BY 4.0,Pauline Walsh Jacobson,coralreefdreams,2007-08-08,https://www.inaturalist.org/observations/146469838,"© Pauline Walsh Jacobson, some rights reserved (CC-BY)",12595dc23e15b922f48277aa4dca0748c366394a38889e7a900797ec1d84dabf
Amphiprion bicinctus,119528081,https://inaturalist-open-data.s3.amazonaws.com/photos/119528081/medium.jpg,CC-BY 4.0,Grete Pasch,gpasch,2012-10-12,https://www.inaturalist.org/observations/73230317,"© Grete Pasch, some rights reserved (CC-BY)",7b2b05c260a7161373ce4aed73416e64b2a08d147398337c76fde2e9cf0101ee
Amphiprion bicinctus,119528071,https://inaturalist-open-data.s3.amazonaws.com/photos/119528071/medium.jpg,CC-BY 4.0,Grete Pasch,gpasch,2012-10-12,https://www.inaturalist.org/observations/73230317,"© Grete Pasch, some rights reserved (CC-BY)",96c092b9558253069834e62c27ec446f57cf10558322f562c78714d5e07fb763
Amphiprion bicinctus,119527966,https://inaturalist-open-data.s3.amazonaws.com/photos/119527966/medium.jpg,CC-BY 4.0,Grete Pasch,gpasch,2012-10-12,https://www.inaturalist.org/observations/73230317,"© Grete Pasch, some rights reserved (CC-BY)",b9fcfd777371336cd4191f35658d7484b579dd2723b71caf1e0432d3242ee979
Amphiprion bicinctus,119527906,https://inaturalist-open-data.s3.amazonaws.com/photos/119527906/medium.jpg,CC-BY 4.0,Grete Pasch,gpasch,2012-10-12,https://www.inaturalist.org/observations/73230317,"© Grete Pasch, some rights reserved (CC-BY)",06b94ec4d288306dda28848446d66771ef706e0f4f7c198f606df2e140e2c75a
Amphiprion bicinctus,90038929,https://inaturalist-open-data.s3.amazonaws.com/photos/90038929/medium.jpg,CC-BY 4.0,Ryan McMinds,rmcminds,2016-05-17,https://www.inaturalist.org/observations/56495969,"© Ryan McMinds, some rights reserved (CC-BY)",ead8f537759ba96c1eb276903a6ad424eb70ccc5d0f50659a04b0469b12583aa
Amphiprion bicinctus,90039150,https://inaturalist-open-data.s3.amazonaws.com/photos/90039150/medium.jpg,CC-BY 4.0,Ryan McMinds,rmcminds,2016-05-17,https://www.inaturalist.org/observations/56495969,"© Ryan McMinds, some rights reserved (CC-BY)",8f5e66669b31baedd9130d336ecd96f0033d8f9744309e25822fc9106dc98ed7
Amphiprion bicinctus,90038736,https://inaturalist-open-data.s3.amazonaws.com/photos/90038736/medium.jpg,CC-BY 4.0,Ryan McMinds,rmcminds,2016-05-17,https://www.inaturalist.org/observations/56495969,"© Ryan McMinds, some rights reserved (CC-BY)",3e12ee83c5e132da28db954e57a8c1cbfcd55d168f8f40672eb8c0e41332478f
Amphiprion bicinctus,90039178,https://inaturalist-open-data.s3.amazonaws.com/photos/90039178/medium.jpg,CC-BY 4.0,Ryan McMinds,rmcminds,2016-05-17,https://www.inaturalist.org/observations/56495969,"© Ryan McMinds, some rights reserved (CC-BY)",dd4fbd2e19dd92b830663fd28c53de1bc80d006c10ef6807e9d02c692447951e
Amphiprion bicinctus,90038986,https://inaturalist-open-data.s3.amazonaws.com/photos/90038986/medium.jpg,CC-BY 4.0,Ryan McMinds,rmcminds,2016-05-17,https://www.inaturalist.org/observations/56495969,"© Ryan McMinds, some rights reserved (CC-BY)",181047416ec8cc4b8bcf59dd60da8aa2185060c626853b7b2d7910a725eceecd
Amphiprion bicinctus,90039080,https://inaturalist-open-data.s3.amazonaws.com/photos/90039080/medium.jpg,CC-BY 4.0,Ryan McMinds,rmcminds,2016-05-17,https://www.inaturalist.org/observations/56495969,"© Ryan McMinds, some rights reserved (CC-BY)",e0b9315f2ec11766f38b14ef72dacda15b1bf951b9664eef0e9ed2407ad90543
Amphiprion bicinctus,331640634,https://inaturalist-open-data.s3.amazonaws.com/photos/331640634/medium.jpeg,CC-BY 4.0,Edmundas Greimas,grey_moss,2023-10-28,https://www.inaturalist.org/observations/189331702,"© Edmundas Greimas, some rights reserved (CC-BY)",6e0b226bfcebd03843be25e7c74aa2e1526523fc6171ac0c0f528a0d1139f858
Amphiprion bicinctus,331640774,https://inaturalist-open-data.s3.amazonaws.com/photos/331640774/medium.jpeg,CC-BY 4.0,Edmundas Greimas,grey_moss,2023-10-28,https://www.inaturalist.org/observations/189331702,"© Edmundas Greimas, some rights reserved (CC-BY)",b62a6697b481a7fb115bdfa009441cebf522a7af663b38d3fec60f23b64460c4
Amphiprion bicinctus,246395601,https://inaturalist-open-data.s3.amazonaws.com/photos/246395601/medium.jpeg,CC-BY 4.0,Michael Bakker Paiva,michaelbakkerpaiva,2022-11-26,https://www.inaturalist.org/observations/143652425,"© Michael Bakker Paiva, some rights reserved (CC-BY)",fbf19c65be9c3ed4cd2da82f4f1dce2c628abc3992e353744f9d57c034dd53ab
Amphiprion bicinctus,246395597,https://inaturalist-open-data.s3.amazonaws.com/photos/246395597/medium.jpeg,CC-BY 4.0,Michael Bakker Paiva,michaelbakkerpaiva,2022-11-26,https://www.inaturalist.org/observations/143652425,"© Michael Bakker Paiva, some rights reserved (CC-BY)",ceb310fdc75648ae407197c041a05e94b353886b837971d7d9ef2218d2badf0b
Amphiprion bicinctus,246395624,https://inaturalist-open-data.s3.amazonaws.com/photos/246395624/medium.jpeg,CC-BY 4.0,Michael Bakker Paiva,michaelbakkerpaiva,2022-11-26,https://www.inaturalist.org/observations/143652425,"© Michael Bakker Paiva, some rights reserved (CC-BY)",fc4641c24723db1ad107c4a33b2d4e919cdfcd6e29476a1a0e3d31c92a3f5331
Amphiprion bicinctus,376728192,https://inaturalist-open-data.s3.amazonaws.com/photos/376728192/medium.jpeg,CC-BY 4.0,audili,audili,2024-04-24,https://www.inaturalist.org/observations/213173598,"© audili, some rights reserved (CC-BY)",072d2f34410a15b98a9eb3d4551aa9180e01073f1b38e96559df8cf4c352855b
Amphiprion bicinctus,588684689,https://inaturalist-open-data.s3.amazonaws.com/photos/588684689/medium.jpg,CC-BY 4.0,Gianluca Marraffa,gmarraff,2025-10-02,https://www.inaturalist.org/observations/325165612,"© Gianluca Marraffa, some rights reserved (CC-BY)",2edbdac82627c3f2c316d7596af4660ce04e6e1787fab3a6f4be79da34888b26
Amphiprion bicinctus,588685226,https://inaturalist-open-data.s3.amazonaws.com/photos/588685226/medium.jpg,CC-BY 4.0,Gianluca Marraffa,gmarraff,2025-10-02,https://www.inaturalist.org/observations/325165612,"© Gianluca Marraffa, some rights reserved (CC-BY)",3e2ef1b2627171f1df81d3a403adf08c5bbf10ef777e9b5df6d2f16fd90cb2cb
Chaetodon semilarvatus,120141447,https://inaturalist-open-data.s3.amazonaws.com/photos/120141447/medium.jpg,CC-BY 4.0,Grete Pasch,gpasch,2012-09-30,https://www.inaturalist.org/observations/73581933,"© Grete Pasch, some rights reserved (CC-BY)",48321a007d4ab01e76a107a5dd6659f66e4ffac58fd9b7de37906de5a2e39ada
Chaetodon semilarvatus,120141561,https://inaturalist-open-data.s3.amazonaws.com/photos/120141561/medium.jpg,CC-BY 4.0,Grete Pasch,gpasch,2012-09-30,https://www.inaturalist.org/observations/73581933,"© Grete Pasch, some rights reserved (CC-BY)",b805de1731a9ea735b7c8de3c6efdf6a1dab455c4529467a1a8718428de4cabb
Chaetodon semilarvatus,2675097,https://inaturalist-open-data.s3.amazonaws.com/photos/2675097/medium.jpg,CC-BY 4.0,BJ Smit,bjsmit,2010-07-16,https://www.inaturalist.org/observations/2399983,"© BJ Smit, some rights reserved (CC-BY)",e165ada62dc3ed708aa683e90345f4b199dc1027c1c145c89bec63ec328c4792
Chaetodon semilarvatus,581020123,https://inaturalist-open-data.s3.amazonaws.com/photos/581020123/medium.jpg,CC-BY 4.0,R Vasconcellos,rvasconcellos,2025-10-16,https://www.inaturalist.org/observations/321284200,"© R Vasconcellos, some rights reserved (CC-BY)",d47496cde4508f1adaf68770dec3a582a6de604e44399ee7475edebbbf732872
Chaetodon semilarvatus,26194137,https://inaturalist-open-data.s3.amazonaws.com/photos/26194137/medium.jpeg,CC-BY 4.0,Valentin Moser,vmoser,2017-09-08,https://www.inaturalist.org/observations/17270626,"© Valentin Moser, some rights reserved (CC-BY)",bb80c34f9f9516c21b40efce6b8754bdfc901f5dadd2d10efb312c3918682698
Chaetodon semilarvatus,710232579,https://inaturalist-open-data.s3.amazonaws.com/photos/710232579/medium.jpg,CC-BY 4.0,Selim Türeli,selimtureli,2026-07-12,https://www.inaturalist.org/observations/387834592,"© Selim Türeli, some rights reserved (CC-BY)",7735b1c237a9192bd2e99292226738839aa837b5cfe7a96e096990f6b3532db0
Chaetodon semilarvatus,598091917,https://inaturalist-open-data.s3.amazonaws.com/photos/598091917/medium.jpg,CC-BY 4.0,Melissa Meadows,melissameadows,2012-10-12,https://www.inaturalist.org/observations/329897289,"© Melissa Meadows, some rights reserved (CC-BY)",e7c7dfe70d0f7e98f37533bc5c4c0fafea8d57fc6f1e3ca325ea5af044070936
Chaetodon semilarvatus,598091907,https://inaturalist-open-data.s3.amazonaws.com/photos/598091907/medium.jpg,CC-BY 4.0,Melissa Meadows,melissameadows,2012-10-12,https://www.inaturalist.org/observations/329897289,"© Melissa Meadows, some rights reserved (CC-BY)",8f85f65fdd995629fe3c6772623d5c52456c41ad425cbf2dd145c00d830b405e
Chaetodon semilarvatus,114058246,https://inaturalist-open-data.s3.amazonaws.com/photos/114058246/medium.jpg,CC-BY 4.0,ajott,ajott,2021-02-02,https://www.inaturalist.org/observations/70193273,"© ajott, some rights reserved (CC-BY)",119ad87ee171a4bd9417a0f54c38a67082159afd5df952736e1b0840ce70179b
Chaetodon semilarvatus,114058252,https://inaturalist-open-data.s3.amazonaws.com/photos/114058252/medium.jpg,CC-BY 4.0,ajott,ajott,2021-02-02,https://www.inaturalist.org/observations/70193273,"© ajott, some rights reserved (CC-BY)",f4a6ef787a22a369d1f07dd0f594e9822975300cf9011de042140d26cf1d7632
Chaetodon semilarvatus,595061632,https://inaturalist-open-data.s3.amazonaws.com/photos/595061632/medium.jpg,CC-BY 4.0,Jacek Pietruszewski,hyacinthus,2025-11-26,https://www.inaturalist.org/observations/328394672,"© Jacek Pietruszewski, some rights reserved (CC-BY)",fcc4e8c96a5a2220a178666489bf6810169be81823610507adf52ebd59972470
Chaetodon semilarvatus,229212531,https://inaturalist-open-data.s3.amazonaws.com/photos/229212531/medium.jpg,CC-BY 4.0,Daniel Benák,benake,2021-05-19,https://www.inaturalist.org/observations/134478222,"© Daniel Benák, some rights reserved (CC-BY)",d5206ae515f79d6a1a3ced2124677330c88a3123c36469bf2e0aa5c865e523ee
Chaetodon semilarvatus,540371377,https://inaturalist-open-data.s3.amazonaws.com/photos/540371377/medium.jpg,CC-BY 4.0,Selim Türeli,selimtureli,2025-07-21,https://www.inaturalist.org/observations/299929425,"© Selim Türeli, some rights reserved (CC-BY)",f2ee79a0106da8bdf2f504ef882fc121ca7e20296b429d70910bdceb1fc3ef6b
Chaetodon semilarvatus,540371424,https://inaturalist-open-data.s3.amazonaws.com/photos/540371424/medium.jpg,CC-BY 4.0,Selim Türeli,selimtureli,2025-07-21,https://www.inaturalist.org/observations/299929425,"© Selim Türeli, some rights reserved (CC-BY)",9085cb32b670178d78db4d2acf057d6243047017bf9fcf53edd3bb51da0396be
Chaetodon semilarvatus,114159370,https://inaturalist-open-data.s3.amazonaws.com/photos/114159370/medium.jpg,CC-BY 4.0,ajott,ajott,2021-02-03,https://www.inaturalist.org/observations/70247927,"© ajott, some rights reserved (CC-BY)",ded35cff7aa04102e2bf733ca22ca7851ace6b6d3dcc96f634084e5c34c817b5
Chaetodon semilarvatus,247250272,https://inaturalist-open-data.s3.amazonaws.com/photos/247250272/medium.jpg,CC-BY 4.0,Mario Bassini,bssmnt52,2008-11-20,https://www.inaturalist.org/observations/144098382,"© Mario Bassini, some rights reserved (CC-BY)",506ea449024ffa74c77a8ecea70732151f1717b954111d337bcf1fda67bd4325
Chaetodon semilarvatus,616081095,https://inaturalist-open-data.s3.amazonaws.com/photos/616081095/medium.jpg,CC-BY 4.0,Jan Ebr &amp; Ivana Ebrová,opisska,2026-02-01,https://www.inaturalist.org/observations/338744054,"© Jan Ebr &amp; Ivana Ebrová, some rights reserved (CC-BY)",140077cc971a57ba3a4385c7b1f951830f5f878f22e7a5a32d22472b158b2908
Chaetodon semilarvatus,3023213,https://inaturalist-open-data.s3.amazonaws.com/photos/3023213/medium.JPG,CC-BY 4.0,Julien Renoult,jujurenoult,2015-04-28,https://www.inaturalist.org/observations/2688513,"© Julien Renoult, some rights reserved (CC-BY)",5c9b7e4140d376c43003febf2fe3993da259c51b78dc4e8832f13bcbea52f56e
Chaetodon semilarvatus,444889358,https://inaturalist-open-data.s3.amazonaws.com/photos/444889358/medium.jpg,CC-BY 4.0,Ульяна Лалак,a_ma_bird,2024-09-09,https://www.inaturalist.org/observations/248934652,"© Ульяна Лалак, some rights reserved (CC-BY)",f9318b821f390b8181e202a68f44bd861800fe8cb0fff7eef259d3a63256d593
Chaetodon semilarvatus,246073437,https://inaturalist-open-data.s3.amazonaws.com/photos/246073437/medium.jpeg,CC-BY 4.0,Michael Bakker Paiva,michaelbakkerpaiva,2022-11-20,https://www.inaturalist.org/observations/143481455,"© Michael Bakker Paiva, some rights reserved (CC-BY)",519b683f70aa462796286309bb62968abce8fde393451e57ae53ca571431248d
Chaetodon semilarvatus,362583255,https://inaturalist-open-data.s3.amazonaws.com/photos/362583255/medium.jpeg,CC-BY 4.0,Christian Berg,ch_berg,2024-03-25,https://www.inaturalist.org/observations/205098031,"© Christian Berg, some rights reserved (CC-BY)",e7e5965ca2f266d64be451e2c649393a6d1062ffe8d3cdbd53ac43f96ebe2be1
Chaetodon semilarvatus,597980096,https://inaturalist-open-data.s3.amazonaws.com/photos/597980096/medium.jpg,CC-BY 4.0,Melissa Meadows,melissameadows,2012-10-02,https://www.inaturalist.org/observations/329841396,"© Melissa Meadows, some rights reserved (CC-BY)",bf391601c29b130bfbc930c21543f77b22c10df6b48d5fd8af1fed1c8cb4913e
Chaetodon semilarvatus,441314607,https://inaturalist-open-data.s3.amazonaws.com/photos/441314607/medium.jpeg,CC-BY 4.0,Ben Costamagna,bencostamagna,2024-10-13,https://www.inaturalist.org/observations/247130381,"© Ben Costamagna, some rights reserved (CC-BY)",51434311c9b8e99eeeb10944b481fd29c656e528e16f0d9873cf6f8223070de0
Chaetodon semilarvatus,449687900,https://inaturalist-open-data.s3.amazonaws.com/photos/449687900/medium.jpg,CC-BY 4.0,Ben Costamagna,bencostamagna,2024-10-23,https://www.inaturalist.org/observations/251333326,"© Ben Costamagna, some rights reserved (CC-BY)",b92903f2ddce8b59df021d038adabb2e51abcb4ed42de372d91fbc7e039532e9
Chaetodon semilarvatus,113403066,https://inaturalist-open-data.s3.amazonaws.com/photos/113403066/medium.jpg,CC-BY 4.0,nbasargin,nbasargin,2019-06-18,https://www.inaturalist.org/observations/69830737,"© nbasargin, some rights reserved (CC-BY)",47708e5bf72e645a05fbee245244d7d8659b8d4c64996b1b24904218f597624f
Chaetodon semilarvatus,245365321,https://inaturalist-open-data.s3.amazonaws.com/photos/245365321/medium.jpg,CC-BY 4.0,Juraj Ahel,xeniorn,2022-11-27,https://www.inaturalist.org/observations/143089731,"© Juraj Ahel, some rights reserved (CC-BY)",523143c1f8952f830a09ce98e55765bcfce0f27b329491b375876f3493ba0acf
Chaetodon fasciatus,593747005,https://inaturalist-open-data.s3.amazonaws.com/photos/593747005/medium.jpg,CC-BY 4.0,Jacek Pietruszewski,hyacinthus,2025-11-22,https://www.inaturalist.org/observations/327712486,"© Jacek Pietruszewski, some rights reserved (CC-BY)",d24819c2f880701dec1d8d29a8af47279b7bbf47b2f7f58a2c199aa8180f3fe5
Chaetodon fasciatus,335157994,https://inaturalist-open-data.s3.amazonaws.com/photos/335157994/medium.jpeg,CC-BY 4.0,Gergely Nigg,naturebynigg,2023-11-09,https://www.inaturalist.org/observations/191099440,"© Gergely Nigg, some rights reserved (CC-BY)",023758afa6d3c3f95564daf3e167efb495e5745a80fbe61e0b711c4136462c19
Chaetodon fasciatus,334986002,https://inaturalist-open-data.s3.amazonaws.com/photos/334986002/medium.jpeg,CC-BY 4.0,Gergely Nigg,naturebynigg,2023-11-07,https://www.inaturalist.org/observations/191013675,"© Gergely Nigg, some rights reserved (CC-BY)",e881a9f191c7079aaac482c165849b60607a2ca480d052d8bdcd184ffe0f7cdd
Chaetodon fasciatus,460140975,https://inaturalist-open-data.s3.amazonaws.com/photos/460140975/medium.jpeg,CC-BY 4.0,Jonathan Maitrot,ornithoscope,2024-12-29,https://www.inaturalist.org/observations/256614048,"© Jonathan Maitrot, some rights reserved (CC-BY)",519b99896aa0ebbfa050d0cd8f2e82348b4f1dcfc07f197480fcf2c8a507b83d
Chaetodon fasciatus,342403623,https://inaturalist-open-data.s3.amazonaws.com/photos/342403623/medium.jpeg,CC-BY 4.0,Анна Митрошенкова,anna_mitroshenkova,2011-08-21,https://www.inaturalist.org/observations/194746865,"© Анна Митрошенкова, some rights reserved (CC-BY)",71b5ec23a5eff7f53e3d11361aedccf1ee38301500611a9389a37c31fa376a14
Chaetodon fasciatus,342403620,https://inaturalist-open-data.s3.amazonaws.com/photos/342403620/medium.jpeg,CC-BY 4.0,Анна Митрошенкова,anna_mitroshenkova,2011-08-21,https://www.inaturalist.org/observations/194746865,"© Анна Митрошенкова, some rights reserved (CC-BY)",0897321e3ffd8dd873abc23cedf45b4777908fd1c4ce21ea478d82cf7abb8766
Chaetodon fasciatus,342403621,https://inaturalist-open-data.s3.amazonaws.com/photos/342403621/medium.jpeg,CC-BY 4.0,Анна Митрошенкова,anna_mitroshenkova,2011-08-21,https://www.inaturalist.org/observations/194746865,"© Анна Митрошенкова, some rights reserved (CC-BY)",c72e0d589ed30c86612d982e5edc4c61bc81e546ff7f632747a01e6697ce0ad4
Chaetodon fasciatus,342403629,https://inaturalist-open-data.s3.amazonaws.com/photos/342403629/medium.jpeg,CC-BY 4.0,Анна Митрошенкова,anna_mitroshenkova,2011-08-21,https://www.inaturalist.org/observations/194746865,"© Анна Митрошенкова, some rights reserved (CC-BY)",9d428f5cbaf62d4ed0b60189de1dc9be87c2bb83f7258da947dcd5a556bb24e9
Chaetodon fasciatus,342403642,https://inaturalist-open-data.s3.amazonaws.com/photos/342403642/medium.jpeg,CC-BY 4.0,Анна Митрошенкова,anna_mitroshenkova,2011-08-21,https://www.inaturalist.org/observations/194746865,"© Анна Митрошенкова, some rights reserved (CC-BY)",1a932578a0180dc1cb4ff74695f9f3e3cdc6ba0bde925aa3054cc980e123be09
Chaetodon fasciatus,615786971,https://inaturalist-open-data.s3.amazonaws.com/photos/615786971/medium.jpg,CC-BY 4.0,Jan Ebr &amp; Ivana Ebrová,opisska,2026-01-28,https://www.inaturalist.org/observations/338592132,"© Jan Ebr &amp; Ivana Ebrová, some rights reserved (CC-BY)",a964d94e7858ae640f78c04e585ce973edb87f8b46819e633f5eeca605050201
Chaetodon fasciatus,604544337,https://inaturalist-open-data.s3.amazonaws.com/photos/604544337/medium.jpg,CC-BY 4.0,Татьяна Максимова,naturalist25051,2010-02-18,https://www.inaturalist.org/observations/333039830,"© Татьяна Максимова, some rights reserved (CC-BY)",19458b13e67c35e16573f665143967e50fd774d680c9a4479ae5d67b747cc480
Chaetodon fasciatus,604544306,https://inaturalist-open-data.s3.amazonaws.com/photos/604544306/medium.jpg,CC-BY 4.0,Татьяна Максимова,naturalist25051,2010-02-18,https://www.inaturalist.org/observations/333039830,"© Татьяна Максимова, some rights reserved (CC-BY)",9e46345550af218694db8017584469f171717d4f5b9927a2c94784005764c969
Chaetodon fasciatus,188817645,https://inaturalist-open-data.s3.amazonaws.com/photos/188817645/medium.jpeg,CC-BY 4.0,Christian Berg,ch_berg,2022-04-13,https://www.inaturalist.org/observations/111823809,"© Christian Berg, some rights reserved (CC-BY)",d43d05789fba6b4d1cdcfc261e6fad67fca5969d909d4c38729619e66afd474c
Chaetodon fasciatus,245364691,https://inaturalist-open-data.s3.amazonaws.com/photos/245364691/medium.jpg,CC-BY 4.0,Juraj Ahel,xeniorn,2022-11-27,https://www.inaturalist.org/observations/143089721,"© Juraj Ahel, some rights reserved (CC-BY)",0bc25498ed039633de916ff81e451029563b9251ae9f52e5fb227cd6e544557c
Chaetodon fasciatus,245364802,https://inaturalist-open-data.s3.amazonaws.com/photos/245364802/medium.jpg,CC-BY 4.0,Juraj Ahel,xeniorn,2022-11-27,https://www.inaturalist.org/observations/143089721,"© Juraj Ahel, some rights reserved (CC-BY)",c93e69b2ef4e86cc904c986b1793962ce04e13804ce94ad0e4df9c1c72f415d4
Chaetodon fasciatus,335339205,https://inaturalist-open-data.s3.amazonaws.com/photos/335339205/medium.jpeg,CC-BY 4.0,Gergely Nigg,naturebynigg,2023-11-10,https://www.inaturalist.org/observations/191190164,"© Gergely Nigg, some rights reserved (CC-BY)",154da123d1f2944e3d7b2b0fa1fed5d5872c910a6b05f289b4d7e104179933f2
Chaetodon fasciatus,603574470,https://inaturalist-open-data.s3.amazonaws.com/photos/603574470/medium.jpg,CC-BY 4.0,Jono,spint,2025-12-29,https://www.inaturalist.org/observations/332566298,"© Jono, some rights reserved (CC-BY)",10df237113cc4aaf736dda4c7a2438134f6d9b709c33e747fcb2ebbd9e9d2653
Chaetodon fasciatus,441696738,https://inaturalist-open-data.s3.amazonaws.com/photos/441696738/medium.jpeg,CC-BY 4.0,Petr Harant,petr286,2024-10-14,https://www.inaturalist.org/observations/247320663,"© Petr Harant, some rights reserved (CC-BY)",3588997d742a1fdfb6f79367bb4ebbdb0bda16fb27c3faf813d87853d7c2b4f8
Chaetodon fasciatus,441696857,https://inaturalist-open-data.s3.amazonaws.com/photos/441696857/medium.jpeg,CC-BY 4.0,Petr Harant,petr286,2024-10-14,https://www.inaturalist.org/observations/247320663,"© Petr Harant, some rights reserved (CC-BY)",3fedcade8e8810c3c6ea43b7a69a2869d4fa1068103d2ceba1417354f5f78368
Chaetodon fasciatus,615459693,https://inaturalist-open-data.s3.amazonaws.com/photos/615459693/medium.jpg,CC-BY 4.0,Jan Ebr &amp; Ivana Ebrová,opisska,2026-01-26,https://www.inaturalist.org/observations/338430762,"© Jan Ebr &amp; Ivana Ebrová, some rights reserved (CC-BY)",5972f86c9ae1dde1e4742af58bfefa244fb891ad3cf0ee498a1c3df84c97fead
Chaetodon fasciatus,594445765,https://inaturalist-open-data.s3.amazonaws.com/photos/594445765/medium.jpg,CC-BY 4.0,Jacek Pietruszewski,hyacinthus,2025-11-23,https://www.inaturalist.org/observations/328085774,"© Jacek Pietruszewski, some rights reserved (CC-BY)",2e8da37136d36a70e91382ea394fd1ec245d83d69c2a5a7d124d53bee92d12d8
Chaetodon fasciatus,247249349,https://inaturalist-open-data.s3.amazonaws.com/photos/247249349/medium.jpg,CC-BY 4.0,Mario Bassini,bssmnt52,2008-11-14,https://www.inaturalist.org/observations/144098081,"© Mario Bassini, some rights reserved (CC-BY)",
Chaetodon fasciatus,246255785,https://inaturalist-open-data.s3.amazonaws.com/photos/246255785/medium.jpg,CC-BY 4.0,Michael Bakker Paiva,michaelbakkerpaiva,2022-11-23,https://www.inaturalist.org/observations/143582195,"© Michael Bakker Paiva, some rights reserved (CC-BY)",98b032d7b6d3a662547d72e5aa924ed86d2f0cbbb7e7ed94f7911346b8c802fe
Chaetodon paucifasciatus,157577460,https://inaturalist-open-data.s3.amazonaws.com/photos/157577460/medium.jpeg,CC-BY 4.0,Michal Honskus,jolinarm,2021-09-15,https://www.inaturalist.org/observations/94955680,"© Michal Honskus, some rights reserved (CC-BY)",5a32e6b08d874c244aa2a2dbbb3ea882ca197d8501f8ecc7599fcabe78a33234
Chaetodon paucifasciatus,157577598,https://inaturalist-open-data.s3.amazonaws.com/photos/157577598/medium.jpeg,CC-BY 4.0,Michal Honskus,jolinarm,2021-09-15,https://www.inaturalist.org/observations/94955680,"© Michal Honskus, some rights reserved (CC-BY)",4014811c21f055913909322d001d9670edfac9053606f65aa8fcbf2dac9f064a
Chaetodon paucifasciatus,157581191,https://inaturalist-open-data.s3.amazonaws.com/photos/157581191/medium.jpeg,CC-BY 4.0,Michal Honskus,jolinarm,2021-09-15,https://www.inaturalist.org/observations/94955680,"© Michal Honskus, some rights reserved (CC-BY)",ba9f46b2cd5ead0e19c13355f2fdc3a1a01db0baa9058931b0afd59b59d0193d
Chaetodon paucifasciatus,342075287,https://inaturalist-open-data.s3.amazonaws.com/photos/342075287/medium.jpeg,CC-BY 4.0,Анна Митрошенкова,anna_mitroshenkova,2008-08-14,https://www.inaturalist.org/observations/194590770,"© Анна Митрошенкова, some rights reserved (CC-BY)",36b2beeeb6b9c6b75f444e61299894b1444b9d3bb29d85d71c4f6a283d8355bc
Chaetodon paucifasciatus,362586988,https://inaturalist-open-data.s3.amazonaws.com/photos/362586988/medium.jpg,CC-BY 4.0,Christian Berg,ch_berg,2024-03-30,https://www.inaturalist.org/observations/205098086,"© Christian Berg, some rights reserved (CC-BY)",5a6bd703a074e08b569f7dfac253dab357247e1459f69298f3b7ce7f9ab77237
Chaetodon paucifasciatus,331635332,https://inaturalist-open-data.s3.amazonaws.com/photos/331635332/medium.jpeg,CC-BY 4.0,Edmundas Greimas,grey_moss,2023-10-28,https://www.inaturalist.org/observations/189329356,"© Edmundas Greimas, some rights reserved (CC-BY)",d554fb87a0bd25eaf5492ba175b078ee3d1c19f49d44a4760feb28b5d93751ca
Chaetodon paucifasciatus,331635511,https://inaturalist-open-data.s3.amazonaws.com/photos/331635511/medium.jpeg,CC-BY 4.0,Edmundas Greimas,grey_moss,2023-10-28,https://www.inaturalist.org/observations/189329356,"© Edmundas Greimas, some rights reserved (CC-BY)",ef8ec3b7a915933c3ad8c0ae3ea86c4a20d4ab79e82f0395aaa44e7c3c69fb6a
Chaetodon paucifasciatus,331635556,https://inaturalist-open-data.s3.amazonaws.com/photos/331635556/medium.jpeg,CC-BY 4.0,Edmundas Greimas,grey_moss,2023-10-28,https://www.inaturalist.org/observations/189329356,"© Edmundas Greimas, some rights reserved (CC-BY)",2a84f02a707806bdab5207332715586d2eed6b1130a3dde857f6352b43481f15
Chaetodon paucifasciatus,335339446,https://inaturalist-open-data.s3.amazonaws.com/photos/335339446/medium.jpeg,CC-BY 4.0,Gergely Nigg,naturebynigg,2023-11-10,https://www.inaturalist.org/observations/191190230,"© Gergely Nigg, some rights reserved (CC-BY)",5891a267f48db622bfc3f5f396d299c2928d9e05504417c70d3245ee1c9057a5
Chaetodon paucifasciatus,616004644,https://inaturalist-open-data.s3.amazonaws.com/photos/616004644/medium.jpg,CC-BY 4.0,Jan Ebr &amp; Ivana Ebrová,opisska,2026-01-29,https://www.inaturalist.org/observations/338702456,"© Jan Ebr &amp; Ivana Ebrová, some rights reserved (CC-BY)",8cec26fd9620300f271cea2cd46cfbdec7e6c1128cd4d51e92855a4812aec343
Chaetodon paucifasciatus,615557085,https://inaturalist-open-data.s3.amazonaws.com/photos/615557085/medium.jpg,CC-BY 4.0,Jan Ebr &amp; Ivana Ebrová,opisska,2026-01-27,https://www.inaturalist.org/observations/338478748,"© Jan Ebr &amp; Ivana Ebrová, some rights reserved (CC-BY)",70ecde31de2a506b3a0ca7dede6befbe22da1a849b27fe9a982e1955f34199dd
Chaetodon paucifasciatus,637948124,https://inaturalist-open-data.s3.amazonaws.com/photos/637948124/medium.jpg,CC-BY 4.0,Slunky,slunky,2026-03-19,https://www.inaturalist.org/observations/349695028,"© Slunky, some rights reserved (CC-BY)",c809282d9d666275fd729515311f8b508c3d4e44681632d26282922687ca38b0
Chaetodon paucifasciatus,637948130,https://inaturalist-open-data.s3.amazonaws.com/photos/637948130/medium.jpg,CC-BY 4.0,Slunky,slunky,2026-03-19,https://www.inaturalist.org/observations/349695028,"© Slunky, some rights reserved (CC-BY)",2ff2f2a6406212dabe740cb88a40ffe3026429a6b1e021c2385f980fbe8a3fa5
Chaetodon paucifasciatus,324701971,https://inaturalist-open-data.s3.amazonaws.com/photos/324701971/medium.jpeg,CC-BY 4.0,Jan Ebr &amp; Ivana Ebrová,opisska,2023-09-25,https://www.inaturalist.org/observations/185873771,"© Jan Ebr &amp; Ivana Ebrová, some rights reserved (CC-BY)",70927ca6b66072bf6cd2afdc716589f931655144c9c7b7acb4ff5b1e1f284961
Chaetodon paucifasciatus,473886687,https://inaturalist-open-data.s3.amazonaws.com/photos/473886687/medium.jpg,CC-BY 4.0,Caroline Quinn,luo_qing,2025-02-28,https://www.inaturalist.org/observations/263755496,"© Caroline Quinn, some rights reserved (CC-BY)",75d0f50a5bd5fa9fdd6126c9726dea044f4f7fb6a1c9fbb1609d58af25813fac
Chaetodon paucifasciatus,251364114,https://inaturalist-open-data.s3.amazonaws.com/photos/251364114/medium.jpg,CC-BY 4.0,Pauline Walsh Jacobson,coralreefdreams,2007-08-08,https://www.inaturalist.org/observations/146233196,"© Pauline Walsh Jacobson, some rights reserved (CC-BY)",91fc4cf244ea6bf3fb20cecad6671fc310c3301b60447812446dc3a742a60d8a
Chaetodon paucifasciatus,112726110,https://inaturalist-open-data.s3.amazonaws.com/photos/112726110/medium.jpg,CC-BY 4.0,ajott,ajott,2021-02-01,https://www.inaturalist.org/observations/69470247,"© ajott, some rights reserved (CC-BY)",11fc92d96da0f89be6631a8e9871e1d86c07543873878824bc5ec06930bcf201
Chaetodon paucifasciatus,362583706,https://inaturalist-open-data.s3.amazonaws.com/photos/362583706/medium.jpeg,CC-BY 4.0,Christian Berg,ch_berg,2024-03-26,https://www.inaturalist.org/observations/205098256,"© Christian Berg, some rights reserved (CC-BY)",b83d804fecf36b4960bc4d0779173400942c938b0bd4cdd14a169d8311985c83
Chaetodon paucifasciatus,186713148,https://inaturalist-open-data.s3.amazonaws.com/photos/186713148/medium.jpeg,CC-BY 4.0,Henrik Kibak,hkibak,2022-04-03,https://www.inaturalist.org/observations/110661549,"© Henrik Kibak, some rights reserved (CC-BY)",19ccee053c5fbbfeb2604370d8b5c6258f259822c96c44c0f37a5c12e66764ba
Chaetodon paucifasciatus,186713183,https://inaturalist-open-data.s3.amazonaws.com/photos/186713183/medium.jpeg,CC-BY 4.0,Henrik Kibak,hkibak,2022-04-03,https://www.inaturalist.org/observations/110661549,"© Henrik Kibak, some rights reserved (CC-BY)",2c8c392557220481f36a3573e2b37fec5cc26b5b3e6953967379a293a7ad49f9
Chaetodon paucifasciatus,186713168,https://inaturalist-open-data.s3.amazonaws.com/photos/186713168/medium.jpeg,CC-BY 4.0,Henrik Kibak,hkibak,2022-04-03,https://www.inaturalist.org/observations/110661549,"© Henrik Kibak, some rights reserved (CC-BY)",582fd5774f83563195a1b55072746ae59b4a5c17bbb3bb2364953b0f09c3966e
Chaetodon paucifasciatus,429606806,https://inaturalist-open-data.s3.amazonaws.com/photos/429606806/medium.jpg,CC-BY 4.0,Ульяна Лалак,a_ma_bird,2024-09-07,https://www.inaturalist.org/observations/241078263,"© Ульяна Лалак, some rights reserved (CC-BY)",a439f72528ab3c0fa4bb4e5dd212b0c33ff94f76d356e77c8f166bee60652723
Chaetodon paucifasciatus,250966901,https://inaturalist-open-data.s3.amazonaws.com/photos/250966901/medium.jpeg,CC-BY 4.0,Jan Ebr &amp; Ivana Ebrová,opisska,2022-12-29,https://www.inaturalist.org/observations/146030679,"© Jan Ebr &amp; Ivana Ebrová, some rights reserved (CC-BY)",dd9e49a016129ded99e8380178d91638418c7e31b8ebed0a0f7d19929edc988e
Chaetodon paucifasciatus,250970557,https://inaturalist-open-data.s3.amazonaws.com/photos/250970557/medium.jpeg,CC-BY 4.0,Jan Ebr &amp; Ivana Ebrová,opisska,2022-12-29,https://www.inaturalist.org/observations/146031588,"© Jan Ebr &amp; Ivana Ebrová, some rights reserved (CC-BY)",e2fcd5225122b16e87dd6ed51dbce2f1ce0d28f40249b3966e5ec0ef50f95903
Chaetodon paucifasciatus,596148073,https://inaturalist-open-data.s3.amazonaws.com/photos/596148073/medium.jpg,CC-BY 4.0,Jacek Pietruszewski,hyacinthus,2025-11-29,https://www.inaturalist.org/observations/328930018,"© Jacek Pietruszewski, some rights reserved (CC-BY)",2dc479ab94751d69889955c81c7d3275f7152e91ed09c05dfdf8198caf163fe5
Heniochus intermedius,246114539,https://inaturalist-open-data.s3.amazonaws.com/photos/246114539/medium.jpeg,CC-BY 4.0,Michael Bakker Paiva,michaelbakkerpaiva,2022-11-22,https://www.inaturalist.org/observations/143503397,"© Michael Bakker Paiva, some rights reserved (CC-BY)",36e7c7ff84294bf1934903a347962be212dcc4667622ce345e4021282cb1d5db
Heniochus intermedius,246255365,https://inaturalist-open-data.s3.amazonaws.com/photos/246255365/medium.jpeg,CC-BY 4.0,Michael Bakker Paiva,michaelbakkerpaiva,2022-11-23,https://www.inaturalist.org/observations/143582191,"© Michael Bakker Paiva, some rights reserved (CC-BY)",c74d422272e1609ebddfd315a6030b7644ae2a43340a7a3df3cb55e20a759605
Heniochus intermedius,603281284,https://inaturalist-open-data.s3.amazonaws.com/photos/603281284/medium.jpg,CC-BY 4.0,Jono,spint,2025-12-28,https://www.inaturalist.org/observations/332424877,"© Jono, some rights reserved (CC-BY)",1da88861e4468e3cc0f05a7fddad7497a7c9f6e7fd848d550c9905ed3aa1525f
Heniochus intermedius,616109343,https://inaturalist-open-data.s3.amazonaws.com/photos/616109343/medium.jpg,CC-BY 4.0,Jan Ebr &amp; Ivana Ebrová,opisska,2026-02-01,https://www.inaturalist.org/observations/338756725,"© Jan Ebr &amp; Ivana Ebrová, some rights reserved (CC-BY)",fc5daa8d8ed484e30e4603021eca0ffcdd716c965d6fd6a16715bd7a07e2ab2a
Heniochus intermedius,324487967,https://inaturalist-open-data.s3.amazonaws.com/photos/324487967/medium.jpeg,CC-BY 4.0,Jan Ebr &amp; Ivana Ebrová,opisska,2023-09-24,https://www.inaturalist.org/observations/185766230,"© Jan Ebr &amp; Ivana Ebrová, some rights reserved (CC-BY)",727343d4110f03e0ba479822b3d33b155f1ae65bca8122b3b462127c52df5807
Heniochus intermedius,474546818,https://inaturalist-open-data.s3.amazonaws.com/photos/474546818/medium.jpeg,CC-BY 4.0,Charlotte Kirchner,charlottekirchner,2025-03-06,https://www.inaturalist.org/observations/264101861,"© Charlotte Kirchner, some rights reserved (CC-BY)",cda849e9ba5cd363377dad9526e69e521222f06f79aee72589fbe42e3e515419
Heniochus intermedius,331499228,https://inaturalist-open-data.s3.amazonaws.com/photos/331499228/medium.jpeg,CC-BY 4.0,Edmundas Greimas,grey_moss,2023-10-28,https://www.inaturalist.org/observations/189265301,"© Edmundas Greimas, some rights reserved (CC-BY)",8476188a125737a2b120b0b3cb91479fd7d8d5d02109d63443eab60450f7b9d1
Heniochus intermedius,331499441,https://inaturalist-open-data.s3.amazonaws.com/photos/331499441/medium.jpeg,CC-BY 4.0,Edmundas Greimas,grey_moss,2023-10-28,https://www.inaturalist.org/observations/189265301,"© Edmundas Greimas, some rights reserved (CC-BY)",911778db1092b7d35e26ebe9837646211b5b45bf991f0bbc5f5719fff8c8cdc0
Heniochus intermedius,335157902,https://inaturalist-open-data.s3.amazonaws.com/photos/335157902/medium.jpeg,CC-BY 4.0,Gergely Nigg,naturebynigg,2023-11-09,https://www.inaturalist.org/observations/191099432,"© Gergely Nigg, some rights reserved (CC-BY)",5eaffc74e70b53885e49a9ef47c37a886320c8e8979189c4c48ef0725555f811
Heniochus intermedius,245356551,https://inaturalist-open-data.s3.amazonaws.com/photos/245356551/medium.jpg,CC-BY 4.0,Juraj Ahel,xeniorn,2022-11-27,https://www.inaturalist.org/observations/143089641,"© Juraj Ahel, some rights reserved (CC-BY)",0eed3c03d5b00609af52f763109fdd707f9d5d654fb23aca71f070a3919c3d90
Heniochus intermedius,245356674,https://inaturalist-open-data.s3.amazonaws.com/photos/245356674/medium.jpg,CC-BY 4.0,Juraj Ahel,xeniorn,2022-11-27,https://www.inaturalist.org/observations/143089641,"© Juraj Ahel, some rights reserved (CC-BY)",7ba0653998552647cc01160f339259e6d709ea6a10bea72cd5c3034f4936ee2f
Heniochus intermedius,112726946,https://inaturalist-open-data.s3.amazonaws.com/photos/112726946/medium.jpg,CC-BY 4.0,ajott,ajott,2021-02-01,https://www.inaturalist.org/observations/69470591,"© ajott, some rights reserved (CC-BY)",0207a4cfc06728869f3380f7d00c7f2932aedee96849ee12eb034011dbf1005f
Heniochus intermedius,615556864,https://inaturalist-open-data.s3.amazonaws.com/photos/615556864/medium.jpg,CC-BY 4.0,Jan Ebr &amp; Ivana Ebrová,opisska,2026-01-27,https://www.inaturalist.org/observations/338478691,"© Jan Ebr &amp; Ivana Ebrová, some rights reserved (CC-BY)",d07050ec8aef7081d051dd7b7e5074f61348f633eaa7a72498c0e1b4f82dc1e4
Heniochus intermedius,616016832,https://inaturalist-open-data.s3.amazonaws.com/photos/616016832/medium.jpg,CC-BY 4.0,Jan Ebr &amp; Ivana Ebrová,opisska,2026-01-29,https://www.inaturalist.org/observations/338709373,"© Jan Ebr &amp; Ivana Ebrová, some rights reserved (CC-BY)",32287c19c4f189b6ea88bfcefd2507989a87c21d12286f52657330279222d3bb
Heniochus intermedius,335471731,https://inaturalist-open-data.s3.amazonaws.com/photos/335471731/medium.jpeg,CC-BY 4.0,Gergely Nigg,naturebynigg,2023-11-13,https://www.inaturalist.org/observations/191255851,"© Gergely Nigg, some rights reserved (CC-BY)",8bb95de89c785f78f3af1d52fd3d3c7753337f22b8da76643b39ec8a7fac28df
Heniochus intermedius,471961054,https://inaturalist-open-data.s3.amazonaws.com/photos/471961054/medium.jpeg,CC-BY 4.0,Mahomed Desai,m_d,2025-02-22,https://www.inaturalist.org/observations/262784199,"© Mahomed Desai, some rights reserved (CC-BY)",848d0071aeeedeec5519b40138efa5df0c87e2b1b779ae65c30c471462756927
Heniochus intermedius,471961137,https://inaturalist-open-data.s3.amazonaws.com/photos/471961137/medium.jpeg,CC-BY 4.0,Mahomed Desai,m_d,2025-02-22,https://www.inaturalist.org/observations/262784199,"© Mahomed Desai, some rights reserved (CC-BY)",c1b8990da4315f5ff9df2027a1f10054cb4425e8edf118106e690051c2bb728d
Heniochus intermedius,615061557,https://inaturalist-open-data.s3.amazonaws.com/photos/615061557/medium.jpg,CC-BY 4.0,Jan Ebr &amp; Ivana Ebrová,opisska,2026-01-25,https://www.inaturalist.org/observations/338241810,"© Jan Ebr &amp; Ivana Ebrová, some rights reserved (CC-BY)",8ec3589d9ca99f8b7d1b8220328664b00830e9d074656ff0a2e944d0bbdd159b
Heniochus intermedius,26193900,https://inaturalist-open-data.s3.amazonaws.com/photos/26193900/medium.jpeg,CC-BY 4.0,Valentin Moser,vmoser,2017-09-01,https://www.inaturalist.org/observations/17270783,"© Valentin Moser, some rights reserved (CC-BY)",5ab308cf51dae1d8e5bb4551074bdb51baab81576e26b9f46d2e7a61ffd51c77
Heniochus intermedius,188818675,https://inaturalist-open-data.s3.amazonaws.com/photos/188818675/medium.jpeg,CC-BY 4.0,Christian Berg,ch_berg,2022-04-13,https://www.inaturalist.org/observations/111823833,"© Christian Berg, some rights reserved (CC-BY)",d86c403ba466d5496957c680e81a632c3a88690a92b423ead73677b9b7d1f617
Heniochus intermedius,429387983,https://inaturalist-open-data.s3.amazonaws.com/photos/429387983/medium.jpg,CC-BY 4.0,Ульяна Лалак,a_ma_bird,2024-09-06,https://www.inaturalist.org/observations/240967621,"© Ульяна Лалак, some rights reserved (CC-BY)",f1371e3a1121052c4d9868246ff0d3dde9689f583e2bfb14fb958ad22df29a80
Pomacanthus maculosus,332930947,https://inaturalist-open-data.s3.amazonaws.com/photos/332930947/medium.jpeg,CC-BY 4.0,Edmundas Greimas,grey_moss,2023-10-30,https://www.inaturalist.org/observations/189977375,"© Edmundas Greimas, some rights reserved (CC-BY)",5cb9262c31282107889cb682dddaf8c2fd1b03a5ed1f1a27c24d97a1a101ee17
Pomacanthus maculosus,581714941,https://inaturalist-open-data.s3.amazonaws.com/photos/581714941/medium.jpg,CC-BY 4.0,Nicola Crockford,nicolacrockford,2025-10-16,https://www.inaturalist.org/observations/321641008,"© Nicola Crockford, some rights reserved (CC-BY)",34e684281b61daaf038cb2d96501818cb02044d2ef80a6e033ccd95da098d3a0
Pomacanthus maculosus,581714940,https://inaturalist-open-data.s3.amazonaws.com/photos/581714940/medium.jpg,CC-BY 4.0,Nicola Crockford,nicolacrockford,2025-10-16,https://www.inaturalist.org/observations/321641008,"© Nicola Crockford, some rights reserved (CC-BY)",d1643d7cb9973c36a18f9208562516b3815a352431cca19a293235c9b2a4a993
Pomacanthus maculosus,581714937,https://inaturalist-open-data.s3.amazonaws.com/photos/581714937/medium.jpg,CC-BY 4.0,Nicola Crockford,nicolacrockford,2025-10-16,https://www.inaturalist.org/observations/321641008,"© Nicola Crockford, some rights reserved (CC-BY)",384da34d412d557c3e21169f1864b3377090d4557a733bb1682453466585e9ec
Pomacanthus maculosus,33965765,https://inaturalist-open-data.s3.amazonaws.com/photos/33965765/medium.jpg,CC-BY 4.0,Sameer Shaik,sammyboy2059,2019-04-02,https://www.inaturalist.org/observations/21921774,"© Sameer Shaik, some rights reserved (CC-BY)",fdea49f7846af671836f928c927387dac945dd3cdca44538bf22c547d8be15e4
Pomacanthus maculosus,615814868,https://inaturalist-open-data.s3.amazonaws.com/photos/615814868/medium.jpg,CC-BY 4.0,Jan Ebr &amp; Ivana Ebrová,opisska,2026-01-28,https://www.inaturalist.org/observations/338606489,"© Jan Ebr &amp; Ivana Ebrová, some rights reserved (CC-BY)",a655be348d9345b7f11bc047ba3b11db27c250c41ab1ffe30be2bd0e5eb4138e
Pomacanthus maculosus,616950078,https://inaturalist-open-data.s3.amazonaws.com/photos/616950078/medium.jpg,CC-BY 4.0,Jan Ebr &amp; Ivana Ebrová,opisska,2026-02-03,https://www.inaturalist.org/observations/339177682,"© Jan Ebr &amp; Ivana Ebrová, some rights reserved (CC-BY)",ee727eef27f9e4026f0ffc9fb851040a04957808a07b4cb2146c2a96afe10329
Pomacanthus maculosus,611894487,https://inaturalist-open-data.s3.amazonaws.com/photos/611894487/medium.jpg,CC-BY 4.0,Rui Ribeiro,ruir1963,2003-12-31,https://www.inaturalist.org/observations/336690104,"© Rui Ribeiro, some rights reserved (CC-BY)",cd508b229028120cd6cf741c058018149e385651bb8c911d091f0a77c96f371c
Pomacanthus maculosus,238349452,https://inaturalist-open-data.s3.amazonaws.com/photos/238349452/medium.jpg,CC-BY 4.0,Jim Wallace,beaverjfw,2022-09-28,https://www.inaturalist.org/observations/139362294,"© Jim Wallace, some rights reserved (CC-BY)",3b707a771c04d3852250b2b66454dc47772c8f939448cc65e829df8d1a355daf
Pomacanthus maculosus,229211520,https://inaturalist-open-data.s3.amazonaws.com/photos/229211520/medium.jpg,CC-BY 4.0,Daniel Benák,benake,2021-05-16,https://www.inaturalist.org/observations/134478153,"© Daniel Benák, some rights reserved (CC-BY)",6540ac45658e2d467ca5a2458968ae19cb3cfb5bf94bbfb8379d026a5efebe11
Pomacanthus maculosus,556608841,https://inaturalist-open-data.s3.amazonaws.com/photos/556608841/medium.jpg,CC-BY 4.0,Selim Türeli,selimtureli,2025-08-15,https://www.inaturalist.org/observations/308516097,"© Selim Türeli, some rights reserved (CC-BY)",beb92385ce6ce5a09af21921954a2fde2828d673770322a9bdb36fc5cb4f5ae4
Pomacanthus maculosus,556608932,https://inaturalist-open-data.s3.amazonaws.com/photos/556608932/medium.jpg,CC-BY 4.0,Selim Türeli,selimtureli,2025-08-15,https://www.inaturalist.org/observations/308516097,"© Selim Türeli, some rights reserved (CC-BY)",0ec8bd5201346f544bed8d988a381abceb42d5c204777a8431b235f78cddb79e
Pomacanthus maculosus,616690909,https://inaturalist-open-data.s3.amazonaws.com/photos/616690909/medium.jpg,CC-BY 4.0,Jan Ebr &amp; Ivana Ebrová,opisska,2026-02-02,https://www.inaturalist.org/observations/339053084,"© Jan Ebr &amp; Ivana Ebrová, some rights reserved (CC-BY)",806b3a3244677447a8d61729947eb406b2ef8fb893b964c4032418f4eae2b0dc
Pomacanthus maculosus,451053225,https://inaturalist-open-data.s3.amazonaws.com/photos/451053225/medium.jpg,CC-BY 4.0,Ульяна Лалак,a_ma_bird,2024-09-13,https://www.inaturalist.org/observations/252017165,"© Ульяна Лалак, some rights reserved (CC-BY)",5da2ea63b04e7dfe80d79e992ed6458fe14ce21470b54f7d6e63e869b565fe48
Pomacanthus maculosus,582225559,https://inaturalist-open-data.s3.amazonaws.com/photos/582225559/medium.jpg,CC-BY 4.0,Nicola Crockford,nicolacrockford,2025-10-19,https://www.inaturalist.org/observations/321902351,"© Nicola Crockford, some rights reserved (CC-BY)",c3d5e44ddbf5542f145312e9f516337c32435fe88ddde479b3dff448c13bf997
Pomacanthus maculosus,582225583,https://inaturalist-open-data.s3.amazonaws.com/photos/582225583/medium.jpg,CC-BY 4.0,Nicola Crockford,nicolacrockford,2025-10-19,https://www.inaturalist.org/observations/321902351,"© Nicola Crockford, some rights reserved (CC-BY)",8966f0c0681832fa708828f680dcd4b1f1fb3a8c71e05d8cd8fa3e236d64d285
Pomacanthus maculosus,179547517,https://inaturalist-open-data.s3.amazonaws.com/photos/179547517/medium.jpg,CC-BY 4.0,Juraj Ahel,xeniorn,2021-12-07,https://www.inaturalist.org/observations/106829129,"© Juraj Ahel, some rights reserved (CC-BY)",18b03d7438274168fbbfa654afe766ba68cb375a481c5177bbb0490a3fa095b0
Pomacanthus maculosus,616965800,https://inaturalist-open-data.s3.amazonaws.com/photos/616965800/medium.jpg,CC-BY 4.0,Jan Ebr &amp; Ivana Ebrová,opisska,2026-02-04,https://www.inaturalist.org/observations/339185102,"© Jan Ebr &amp; Ivana Ebrová, some rights reserved (CC-BY)",5746c5a40136004025e42c001d6d167d3b3280ce220460c12ab83c2d34c2cdac
Pomacanthus maculosus,6968193,https://inaturalist-open-data.s3.amazonaws.com/photos/6968193/medium.jpg,CC-BY 4.0,Ryan McMinds,rmcminds,2015-03-12,https://www.inaturalist.org/observations/5633201,"© Ryan McMinds, some rights reserved (CC-BY)",f7e05a05e879514b97771c58821bb85cc1bf5cf069102e735dcb38c749f8bcba
Pomacanthus maculosus,616081054,https://inaturalist-open-data.s3.amazonaws.com/photos/616081054/medium.jpg,CC-BY 4.0,Jan Ebr &amp; Ivana Ebrová,opisska,2026-02-01,https://www.inaturalist.org/observations/338744036,"© Jan Ebr &amp; Ivana Ebrová, some rights reserved (CC-BY)",da0f3628dd84be45e37113026974adb0565b27545c1603479c4efc5b8a5039f3
Pomacanthus maculosus,261072758,https://inaturalist-open-data.s3.amazonaws.com/photos/261072758/medium.jpg,CC-BY 4.0,Jan Ebr &amp; Ivana Ebrová,opisska,2023-03-01,https://www.inaturalist.org/observations/151321827,"© Jan Ebr &amp; Ivana Ebrová, some rights reserved (CC-BY)",eeaba7c30316e344b6808bbf378cd11838c614fa04d89788f3712e8317022357
Pomacanthus maculosus,260751982,https://inaturalist-open-data.s3.amazonaws.com/photos/260751982/medium.jpg,CC-BY 4.0,Jan Ebr &amp; Ivana Ebrová,opisska,2023-02-27,https://www.inaturalist.org/observations/151150893,"© Jan Ebr &amp; Ivana Ebrová, some rights reserved (CC-BY)",
Pomacanthus maculosus,245366071,https://inaturalist-open-data.s3.amazonaws.com/photos/245366071/medium.jpg,CC-BY 4.0,Juraj Ahel,xeniorn,2022-11-27,https://www.inaturalist.org/observations/143089744,"© Juraj Ahel, some rights reserved (CC-BY)",7fa03cbc88fad578e3601927ceb4b98738f8f64b8e423e51a04b58df37d6aa3b
Pomacanthus maculosus,616965680,https://inaturalist-open-data.s3.amazonaws.com/photos/616965680/medium.jpg,CC-BY 4.0,Jan Ebr &amp; Ivana Ebrová,opisska,2026-02-04,https://www.inaturalist.org/observations/339185069,"© Jan Ebr &amp; Ivana Ebrová, some rights reserved (CC-BY)",41a993e36244dd4fddd13abfe6124fa7de7ed6a0795f865298226d0ca43ba443
Pomacanthus maculosus,239342623,https://inaturalist-open-data.s3.amazonaws.com/photos/239342623/medium.jpg,CC-BY 4.0,pavlaki1968,pavlaki1968,2016-10-20,https://www.inaturalist.org/observations/139882083,"© pavlaki1968, some rights reserved (CC-BY)",a45af333b169c89ee2e6a85abc2608943214713203ee0bac8757237c0ab11466
Pomacanthus maculosus,566222737,https://inaturalist-open-data.s3.amazonaws.com/photos/566222737/medium.jpg,CC-BY 4.0,Selim Türeli,selimtureli,2025-09-12,https://www.inaturalist.org/observations/313538302,"© Selim Türeli, some rights reserved (CC-BY)",106379ef70a20d305d954b704c9a9c4a15e80a2887a735a2e7c13e8315524646
Acanthurus sohal,362584369,https://inaturalist-open-data.s3.amazonaws.com/photos/362584369/medium.jpeg,CC-BY 4.0,Christian Berg,ch_berg,2024-03-26,https://www.inaturalist.org/observations/205098261,"© Christian Berg, some rights reserved (CC-BY)",ae7ee44fab880ecdc5acc78fc54ba37ccc37d3d0b6c4860b455cf771cbac6875
Acanthurus sohal,460234548,https://inaturalist-open-data.s3.amazonaws.com/photos/460234548/medium.jpeg,CC-BY 4.0,Jonathan Maitrot,ornithoscope,2024-12-29,https://www.inaturalist.org/observations/256613650,"© Jonathan Maitrot, some rights reserved (CC-BY)",39999bbc6c096f764d2477def5c5d17c6e2c76ac0e43669f3464eaa384b68da6
Acanthurus sohal,334986177,https://inaturalist-open-data.s3.amazonaws.com/photos/334986177/medium.jpeg,CC-BY 4.0,Gergely Nigg,naturebynigg,2023-11-07,https://www.inaturalist.org/observations/191013711,"© Gergely Nigg, some rights reserved (CC-BY)",59bd1271914f49abe1516339a62b71dd056cc79a7a11ef2ae7f8ed19149b5d6d
Acanthurus sohal,474546142,https://inaturalist-open-data.s3.amazonaws.com/photos/474546142/medium.jpeg,CC-BY 4.0,Charlotte Kirchner,charlottekirchner,2025-03-06,https://www.inaturalist.org/observations/264101561,"© Charlotte Kirchner, some rights reserved (CC-BY)",7088985113f4918c0f4346ff3afe854cd494d4c0da3c864a313dd2523cecf9cf
Acanthurus sohal,246255157,https://inaturalist-open-data.s3.amazonaws.com/photos/246255157/medium.jpeg,CC-BY 4.0,Michael Bakker Paiva,michaelbakkerpaiva,2022-11-23,https://www.inaturalist.org/observations/143582180,"© Michael Bakker Paiva, some rights reserved (CC-BY)",c73212141fd3619ba2728941e8d47a52a994b39fa34b265e05f364e3e63650e5
Acanthurus sohal,246006148,https://inaturalist-open-data.s3.amazonaws.com/photos/246006148/medium.jpeg,CC-BY 4.0,Michael Bakker Paiva,michaelbakkerpaiva,2022-11-20,https://www.inaturalist.org/observations/143447162,"© Michael Bakker Paiva, some rights reserved (CC-BY)",538957838833e94de317e1fb1d60328cfb8db47be76e80f51f034d543531b54e
Acanthurus sohal,112927189,https://inaturalist-open-data.s3.amazonaws.com/photos/112927189/medium.jpg,CC-BY 4.0,nbasargin,nbasargin,2019-06-20,https://www.inaturalist.org/observations/69579184,"© nbasargin, some rights reserved (CC-BY)",cb3d029c2ff5f90fa4ad651c2ea8c0074828fbbf1b86037380b4cbc33fdc550c
Acanthurus sohal,636945069,https://inaturalist-open-data.s3.amazonaws.com/photos/636945069/medium.jpg,CC-BY 4.0,Slunky,slunky,2026-03-17,https://www.inaturalist.org/observations/349184384,"© Slunky, some rights reserved (CC-BY)",f14e2e3b884b64bb3e97acc712bb65a23455e5296bae43bac833d535f81a1fe4
Acanthurus sohal,188823494,https://inaturalist-open-data.s3.amazonaws.com/photos/188823494/medium.jpeg,CC-BY 4.0,Christian Berg,ch_berg,2022-04-14,https://www.inaturalist.org/observations/111825900,"© Christian Berg, some rights reserved (CC-BY)",57a1fc304e3e630e5509e1313feeeaf1e18cddb0cad793cd56545572b8dce1f1
Acanthurus sohal,188823367,https://inaturalist-open-data.s3.amazonaws.com/photos/188823367/medium.jpeg,CC-BY 4.0,Christian Berg,ch_berg,2022-04-14,https://www.inaturalist.org/observations/111825900,"© Christian Berg, some rights reserved (CC-BY)",f185444c6ed9d388a9a4e14682fa04b810b2870bddf200ab4367b3f87da282ed
Acanthurus sohal,302835692,https://inaturalist-open-data.s3.amazonaws.com/photos/302835692/medium.jpeg,CC-BY 4.0,Nicola Crockford,nicolacrockford,2018-04-28,https://www.inaturalist.org/observations/174325548,"© Nicola Crockford, some rights reserved (CC-BY)",2237b04bd6ae9be30a9486b1926fb25f3cf22d7c4239cf92d8791794bf6bb036
Acanthurus sohal,593745772,https://inaturalist-open-data.s3.amazonaws.com/photos/593745772/medium.jpg,CC-BY 4.0,Jacek Pietruszewski,hyacinthus,2025-11-22,https://www.inaturalist.org/observations/327711902,"© Jacek Pietruszewski, some rights reserved (CC-BY)",842924da23d3b90b383d49a92c2aee5e0e1b544a6f0ccb9cc2c9a5e20d178670
Acanthurus sohal,603574573,https://inaturalist-open-data.s3.amazonaws.com/photos/603574573/medium.jpg,CC-BY 4.0,Jono,spint,2025-12-29,https://www.inaturalist.org/observations/332566330,"© Jono, some rights reserved (CC-BY)",47b80a1cfeae8e9fa8c369e52759a3d712419619d5738153f999aac59fb8ea1e
Acanthurus sohal,245998315,https://inaturalist-open-data.s3.amazonaws.com/photos/245998315/medium.jpeg,CC-BY 4.0,Michael Bakker Paiva,michaelbakkerpaiva,2022-11-20,https://www.inaturalist.org/observations/143445447,"© Michael Bakker Paiva, some rights reserved (CC-BY)",
Acanthurus sohal,379869909,https://inaturalist-open-data.s3.amazonaws.com/photos/379869909/medium.jpg,CC-BY 4.0,Andrii Khokhlov,andriikh,2021-06-27,https://www.inaturalist.org/observations/214888260,"© Andrii Khokhlov, some rights reserved (CC-BY)",5123e98a027a91e689a2d84d928ca5d7e735812e77341e2b192cd32f0debb772
Acanthurus sohal,379869962,https://inaturalist-open-data.s3.amazonaws.com/photos/379869962/medium.jpg,CC-BY 4.0,Andrii Khokhlov,andriikh,2021-06-27,https://www.inaturalist.org/observations/214888260,"© Andrii Khokhlov, some rights reserved (CC-BY)",577d8c636db0846a831c8b5f524eebadc74641b4cc9e087979e086559619e04b
Acanthurus sohal,379869974,https://inaturalist-open-data.s3.amazonaws.com/photos/379869974/medium.jpg,CC-BY 4.0,Andrii Khokhlov,andriikh,2021-06-27,https://www.inaturalist.org/observations/214888260,"© Andrii Khokhlov, some rights reserved (CC-BY)",d8425c18f9a54339a979b39fae0f5a3725fb0e932e6dad3c0248356aec668f99
Acanthurus sohal,709831899,https://inaturalist-open-data.s3.amazonaws.com/photos/709831899/medium.jpg,CC-BY 4.0,Martin Scheidleder,headlounge,2026-08-02,https://www.inaturalist.org/observations/387630044,"© Martin Scheidleder, some rights reserved (CC-BY)",bdf71a7b16668e616406c49625360c8575b5be7edc7d413d4e11076727fe0647
Rhinecanthus assasi,578492824,https://inaturalist-open-data.s3.amazonaws.com/photos/578492824/medium.jpg,CC-BY 4.0,R Vasconcellos,rvasconcellos,2025-10-10,https://www.inaturalist.org/observations/319990919,"© R Vasconcellos, some rights reserved (CC-BY)",8fd28c9a040845bb25198d59bbd036c1acc0f1dc97d70f5d0fe1a6b8046aa415
Rhinecanthus assasi,614571432,https://inaturalist-open-data.s3.amazonaws.com/photos/614571432/medium.jpg,CC-BY 4.0,Vsevolod Rudyi,ruseva,2009-01-04,https://www.inaturalist.org/observations/338000643,"© Vsevolod Rudyi, some rights reserved (CC-BY)",fd75a0af3ab8c5110ad9a2a721deb49433edef3788bcf07e2570d4a90d583598
Rhinecanthus assasi,331702220,https://inaturalist-open-data.s3.amazonaws.com/photos/331702220/medium.jpeg,CC-BY 4.0,Edmundas Greimas,grey_moss,2023-10-28,https://www.inaturalist.org/observations/189362249,"© Edmundas Greimas, some rights reserved (CC-BY)",571666f35d010bb82e2e3e0baf2bc998b1568161d58e4421d83d215929ebbb24
Rhinecanthus assasi,331702416,https://inaturalist-open-data.s3.amazonaws.com/photos/331702416/medium.jpeg,CC-BY 4.0,Edmundas Greimas,grey_moss,2023-10-28,https://www.inaturalist.org/observations/189362249,"© Edmundas Greimas, some rights reserved (CC-BY)",cb8e4937a876479752deb5f9634d464988c9bc2f3ca1d885decedc2887ff166f
Rhinecanthus assasi,611467495,https://inaturalist-open-data.s3.amazonaws.com/photos/611467495/medium.jpg,CC-BY 4.0,Rui Ribeiro,ruir1963,2025-12-30,https://www.inaturalist.org/observations/336482712,"© Rui Ribeiro, some rights reserved (CC-BY)",cc52d5ab4b2e9c2363144388baa6a022c940d8d5d43bd84b3510a512811883cd
Rhinecanthus assasi,186585590,https://inaturalist-open-data.s3.amazonaws.com/photos/186585590/medium.jpeg,CC-BY 4.0,Henrik Kibak,hkibak,2022-04-03,https://www.inaturalist.org/observations/110593328,"© Henrik Kibak, some rights reserved (CC-BY)",1f13d15307b32e1cc60398725ef7367e098fbe2c6a79bb81362f1ef497e6d964
Rhinecanthus assasi,324380247,https://inaturalist-open-data.s3.amazonaws.com/photos/324380247/medium.jpeg,CC-BY 4.0,Jan Ebr &amp; Ivana Ebrová,opisska,2023-09-23,https://www.inaturalist.org/observations/185708100,"© Jan Ebr &amp; Ivana Ebrová, some rights reserved (CC-BY)",1c84368dc1e411242c999249b2d28a7ec1743742217c958c431b378cfa132764
Rhinecanthus assasi,334982547,https://inaturalist-open-data.s3.amazonaws.com/photos/334982547/medium.jpeg,CC-BY 4.0,Gergely Nigg,naturebynigg,2023-11-07,https://www.inaturalist.org/observations/191011248,"© Gergely Nigg, some rights reserved (CC-BY)",be08fd4fa7e97f0155266c921c4eb18d86946bbb83914c7aaf8e4f713d113bca
Rhinecanthus assasi,440376894,https://inaturalist-open-data.s3.amazonaws.com/photos/440376894/medium.jpeg,CC-BY 4.0,Ben Costamagna,bencostamagna,2024-10-10,https://www.inaturalist.org/observations/246654807,"© Ben Costamagna, some rights reserved (CC-BY)",
Rhinecanthus assasi,707819268,https://inaturalist-open-data.s3.amazonaws.com/photos/707819268/medium.jpg,CC-BY 4.0,Martin Scheidleder,headlounge,2026-07-30,https://www.inaturalist.org/observations/386577303,"© Martin Scheidleder, some rights reserved (CC-BY)",1fecb9080bce852b5af41a8fd254345faff0ccd387ae8fca9a7f593e953b866a
Rhinecanthus assasi,362581395,https://inaturalist-open-data.s3.amazonaws.com/photos/362581395/medium.jpeg,CC-BY 4.0,Christian Berg,ch_berg,2024-03-26,https://www.inaturalist.org/observations/205098236,"© Christian Berg, some rights reserved (CC-BY)",16f99bcb11a2de822260e14cbbf1d9d7ceaaecb587d56d7da91d7f522b58827b
Rhinecanthus assasi,595057660,https://inaturalist-open-data.s3.amazonaws.com/photos/595057660/medium.jpg,CC-BY 4.0,Jacek Pietruszewski,hyacinthus,2025-11-26,https://www.inaturalist.org/observations/328392409,"© Jacek Pietruszewski, some rights reserved (CC-BY)",805a78736ff6448b7d196c9075ad111a590683b89f7154eadf38cbeb73f02cf5
Rhinecanthus assasi,335344437,https://inaturalist-open-data.s3.amazonaws.com/photos/335344437/medium.jpeg,CC-BY 4.0,Gergely Nigg,naturebynigg,2023-11-11,https://www.inaturalist.org/observations/191191607,"© Gergely Nigg, some rights reserved (CC-BY)",d13ba0066773e91dd9d1a6a2ba2ee731671a272a6dc792edb04f5a70948af460
Rhinecanthus assasi,596955667,https://inaturalist-open-data.s3.amazonaws.com/photos/596955667/medium.jpg,CC-BY 4.0,Jacek Pietruszewski,hyacinthus,2025-12-02,https://www.inaturalist.org/observations/329334669,"© Jacek Pietruszewski, some rights reserved (CC-BY)",212b7d42934c1cc01237ad0c89851251025cafc0aea64035ab8621917e6444ea
Rhinecanthus assasi,596955698,https://inaturalist-open-data.s3.amazonaws.com/photos/596955698/medium.jpg,CC-BY 4.0,Jacek Pietruszewski,hyacinthus,2025-12-02,https://www.inaturalist.org/observations/329334669,"© Jacek Pietruszewski, some rights reserved (CC-BY)",4ec61067163b9b624d6b1013be442c29f09dd0ed041383965e63b1bd3970bbfa
Rhinecanthus assasi,246115046,https://inaturalist-open-data.s3.amazonaws.com/photos/246115046/medium.jpeg,CC-BY 4.0,Michael Bakker Paiva,michaelbakkerpaiva,2022-11-22,https://www.inaturalist.org/observations/143503419,"© Michael Bakker Paiva, some rights reserved (CC-BY)",dac71ef237aeeaa2536f769336a568806debc8e5b81b1e892ec58d34041937d4
Rhinecanthus assasi,246073318,https://inaturalist-open-data.s3.amazonaws.com/photos/246073318/medium.jpeg,CC-BY 4.0,Michael Bakker Paiva,michaelbakkerpaiva,2022-11-20,https://www.inaturalist.org/observations/143481442,"© Michael Bakker Paiva, some rights reserved (CC-BY)",9de346682edd380d14b9ed75aef91a449fd7ae9b239ac402cb63c50cfeb37d97
Rhinecanthus assasi,186714103,https://inaturalist-open-data.s3.amazonaws.com/photos/186714103/medium.jpeg,CC-BY 4.0,Henrik Kibak,hkibak,2022-04-03,https://www.inaturalist.org/observations/110661554,"© Henrik Kibak, some rights reserved (CC-BY)",7c1d45b246eb6f33b7fb3ca181679fd3912ae42a230a59e04beddeb8cc9c1d47
Rhinecanthus assasi,186713954,https://inaturalist-open-data.s3.amazonaws.com/photos/186713954/medium.jpeg,CC-BY 4.0,Henrik Kibak,hkibak,2022-04-03,https://www.inaturalist.org/observations/110661554,"© Henrik Kibak, some rights reserved (CC-BY)",c30ab30ff6e9e04fad038c25fca231fd766d47762499c39a844257f4b07667b0
Rhinecanthus assasi,332529028,https://inaturalist-open-data.s3.amazonaws.com/photos/332529028/medium.jpeg,CC-BY 4.0,Edmundas Greimas,grey_moss,2023-10-30,https://www.inaturalist.org/observations/189770296,"© Edmundas Greimas, some rights reserved (CC-BY)",62956efed697585664e408471afe02cb7ca837f40c2f683f9f1adf67be7436d7
Rhinecanthus assasi,332529227,https://inaturalist-open-data.s3.amazonaws.com/photos/332529227/medium.jpeg,CC-BY 4.0,Edmundas Greimas,grey_moss,2023-10-30,https://www.inaturalist.org/observations/189770296,"© Edmundas Greimas, some rights reserved (CC-BY)",4c9c23e8b41ddc69fe735d5e850b51c4f4e94dd6c2594fde248e77b35cd409fb
Rhinecanthus assasi,488178176,https://inaturalist-open-data.s3.amazonaws.com/photos/488178176/medium.jpeg,CC-BY 4.0,Jono,spint,2025-04-18,https://www.inaturalist.org/observations/271394383,"© Jono, some rights reserved (CC-BY)",4b3ae808d869a3c1e2c220e05dd25eed5671050fcc999b30ab8c2ab38908f858
Rhinecanthus assasi,488178172,https://inaturalist-open-data.s3.amazonaws.com/photos/488178172/medium.jpeg,CC-BY 4.0,Jono,spint,2025-04-18,https://www.inaturalist.org/observations/271394383,"© Jono, some rights reserved (CC-BY)",196bd1e4739c320bd3ae40eceedfe61195e276dede3f6e9b8da9c30063127617
Pterois miles,508430350,https://inaturalist-open-data.s3.amazonaws.com/photos/508430350/medium.jpg,CC-BY 4.0,Selim Türeli,selimtureli,2025-05-18,https://www.inaturalist.org/observations/282973666,"© Selim Türeli, some rights reserved (CC-BY)",5c4ee5d0a89a19ef4804e8df78a8b4e0e0337e05cf71eb0c096b75af7900cf33
Pterois miles,646504656,https://inaturalist-open-data.s3.amazonaws.com/photos/646504656/medium.jpg,CC-BY 4.0,rcoliveira84,rcoliveira84,2026-04-26,https://www.inaturalist.org/observations/354390877,"© rcoliveira84, some rights reserved (CC-BY)",2c2afba2f80180cedded7ade2da1fcfea0da7ad864b7d95ab407a5311a23098a
Pterois miles,580647004,https://inaturalist-open-data.s3.amazonaws.com/photos/580647004/medium.jpg,CC-BY 4.0,R Vasconcellos,rvasconcellos,2025-10-15,https://www.inaturalist.org/observations/321092598,"© R Vasconcellos, some rights reserved (CC-BY)",1d627083cd1df89ae157cc63f538ea0f7e4b86fac5cee69d7a3aa277a3fe2059
Pterois miles,427879274,https://inaturalist-open-data.s3.amazonaws.com/photos/427879274/medium.jpeg,CC-BY 4.0,Sarah Faulwetter,sarahfaulwetter,2024-09-06,https://www.inaturalist.org/observations/240189339,"© Sarah Faulwetter, some rights reserved (CC-BY)",b0e7fe4cbf0acea08fb10931adeba03928d8f78aa463d0e3f913a40d5866068a
Pterois miles,158650904,https://inaturalist-open-data.s3.amazonaws.com/photos/158650904/medium.jpeg,CC-BY 4.0,Michal Honskus,jolinarm,2021-09-20,https://www.inaturalist.org/observations/95555355,"© Michal Honskus, some rights reserved (CC-BY)",de027b1e5612def780ab17bf5f1acd6141cc5d1cea3e6a206a93ad17887a5017
Pterois miles,158651036,https://inaturalist-open-data.s3.amazonaws.com/photos/158651036/medium.jpeg,CC-BY 4.0,Michal Honskus,jolinarm,2021-09-20,https://www.inaturalist.org/observations/95555355,"© Michal Honskus, some rights reserved (CC-BY)",d383cacc6bf38ef9f09f67c8a6c84eacdb938e60649dc6d88a0c138977614add
Pterois miles,158651182,https://inaturalist-open-data.s3.amazonaws.com/photos/158651182/medium.jpeg,CC-BY 4.0,Michal Honskus,jolinarm,2021-09-20,https://www.inaturalist.org/observations/95555355,"© Michal Honskus, some rights reserved (CC-BY)",e4f4b32d94034dae13dcb6313cc09dd2b6a10468b11edf7a09b0cf19a4eb96ca
Pterois miles,334363520,https://inaturalist-open-data.s3.amazonaws.com/photos/334363520/medium.jpg,CC-BY 4.0,Daniel Benák,benake,2023-11-04,https://www.inaturalist.org/observations/190715826,"© Daniel Benák, some rights reserved (CC-BY)",7dda6705b5f4e68caf6e470767d7daf60bd9afbf31ff95306e1bdcfc042b3664
Pterois miles,119539181,https://inaturalist-open-data.s3.amazonaws.com/photos/119539181/medium.jpg,CC-BY 4.0,Grete Pasch,gpasch,2012-10-11,https://www.inaturalist.org/observations/73235524,"© Grete Pasch, some rights reserved (CC-BY)",f9e8458d3969b83e37074a47d3ee581bc15213604ee16fdbc350bed7fc63ab98
Pterois miles,324813742,https://inaturalist-open-data.s3.amazonaws.com/photos/324813742/medium.jpeg,CC-BY 4.0,Jan Ebr &amp; Ivana Ebrová,opisska,2023-09-25,https://www.inaturalist.org/observations/185931585,"© Jan Ebr &amp; Ivana Ebrová, some rights reserved (CC-BY)",1e66bd6995646c1657346165a624ec2546c9b1a205278a8869959470889b95d5
Pterois miles,460922053,https://inaturalist-open-data.s3.amazonaws.com/photos/460922053/medium.jpeg,CC-BY 4.0,Jens,mantishead,2025-01-01,https://www.inaturalist.org/observations/256996394,"© Jens, some rights reserved (CC-BY)",bd3b6898a87b5d1f7dc60c1b39fc3e526d246831fc69647d16eedb47a6b117ee
Pterois miles,460922084,https://inaturalist-open-data.s3.amazonaws.com/photos/460922084/medium.jpeg,CC-BY 4.0,Jens,mantishead,2025-01-01,https://www.inaturalist.org/observations/256996394,"© Jens, some rights reserved (CC-BY)",d39f0b0186100c739bfbfdc9798a7aceac6afa47254b17112113cd1a1f033ff9
Pterois miles,460922054,https://inaturalist-open-data.s3.amazonaws.com/photos/460922054/medium.jpeg,CC-BY 4.0,Jens,mantishead,2025-01-01,https://www.inaturalist.org/observations/256996394,"© Jens, some rights reserved (CC-BY)",3574fefbe0733669acbdd353cb406a2a49f047e191ef2297b6ee515edf367962
Pterois miles,580318353,https://inaturalist-open-data.s3.amazonaws.com/photos/580318353/medium.jpg,CC-BY 4.0,Julien Renoult,jujurenoult,2025-09-29,https://www.inaturalist.org/observations/320924527,"© Julien Renoult, some rights reserved (CC-BY)",28204d41f228d6abb31e698c20acbf81c65e9c5785391ba53937c56ca6315e7b
Pterois miles,353433945,https://inaturalist-open-data.s3.amazonaws.com/photos/353433945/medium.jpg,CC-BY 4.0,nbasargin,nbasargin,2022-12-12,https://www.inaturalist.org/observations/200337888,"© nbasargin, some rights reserved (CC-BY)",ee7db25c66e07d362f5c00d51a7140a4b2544109d82b50131901611560216705
Pterois miles,353433943,https://inaturalist-open-data.s3.amazonaws.com/photos/353433943/medium.jpg,CC-BY 4.0,nbasargin,nbasargin,2022-12-12,https://www.inaturalist.org/observations/200337888,"© nbasargin, some rights reserved (CC-BY)",af07f5438234cae05a855d3b9cf0629c325bed88ce699f70ffe5aa154802f7d3
Pterois miles,353433944,https://inaturalist-open-data.s3.amazonaws.com/photos/353433944/medium.jpg,CC-BY 4.0,nbasargin,nbasargin,2022-12-12,https://www.inaturalist.org/observations/200337888,"© nbasargin, some rights reserved (CC-BY)",7f134fbb06caec34040d4e2033485b5ca22d13be0b74d8c89779c63ab9b24c75
Pterois miles,353433954,https://inaturalist-open-data.s3.amazonaws.com/photos/353433954/medium.jpg,CC-BY 4.0,nbasargin,nbasargin,2022-12-12,https://www.inaturalist.org/observations/200337888,"© nbasargin, some rights reserved (CC-BY)",6a96976a931b6c032b7a63aa6bb9a3eb3363a65f145b00e483dc0def62ab9044
Pterois miles,353433955,https://inaturalist-open-data.s3.amazonaws.com/photos/353433955/medium.jpg,CC-BY 4.0,nbasargin,nbasargin,2022-12-12,https://www.inaturalist.org/observations/200337888,"© nbasargin, some rights reserved (CC-BY)",fed3a452302c2a4c4a7103ca3f4814ec5f7a7759cdf62b0fd09cca8a90d2d01f
Parupeneus forsskali,5645162,https://inaturalist-open-data.s3.amazonaws.com/photos/5645162/medium.jpeg,CC-BY 4.0,Nils,hungryholobiont,2016-11-26,https://www.inaturalist.org/observations/4662311,"© Nils, some rights reserved (CC-BY)",6c37bc00ab303929d07d1d5eff83df2c8f3664427cf8b965b52e3d2285e1a979
Parupeneus forsskali,634153985,https://inaturalist-open-data.s3.amazonaws.com/photos/634153985/medium.jpg,CC-BY 4.0,Chris Chucholl,astacoides,2016-01-01,https://www.inaturalist.org/observations/347770541,"© Chris Chucholl, some rights reserved (CC-BY)",861ee434ad9a0cf5c94798dfe92d410587d13bd00e94ce351f3c8535315dc391
Parupeneus forsskali,703956417,https://inaturalist-open-data.s3.amazonaws.com/photos/703956417/medium.jpg,CC-BY 4.0,relew,relew,2026-07-22,https://www.inaturalist.org/observations/384557323,"© relew, some rights reserved (CC-BY)",d112a3d663215acca37906f1bb9842bed8b22f180729635947f419f2b791b75c
Parupeneus forsskali,703956532,https://inaturalist-open-data.s3.amazonaws.com/photos/703956532/medium.jpg,CC-BY 4.0,relew,relew,2026-07-22,https://www.inaturalist.org/observations/384557323,"© relew, some rights reserved (CC-BY)",24413c092d049e5e2e386188506df468749bc71608a60cd937258afffdfd5970
Parupeneus forsskali,703956587,https://inaturalist-open-data.s3.amazonaws.com/photos/703956587/medium.jpg,CC-BY 4.0,relew,relew,2026-07-22,https://www.inaturalist.org/observations/384557323,"© relew, some rights reserved (CC-BY)",857667baa31853f6116f60c75c0f8f25972f9b8536e2c492dc3d4d937db0ae5a
Parupeneus forsskali,524531695,https://inaturalist-open-data.s3.amazonaws.com/photos/524531695/medium.jpg,CC-BY 4.0,Selim Türeli,selimtureli,2025-06-21,https://www.inaturalist.org/observations/291530208,"© Selim Türeli, some rights reserved (CC-BY)",fdff3e94ee78bfcbe68ffd0ef9d789a25b0583493332c66a03715563b4f40335
Parupeneus forsskali,532272366,https://inaturalist-open-data.s3.amazonaws.com/photos/532272366/medium.jpg,CC-BY 4.0,Selim Türeli,selimtureli,2025-07-06,https://www.inaturalist.org/observations/295655050,"© Selim Türeli, some rights reserved (CC-BY)",8a51c1e58f3e2915ac2802e1b94cfc80b5c03f527458866f6d74ffe96428feaf
Parupeneus forsskali,532272337,https://inaturalist-open-data.s3.amazonaws.com/photos/532272337/medium.jpg,CC-BY 4.0,Selim Türeli,selimtureli,2025-07-06,https://www.inaturalist.org/observations/295655050,"© Selim Türeli, some rights reserved (CC-BY)",56e7d7f4b4199a01cd8c6273416e15fd800068db58015c0ce226865720a33c8e
Parupeneus forsskali,532272305,https://inaturalist-open-data.s3.amazonaws.com/photos/532272305/medium.jpg,CC-BY 4.0,Selim Türeli,selimtureli,2025-07-06,https://www.inaturalist.org/observations/295655050,"© Selim Türeli, some rights reserved (CC-BY)",3beb3dd515d606aad5ec254c294c2cbdd0fd1282610b73bf358a6de31c3502a8
Parupeneus forsskali,532272406,https://inaturalist-open-data.s3.amazonaws.com/photos/532272406/medium.jpg,CC-BY 4.0,Selim Türeli,selimtureli,2025-07-06,https://www.inaturalist.org/observations/295655050,"© Selim Türeli, some rights reserved (CC-BY)",bda2628a764e3574d84628845d43e7098e891338a5ee1551eadfc7f53f0e3063
Parupeneus forsskali,245342124,https://inaturalist-open-data.s3.amazonaws.com/photos/245342124/medium.jpg,CC-BY 4.0,Juraj Ahel,xeniorn,2022-11-26,https://www.inaturalist.org/observations/143089484,"© Juraj Ahel, some rights reserved (CC-BY)",ccc3cd5121382abce12294fe2c3ddbdc1e6ad863df49edff9fc8abab9ac1b497
Parupeneus forsskali,245342198,https://inaturalist-open-data.s3.amazonaws.com/photos/245342198/medium.jpg,CC-BY 4.0,Juraj Ahel,xeniorn,2022-11-26,https://www.inaturalist.org/observations/143089484,"© Juraj Ahel, some rights reserved (CC-BY)",5f205783456c1e35cfa3ab6b5d75c1f2376e8ee5fe56b80629399bf95c4a9ac8
Parupeneus forsskali,305048234,https://inaturalist-open-data.s3.amazonaws.com/photos/305048234/medium.jpeg,CC-BY 4.0,sinaves,sinaves,2023-07-29,https://www.inaturalist.org/observations/175522151,"© sinaves, some rights reserved (CC-BY)",48a788aba1454d5e9a17a68dc12bfae4825e4178b455498543d72595736b5b37
Parupeneus forsskali,305435948,https://inaturalist-open-data.s3.amazonaws.com/photos/305435948/medium.jpeg,CC-BY 4.0,Chris Taklis,ctaklis,2023-07-27,https://www.inaturalist.org/observations/175734592,"© Chris Taklis, some rights reserved (CC-BY)",f0771d6a3b9e4c64f75b963103d51a40e092cb629a0b043d43335d3e328338e4
Parupeneus forsskali,305435876,https://inaturalist-open-data.s3.amazonaws.com/photos/305435876/medium.jpeg,CC-BY 4.0,Chris Taklis,ctaklis,2023-07-27,https://www.inaturalist.org/observations/175734592,"© Chris Taklis, some rights reserved (CC-BY)",e3e746e4eb9b6dfe0a02451dea10ce336761214e33a324ba69682b8dcf4a778e
Parupeneus forsskali,305436012,https://inaturalist-open-data.s3.amazonaws.com/photos/305436012/medium.jpeg,CC-BY 4.0,Chris Taklis,ctaklis,2023-07-27,https://www.inaturalist.org/observations/175734592,"© Chris Taklis, some rights reserved (CC-BY)",81730a3dbfa9273376148a3f08f691400381a7c94e6cff9c1c24a1e571497d2c
Parupeneus forsskali,305436083,https://inaturalist-open-data.s3.amazonaws.com/photos/305436083/medium.jpeg,CC-BY 4.0,Chris Taklis,ctaklis,2023-07-27,https://www.inaturalist.org/observations/175734592,"© Chris Taklis, some rights reserved (CC-BY)",f56eb18e4421188c7adb0b65e0d72e0eaac540a2a15bbe2247d257ea2f29083b
Parupeneus forsskali,449687963,https://inaturalist-open-data.s3.amazonaws.com/photos/449687963/medium.jpg,CC-BY 4.0,Ben Costamagna,bencostamagna,2024-10-23,https://www.inaturalist.org/observations/251333335,"© Ben Costamagna, some rights reserved (CC-BY)",db022e2f345870c593243b216e03c053f9c61a712bc17d1f16e8c65fd6d08c4a
Parupeneus forsskali,592923706,https://inaturalist-open-data.s3.amazonaws.com/photos/592923706/medium.jpg,CC-BY 4.0,nbasargin,nbasargin,2025-08-26,https://www.inaturalist.org/observations/327296876,"© nbasargin, some rights reserved (CC-BY)",a95aa02a8ad0c659369e9f13acaee6576d030b698b32de95a04186e77b6071a1
Parupeneus forsskali,592923704,https://inaturalist-open-data.s3.amazonaws.com/photos/592923704/medium.jpg,CC-BY 4.0,nbasargin,nbasargin,2025-08-26,https://www.inaturalist.org/observations/327296876,"© nbasargin, some rights reserved (CC-BY)",5f8a42c3a3859f34284e89f26100c36f165d7b2e92f802123a74f803e7380d98
Parupeneus forsskali,592923724,https://inaturalist-open-data.s3.amazonaws.com/photos/592923724/medium.jpg,CC-BY 4.0,nbasargin,nbasargin,2025-08-26,https://www.inaturalist.org/observations/327296876,"© nbasargin, some rights reserved (CC-BY)",0a79e8028a947ba7ecf429353e16f48e559da352d3a7434d3cc2bfb78ada34d2
Parupeneus forsskali,592923731,https://inaturalist-open-data.s3.amazonaws.com/photos/592923731/medium.jpg,CC-BY 4.0,nbasargin,nbasargin,2025-08-26,https://www.inaturalist.org/observations/327296876,"© nbasargin, some rights reserved (CC-BY)",4d2cbe4f4580983f7e1f8d763982b876b3f260c26f309896404a7d54f3f493c7
Parupeneus forsskali,592923710,https://inaturalist-open-data.s3.amazonaws.com/photos/592923710/medium.jpg,CC-BY 4.0,nbasargin,nbasargin,2025-08-26,https://www.inaturalist.org/observations/327296876,"© nbasargin, some rights reserved (CC-BY)",63a04c71e13cac5ba6ff22e16c7e144933be7a1df62764223871f0596e09daff
Parupeneus forsskali,615787195,https://inaturalist-open-data.s3.amazonaws.com/photos/615787195/medium.jpg,CC-BY 4.0,Jan Ebr &amp; Ivana Ebrová,opisska,2026-01-28,https://www.inaturalist.org/observations/338592236,"© Jan Ebr &amp; Ivana Ebrová, some rights reserved (CC-BY)",9eeb8b03baf5d2a7a129759cbd108560bbf5f5beb7228cbf3dcf998390907d9c
Parupeneus forsskali,567934935,https://inaturalist-open-data.s3.amazonaws.com/photos/567934935/medium.jpg,CC-BY 4.0,Clive Freedman,cf125,2025-09-15,https://www.inaturalist.org/observations/314447694,"© Clive Freedman, some rights reserved (CC-BY)",1b65d4e17e60c44cf106beee93f8370d545f66058cab8b55c1e10cbb168ccac1
Parupeneus forsskali,567934987,https://inaturalist-open-data.s3.amazonaws.com/photos/567934987/medium.jpg,CC-BY 4.0,Clive Freedman,cf125,2025-09-15,https://www.inaturalist.org/observations/314447694,"© Clive Freedman, some rights reserved (CC-BY)",c03852e284ac9869a21d0fa6a28da6b2f809d2f5ba8127b00f30f892d684aa52
Parupeneus forsskali,567935031,https://inaturalist-open-data.s3.amazonaws.com/photos/567935031/medium.jpg,CC-BY 4.0,Clive Freedman,cf125,2025-09-15,https://www.inaturalist.org/observations/314447694,"© Clive Freedman, some rights reserved (CC-BY)",acfec51aedd9f73e417699fd396f17e902485c573de465e547d83274d2b667d4
Parupeneus forsskali,567935079,https://inaturalist-open-data.s3.amazonaws.com/photos/567935079/medium.jpg,CC-BY 4.0,Clive Freedman,cf125,2025-09-15,https://www.inaturalist.org/observations/314447694,"© Clive Freedman, some rights reserved (CC-BY)",e52d144a73ed33badeccfc1fe7f474ea032e7abd86a1a4ca5d3cb06d9edc241c
Holacanthus passer,499593611,https://inaturalist-open-data.s3.amazonaws.com/photos/499593611/medium.jpeg,CC-BY 4.0,Alberto Alcalá,alboertoalcala,2025-05-03,https://www.inaturalist.org/observations/278237101,"© Alberto Alcalá, some rights reserved (CC-BY)",ccd9ba246c63b23306b2a65d038626b718f0db15d40da586453cf5d6ce0bfa2e
Holacanthus passer,260785491,https://inaturalist-open-data.s3.amazonaws.com/photos/260785491/medium.jpeg,CC-BY 4.0,Dan Riley,driley,2023-03-10,https://www.inaturalist.org/observations/151169863,"© Dan Riley, some rights reserved (CC-BY)",243ded5e14f5ca0b8689041230b537facf074473bd4d9eed364c860515583310
Holacanthus passer,102098462,https://inaturalist-open-data.s3.amazonaws.com/photos/102098462/medium.jpeg,CC-BY 4.0,desertnaturalist,desertnaturalist,2002-01-02,https://www.inaturalist.org/observations/63600001,"© desertnaturalist, some rights reserved (CC-BY)",da7c3aadd719c3220d0806a940fa33bd6149c156eb698598e2ac26d9041c5ee8
Holacanthus passer,61358608,https://inaturalist-open-data.s3.amazonaws.com/photos/61358608/medium.jpg,CC-BY 4.0,keesgroenendijk,keesgroenendijk,2019-11-26,https://www.inaturalist.org/observations/38594116,"© keesgroenendijk, some rights reserved (CC-BY)",802d75995c863dae06338c39bfca9c72845824a8cc0e9a3c3b097a1090771b03
Holacanthus passer,358222621,https://inaturalist-open-data.s3.amazonaws.com/photos/358222621/medium.jpg,CC-BY 4.0,Carlos Domínguez-Rodríguez,blakesito,2024-03-14,https://www.inaturalist.org/observations/202802505,"© Carlos Domínguez-Rodríguez, some rights reserved (CC-BY)",99ffd05ed691533072e643716dd6c279bba575db524610c961d457372bc9f65d
Holacanthus passer,358222695,https://inaturalist-open-data.s3.amazonaws.com/photos/358222695/medium.jpeg,CC-BY 4.0,Carlos Domínguez-Rodríguez,blakesito,2024-03-14,https://www.inaturalist.org/observations/202802505,"© Carlos Domínguez-Rodríguez, some rights reserved (CC-BY)",b2cc1d3940867201ef3c374fdbe3c45e8403503e1aa502eef28f15c5c505070d
Holacanthus passer,358222689,https://inaturalist-open-data.s3.amazonaws.com/photos/358222689/medium.jpeg,CC-BY 4.0,Carlos Domínguez-Rodríguez,blakesito,2024-03-14,https://www.inaturalist.org/observations/202802505,"© Carlos Domínguez-Rodríguez, some rights reserved (CC-BY)",6951cbf2ace2a864ffdf9f12375255cb803eb732ba921b34ad4ccfd13755f9ce
Holacanthus passer,358222690,https://inaturalist-open-data.s3.amazonaws.com/photos/358222690/medium.jpeg,CC-BY 4.0,Carlos Domínguez-Rodríguez,blakesito,2024-03-14,https://www.inaturalist.org/observations/202802505,"© Carlos Domínguez-Rodríguez, some rights reserved (CC-BY)",ece4b5d9b33c4c3efe942f931d6651cd2898504408fbc7c0a3298a93ffb2d043
Holacanthus passer,287665966,https://inaturalist-open-data.s3.amazonaws.com/photos/287665966/medium.jpeg,CC-BY 4.0,Millie Basden,milliebasden,2023-06-01,https://www.inaturalist.org/observations/166136573,"© Millie Basden, some rights reserved (CC-BY)",e7be2639e374114689215b63895e55f182b39878b0af258b1b64f9862c5f21b2
Holacanthus passer,260729596,https://inaturalist-open-data.s3.amazonaws.com/photos/260729596/medium.jpeg,CC-BY 4.0,Dan Riley,driley,2023-03-10,https://www.inaturalist.org/observations/151137356,"© Dan Riley, some rights reserved (CC-BY)",7f80f2f1647e11c30c6078cd0dfd0f99c69f6926266f2ecd262c28e339a4365f
Holacanthus passer,263483579,https://inaturalist-open-data.s3.amazonaws.com/photos/263483579/medium.jpeg,CC-BY 4.0,Carlos Domínguez-Rodríguez,blakesito,2023-03-26,https://www.inaturalist.org/observations/152618496,"© Carlos Domínguez-Rodríguez, some rights reserved (CC-BY)",63a01fbb00f3f3fa411d58604f464efbd7c4691a827836c7988300ef2e2135b4
Holacanthus passer,401224512,https://inaturalist-open-data.s3.amazonaws.com/photos/401224512/medium.jpeg,CC-BY 4.0,River Ahlquist,riverahlquist,2024-01-04,https://www.inaturalist.org/observations/226250808,"© River Ahlquist, some rights reserved (CC-BY)",c19b36f07442d783724bf757e5e7606b8e7ca5359605f27d101c2ab17f93b440
Holacanthus passer,401224486,https://inaturalist-open-data.s3.amazonaws.com/photos/401224486/medium.jpeg,CC-BY 4.0,River Ahlquist,riverahlquist,2024-01-04,https://www.inaturalist.org/observations/226250808,"© River Ahlquist, some rights reserved (CC-BY)",04ea09606169f8136032a822e3ac958c6c9e251a2d0993beb756e9fbce8a3cd7
Holacanthus passer,401224489,https://inaturalist-open-data.s3.amazonaws.com/photos/401224489/medium.jpeg,CC-BY 4.0,River Ahlquist,riverahlquist,2024-01-04,https://www.inaturalist.org/observations/226250808,"© River Ahlquist, some rights reserved (CC-BY)",7f7b63fe170749827972a4ec6ed8874682d2576e774d812dc6605cebf1c86dc4
Holacanthus passer,117968623,https://inaturalist-open-data.s3.amazonaws.com/photos/117968623/medium.jpeg,CC-BY 4.0,Carlos Domínguez-Rodríguez,blakesito,2021-03-28,https://www.inaturalist.org/observations/72362703,"© Carlos Domínguez-Rodríguez, some rights reserved (CC-BY)",d005507c73bf0a92c5a6455b80cc40021d742e86f53d4a201d0a9c256b988f8a
Holacanthus passer,117968653,https://inaturalist-open-data.s3.amazonaws.com/photos/117968653/medium.jpeg,CC-BY 4.0,Carlos Domínguez-Rodríguez,blakesito,2021-03-28,https://www.inaturalist.org/observations/72362703,"© Carlos Domínguez-Rodríguez, some rights reserved (CC-BY)",25364b3ff720b65903e1ef4810068ac909882d106c3f396d42f8caf222f9bc69
Holacanthus passer,117968644,https://inaturalist-open-data.s3.amazonaws.com/photos/117968644/medium.jpeg,CC-BY 4.0,Carlos Domínguez-Rodríguez,blakesito,2021-03-28,https://www.inaturalist.org/observations/72362703,"© Carlos Domínguez-Rodríguez, some rights reserved (CC-BY)",42efbee22a36cb4827ea49d5df18acfce388406e464cede4452f6e4b1da3b83c
Holacanthus passer,134518199,https://inaturalist-open-data.s3.amazonaws.com/photos/134518199/medium.jpeg,CC-BY 4.0,Alberto Alcalá,alboertoalcala,2021-06-06,https://www.inaturalist.org/observations/81985025,"© Alberto Alcalá, some rights reserved (CC-BY)",31823389bee687b2d42b808a617296f30583d7e41ebb897aa167716e17df5775
Holacanthus passer,88621186,https://inaturalist-open-data.s3.amazonaws.com/photos/88621186/medium.jpeg,CC-BY 4.0,Alberto Alcalá,alboertoalcala,2020-08-06,https://www.inaturalist.org/observations/55645673,"© Alberto Alcalá, some rights reserved (CC-BY)",e1c950c3932536f65d5168814f160b2148a00d1b5f3ed5d6cd065c9f1c80d53a
Holacanthus passer,229766966,https://inaturalist-open-data.s3.amazonaws.com/photos/229766966/medium.jpeg,CC-BY 4.0,Bill Levine,blevine,2022-09-11,https://www.inaturalist.org/observations/134767555,"© Bill Levine, some rights reserved (CC-BY)",1c740149c2eca6ce70f5a204ad55eee01b86f27bd0d4156d9505060476b3ec6c
Holacanthus passer,346384819,https://inaturalist-open-data.s3.amazonaws.com/photos/346384819/medium.jpeg,CC-BY 4.0,keesgroenendijk,keesgroenendijk,2024-01-10,https://www.inaturalist.org/observations/196766811,"© keesgroenendijk, some rights reserved (CC-BY)",eb7b38a4f5cca0236f79b69216dc47a9938a9ba731dfe7668f7cf2cefa2fa2df
Holacanthus passer,471618849,https://inaturalist-open-data.s3.amazonaws.com/photos/471618849/medium.jpeg,CC-BY 4.0,CaracalShan,caracalshan,2024-02-23,https://www.inaturalist.org/observations/262592596,"© CaracalShan, some rights reserved (CC-BY)",be0ada4d8afbfd4bf3563e50a8c9e406a7bc76d2c54712ad393e4ebf21d8e612
Holacanthus passer,458750807,https://inaturalist-open-data.s3.amazonaws.com/photos/458750807/medium.jpeg,CC-BY 4.0,Matt Berger,sheriff_woody_pct,2024-12-16,https://www.inaturalist.org/observations/255934254,"© Matt Berger, some rights reserved (CC-BY)",eda743650cc2c04708ebed85319ed90eccbacb8acc8f54d1aeaffe34ecb03334
Holacanthus passer,691784904,https://inaturalist-open-data.s3.amazonaws.com/photos/691784904/medium.jpg,CC-BY 4.0,Slunky,slunky,2026-06-15,https://www.inaturalist.org/observations/378256866,"© Slunky, some rights reserved (CC-BY)",c71ad73aa0aeb2d791477ec7e9d085c60b7e326f2d925d94438f8a9b96b2cecd
Holacanthus passer,691784916,https://inaturalist-open-data.s3.amazonaws.com/photos/691784916/medium.jpg,CC-BY 4.0,Slunky,slunky,2026-06-15,https://www.inaturalist.org/observations/378256866,"© Slunky, some rights reserved (CC-BY)",dfd93f42279fb8494869017dc76cdecba319e0a49035aabbacb419ac095c415a
Holacanthus passer,55664757,https://inaturalist-open-data.s3.amazonaws.com/photos/55664757/medium.jpeg,CC-BY 4.0,Michael Bakker Paiva,michaelbakkerpaiva,2019-09-18,https://www.inaturalist.org/observations/35309930,"© Michael Bakker Paiva, some rights reserved (CC-BY)",314c4a27d4aa7c0f4a9802a7ad72d811503c86fc63dddcf6518bd320e1cff51f
Holacanthus passer,61404505,https://inaturalist-open-data.s3.amazonaws.com/photos/61404505/medium.jpeg,CC-BY 4.0,desertnaturalist,desertnaturalist,2001-11-01,https://www.inaturalist.org/observations/38620047,"© desertnaturalist, some rights reserved (CC-BY)",0cb9de3069688c40381deb7b92ccf173abfdd604fd9615138a6b1d3063d659ef
Holacanthus passer,64668593,https://inaturalist-open-data.s3.amazonaws.com/photos/64668593/medium.jpg,CC-BY 4.0,keesgroenendijk,keesgroenendijk,2020-01-10,https://www.inaturalist.org/observations/40794364,"© keesgroenendijk, some rights reserved (CC-BY)",162ef668954244ca190c83260d879da0ec2f7a35dc1e27b75b41bb9c8a6cc0ef
Thalassoma lucasanum,125466826,https://inaturalist-open-data.s3.amazonaws.com/photos/125466826/medium.jpg,CC-BY 4.0,Patrick Cox,wildpat619,2021-04-11,https://www.inaturalist.org/observations/76712965,"© Patrick Cox, some rights reserved (CC-BY)",dcb79c78c7bb88ea0b784e64d51519cc997e524bf92c2bd95fbe95fc222eeb83
Thalassoma lucasanum,455310408,https://inaturalist-open-data.s3.amazonaws.com/photos/455310408/medium.jpeg,CC-BY 4.0,José Javier Barrios Flores,jose_javier_bf,2024-11-20,https://www.inaturalist.org/observations/254221687,"© José Javier Barrios Flores, some rights reserved (CC-BY)",1fca573890f6475a56e6fc9e72dd51a652704a99c916fd66f675580af34eae53
Thalassoma lucasanum,366431181,https://inaturalist-open-data.s3.amazonaws.com/photos/366431181/medium.jpg,CC-BY 4.0,Paul Asman,paulasman,2024-03-14,https://www.inaturalist.org/observations/207174902,"© Paul Asman, some rights reserved (CC-BY)",5afdf0af09a8776996355e745b7861abb60855639b07a4c3513bd74ac51a9400
Thalassoma lucasanum,384281408,https://inaturalist-open-data.s3.amazonaws.com/photos/384281408/medium.jpeg,CC-BY 4.0,Ricardo Betancourt Sánchez,ricardo_betancourt,2017-05-09,https://www.inaturalist.org/observations/217235179,"© Ricardo Betancourt Sánchez, some rights reserved (CC-BY)",9f4a617f5e627625a7fa9bf3f546116c51d4341764398ad7e937beb7153f4498
Thalassoma lucasanum,455308269,https://inaturalist-open-data.s3.amazonaws.com/photos/455308269/medium.jpeg,CC-BY 4.0,José Javier Barrios Flores,jose_javier_bf,2024-11-20,https://www.inaturalist.org/observations/254220502,"© José Javier Barrios Flores, some rights reserved (CC-BY)",946e4b4a879d726f809e4645fd36715d0b0fb599f7f196720f2484a7186da001
Thalassoma lucasanum,354454770,https://inaturalist-open-data.s3.amazonaws.com/photos/354454770/medium.jpeg,CC-BY 4.0,Alberto Alcalá,alboertoalcala,2024-02-29,https://www.inaturalist.org/observations/200857852,"© Alberto Alcalá, some rights reserved (CC-BY)",e95a9bfa9dc4d05b6439ae694c245e2ba455fec588a2948bcab41675e8be66a4
Thalassoma lucasanum,366430351,https://inaturalist-open-data.s3.amazonaws.com/photos/366430351/medium.jpg,CC-BY 4.0,Paul Asman,paulasman,2024-03-14,https://www.inaturalist.org/observations/207174544,"© Paul Asman, some rights reserved (CC-BY)",7cd012c3dc01c039bbf86bee775635cf9fbc85380dfe4ec2f16c24fbe9f97801
Thalassoma lucasanum,111695518,https://inaturalist-open-data.s3.amazonaws.com/photos/111695518/medium.jpeg,CC-BY 4.0,Zac Peterson,zacpeterson,2006-05-04,https://www.inaturalist.org/observations/68909151,"© Zac Peterson, some rights reserved (CC-BY)",21b88980b1432f906f2a243001c5c84c8c8e2a70568d2b4330c94a9796ce2b76
Thalassoma lucasanum,111695521,https://inaturalist-open-data.s3.amazonaws.com/photos/111695521/medium.jpeg,CC-BY 4.0,Zac Peterson,zacpeterson,2006-05-04,https://www.inaturalist.org/observations/68909151,"© Zac Peterson, some rights reserved (CC-BY)",26fd45a74a536fb3fd8690836155282855655878da7ca99dcc94b40b1b3da45d
Thalassoma lucasanum,111695525,https://inaturalist-open-data.s3.amazonaws.com/photos/111695525/medium.jpeg,CC-BY 4.0,Zac Peterson,zacpeterson,2006-05-04,https://www.inaturalist.org/observations/68909151,"© Zac Peterson, some rights reserved (CC-BY)",d705ded42bf7a0debc34808a5c3b345ff0bcc7c7e03a54ddd206984baf568701
Thalassoma lucasanum,111695531,https://inaturalist-open-data.s3.amazonaws.com/photos/111695531/medium.jpeg,CC-BY 4.0,Zac Peterson,zacpeterson,2006-05-04,https://www.inaturalist.org/observations/68909151,"© Zac Peterson, some rights reserved (CC-BY)",8d750c4c91098de359b79ebfa3afc9a877958165510eb819c7ee6f8c5d0e975c
Thalassoma lucasanum,111695535,https://inaturalist-open-data.s3.amazonaws.com/photos/111695535/medium.jpeg,CC-BY 4.0,Zac Peterson,zacpeterson,2006-05-04,https://www.inaturalist.org/observations/68909151,"© Zac Peterson, some rights reserved (CC-BY)",25c17d415204e9a91ad9643bfd143b696608f8cc68bb41c9a3a7ff320da74ec1
Thalassoma lucasanum,111695540,https://inaturalist-open-data.s3.amazonaws.com/photos/111695540/medium.jpeg,CC-BY 4.0,Zac Peterson,zacpeterson,2006-05-04,https://www.inaturalist.org/observations/68909151,"© Zac Peterson, some rights reserved (CC-BY)",79c84885eab5591dd148745b3491ec66ea15eab1f622f792e8bbf6b6335eaaf5
Thalassoma lucasanum,366432817,https://inaturalist-open-data.s3.amazonaws.com/photos/366432817/medium.jpg,CC-BY 4.0,Paul Asman,paulasman,2024-03-14,https://www.inaturalist.org/observations/207175845,"© Paul Asman, some rights reserved (CC-BY)",4714ed51a0d9ffc3d84a8bc0c73f488e8cecc3c079079338f52bb844e6d290a8
Thalassoma lucasanum,526459220,https://inaturalist-open-data.s3.amazonaws.com/photos/526459220/medium.jpg,CC-BY 4.0,Alberto Alcalá,alboertoalcala,2025-06-22,https://www.inaturalist.org/observations/292541573,"© Alberto Alcalá, some rights reserved (CC-BY)",31f52a67bfcd7187acad4191d24d99dff9a613d9b721aa251dc9c39341e43114
Thalassoma lucasanum,361025063,https://inaturalist-open-data.s3.amazonaws.com/photos/361025063/medium.jpg,CC-BY 4.0,Paul Asman,paulasman,2024-03-10,https://www.inaturalist.org/observations/204264251,"© Paul Asman, some rights reserved (CC-BY)",38e0929045f49fd2b207ab7718882f82d00f8d2f2d576da5e2b3ae264f5c9fe1
Thalassoma lucasanum,458205907,https://inaturalist-open-data.s3.amazonaws.com/photos/458205907/medium.jpeg,CC-BY 4.0,Lukas Zangl,luksza,2015-02-09,https://www.inaturalist.org/observations/255660833,"© Lukas Zangl, some rights reserved (CC-BY)",9bbf94b6f2a120c60c67e90ced181485c5d66a03320b699bf0245b608e2d5bc1
Thalassoma lucasanum,102911962,https://inaturalist-open-data.s3.amazonaws.com/photos/102911962/medium.jpeg,CC-BY 4.0,desertnaturalist,desertnaturalist,2001-10-30,https://www.inaturalist.org/observations/64053559,"© desertnaturalist, some rights reserved (CC-BY)",88fa7dd0882aef06d62d63dc58faec0ebf9df6e48043b9d73575de93d5158ab4
Thalassoma lucasanum,140803897,https://inaturalist-open-data.s3.amazonaws.com/photos/140803897/medium.jpeg,CC-BY 4.0,Carlos Domínguez-Rodríguez,blakesito,2021-07-03,https://www.inaturalist.org/observations/85566444,"© Carlos Domínguez-Rodríguez, some rights reserved (CC-BY)",2f578c2525294c4f8edd27109127ba5d151a873c98a9908368c732811fa3d2f2
Thalassoma lucasanum,360299101,https://inaturalist-open-data.s3.amazonaws.com/photos/360299101/medium.jpg,CC-BY 4.0,Paul Asman,paulasman,2024-03-09,https://www.inaturalist.org/observations/203887399,"© Paul Asman, some rights reserved (CC-BY)",d29305f8d3287cb21fb6f6297393d19f8f7d703aaff23a1f79f07a0663b94826
Thalassoma lucasanum,349426716,https://inaturalist-open-data.s3.amazonaws.com/photos/349426716/medium.jpg,CC-BY 4.0,Daniel Z,daniel3417,2021-02-23,https://www.inaturalist.org/observations/198273979,"© Daniel Z, some rights reserved (CC-BY)",a27887770ed33fa3fdd0cef231cecdc97210ef8f765055ad45d968c253f1823c
Thalassoma lucasanum,65039629,https://inaturalist-open-data.s3.amazonaws.com/photos/65039629/medium.jpg,CC-BY 4.0,Kristof Zyskowski,kristofz,2010-01-21,https://www.inaturalist.org/observations/41015707,"© Kristof Zyskowski, some rights reserved (CC-BY)",79f11de59bad1be0ec4c13b115f6be03eb779728e0e336fe092d84f312452a0f
Thalassoma lucasanum,65039946,https://inaturalist-open-data.s3.amazonaws.com/photos/65039946/medium.jpg,CC-BY 4.0,Kristof Zyskowski,kristofz,2010-01-21,https://www.inaturalist.org/observations/41015707,"© Kristof Zyskowski, some rights reserved (CC-BY)",4e2a254cc785004e0c692b2660f6a1525c8a95569fc86e6d1e6cf8993cfe99bf
Thalassoma lucasanum,184079898,https://inaturalist-open-data.s3.amazonaws.com/photos/184079898/medium.jpeg,CC-BY 4.0,Carlos Domínguez-Rodríguez,blakesito,2022-03-21,https://www.inaturalist.org/observations/109241167,"© Carlos Domínguez-Rodríguez, some rights reserved (CC-BY)",1988cf24fdf2abfc2e4354d2ca8fd0fbc18863188a3050705c92e2b31106b51b
Thalassoma lucasanum,82383882,https://inaturalist-open-data.s3.amazonaws.com/photos/82383882/medium.jpeg,CC-BY 4.0,Carlos Domínguez-Rodríguez,blakesito,2020-07-02,https://www.inaturalist.org/observations/51844046,"© Carlos Domínguez-Rodríguez, some rights reserved (CC-BY)",40a1e3db21bd2509d1fdc6cc8fd43cfdd4fc9cb3e8183f77e6709597fbb2f8c1
Thalassoma lucasanum,82349375,https://inaturalist-open-data.s3.amazonaws.com/photos/82349375/medium.jpg,CC-BY 4.0,Carlos Domínguez-Rodríguez,blakesito,2020-07-02,https://www.inaturalist.org/observations/51818037,"© Carlos Domínguez-Rodríguez, some rights reserved (CC-BY)",03b252885938f5456ac817b528f5a521834d386bb1d364aa789fb80688d2b4a9
Thalassoma lucasanum,116953797,https://inaturalist-open-data.s3.amazonaws.com/photos/116953797/medium.jpeg,CC-BY 4.0,Bill Levine,blevine,2021-03-21,https://www.inaturalist.org/observations/71799030,"© Bill Levine, some rights reserved (CC-BY)",1d36ce0fe2389167a75f73f7b3c1830a0775dbd63f351b86d3853859855dee79
Thalassoma lucasanum,116953812,https://inaturalist-open-data.s3.amazonaws.com/photos/116953812/medium.jpeg,CC-BY 4.0,Bill Levine,blevine,2021-03-21,https://www.inaturalist.org/observations/71799031,"© Bill Levine, some rights reserved (CC-BY)",f0ea3f029a415b53441921d2b62e51d7f73fe8d82e875bf29b63244afeab6111
Thalassoma lucasanum,709991935,https://inaturalist-open-data.s3.amazonaws.com/photos/709991935/medium.jpg,CC-BY 4.0,keesgroenendijk,keesgroenendijk,2026-07-28,https://www.inaturalist.org/observations/387713290,"© keesgroenendijk, some rights reserved (CC-BY)",df2a538670367a767c7e73fdd781ccb02c7b1933553580fe0939521f38710a7a
Abudefduf troschelii,553995686,https://inaturalist-open-data.s3.amazonaws.com/photos/553995686/medium.jpg,CC-BY 4.0,Uma Mezzanotte,uma_dives,2022-06-03,https://www.inaturalist.org/observations/307161385,"© Uma Mezzanotte, some rights reserved (CC-BY)",fd53d7a5bdaed8b04935c6ae1ff72ce26eda988283fa96261a09b2185ae53640
Abudefduf troschelii,245594656,https://inaturalist-open-data.s3.amazonaws.com/photos/245594656/medium.jpeg,CC-BY 4.0,Bill Levine,blevine,2022-11-27,https://www.inaturalist.org/observations/143218396,"© Bill Levine, some rights reserved (CC-BY)",7f6e9b3d953c5e7b4e5193cd11a023b692965390232c5e527e6030a598b22ca3
Abudefduf troschelii,245680072,https://inaturalist-open-data.s3.amazonaws.com/photos/245680072/medium.jpeg,CC-BY 4.0,Bill Levine,blevine,2022-11-27,https://www.inaturalist.org/observations/143218396,"© Bill Levine, some rights reserved (CC-BY)",3638af8e64bee01ebb698ebb8cfc51db9c150982bfea319d9ad2fb37cc091a87
Abudefduf troschelii,256103014,https://inaturalist-open-data.s3.amazonaws.com/photos/256103014/medium.jpeg,CC-BY 4.0,Alberto Alcalá,alboertoalcala,2023-02-12,https://www.inaturalist.org/observations/148691594,"© Alberto Alcalá, some rights reserved (CC-BY)",d2bf00d5b8247ed1ee37416a1414df1c48d0d5754c4106e92419b85ba67a9072
Abudefduf troschelii,10380237,https://inaturalist-open-data.s3.amazonaws.com/photos/10380237/medium.jpeg,CC-BY 4.0,Michael Bakker Paiva,michaelbakkerpaiva,2016-04-08,https://www.inaturalist.org/observations/7875437,"© Michael Bakker Paiva, some rights reserved (CC-BY)",41368c045cfa593dfb62048c6bc2c9bd8ec3ba7a5161ef84132bc0e9e22fbae0
Abudefduf troschelii,225059211,https://inaturalist-open-data.s3.amazonaws.com/photos/225059211/medium.jpeg,CC-BY 4.0,Bill Levine,blevine,2022-08-24,https://www.inaturalist.org/observations/132183585,"© Bill Levine, some rights reserved (CC-BY)",29366082a4110d88db3031fb5ca8176a12f3f4727d5dc3449f0090c3cdc1352e
Abudefduf troschelii,681788283,https://inaturalist-open-data.s3.amazonaws.com/photos/681788283/medium.jpg,CC-BY 4.0,Josh Noseworthy,josh_noseworthy,2024-02-25,https://www.inaturalist.org/observations/373080801,"© Josh Noseworthy, some rights reserved (CC-BY)",d2540f848e3bf0dbbeaedd85cae01fa07998541b1524647c67966b590c46c807
Abudefduf troschelii,243645610,https://inaturalist-open-data.s3.amazonaws.com/photos/243645610/medium.jpeg,CC-BY 4.0,Carlos Domínguez-Rodríguez,blakesito,2022-11-08,https://www.inaturalist.org/observations/142140151,"© Carlos Domínguez-Rodríguez, some rights reserved (CC-BY)",8c87a386afbf50948d6e51bba8ef1bf312a5957281fe367c143c29c2997cb337
Abudefduf troschelii,112903345,https://inaturalist-open-data.s3.amazonaws.com/photos/112903345/medium.jpeg,CC-BY 4.0,Carlos Domínguez-Rodríguez,blakesito,2021-01-24,https://www.inaturalist.org/observations/69565836,"© Carlos Domínguez-Rodríguez, some rights reserved (CC-BY)",ce92fc6755d0123533c520a2c0d7204044b39645197ab99e21de0f8292923727
Abudefduf troschelii,240427618,https://inaturalist-open-data.s3.amazonaws.com/photos/240427618/medium.jpeg,CC-BY 4.0,Alberto Alcalá,alboertoalcala,2022-10-29,https://www.inaturalist.org/observations/140456386,"© Alberto Alcalá, some rights reserved (CC-BY)",09d54f3510b883305372cd4b2e1a31c49d070011fa9e8d28c01224c5ea8eaba7
Abudefduf troschelii,30862014,https://inaturalist-open-data.s3.amazonaws.com/photos/30862014/medium.jpg,CC-BY 4.0,keesgroenendijk,keesgroenendijk,2018-04-05,https://www.inaturalist.org/observations/19995510,"© keesgroenendijk, some rights reserved (CC-BY)",14231e7081c548b58695cde136987dc9b79f0457cbc6daf52e35ac0db6b1d2d2
Abudefduf troschelii,172246023,https://inaturalist-open-data.s3.amazonaws.com/photos/172246023/medium.jpeg,CC-BY 4.0,Alberto Alcalá,alboertoalcala,2021-12-11,https://www.inaturalist.org/observations/102974933,"© Alberto Alcalá, some rights reserved (CC-BY)",43434995e3908c4e33eec584cd8f13d136ebc9e0f24f70dc8a572bece7332c8c
Abudefduf troschelii,10337884,https://inaturalist-open-data.s3.amazonaws.com/photos/10337884/medium.jpeg,CC-BY 4.0,Michael Bakker Paiva,michaelbakkerpaiva,2016-04-06,https://www.inaturalist.org/observations/7848757,"© Michael Bakker Paiva, some rights reserved (CC-BY)",09cf0e3c4815721cd809d98f23516148684625cc4bd46af4a057c1b34fc626f7
Abudefduf troschelii,471620849,https://inaturalist-open-data.s3.amazonaws.com/photos/471620849/medium.jpeg,CC-BY 4.0,CaracalShan,caracalshan,2024-02-23,https://www.inaturalist.org/observations/262593367,"© CaracalShan, some rights reserved (CC-BY)",a298640708617ab7e4d16932b44a13b7eb5cba0a2b3c96f87d4b33acce5e4f2c
Abudefduf troschelii,352714106,https://inaturalist-open-data.s3.amazonaws.com/photos/352714106/medium.jpg,CC-BY 4.0,Cricket Raspet,chilipossum,2024-02-20,https://www.inaturalist.org/observations/199965359,"© Cricket Raspet, some rights reserved (CC-BY)",353d39ad8893e79cf043eef5b469528ed83ab0628b9cdeeec8c368820813a82b
Abudefduf troschelii,605795998,https://inaturalist-open-data.s3.amazonaws.com/photos/605795998/medium.jpg,CC-BY 4.0,Ricardo Betancourt Sánchez,ricardo_betancourt,2026-01-05,https://www.inaturalist.org/observations/333680658,"© Ricardo Betancourt Sánchez, some rights reserved (CC-BY)",cdc5b6c4da49082f2a63d91253d6a47ff8826429db84e0ecafa5dc217d2d06d4
Abudefduf troschelii,605795987,https://inaturalist-open-data.s3.amazonaws.com/photos/605795987/medium.jpg,CC-BY 4.0,Ricardo Betancourt Sánchez,ricardo_betancourt,2026-01-05,https://www.inaturalist.org/observations/333680658,"© Ricardo Betancourt Sánchez, some rights reserved (CC-BY)",0396cf90cdb73e85ebe2168ae0edf90be87e037651389d0310d70e521c5a0735
Abudefduf troschelii,605795983,https://inaturalist-open-data.s3.amazonaws.com/photos/605795983/medium.jpg,CC-BY 4.0,Ricardo Betancourt Sánchez,ricardo_betancourt,2026-01-05,https://www.inaturalist.org/observations/333680658,"© Ricardo Betancourt Sánchez, some rights reserved (CC-BY)",4229987ea456236c39b6aad007e085a2c3fad276f2b605815beddd42cf142e07
Abudefduf troschelii,526370752,https://inaturalist-open-data.s3.amazonaws.com/photos/526370752/medium.jpg,CC-BY 4.0,Alberto Alcalá,alboertoalcala,2025-06-22,https://www.inaturalist.org/observations/292496418,"© Alberto Alcalá, some rights reserved (CC-BY)",037060088252d47c20bc3af4ec9d9474d05f607ef0ae25074a27bb964ff856af
Abudefduf troschelii,588589923,https://inaturalist-open-data.s3.amazonaws.com/photos/588589923/medium.jpg,CC-BY 4.0,Sofía García,sofia_garcia_17,2025-11-05,https://www.inaturalist.org/observations/325118556,"© Sofía García, some rights reserved (CC-BY)",2404a2341983d0f182f43ef6c02705b1f08d7207d8ea2c2c66a931d97e83b0b3
Abudefduf troschelii,685028864,https://inaturalist-open-data.s3.amazonaws.com/photos/685028864/medium.jpg,CC-BY 4.0,Alberto Alcalá,alboertoalcala,2025-02-02,https://www.inaturalist.org/observations/374762800,"© Alberto Alcalá, some rights reserved (CC-BY)",9d4676508feaf685b3d4bb61ad98dcd382db53317ec3e9223fb081c47e36a533
Abudefduf troschelii,685028892,https://inaturalist-open-data.s3.amazonaws.com/photos/685028892/medium.jpg,CC-BY 4.0,Alberto Alcalá,alboertoalcala,2025-02-02,https://www.inaturalist.org/observations/374762800,"© Alberto Alcalá, some rights reserved (CC-BY)",7c1ea50cefe7a8d3327f1563c576cfb116ec6090049c29477f031cf48375b844
Abudefduf troschelii,66762768,https://inaturalist-open-data.s3.amazonaws.com/photos/66762768/medium.jpg,CC-BY 4.0,John G. Phillips,johngsalamander,2019-06-10,https://www.inaturalist.org/observations/42065527,"© John G. Phillips, some rights reserved (CC-BY)",02b474420542c515b4c2c42d80b1430adf58d17a8646369048591c59eb04a153
Abudefduf troschelii,180004212,https://inaturalist-open-data.s3.amazonaws.com/photos/180004212/medium.jpeg,CC-BY 4.0,Carlos Domínguez-Rodríguez,blakesito,2022-02-19,https://www.inaturalist.org/observations/107071807,"© Carlos Domínguez-Rodríguez, some rights reserved (CC-BY)",d3c1a2db14478dcb8f304677552a01151befe060a519b4a124d0cee65c10cfe9
Abudefduf troschelii,220434138,https://inaturalist-open-data.s3.amazonaws.com/photos/220434138/medium.jpeg,CC-BY 4.0,Carlos Domínguez-Rodríguez,blakesito,2022-07-30,https://www.inaturalist.org/observations/129691287,"© Carlos Domínguez-Rodríguez, some rights reserved (CC-BY)",2dc9d643fd95af960795045b29e87c0b7044fe7a8588ddf5eae4e85c8a3c0160
Bodianus diplotaenia,356042807,https://inaturalist-open-data.s3.amazonaws.com/photos/356042807/medium.png,CC-BY 4.0,Bill Levine,blevine,2024-03-04,https://www.inaturalist.org/observations/201675113,"© Bill Levine, some rights reserved (CC-BY)",7dbe890fb3011dd4ed3fc1f4b0ce1dac542acc3866aa786714630f6bb0694fec
Bodianus diplotaenia,600787746,https://inaturalist-open-data.s3.amazonaws.com/photos/600787746/medium.jpg,CC-BY 4.0,Chris Kirby-Lambert,ckirby-lambert,2023-02-13,https://www.inaturalist.org/observations/331209784,"© Chris Kirby-Lambert, some rights reserved (CC-BY)",79eced03ea8017888e28d1fb6825b744e0d76c0f573cc15342c6b2cef23d6a02
Bodianus diplotaenia,473810521,https://inaturalist-open-data.s3.amazonaws.com/photos/473810521/medium.gif,CC-BY 4.0,Alberto Alcalá,alboertoalcala,2025-03-02,https://www.inaturalist.org/observations/263717163,"© Alberto Alcalá, some rights reserved (CC-BY)",0400a641a678abb4756561989a3f39a7d3344f53b0c569c22ed7684d678f0349
Bodianus diplotaenia,605719560,https://inaturalist-open-data.s3.amazonaws.com/photos/605719560/medium.jpg,CC-BY 4.0,keesgroenendijk,keesgroenendijk,2025-12-27,https://www.inaturalist.org/observations/333648599,"© keesgroenendijk, some rights reserved (CC-BY)",58cb944c6223deed0ade7613969c67e69e30acab62cdda3fb6de3b99ea01c282
Bodianus diplotaenia,350715543,https://inaturalist-open-data.s3.amazonaws.com/photos/350715543/medium.jpeg,CC-BY 4.0,Rob Foster,rob21,2024-01-22,https://www.inaturalist.org/observations/198929971,"© Rob Foster, some rights reserved (CC-BY)",886b96e61d106ff3171ca0613b614835c73b40276b57ac94342fb303dfa323dd
Bodianus diplotaenia,350715545,https://inaturalist-open-data.s3.amazonaws.com/photos/350715545/medium.jpeg,CC-BY 4.0,Rob Foster,rob21,2024-01-22,https://www.inaturalist.org/observations/198929971,"© Rob Foster, some rights reserved (CC-BY)",7ad718dd0365c3e27e9e1e5a0560f3bc92f5757254f941927a44ff7d639cac6e
Bodianus diplotaenia,350715624,https://inaturalist-open-data.s3.amazonaws.com/photos/350715624/medium.jpeg,CC-BY 4.0,Rob Foster,rob21,2024-01-22,https://www.inaturalist.org/observations/198929971,"© Rob Foster, some rights reserved (CC-BY)",98bd4792de1e42980610750d3bfc6eec23b9e97d6da2c24e39807b090f6fe401
Bodianus diplotaenia,350715650,https://inaturalist-open-data.s3.amazonaws.com/photos/350715650/medium.jpeg,CC-BY 4.0,Rob Foster,rob21,2024-01-22,https://www.inaturalist.org/observations/198929971,"© Rob Foster, some rights reserved (CC-BY)",5269ed48b8b87b9f0f9be885e68950a5f17e9725e087afc031af287a8dd543fd
Bodianus diplotaenia,698725947,https://inaturalist-open-data.s3.amazonaws.com/photos/698725947/medium.jpg,CC-BY 4.0,Carlos Domínguez-Rodríguez,blakesito,2026-07-10,https://www.inaturalist.org/observations/381843180,"© Carlos Domínguez-Rodríguez, some rights reserved (CC-BY)",c9eb7f4281c8181afca04c8c7ca69e9a273b3b5fc9472f63606bf191cde35717
Bodianus diplotaenia,713287092,https://inaturalist-open-data.s3.amazonaws.com/photos/713287092/medium.jpg,CC-BY 4.0,Alberto Alcalá,alboertoalcala,2026-08-07,https://www.inaturalist.org/observations/389409053,"© Alberto Alcalá, some rights reserved (CC-BY)",f903bf5e831e9858c0291840c6b2a588c415be1388f66437d9d5d32c3dbab300
Bodianus diplotaenia,132278564,https://inaturalist-open-data.s3.amazonaws.com/photos/132278564/medium.jpeg,CC-BY 4.0,Alberto Alcalá,alboertoalcala,2021-05-28,https://www.inaturalist.org/observations/80693366,"© Alberto Alcalá, some rights reserved (CC-BY)",566ad95e233e3ce13472934d7365de02bda6383b880ca0b62709d75d0ed317b3
Bodianus diplotaenia,340018792,https://inaturalist-open-data.s3.amazonaws.com/photos/340018792/medium.jpg,CC-BY 4.0,Don Loarie,dloarie,2023-11-24,https://www.inaturalist.org/observations/193553371,"© Don Loarie, some rights reserved (CC-BY)",793e22b47001c783d7fa8e06e3e59f57ed1b1e9b12ecac7e289636424c6bd94c
Bodianus diplotaenia,471620858,https://inaturalist-open-data.s3.amazonaws.com/photos/471620858/medium.jpeg,CC-BY 4.0,CaracalShan,caracalshan,2024-02-23,https://www.inaturalist.org/observations/262593372,"© CaracalShan, some rights reserved (CC-BY)",007270e166b1c167282bfa95df21c8af05044ef82de9a9f82891cceabcc1d58e
Bodianus diplotaenia,350526508,https://inaturalist-open-data.s3.amazonaws.com/photos/350526508/medium.jpeg,CC-BY 4.0,Rob Foster,rob21,2024-01-18,https://www.inaturalist.org/observations/198832979,"© Rob Foster, some rights reserved (CC-BY)",e1f336a8e2402a2d1affa6c1b67b3cbf5426a55b725e90c3c97492881006fa73
Bodianus diplotaenia,221285537,https://inaturalist-open-data.s3.amazonaws.com/photos/221285537/medium.jpeg,CC-BY 4.0,Carlos Domínguez-Rodríguez,blakesito,2022-08-09,https://www.inaturalist.org/observations/130151200,"© Carlos Domínguez-Rodríguez, some rights reserved (CC-BY)",6597ea4e657b77e6d2ba7fae524731e6b80188b9390063a47c2850a34df72d3d
Bodianus diplotaenia,224341907,https://inaturalist-open-data.s3.amazonaws.com/photos/224341907/medium.jpeg,CC-BY 4.0,keesgroenendijk,keesgroenendijk,2022-08-11,https://www.inaturalist.org/observations/131798665,"© keesgroenendijk, some rights reserved (CC-BY)",3afed6c5f9a1eeed2815d5ed87d28f522b848d3663679acf0d95d45c47acab85
Bodianus diplotaenia,204798245,https://inaturalist-open-data.s3.amazonaws.com/photos/204798245/medium.jpeg,CC-BY 4.0,Alberto Alcalá,alboertoalcala,2022-06-09,https://www.inaturalist.org/observations/121047470,"© Alberto Alcalá, some rights reserved (CC-BY)",834ad03ea03950cc7ba336c11c83c840f11f30a094432b3cf724d6b10b84149c
Bodianus diplotaenia,204798271,https://inaturalist-open-data.s3.amazonaws.com/photos/204798271/medium.jpeg,CC-BY 4.0,Alberto Alcalá,alboertoalcala,2022-06-09,https://www.inaturalist.org/observations/121047470,"© Alberto Alcalá, some rights reserved (CC-BY)",88d46b98eb05482718cf53693f0b1edeb7ea12518f8a528bcbcad99cf23b1c38
Bodianus diplotaenia,217686205,https://inaturalist-open-data.s3.amazonaws.com/photos/217686205/medium.jpeg,CC-BY 4.0,Carlos Domínguez-Rodríguez,blakesito,2022-07-09,https://www.inaturalist.org/observations/128173233,"© Carlos Domínguez-Rodríguez, some rights reserved (CC-BY)",4a0b4b38876b4deb9d4445192c4a5ce435fdac0b941b8734814dc6ddd4a62282
Bodianus diplotaenia,217686214,https://inaturalist-open-data.s3.amazonaws.com/photos/217686214/medium.jpeg,CC-BY 4.0,Carlos Domínguez-Rodríguez,blakesito,2022-07-09,https://www.inaturalist.org/observations/128173233,"© Carlos Domínguez-Rodríguez, some rights reserved (CC-BY)",38ec5799aec6024625b87962e9b650f76ff817331c7e780813944fe682da112d
Bodianus diplotaenia,591424379,https://inaturalist-open-data.s3.amazonaws.com/photos/591424379/medium.jpg,CC-BY 4.0,tunicatedreamz,tunicatedreamz,2025-11-14,https://www.inaturalist.org/observations/326543796,"© tunicatedreamz, some rights reserved (CC-BY)",1a4e6a2214d043aa684ac423955db4f9f5da5bc873cc427add47610096667574
Bodianus diplotaenia,407033044,https://inaturalist-open-data.s3.amazonaws.com/photos/407033044/medium.jpg,CC-BY 4.0,Carlos Domínguez-Rodríguez,blakesito,2024-07-14,https://www.inaturalist.org/observations/229316110,"© Carlos Domínguez-Rodríguez, some rights reserved (CC-BY)",86bc0317bf3bef15366d224229a2d9ee93d86d88831e826e585675375045843a
Bodianus diplotaenia,270620975,https://inaturalist-open-data.s3.amazonaws.com/photos/270620975/medium.jpeg,CC-BY 4.0,keesgroenendijk,keesgroenendijk,2023-03-23,https://www.inaturalist.org/observations/156500608,"© keesgroenendijk, some rights reserved (CC-BY)",24ea173b3b50927903660092f35c34c295f49ec1244a63fb5468022c753536e6
Bodianus diplotaenia,220433400,https://inaturalist-open-data.s3.amazonaws.com/photos/220433400/medium.jpeg,CC-BY 4.0,Carlos Domínguez-Rodríguez,blakesito,2022-07-30,https://www.inaturalist.org/observations/129691261,"© Carlos Domínguez-Rodríguez, some rights reserved (CC-BY)",3212aac9ad796a1b3f0a1df09fa50cd42e81e0ab305aaf6c5f60430a4193a1ad
Bodianus diplotaenia,241064649,https://inaturalist-open-data.s3.amazonaws.com/photos/241064649/medium.jpeg,CC-BY 4.0,Alberto Alcalá,alboertoalcala,2022-10-31,https://www.inaturalist.org/observations/140798976,"© Alberto Alcalá, some rights reserved (CC-BY)",6ea175771286c2fdf1fc4f77e08a9cbee130641987da3c5eef00814d8b749545
Bodianus diplotaenia,266279473,https://inaturalist-open-data.s3.amazonaws.com/photos/266279473/medium.jpeg,CC-BY 4.0,keesgroenendijk,keesgroenendijk,2023-02-09,https://www.inaturalist.org/observations/154128450,"© keesgroenendijk, some rights reserved (CC-BY)",7e9d00e088897c7f0c05e8de11313d7bdd1b380bcb4ead7e8f318ab2757810bb
Prionurus punctatus,220527317,https://inaturalist-open-data.s3.amazonaws.com/photos/220527317/medium.jpeg,CC-BY 4.0,Alberto Alcalá,alboertoalcala,2022-08-06,https://www.inaturalist.org/observations/129742453,"© Alberto Alcalá, some rights reserved (CC-BY)",bcc298f85b432e0dabcafb42a84d79e5493aaf5bca3e0dcf31d47460e4c8487c
Prionurus punctatus,600582742,https://inaturalist-open-data.s3.amazonaws.com/photos/600582742/medium.jpg,CC-BY 4.0,Chris Kirby-Lambert,ckirby-lambert,2023-02-16,https://www.inaturalist.org/observations/331109531,"© Chris Kirby-Lambert, some rights reserved (CC-BY)",dbe2059e0de9d33ebc2d969988ae029d053e77b0014dc7fdbbdf0bb97baa9db9
Prionurus punctatus,311079197,https://inaturalist-open-data.s3.amazonaws.com/photos/311079197/medium.jpeg,CC-BY 4.0,Bill Levine,blevine,2023-08-15,https://www.inaturalist.org/observations/178743814,"© Bill Levine, some rights reserved (CC-BY)",7336564cdac220d8de6591d13552852ccd71e3c593573a3d94c7911133011164
Prionurus punctatus,110630415,https://inaturalist-open-data.s3.amazonaws.com/photos/110630415/medium.jpeg,CC-BY 4.0,Carlos Domínguez-Rodríguez,blakesito,2021-01-18,https://www.inaturalist.org/observations/68339676,"© Carlos Domínguez-Rodríguez, some rights reserved (CC-BY)",0d91d12c0b875e620192410a52cfd2b4ab765f5625ef9c9cb11bf5cc8487e158
Prionurus punctatus,110630433,https://inaturalist-open-data.s3.amazonaws.com/photos/110630433/medium.jpeg,CC-BY 4.0,Carlos Domínguez-Rodríguez,blakesito,2021-01-18,https://www.inaturalist.org/observations/68339676,"© Carlos Domínguez-Rodríguez, some rights reserved (CC-BY)",8805a95b5605086cc767e725827a78c38d54d1ced28cad38a6441af25272607f
Prionurus punctatus,110630430,https://inaturalist-open-data.s3.amazonaws.com/photos/110630430/medium.jpeg,CC-BY 4.0,Carlos Domínguez-Rodríguez,blakesito,2021-01-18,https://www.inaturalist.org/observations/68339676,"© Carlos Domínguez-Rodríguez, some rights reserved (CC-BY)",80cebda952a24b17cc21d63211e911ad05ca67cfff4890ec62509923de3ffa01
Prionurus punctatus,110630573,https://inaturalist-open-data.s3.amazonaws.com/photos/110630573/medium.jpeg,CC-BY 4.0,Carlos Domínguez-Rodríguez,blakesito,2021-01-18,https://www.inaturalist.org/observations/68339681,"© Carlos Domínguez-Rodríguez, some rights reserved (CC-BY)",55e97a411bd45f6ffd72429f3a674a89d59f79012952c1ac0cc91fe1a8595db5
Prionurus punctatus,467262144,https://inaturalist-open-data.s3.amazonaws.com/photos/467262144/medium.jpeg,CC-BY 4.0,keesgroenendijk,keesgroenendijk,2025-01-15,https://www.inaturalist.org/observations/260215940,"© keesgroenendijk, some rights reserved (CC-BY)",cb9c3d8fb83d755f869fe43265034c96d1a95ed9aed6ae4e41fdf60457796207
Prionurus punctatus,353802085,https://inaturalist-open-data.s3.amazonaws.com/photos/353802085/medium.jpeg,CC-BY 4.0,keesgroenendijk,keesgroenendijk,2024-01-18,https://www.inaturalist.org/observations/200521312,"© keesgroenendijk, some rights reserved (CC-BY)",5b2d39a849e3b8dcd198a9213a8e202b70f39c0edb061a00c489923305af5ff8
Prionurus punctatus,471618880,https://inaturalist-open-data.s3.amazonaws.com/photos/471618880/medium.jpeg,CC-BY 4.0,CaracalShan,caracalshan,2024-02-23,https://www.inaturalist.org/observations/262592613,"© CaracalShan, some rights reserved (CC-BY)",c16f397e08a7dcb721620cfc31d5b5f5ca761993b995288452880f301183d2ea
Prionurus punctatus,472037472,https://inaturalist-open-data.s3.amazonaws.com/photos/472037472/medium.jpg,CC-BY 4.0,nikonbird007,nikonbird007,2025-02-13,https://www.inaturalist.org/observations/262830630,"© nikonbird007, some rights reserved (CC-BY)",edb18c04717793e502d44a953bda5cdd8a0a2959032d6d549adc6ff98d9373d8
Prionurus punctatus,360910701,https://inaturalist-open-data.s3.amazonaws.com/photos/360910701/medium.jpg,CC-BY 4.0,Paul Asman,paulasman,2024-03-10,https://www.inaturalist.org/observations/204206756,"© Paul Asman, some rights reserved (CC-BY)",8e0c21a79ae0dbc3a89c4e8475819e9704073bcf9c2f5f4a45189ec595e14ad8
Prionurus punctatus,180824674,https://inaturalist-open-data.s3.amazonaws.com/photos/180824674/medium.jpeg,CC-BY 4.0,Alberto Alcalá,alboertoalcala,2022-02-26,https://www.inaturalist.org/observations/107506061,"© Alberto Alcalá, some rights reserved (CC-BY)",b09de610cfc49e5d516610c8ba3cd6e1d1be1c954d1db424dd92f0495d76e3ed
Prionurus punctatus,192485439,https://inaturalist-open-data.s3.amazonaws.com/photos/192485439/medium.jpeg,CC-BY 4.0,Loren Cassin Sackett,sacketlc,2013-03-20,https://www.inaturalist.org/observations/114679270,"© Loren Cassin Sackett, some rights reserved (CC-BY)",680491bfd538e0ee0a547df4f0a2820d2dae38acc74be719e4a4b280c1df9fe2
Prionurus punctatus,116953579,https://inaturalist-open-data.s3.amazonaws.com/photos/116953579/medium.jpeg,CC-BY 4.0,Bill Levine,blevine,2021-03-21,https://www.inaturalist.org/observations/71799013,"© Bill Levine, some rights reserved (CC-BY)",83f12bfb4c09f147c44210ca1adfceec48df72ae1ce3435802faeb1313a844c5
Prionurus punctatus,116953594,https://inaturalist-open-data.s3.amazonaws.com/photos/116953594/medium.jpeg,CC-BY 4.0,Bill Levine,blevine,2021-03-21,https://www.inaturalist.org/observations/71799013,"© Bill Levine, some rights reserved (CC-BY)",927932ce7bb0131610c246243f133047ce76c3cafcb37f705df829a3d429dd8e
Prionurus punctatus,118063285,https://inaturalist-open-data.s3.amazonaws.com/photos/118063285/medium.jpeg,CC-BY 4.0,Carlos Domínguez-Rodríguez,blakesito,2021-03-29,https://www.inaturalist.org/observations/72416582,"© Carlos Domínguez-Rodríguez, some rights reserved (CC-BY)",c265784e6956f356d228f3550877d27d041077d7309a69d8d04f472eea4cfc32
Prionurus punctatus,11972263,https://inaturalist-open-data.s3.amazonaws.com/photos/11972263/medium.jpeg,CC-BY 4.0,Carlos Domínguez-Rodríguez,blakesito,2017-03-27,https://www.inaturalist.org/observations/8897588,"© Carlos Domínguez-Rodríguez, some rights reserved (CC-BY)",64bc5d81f9599e56635e56288eff16cd0f32973fe8f944dfba319b11e293dc2d
Prionurus punctatus,10380261,https://inaturalist-open-data.s3.amazonaws.com/photos/10380261/medium.jpeg,CC-BY 4.0,Michael Bakker Paiva,michaelbakkerpaiva,2016-04-09,https://www.inaturalist.org/observations/7875445,"© Michael Bakker Paiva, some rights reserved (CC-BY)",f8f4e6a77bd0d3035de949ae4510868265a358f4c4735eee24a06dd5a6a4f42c
Prionurus punctatus,50895392,https://inaturalist-open-data.s3.amazonaws.com/photos/50895392/medium.jpg,CC-BY 4.0,keesgroenendijk,keesgroenendijk,2019-08-08,https://www.inaturalist.org/observations/32448967,"© keesgroenendijk, some rights reserved (CC-BY)",4de8c1c0301761a2976681d514c76f4f92c93f4f359342eaa80bec0529f4961c
Prionurus punctatus,29326079,https://inaturalist-open-data.s3.amazonaws.com/photos/29326079/medium.jpg,CC-BY 4.0,Shawn O'Donnell,shawnodonnell,2010-02-18,https://www.inaturalist.org/observations/19110182,"© Shawn O'Donnell, some rights reserved (CC-BY)",2b215de6aaf14785b67d2a718c7d0ad740594d4f07ba3426149ff37f257ce1eb
Prionurus punctatus,466415857,https://inaturalist-open-data.s3.amazonaws.com/photos/466415857/medium.jpeg,CC-BY 4.0,keesgroenendijk,keesgroenendijk,2025-01-06,https://www.inaturalist.org/observations/259790960,"© keesgroenendijk, some rights reserved (CC-BY)",e77bafd3bf1d127ce2233ee7a04a8adb3ba73e7e8737a4002c3be55708dd036c
Arothron meleagris,462004038,https://inaturalist-open-data.s3.amazonaws.com/photos/462004038/medium.gif,CC-BY 4.0,Uma Mezzanotte,uma_dives,2024-12-10,https://www.inaturalist.org/observations/257531606,"© Uma Mezzanotte, some rights reserved (CC-BY)",9016c4434e5a3238fc8451d425a9c73db87044a44e24f71f3a8c18cd4dbab769
Arothron meleagris,462003956,https://inaturalist-open-data.s3.amazonaws.com/photos/462003956/medium.jpeg,CC-BY 4.0,Uma Mezzanotte,uma_dives,2024-12-10,https://www.inaturalist.org/observations/257531606,"© Uma Mezzanotte, some rights reserved (CC-BY)",1eee99eba0122a407d577cbfcd6a2070ee4f9cdf05bc6947a6d6c366a7a35f30
Arothron meleagris,220525356,https://inaturalist-open-data.s3.amazonaws.com/photos/220525356/medium.jpeg,CC-BY 4.0,Alberto Alcalá,alboertoalcala,2022-08-06,https://www.inaturalist.org/observations/129741567,"© Alberto Alcalá, some rights reserved (CC-BY)",eb0d668101967bde4ed4c0c07e99c2b76adf4766f04b30ce49f90cf59fa2d32d
Arothron meleagris,311080441,https://inaturalist-open-data.s3.amazonaws.com/photos/311080441/medium.jpeg,CC-BY 4.0,Bill Levine,blevine,2023-08-15,https://www.inaturalist.org/observations/178743861,"© Bill Levine, some rights reserved (CC-BY)",0224ed5e4597a2070059ce03bb0ead41143e1a11e9270cb2a4afa17326a0850b
Arothron meleagris,311080415,https://inaturalist-open-data.s3.amazonaws.com/photos/311080415/medium.jpeg,CC-BY 4.0,Bill Levine,blevine,2023-08-15,https://www.inaturalist.org/observations/178743861,"© Bill Levine, some rights reserved (CC-BY)",42a456684cfaa59eaaa2c27ecc0701eff4cc6a8e7968bce65972cf5116c77c1a
Arothron meleagris,311080424,https://inaturalist-open-data.s3.amazonaws.com/photos/311080424/medium.jpeg,CC-BY 4.0,Bill Levine,blevine,2023-08-15,https://www.inaturalist.org/observations/178743861,"© Bill Levine, some rights reserved (CC-BY)",cc6363c5d22ae69e3033415b83dfc24f30c26f6a36b7652f545f2728773eb612
Arothron meleagris,311080405,https://inaturalist-open-data.s3.amazonaws.com/photos/311080405/medium.jpeg,CC-BY 4.0,Bill Levine,blevine,2023-08-15,https://www.inaturalist.org/observations/178743861,"© Bill Levine, some rights reserved (CC-BY)",a4a43def87fdba82642ae36bbd92f71f61aa8a1867a14003f46c313ad2919bef
Arothron meleagris,311080512,https://inaturalist-open-data.s3.amazonaws.com/photos/311080512/medium.jpeg,CC-BY 4.0,Bill Levine,blevine,2023-08-15,https://www.inaturalist.org/observations/178743861,"© Bill Levine, some rights reserved (CC-BY)",0e9b3ccee1b9944029a7bc0b9ac994dd469f38d8c3332ad71f6645be0cfe57af
Arothron meleagris,293163574,https://inaturalist-open-data.s3.amazonaws.com/photos/293163574/medium.jpg,CC-BY 4.0,Vsevolod Rudyi,ruseva,2023-06-24,https://www.inaturalist.org/observations/169113868,"© Vsevolod Rudyi, some rights reserved (CC-BY)",9773cc72db2b9191eecb31feed01d60db132626f3a10f674b3c6fca2649cc182
Arothron meleagris,452905781,https://inaturalist-open-data.s3.amazonaws.com/photos/452905781/medium.jpeg,CC-BY 4.0,Alberto Alcalá,alboertoalcala,2024-11-24,https://www.inaturalist.org/observations/252981297,"© Alberto Alcalá, some rights reserved (CC-BY)",aefb2862e4a040ea3a0e19755e63c1b3768250b6f58efcabc6d8c501abb70f00
Arothron meleagris,337403922,https://inaturalist-open-data.s3.amazonaws.com/photos/337403922/medium.jpeg,CC-BY 4.0,Carlos Domínguez-Rodríguez,blakesito,2023-10-30,https://www.inaturalist.org/observations/192227064,"© Carlos Domínguez-Rodríguez, some rights reserved (CC-BY)",de57433ad1d7b165e3238737371fa81005e28f44768b5292d2ca6edd18d9fc77
Arothron meleagris,337403976,https://inaturalist-open-data.s3.amazonaws.com/photos/337403976/medium.jpeg,CC-BY 4.0,Carlos Domínguez-Rodríguez,blakesito,2023-10-30,https://www.inaturalist.org/observations/192227064,"© Carlos Domínguez-Rodríguez, some rights reserved (CC-BY)",b50bfa2ee4d8e0d5d45749e1acb47f38edf3a376b6d975ec9fcb3534c883859f
Arothron meleagris,110630617,https://inaturalist-open-data.s3.amazonaws.com/photos/110630617/medium.jpeg,CC-BY 4.0,Carlos Domínguez-Rodríguez,blakesito,2021-01-18,https://www.inaturalist.org/observations/68339685,"© Carlos Domínguez-Rodríguez, some rights reserved (CC-BY)",90bbe9e8c82db25ea61f9cdd445d70d68c2e2802ee95a4dff157edf2fe214e5a
Arothron meleagris,110630618,https://inaturalist-open-data.s3.amazonaws.com/photos/110630618/medium.jpeg,CC-BY 4.0,Carlos Domínguez-Rodríguez,blakesito,2021-01-18,https://www.inaturalist.org/observations/68339685,"© Carlos Domínguez-Rodríguez, some rights reserved (CC-BY)",60c6176ab7e5d59fa21d53167f2dba6791b54fee8eec4f5156ffae6989aeebb7
Arothron meleagris,84130826,https://inaturalist-open-data.s3.amazonaws.com/photos/84130826/medium.jpeg,CC-BY 4.0,Alberto Alcalá,alboertoalcala,2020-07-12,https://www.inaturalist.org/observations/52908588,"© Alberto Alcalá, some rights reserved (CC-BY)",efb2a1ca43a129a5e3a9c644ed7dd6e004e28f6f70fcdac8d83ac53bbf987d0c
Arothron meleagris,380639973,https://inaturalist-open-data.s3.amazonaws.com/photos/380639973/medium.jpeg,CC-BY 4.0,Alberto Alcalá,alboertoalcala,2024-05-11,https://www.inaturalist.org/observations/215303945,"© Alberto Alcalá, some rights reserved (CC-BY)",e6c8008945e8cedfdca25c1133af9eeb07db5283a1fc6821b1cb0ec4d6499b1a
Arothron meleagris,173895242,https://inaturalist-open-data.s3.amazonaws.com/photos/173895242/medium.jpeg,CC-BY 4.0,Alberto Alcalá,alboertoalcala,2021-12-25,https://www.inaturalist.org/observations/103840062,"© Alberto Alcalá, some rights reserved (CC-BY)",218c1d8f7a19d6a0a843b2045e532353e07247bee853e65738099a88f1542190
Arothron meleagris,347634260,https://inaturalist-open-data.s3.amazonaws.com/photos/347634260/medium.jpeg,CC-BY 4.0,Alberto Alcalá,alboertoalcala,2024-01-22,https://www.inaturalist.org/observations/197384386,"© Alberto Alcalá, some rights reserved (CC-BY)",3ab77f97951e129d85ede1ff5b4df96ba0c6e577fbdff7a8fe4dea0f97b7b971
Arothron meleagris,347634267,https://inaturalist-open-data.s3.amazonaws.com/photos/347634267/medium.jpeg,CC-BY 4.0,Alberto Alcalá,alboertoalcala,2024-01-22,https://www.inaturalist.org/observations/197384386,"© Alberto Alcalá, some rights reserved (CC-BY)",646b009645f597dadfe3c0d8c4faf6ff98ef76244792c7632d6d6f1e876ab4c9
Arothron meleagris,559209255,https://inaturalist-open-data.s3.amazonaws.com/photos/559209255/medium.jpg,CC-BY 4.0,keesgroenendijk,keesgroenendijk,2025-08-27,https://www.inaturalist.org/observations/309868213,"© keesgroenendijk, some rights reserved (CC-BY)",ed91440fdd5af019e3e4e599a289ed4f3981146e98b9aea05737192bc4113b2b
Arothron meleagris,489756596,https://inaturalist-open-data.s3.amazonaws.com/photos/489756596/medium.jpeg,CC-BY 4.0,José Javier Barrios Flores,jose_javier_bf,2025-04-19,https://www.inaturalist.org/observations/272232935,"© José Javier Barrios Flores, some rights reserved (CC-BY)",a24698d007f2b4a64f068c0ad6b7e1bfae775c1834c0e08cebf78a20ef50c0c9
Arothron meleagris,596280575,https://inaturalist-open-data.s3.amazonaws.com/photos/596280575/medium.jpg,CC-BY 4.0,Robyn Perkins,r_perkins,2019-03-23,https://www.inaturalist.org/observations/328997660,"© Robyn Perkins, some rights reserved (CC-BY)",7608b87fb33168e0ff16e9d57ee1b92d3c4d1c9441462769d67d0993d99f54d6
Arothron meleagris,364631715,https://inaturalist-open-data.s3.amazonaws.com/photos/364631715/medium.jpeg,CC-BY 4.0,Alberto Alcalá,alboertoalcala,2024-04-08,https://www.inaturalist.org/observations/206174009,"© Alberto Alcalá, some rights reserved (CC-BY)",d06b4cbc672830f7877e1860659b18f0a04a8f9ace376dcf717985afa831cebb
Arothron meleagris,600582779,https://inaturalist-open-data.s3.amazonaws.com/photos/600582779/medium.jpg,CC-BY 4.0,Chris Kirby-Lambert,ckirby-lambert,2023-02-16,https://www.inaturalist.org/observations/331109579,"© Chris Kirby-Lambert, some rights reserved (CC-BY)",0ba74274960db1c55bbbf08ebb35ed9bf20bcf05e7bc90cfb798cc4ea58c8cc0
Arothron meleagris,318718655,https://inaturalist-open-data.s3.amazonaws.com/photos/318718655/medium.jpeg,CC-BY 4.0,Alberto Alcalá,alboertoalcala,2023-09-10,https://www.inaturalist.org/observations/182760899,"© Alberto Alcalá, some rights reserved (CC-BY)",b624f144038fc5b62f728bdab3153c7f39aa227894b8cb0df0a514f11fa74300
Sufflamen verres,575563983,https://inaturalist-open-data.s3.amazonaws.com/photos/575563983/medium.jpg,CC-BY 4.0,Carlos Martínez,carlos1869,2025-10-03,https://www.inaturalist.org/observations/318461627,"© Carlos Martínez, some rights reserved (CC-BY)",56e8f5178c22ee91feea5c16ea283ec4a04e9832ea502a4fd9ad5e553b8a8f40
Sufflamen verres,344098804,https://inaturalist-open-data.s3.amazonaws.com/photos/344098804/medium.jpeg,CC-BY 4.0,Bill Levine,blevine,2023-11-29,https://www.inaturalist.org/observations/195572350,"© Bill Levine, some rights reserved (CC-BY)",d76bb54cfb6333f5493e61c332d56fc443df8b4e122ad56f394bf2bf6e223087
Sufflamen verres,14120489,https://inaturalist-open-data.s3.amazonaws.com/photos/14120489/medium.jpeg,CC-BY 4.0,desertnaturalist,desertnaturalist,2002-01-02,https://www.inaturalist.org/observations/10218444,"© desertnaturalist, some rights reserved (CC-BY)",e9c4e6dc4e3d4e728c489e913146016caa48f87580f9e129896fc74c78fc1045
Sufflamen verres,99430181,https://inaturalist-open-data.s3.amazonaws.com/photos/99430181/medium.jpeg,CC-BY 4.0,Zac Peterson,zacpeterson,2006-04-22,https://www.inaturalist.org/observations/62085616,"© Zac Peterson, some rights reserved (CC-BY)",e995892478c14d0a99aba5482e059fe84dd8396aa3cd10c25be5041e288098e7
Sufflamen verres,99430186,https://inaturalist-open-data.s3.amazonaws.com/photos/99430186/medium.jpeg,CC-BY 4.0,Zac Peterson,zacpeterson,2006-04-22,https://www.inaturalist.org/observations/62085616,"© Zac Peterson, some rights reserved (CC-BY)",3b7393f9d742e0fc670a8b4f14fec05f939d65eae01cf44a3e7beb434c9b119f
Sufflamen verres,34792029,https://inaturalist-open-data.s3.amazonaws.com/photos/34792029/medium.jpg,CC-BY 4.0,keesgroenendijk,keesgroenendijk,2019-01-07,https://www.inaturalist.org/observations/22460520,"© keesgroenendijk, some rights reserved (CC-BY)",e727d6a11564de1ad0839c29a6791189963d5254afada8cf3db9d55b8ef57f02
Sufflamen verres,360910685,https://inaturalist-open-data.s3.amazonaws.com/photos/360910685/medium.jpg,CC-BY 4.0,Paul Asman,paulasman,2024-03-10,https://www.inaturalist.org/observations/204206744,"© Paul Asman, some rights reserved (CC-BY)",8e9271950dc328919f988a6efa3374cad6ffd68cdd90d8654a695ca5e89a4f97
Sufflamen verres,326314479,https://inaturalist-open-data.s3.amazonaws.com/photos/326314479/medium.jpg,CC-BY 4.0,Carlos Domínguez-Rodríguez,blakesito,2023-09-27,https://www.inaturalist.org/observations/186692031,"© Carlos Domínguez-Rodríguez, some rights reserved (CC-BY)",97f1e42ad55cc2f73b6f4ac184ea4bf0c309353c986b49a2d85d167ad0780d93
Sufflamen verres,326314486,https://inaturalist-open-data.s3.amazonaws.com/photos/326314486/medium.jpg,CC-BY 4.0,Carlos Domínguez-Rodríguez,blakesito,2023-09-27,https://www.inaturalist.org/observations/186692031,"© Carlos Domínguez-Rodríguez, some rights reserved (CC-BY)",e2924eea79457e6c951f28de8e2004853746e8304fa44b86fbc41ca4814ae527
Sufflamen verres,525904110,https://inaturalist-open-data.s3.amazonaws.com/photos/525904110/medium.jpg,CC-BY 4.0,Alberto Alcalá,alboertoalcala,2025-06-21,https://www.inaturalist.org/observations/292250123,"© Alberto Alcalá, some rights reserved (CC-BY)",e0905daed41ea6e51a09fd6ace5b834ce68451ae7df6d1398c0a2675766ffaaf
Sufflamen verres,484830604,https://inaturalist-open-data.s3.amazonaws.com/photos/484830604/medium.jpeg,CC-BY 4.0,keesgroenendijk,keesgroenendijk,2025-02-18,https://www.inaturalist.org/observations/269637697,"© keesgroenendijk, some rights reserved (CC-BY)",f6137236d642bf10cbf615a74914eb218117ea2fb3b6e068260387fb8203ba6e
Sufflamen verres,41989229,https://inaturalist-open-data.s3.amazonaws.com/photos/41989229/medium.jpg,CC-BY 4.0,John Brew,brewbooks,2019-05-18,https://www.inaturalist.org/observations/27014985,"© John Brew, some rights reserved (CC-BY)",dc70efd15d005e0463cb50778b2e5ed49bfda3ae144e9e021d4bd7f67521d6f5
Sufflamen verres,463685286,https://inaturalist-open-data.s3.amazonaws.com/photos/463685286/medium.jpg,CC-BY 4.0,Trevor Van Loon,trevvan,2024-12-28,https://www.inaturalist.org/observations/258441697,"© Trevor Van Loon, some rights reserved (CC-BY)",3c6a174b551e50257c358f14b8afe236842ba912dcc45ebb58daae94464bb37b
Sufflamen verres,334481287,https://inaturalist-open-data.s3.amazonaws.com/photos/334481287/medium.jpeg,CC-BY 4.0,Sinead Gómez,sineadgmz,2023-11-11,https://www.inaturalist.org/observations/190758996,"© Sinead Gómez, some rights reserved (CC-BY)",768caf658da759206c328dabbacba03f54bf46a2d0bc64064cf2c5d7d2fa7e70
Sufflamen verres,334481326,https://inaturalist-open-data.s3.amazonaws.com/photos/334481326/medium.jpeg,CC-BY 4.0,Sinead Gómez,sineadgmz,2023-11-11,https://www.inaturalist.org/observations/190758996,"© Sinead Gómez, some rights reserved (CC-BY)",38940897f7665a8d1eff5b0031af3588b1d26f7ca20a71a5419a0786f1f97792
Sufflamen verres,195925102,https://inaturalist-open-data.s3.amazonaws.com/photos/195925102/medium.jpeg,CC-BY 4.0,Carlos Domínguez-Rodríguez,blakesito,2022-04-29,https://www.inaturalist.org/observations/116086484,"© Carlos Domínguez-Rodríguez, some rights reserved (CC-BY)",0e382fc546c04556143c3f6915683381d3f9c9b2343f1a4b7874fcdb01dff514
Sufflamen verres,195925120,https://inaturalist-open-data.s3.amazonaws.com/photos/195925120/medium.jpeg,CC-BY 4.0,Carlos Domínguez-Rodríguez,blakesito,2022-04-29,https://www.inaturalist.org/observations/116086484,"© Carlos Domínguez-Rodríguez, some rights reserved (CC-BY)",79e62c89e76390ba4f6df289f984697d97e700fd81b0616750c47661f0199ca5
Sufflamen verres,82379689,https://inaturalist-open-data.s3.amazonaws.com/photos/82379689/medium.jpg,CC-BY 4.0,Carlos Domínguez-Rodríguez,blakesito,2020-07-02,https://www.inaturalist.org/observations/51837019,"© Carlos Domínguez-Rodríguez, some rights reserved (CC-BY)",64c65d635d8a89d0d557ba5b5bd67a253b515a0f14b0b79426ccfd0b0ccbd454
Sufflamen verres,707979231,https://inaturalist-open-data.s3.amazonaws.com/photos/707979231/medium.jpg,CC-BY 4.0,Kai Murphy,kaimurphy,2026-07-30,https://www.inaturalist.org/observations/386666817,"© Kai Murphy, some rights reserved (CC-BY)",f30cf811b2fd3d72086d3bfa03981bb686a8f9c74c6c1bedc2189286a582944e
Sufflamen verres,463676293,https://inaturalist-open-data.s3.amazonaws.com/photos/463676293/medium.jpg,CC-BY 4.0,Trevor Van Loon,trevvan,2024-12-27,https://www.inaturalist.org/observations/258438260,"© Trevor Van Loon, some rights reserved (CC-BY)",9f8025d69e709a1d9df08e3bf8fd347f802d2bf7a58d4e8166f61955d78969da
Sufflamen verres,350526764,https://inaturalist-open-data.s3.amazonaws.com/photos/350526764/medium.jpeg,CC-BY 4.0,Rob Foster,rob21,2024-01-18,https://www.inaturalist.org/observations/198833004,"© Rob Foster, some rights reserved (CC-BY)",04e2b4c920fe238d40c1444b2a0de930250e9f3434221569895b2a53181f553d
Sufflamen verres,350526761,https://inaturalist-open-data.s3.amazonaws.com/photos/350526761/medium.jpeg,CC-BY 4.0,Rob Foster,rob21,2024-01-18,https://www.inaturalist.org/observations/198833004,"© Rob Foster, some rights reserved (CC-BY)",3233f84f48c6c63b1d3184963b59ba9b8d55a5131f6aac65d804cf67a796d3fc
Sufflamen verres,350526770,https://inaturalist-open-data.s3.amazonaws.com/photos/350526770/medium.jpeg,CC-BY 4.0,Rob Foster,rob21,2024-01-18,https://www.inaturalist.org/observations/198833004,"© Rob Foster, some rights reserved (CC-BY)",2e6dd8da056a789280ce060ede2b69835da74b13d800ec634020229923d3ce46
Sufflamen verres,352992961,https://inaturalist-open-data.s3.amazonaws.com/photos/352992961/medium.jpeg,CC-BY 4.0,Zihao Wang,zihaowang,2024-01-01,https://www.inaturalist.org/observations/200109478,"© Zihao Wang, some rights reserved (CC-BY)",4420f6e8753f9c2496755b7849e234d78455d24af068f3270cebe1830aedd662
Sufflamen verres,352992967,https://inaturalist-open-data.s3.amazonaws.com/photos/352992967/medium.jpeg,CC-BY 4.0,Zihao Wang,zihaowang,2024-01-01,https://www.inaturalist.org/observations/200109478,"© Zihao Wang, some rights reserved (CC-BY)",b43b82408c31fa3e189d33d5f19c5afc804b646b999151a7a058952a7becabf4
Sufflamen verres,50207318,https://inaturalist-open-data.s3.amazonaws.com/photos/50207318/medium.jpg,CC-BY 4.0,John G. Phillips,johngsalamander,2019-01-05,https://www.inaturalist.org/observations/32037565,"© John G. Phillips, some rights reserved (CC-BY)",c64af322324509f5c03b07f7b065c4bf3df700d233fd5578c5e048e88a5a82d8
Sufflamen verres,50207321,https://inaturalist-open-data.s3.amazonaws.com/photos/50207321/medium.jpg,CC-BY 4.0,John G. Phillips,johngsalamander,2019-01-05,https://www.inaturalist.org/observations/32037565,"© John G. Phillips, some rights reserved (CC-BY)",8abdb1586d0d694d970e3a580f6d947410ee3ca33797d5736dbd4a26bdd6523c
Sufflamen verres,695010414,https://inaturalist-open-data.s3.amazonaws.com/photos/695010414/medium.jpg,CC-BY 4.0,Slunky,slunky,2026-06-23,https://www.inaturalist.org/observations/379923874,"© Slunky, some rights reserved (CC-BY)",8e5c8f1c5f4bb7630fb4d25f32ed9fb8d60f96305c459b2993f03c4504c8402c
Sufflamen verres,546822216,https://inaturalist-open-data.s3.amazonaws.com/photos/546822216/medium.jpg,CC-BY 4.0,Carlos Domínguez-Rodríguez,blakesito,2025-08-02,https://www.inaturalist.org/observations/303385663,"© Carlos Domínguez-Rodríguez, some rights reserved (CC-BY)",92f83805e3876aa92b71a74af5a92044c1825c5597cf40609b92a027ff80beb0
Sufflamen verres,224270777,https://inaturalist-open-data.s3.amazonaws.com/photos/224270777/medium.jpeg,CC-BY 4.0,keesgroenendijk,keesgroenendijk,2022-08-11,https://www.inaturalist.org/observations/131760428,"© keesgroenendijk, some rights reserved (CC-BY)",ab216e4db2948f0af4b6b7b8b5b71cbb64107d58cfb91c12cf2735c7d8a85f45
Paranthias colonus,526461321,https://inaturalist-open-data.s3.amazonaws.com/photos/526461321/medium.jpg,CC-BY 4.0,Alberto Alcalá,alboertoalcala,2025-06-22,https://www.inaturalist.org/observations/292542546,"© Alberto Alcalá, some rights reserved (CC-BY)",d9d6a25b17090636e6272c5c26d5edcfa998a79ea7c895e9ad4341b52645a22b
Paranthias colonus,478788547,https://inaturalist-open-data.s3.amazonaws.com/photos/478788547/medium.jpeg,CC-BY 4.0,Alberto Alcalá,alboertoalcala,2025-03-22,https://www.inaturalist.org/observations/266475659,"© Alberto Alcalá, some rights reserved (CC-BY)",474d46455d8a330c208f022d6b0debdea2b5a8adec86ebbbe59011e0ef8a7fbf
Paranthias colonus,91428738,https://inaturalist-open-data.s3.amazonaws.com/photos/91428738/medium.jpg,CC-BY 4.0,Ryan McMinds,rmcminds,2016-07-21,https://www.inaturalist.org/observations/57326406,"© Ryan McMinds, some rights reserved (CC-BY)",bfec3f1511c76e9d038da4c88ae18bb5df2d02248234177ec3283f5e44a7c342
Paranthias colonus,98586137,https://inaturalist-open-data.s3.amazonaws.com/photos/98586137/medium.jpeg,CC-BY 4.0,A H,nanaabana,2017-03-06,https://www.inaturalist.org/observations/61601806,"© A H, some rights reserved (CC-BY)",4d2949ede8faa1acb9d2a063230ac28d9c877535689b403b37691f89f0b13781
Paranthias colonus,98586271,https://inaturalist-open-data.s3.amazonaws.com/photos/98586271/medium.jpeg,CC-BY 4.0,A H,nanaabana,2017-03-06,https://www.inaturalist.org/observations/61601806,"© A H, some rights reserved (CC-BY)",15939e3cab6f0b43bd3e17ead55006ef75fc09cda63ef4504a8de2f3e66cdf48
Paranthias colonus,221255358,https://inaturalist-open-data.s3.amazonaws.com/photos/221255358/medium.jpeg,CC-BY 4.0,Bill Levine,blevine,2022-08-08,https://www.inaturalist.org/observations/130136950,"© Bill Levine, some rights reserved (CC-BY)",14c392cbbe81cd13f549094035d4c7d32b8840b83432c00c14798045e7a94001
Paranthias colonus,464713346,https://inaturalist-open-data.s3.amazonaws.com/photos/464713346/medium.jpeg,CC-BY 4.0,Alberto Alcalá,alboertoalcala,2025-01-18,https://www.inaturalist.org/observations/258943598,"© Alberto Alcalá, some rights reserved (CC-BY)",33c0a75f64a679d4b4754aeea243d2a6dc54a89c636697d1f4e2510125a97a22
Paranthias colonus,458543624,https://inaturalist-open-data.s3.amazonaws.com/photos/458543624/medium.jpg,CC-BY 4.0,James-LaFontaine,jameslafo,2024-12-21,https://www.inaturalist.org/observations/255824837,"© James-LaFontaine, some rights reserved (CC-BY)",276c2010089ed1f668df380e3d19b5f735ded1a92c4f267ed66d7b4b9a9abd91
Paranthias colonus,33301103,https://inaturalist-open-data.s3.amazonaws.com/photos/33301103/medium.jpg,CC-BY 4.0,keesgroenendijk,keesgroenendijk,2014-10-21,https://www.inaturalist.org/observations/21519153,"© keesgroenendijk, some rights reserved (CC-BY)",a935ad77be5aee8c9d072f96b965b52bd59a2a3b4fed24013901e2cf4bb1a8ab
Paranthias colonus,707973938,https://inaturalist-open-data.s3.amazonaws.com/photos/707973938/medium.jpg,CC-BY 4.0,Kai Murphy,kaimurphy,2026-07-30,https://www.inaturalist.org/observations/386663629,"© Kai Murphy, some rights reserved (CC-BY)",ed57547e033c717bbbd754eb79792042c08858ff5f2431f442664b96ef6c2ec3
Paranthias colonus,189688429,https://inaturalist-open-data.s3.amazonaws.com/photos/189688429/medium.jpeg,CC-BY 4.0,Alberto Alcalá,alboertoalcala,2022-04-21,https://www.inaturalist.org/observations/112304604,"© Alberto Alcalá, some rights reserved (CC-BY)",97a887064ec24db1da1298e49e7d0c9990a850bcc8598dffb571eb86eaad1c71
Paranthias colonus,31401248,https://inaturalist-open-data.s3.amazonaws.com/photos/31401248/medium.jpg,CC-BY 4.0,keesgroenendijk,keesgroenendijk,2019-01-04,https://www.inaturalist.org/observations/20335833,"© keesgroenendijk, some rights reserved (CC-BY)",b73195eea94c20909b9ea77a40f2446edf59dd7f234acf1a29adbd97bec2412c
Paranthias colonus,245618214,https://inaturalist-open-data.s3.amazonaws.com/photos/245618214/medium.jpeg,CC-BY 4.0,keesgroenendijk,keesgroenendijk,2022-11-27,https://www.inaturalist.org/observations/143233670,"© keesgroenendijk, some rights reserved (CC-BY)",6aae24f0a084d431a47e8f1d02a48c1066357e7644ed2390fc33ef53cfd08c89
Paranthias colonus,266312902,https://inaturalist-open-data.s3.amazonaws.com/photos/266312902/medium.jpeg,CC-BY 4.0,keesgroenendijk,keesgroenendijk,2023-02-11,https://www.inaturalist.org/observations/154146007,"© keesgroenendijk, some rights reserved (CC-BY)",dbefbedf07d1075323d35955ce2ac069282a5425a7593920baef164f1aa3f607
Paranthias colonus,221255008,https://inaturalist-open-data.s3.amazonaws.com/photos/221255008/medium.jpeg,CC-BY 4.0,Bill Levine,blevine,2022-08-08,https://www.inaturalist.org/observations/130136929,"© Bill Levine, some rights reserved (CC-BY)",3f531ba3ff3a45cbc91dd48faa6162d80183ffedc53bda2c258a57c037271031
Paranthias colonus,178841413,https://inaturalist-open-data.s3.amazonaws.com/photos/178841413/medium.jpeg,CC-BY 4.0,keesgroenendijk,keesgroenendijk,2022-02-06,https://www.inaturalist.org/observations/106460257,"© keesgroenendijk, some rights reserved (CC-BY)",9ae6fa0ff50c5f291746477f493a6d090b2157ba86bfe54bba23ae0e0ab16b04
Paranthias colonus,467552139,https://inaturalist-open-data.s3.amazonaws.com/photos/467552139/medium.jpeg,CC-BY 4.0,Susan Murphy,suemurphy,2024-01-28,https://www.inaturalist.org/observations/260359750,"© Susan Murphy, some rights reserved (CC-BY)",bdc68c4fad55306483e037a70fd12ce50941b96dddec4c1af4e24ec32964257f
Paranthias colonus,525343022,https://inaturalist-open-data.s3.amazonaws.com/photos/525343022/medium.jpg,CC-BY 4.0,Melissa Meadows,melissameadows,2025-06-12,https://www.inaturalist.org/observations/291958167,"© Melissa Meadows, some rights reserved (CC-BY)",f4cc9426b6016fd61ce3e9f4675b268236b2b1cc152a4fd836b86702c6a4c7c3
Paranthias colonus,525343020,https://inaturalist-open-data.s3.amazonaws.com/photos/525343020/medium.jpg,CC-BY 4.0,Melissa Meadows,melissameadows,2025-06-12,https://www.inaturalist.org/observations/291958167,"© Melissa Meadows, some rights reserved (CC-BY)",22180d801761c66613698f2a71f56dd943d845a384af893221395435da5701d1
Paranthias colonus,12425620,https://inaturalist-open-data.s3.amazonaws.com/photos/12425620/medium.jpg,CC-BY 4.0,Julien Renoult,jujurenoult,2017-03-23,https://www.inaturalist.org/observations/9182408,"© Julien Renoult, some rights reserved (CC-BY)",bc28e1ddd795fa3f945f7ba2eb37b7eb9a8d54968f0de1b75af4549384e83cf6
Paranthias colonus,64964913,https://inaturalist-open-data.s3.amazonaws.com/photos/64964913/medium.png,CC-BY 4.0,Kristof Zyskowski,kristofz,2020-03-02,https://www.inaturalist.org/observations/40973178,"© Kristof Zyskowski, some rights reserved (CC-BY)",3de3ed5d8a712d5f31053a6c372206af9c6aacdb4ca878b08a11b1096bc08a94
Paranthias colonus,98587228,https://inaturalist-open-data.s3.amazonaws.com/photos/98587228/medium.jpeg,CC-BY 4.0,A H,nanaabana,2017-03-06,https://www.inaturalist.org/observations/61601810,"© A H, some rights reserved (CC-BY)",
Paranthias colonus,190489921,https://inaturalist-open-data.s3.amazonaws.com/photos/190489921/medium.jpeg,CC-BY 4.0,Alberto Alcalá,alboertoalcala,2022-04-24,https://www.inaturalist.org/observations/112764462,"© Alberto Alcalá, some rights reserved (CC-BY)",8c8a3132a455c9a25b030bf0e8e258586a6a66e9b6ae8ae1f6345bd5a6e090d4
Paranthias colonus,558286764,https://inaturalist-open-data.s3.amazonaws.com/photos/558286764/medium.jpg,CC-BY 4.0,Uma Mezzanotte,uma_dives,2020-04-15,https://www.inaturalist.org/observations/309387157,"© Uma Mezzanotte, some rights reserved (CC-BY)",21bc9dbae8a4b87f12d24916ad22e2f786cfd89ca64927582c64a3e77e39f8e1
Paranthias colonus,471628229,https://inaturalist-open-data.s3.amazonaws.com/photos/471628229/medium.jpeg,CC-BY 4.0,CaracalShan,caracalshan,2024-02-24,https://www.inaturalist.org/observations/262597694,"© CaracalShan, some rights reserved (CC-BY)",0f3c4916ee2a662085de16f529113223887bd971308366bfb361971d00fad4fe
Paranthias colonus,466413938,https://inaturalist-open-data.s3.amazonaws.com/photos/466413938/medium.jpeg,CC-BY 4.0,keesgroenendijk,keesgroenendijk,2025-01-06,https://www.inaturalist.org/observations/259785800,"© keesgroenendijk, some rights reserved (CC-BY)",5dfec03966b70c9031ac8341440b3d1a7169c2a8080bd6cc92fda36051b07b6b
Paranthias colonus,193334581,https://inaturalist-open-data.s3.amazonaws.com/photos/193334581/medium.jpeg,CC-BY 4.0,Alberto Alcalá,alboertoalcala,2022-05-01,https://www.inaturalist.org/observations/114493010,"© Alberto Alcalá, some rights reserved (CC-BY)",0c02303a9d51b5dac041fd0d99411b5be9630b44b2ea25b68201f88bafe33b7b
Mycteroperca rosacea,225342328,https://inaturalist-open-data.s3.amazonaws.com/photos/225342328/medium.jpeg,CC-BY 4.0,Bill Levine,blevine,2022-08-25,https://www.inaturalist.org/observations/132336020,"© Bill Levine, some rights reserved (CC-BY)",43ed3d74a1fc768e24774927925850b81c638af46790eef75836e57e513dc2c8
Mycteroperca rosacea,56542435,https://inaturalist-open-data.s3.amazonaws.com/photos/56542435/medium.jpeg,CC-BY 4.0,als93,als93,2018-08-03,https://www.inaturalist.org/observations/35826451,"© als93, some rights reserved (CC-BY)",3681890131dc54b4ff85b44ea48e2e46d6b8d225ada9cb3532391a96e64cd211
Mycteroperca rosacea,662944939,https://inaturalist-open-data.s3.amazonaws.com/photos/662944939/medium.jpg,CC-BY 4.0,tunicatedreamz,tunicatedreamz,2026-05-19,https://www.inaturalist.org/observations/363192521,"© tunicatedreamz, some rights reserved (CC-BY)",ca5858017c07a132399313e18d254620580c9f80cf3b389e39171b0eae408c7e
Mycteroperca rosacea,662944949,https://inaturalist-open-data.s3.amazonaws.com/photos/662944949/medium.jpg,CC-BY 4.0,tunicatedreamz,tunicatedreamz,2026-05-19,https://www.inaturalist.org/observations/363192521,"© tunicatedreamz, some rights reserved (CC-BY)",f42af3737d750bc64ce391480fa6e0269d57064901ff52980021982441e0ae94
Mycteroperca rosacea,116954229,https://inaturalist-open-data.s3.amazonaws.com/photos/116954229/medium.jpeg,CC-BY 4.0,Bill Levine,blevine,2021-03-21,https://www.inaturalist.org/observations/71799058,"© Bill Levine, some rights reserved (CC-BY)",38e52ff5e6b0d67a84af536977d31e76c222d1760eb9df62343e07a230874d92
Mycteroperca rosacea,282433144,https://inaturalist-open-data.s3.amazonaws.com/photos/282433144/medium.jpeg,CC-BY 4.0,Bill Levine,blevine,2023-05-22,https://www.inaturalist.org/observations/163304693,"© Bill Levine, some rights reserved (CC-BY)",e0f57d630c899ebd13a1fa9c8833bcda7709f4c22bd0f9b0c64e9dd94aa83df3
Mycteroperca rosacea,681867434,https://inaturalist-open-data.s3.amazonaws.com/photos/681867434/medium.jpg,CC-BY 4.0,mikazilla,mikazilla,2026-06-15,https://www.inaturalist.org/observations/373121684,"© mikazilla, some rights reserved (CC-BY)",503d7e36db364334492b5286529d1e1f01904efb3eb6566c755f5a1909b1b201
Mycteroperca rosacea,56542365,https://inaturalist-open-data.s3.amazonaws.com/photos/56542365/medium.jpeg,CC-BY 4.0,als93,als93,2018-08-03,https://www.inaturalist.org/observations/35826450,"© als93, some rights reserved (CC-BY)",3d8908f230e86c9762a975960626f14ad2070f5f9a8abb07694d2e2f61352796
Mycteroperca rosacea,18879818,https://inaturalist-open-data.s3.amazonaws.com/photos/18879818/medium.jpg,CC-BY 4.0,Bill Levine,blevine,2013-01-01,https://www.inaturalist.org/observations/12982766,"© Bill Levine, some rights reserved (CC-BY)",78c71f6721fb94371d59fcef8bba6758a360e6dc9f31a9683db12c7a58a16c30
Mycteroperca rosacea,116953866,https://inaturalist-open-data.s3.amazonaws.com/photos/116953866/medium.jpeg,CC-BY 4.0,Bill Levine,blevine,2021-03-21,https://www.inaturalist.org/observations/71799036,"© Bill Levine, some rights reserved (CC-BY)",7ff2291ade7c32faf35ffb89ae465862e5b576479ca40a249565824d47c9c542
Mycteroperca rosacea,620873887,https://inaturalist-open-data.s3.amazonaws.com/photos/620873887/medium.jpg,CC-BY 4.0,Rachel Crane,rachelonthereef,2026-02-04,https://www.inaturalist.org/observations/341100699,"© Rachel Crane, some rights reserved (CC-BY)",2ba3c1b3c0bada65cb24b6a79541427c098a58d8307131a015c85cbc6588cd2c
Mycteroperca rosacea,344100195,https://inaturalist-open-data.s3.amazonaws.com/photos/344100195/medium.jpeg,CC-BY 4.0,Bill Levine,blevine,2023-12-30,https://www.inaturalist.org/observations/195573032,"© Bill Levine, some rights reserved (CC-BY)",73ab9c39aabb8fa38f0ab89a6cc2c17f31af953948f0788a6455542a959b3349
Mycteroperca rosacea,148735999,https://inaturalist-open-data.s3.amazonaws.com/photos/148735999/medium.jpg,CC-BY 4.0,Bill Levine,blevine,2021-08-04,https://www.inaturalist.org/observations/90028308,"© Bill Levine, some rights reserved (CC-BY)",76681e6eb56e2efe1bffbb563ea94e04282d02dfc5e4be62c480f96a02122f44
Mycteroperca rosacea,148736018,https://inaturalist-open-data.s3.amazonaws.com/photos/148736018/medium.jpg,CC-BY 4.0,Bill Levine,blevine,2021-08-04,https://www.inaturalist.org/observations/90028308,"© Bill Levine, some rights reserved (CC-BY)",ed9204108490718ff8061edfda45ef5a6f43d673d0b3a4d5c3bf8b8d7eb6f076
Mycteroperca rosacea,225058811,https://inaturalist-open-data.s3.amazonaws.com/photos/225058811/medium.jpeg,CC-BY 4.0,Bill Levine,blevine,2022-08-24,https://www.inaturalist.org/observations/132183549,"© Bill Levine, some rights reserved (CC-BY)",58d625e761af3c8bbe2f07319b706dcd30b73fb0ba0e462ef82fe37049efbb7b
Mycteroperca rosacea,225059034,https://inaturalist-open-data.s3.amazonaws.com/photos/225059034/medium.jpeg,CC-BY 4.0,Bill Levine,blevine,2022-08-24,https://www.inaturalist.org/observations/132183577,"© Bill Levine, some rights reserved (CC-BY)",d07a698b104f6d32deac9f63d6d274434c29f9bd159812e92bd58c35d88e2e0d
Mycteroperca rosacea,225344893,https://inaturalist-open-data.s3.amazonaws.com/photos/225344893/medium.jpeg,CC-BY 4.0,Bill Levine,blevine,2022-08-25,https://www.inaturalist.org/observations/132336049,"© Bill Levine, some rights reserved (CC-BY)",56723906af575713705e2be27c6e1d5bee5a43454f4b52d8e3756f37a4e1a97b
Mycteroperca rosacea,344100196,https://inaturalist-open-data.s3.amazonaws.com/photos/344100196/medium.jpeg,CC-BY 4.0,Bill Levine,blevine,2023-12-30,https://www.inaturalist.org/observations/195573031,"© Bill Levine, some rights reserved (CC-BY)",41cfb157ddb892f2251079f5d10142f88e1773031f7daaffb3ddf6fbd55eb884
Mycteroperca rosacea,344100193,https://inaturalist-open-data.s3.amazonaws.com/photos/344100193/medium.jpeg,CC-BY 4.0,Bill Levine,blevine,2023-12-30,https://www.inaturalist.org/observations/195573031,"© Bill Levine, some rights reserved (CC-BY)",62b9c940c299f3f80ca1ad6a92ddd0ae791dc3993db8be65a53d28c15e13218d
Mycteroperca rosacea,27307038,https://inaturalist-open-data.s3.amazonaws.com/photos/27307038/medium.jpg,CC-BY 4.0,Ken-ichi Ueda,kueda,2018-10-19,https://www.inaturalist.org/observations/17883150,"© Ken-ichi Ueda, some rights reserved (CC-BY)",4b4b4e3d7d90dadb45fc174b192eec895e4a2709ee1e8d1c67f61bebef476ab8
Mycteroperca rosacea,620863522,https://inaturalist-open-data.s3.amazonaws.com/photos/620863522/medium.jpg,CC-BY 4.0,Rachel Crane,rachelonthereef,2026-02-09,https://www.inaturalist.org/observations/341096662,"© Rachel Crane, some rights reserved (CC-BY)",3795924e215acfa1c34ece2e6cb2f424351382de0be07c5f4c68030ac1f81039
Mycteroperca rosacea,64960677,https://inaturalist-open-data.s3.amazonaws.com/photos/64960677/medium.png,CC-BY 4.0,Kristof Zyskowski,kristofz,2020-03-02,https://www.inaturalist.org/observations/40973173,"© Kristof Zyskowski, some rights reserved (CC-BY)",8ef9e436bac6300942869a04f4099711a6b8ffd3e9959c521f62aaa04cbeb340
Mycteroperca rosacea,353264744,https://inaturalist-open-data.s3.amazonaws.com/photos/353264744/medium.jpeg,CC-BY 4.0,Cricket Raspet,chilipossum,2024-02-23,https://www.inaturalist.org/observations/200248557,"© Cricket Raspet, some rights reserved (CC-BY)",8a8c4f48cbdb65d6c0d656a81cf89fe9457f018878486361ce2c9336e567cb61
Mycteroperca rosacea,353264805,https://inaturalist-open-data.s3.amazonaws.com/photos/353264805/medium.jpeg,CC-BY 4.0,Cricket Raspet,chilipossum,2024-02-23,https://www.inaturalist.org/observations/200248557,"© Cricket Raspet, some rights reserved (CC-BY)",db1880d72b19eb463cb5bd7bcb621329ecbd99b6263f58d18a2c70c79d080dd5
Mycteroperca rosacea,311079368,https://inaturalist-open-data.s3.amazonaws.com/photos/311079368/medium.jpeg,CC-BY 4.0,Bill Levine,blevine,2023-08-15,https://www.inaturalist.org/observations/178743818,"© Bill Levine, some rights reserved (CC-BY)",43598eb5d83c84ae6c78d5cb04514df83399ea7cc32d2b308172d8dce3b9482a
Mycteroperca rosacea,311079383,https://inaturalist-open-data.s3.amazonaws.com/photos/311079383/medium.jpeg,CC-BY 4.0,Bill Levine,blevine,2023-08-15,https://www.inaturalist.org/observations/178743818,"© Bill Levine, some rights reserved (CC-BY)",955c961ab988e8b7884f7babfe12c30ab7320e2a8425b852db4ad9f8d98fc2ec
Mulloidichthys dentatus,59073688,https://inaturalist-open-data.s3.amazonaws.com/photos/59073688/medium.jpg,CC-BY 4.0,Louis Imbeau,imbeaul,2019-12-23,https://www.inaturalist.org/observations/37281701,"© Louis Imbeau, some rights reserved (CC-BY)",49736dd78ce250f91b4ad24ba17b2ec0b9c7b21ef84a56de2e69032f2c385b66
Mulloidichthys dentatus,59073739,https://inaturalist-open-data.s3.amazonaws.com/photos/59073739/medium.jpg,CC-BY 4.0,Louis Imbeau,imbeaul,2019-12-23,https://www.inaturalist.org/observations/37281701,"© Louis Imbeau, some rights reserved (CC-BY)",d3fb6e74c96260767ace2c9990cdbaa5380547ee7434912b803abf41005bc5f9
Mulloidichthys dentatus,59073786,https://inaturalist-open-data.s3.amazonaws.com/photos/59073786/medium.jpg,CC-BY 4.0,Louis Imbeau,imbeaul,2019-12-23,https://www.inaturalist.org/observations/37281701,"© Louis Imbeau, some rights reserved (CC-BY)",72c84b88b701d46cfac2581b70722f7a151de7cf1d0746087d29ffb1520bbe4e
Mulloidichthys dentatus,59073842,https://inaturalist-open-data.s3.amazonaws.com/photos/59073842/medium.jpg,CC-BY 4.0,Louis Imbeau,imbeaul,2019-12-23,https://www.inaturalist.org/observations/37281701,"© Louis Imbeau, some rights reserved (CC-BY)",ecf54d9a72f50cd6e7e9b86359cdccffedd096b1d03a48c9e93f1bc49797cda3
Mulloidichthys dentatus,344098876,https://inaturalist-open-data.s3.amazonaws.com/photos/344098876/medium.jpeg,CC-BY 4.0,Bill Levine,blevine,2023-11-29,https://www.inaturalist.org/observations/195572355,"© Bill Levine, some rights reserved (CC-BY)",e68826906b71fcdf5f95d5de4d27dbb704700c4761bf17501758fafaf1c3b472
Mulloidichthys dentatus,462263839,https://inaturalist-open-data.s3.amazonaws.com/photos/462263839/medium.jpeg,CC-BY 4.0,Alberto Alcalá,alboertoalcala,2025-01-05,https://www.inaturalist.org/observations/257667705,"© Alberto Alcalá, some rights reserved (CC-BY)",2de481e60d95762979c0e26b77192971bd3a2e68e13ce25573c34c8b241f59a8
Mulloidichthys dentatus,471627957,https://inaturalist-open-data.s3.amazonaws.com/photos/471627957/medium.jpeg,CC-BY 4.0,CaracalShan,caracalshan,2024-02-24,https://www.inaturalist.org/observations/262597680,"© CaracalShan, some rights reserved (CC-BY)",28a61d7f2b5335cc348d21b68af413b65fe474688b21acc55c83d76332661d6d
Mulloidichthys dentatus,685423004,https://inaturalist-open-data.s3.amazonaws.com/photos/685423004/medium.jpg,CC-BY 4.0,Alberto Alcalá,alboertoalcala,2024-05-24,https://www.inaturalist.org/observations/374968205,"© Alberto Alcalá, some rights reserved (CC-BY)",a3f3b62003c66d2ee1db31c322df54045b4b9f032e5c65849336e3f2ddf203d0
Mulloidichthys dentatus,318230314,https://inaturalist-open-data.s3.amazonaws.com/photos/318230314/medium.jpeg,CC-BY 4.0,Alberto Alcalá,alboertoalcala,2023-09-09,https://www.inaturalist.org/observations/182510653,"© Alberto Alcalá, some rights reserved (CC-BY)",011fb2b6c3ad06327e71d5675ede893c6b837e08060847bfdea2075a4d58f225
Mulloidichthys dentatus,25616884,https://inaturalist-open-data.s3.amazonaws.com/photos/25616884/medium.jpg,CC-BY 4.0,Bill Levine,blevine,2018-09-26,https://www.inaturalist.org/observations/16949448,"© Bill Levine, some rights reserved (CC-BY)",a9785dd6edbdbe27e2a87ea0f56f73c0c5c14f1044fa259cb7c0523f680c6faa
Mulloidichthys dentatus,25616903,https://inaturalist-open-data.s3.amazonaws.com/photos/25616903/medium.jpg,CC-BY 4.0,Bill Levine,blevine,2018-09-26,https://www.inaturalist.org/observations/16949448,"© Bill Levine, some rights reserved (CC-BY)",3457d52874591bd09aa2fdcce490bdae2d4a37cac09ac82e90bd036880091748
Mulloidichthys dentatus,148770413,https://inaturalist-open-data.s3.amazonaws.com/photos/148770413/medium.jpeg,CC-BY 4.0,Carlos Domínguez-Rodríguez,blakesito,2021-08-05,https://www.inaturalist.org/observations/90051024,"© Carlos Domínguez-Rodríguez, some rights reserved (CC-BY)",a8a13504b0a12514a01aa16fd7d26c9efb9647dc74d697bc641cbc2aca7db84f
Mulloidichthys dentatus,148770432,https://inaturalist-open-data.s3.amazonaws.com/photos/148770432/medium.jpeg,CC-BY 4.0,Carlos Domínguez-Rodríguez,blakesito,2021-08-05,https://www.inaturalist.org/observations/90051024,"© Carlos Domínguez-Rodríguez, some rights reserved (CC-BY)",4fcc93b94719a6d2f79e5ca7da2111841fad9f7f90894cdd4e4f249d777699e5
Mulloidichthys dentatus,487297150,https://inaturalist-open-data.s3.amazonaws.com/photos/487297150/medium.jpeg,CC-BY 4.0,keesgroenendijk,keesgroenendijk,2025-03-14,https://www.inaturalist.org/observations/270931717,"© keesgroenendijk, some rights reserved (CC-BY)",7ec7f8c674c6b4ea1b4487f46b6123a2f2dcef95b01102156c46f2f4c0cfbc0e
Mulloidichthys dentatus,258823298,https://inaturalist-open-data.s3.amazonaws.com/photos/258823298/medium.jpeg,CC-BY 4.0,Carlos Domínguez-Rodríguez,blakesito,2023-02-21,https://www.inaturalist.org/observations/150137935,"© Carlos Domínguez-Rodríguez, some rights reserved (CC-BY)",03b8002a6f0a947d5b9d135d25c8d3aa7da1768f9af5768cc7f337e53c8e561a
Mulloidichthys dentatus,220795280,https://inaturalist-open-data.s3.amazonaws.com/photos/220795280/medium.jpeg,CC-BY 4.0,Alberto Alcalá,alboertoalcala,2022-08-06,https://www.inaturalist.org/observations/129886586,"© Alberto Alcalá, some rights reserved (CC-BY)",2640c640417eff4f7d043d3981ae4412446591d104f134d20816989d27f0f392
Mulloidichthys dentatus,241863805,https://inaturalist-open-data.s3.amazonaws.com/photos/241863805/medium.jpg,CC-BY 4.0,Andrew McKinlay,apmckinlay,2022-10-09,https://www.inaturalist.org/observations/141213348,"© Andrew McKinlay, some rights reserved (CC-BY)",62284f6b5da382b961696325c55e4dd442b64a791be596050f4f71b49ab3ab03
Mulloidichthys dentatus,249393805,https://inaturalist-open-data.s3.amazonaws.com/photos/249393805/medium.jpg,CC-BY 4.0,Robin White,robin_dive_diva,2022-12-22,https://www.inaturalist.org/observations/145208674,"© Robin White, some rights reserved (CC-BY)",4988811c55c12d598d13d011f1ce1b15b75a8b7c364b65ce20357b5656c408be
Mulloidichthys dentatus,249393895,https://inaturalist-open-data.s3.amazonaws.com/photos/249393895/medium.jpg,CC-BY 4.0,Robin White,robin_dive_diva,2022-12-22,https://www.inaturalist.org/observations/145208674,"© Robin White, some rights reserved (CC-BY)",1ed84404d12695d6fc0f7b57e9f43358343b119bab62374056ad29cd1492af57
Mulloidichthys dentatus,11893791,https://inaturalist-open-data.s3.amazonaws.com/photos/11893791/medium.jpeg,CC-BY 4.0,Carlos Domínguez-Rodríguez,blakesito,2017-07-25,https://www.inaturalist.org/observations/8850011,"© Carlos Domínguez-Rodríguez, some rights reserved (CC-BY)",5580d328a7e0c130b2e8f7b501f4407761970d6cfb572e60ae8acdc0df4cd51c
Mulloidichthys dentatus,514949867,https://inaturalist-open-data.s3.amazonaws.com/photos/514949867/medium.jpg,CC-BY 4.0,Alberto Alcalá,alboertoalcala,2025-06-02,https://www.inaturalist.org/observations/286440422,"© Alberto Alcalá, some rights reserved (CC-BY)",cd5269e09adfe9f556b1862f4d894aadc796481b1f7274a67dc3e75ba92c9ae6
Mulloidichthys dentatus,609452858,https://inaturalist-open-data.s3.amazonaws.com/photos/609452858/medium.jpg,CC-BY 4.0,Alberto Alcalá,alboertoalcala,2026-01-18,https://www.inaturalist.org/observations/335478838,"© Alberto Alcalá, some rights reserved (CC-BY)",2963fbba3188a7a4f5317d9bb3be605aa7c14bceaec4933c7e0f6fc60bc49fa1
Mulloidichthys dentatus,225058515,https://inaturalist-open-data.s3.amazonaws.com/photos/225058515/medium.jpeg,CC-BY 4.0,Bill Levine,blevine,2022-08-24,https://www.inaturalist.org/observations/132183520,"© Bill Levine, some rights reserved (CC-BY)",9343f267fcba409ce3bcae37e95e6ad3fdc4a142fbb5679f6009437c60260685
Mulloidichthys dentatus,318288838,https://inaturalist-open-data.s3.amazonaws.com/photos/318288838/medium.jpeg,CC-BY 4.0,Alberto Alcalá,alboertoalcala,2023-09-09,https://www.inaturalist.org/observations/182541395,"© Alberto Alcalá, some rights reserved (CC-BY)",
Mulloidichthys dentatus,466412319,https://inaturalist-open-data.s3.amazonaws.com/photos/466412319/medium.jpeg,CC-BY 4.0,keesgroenendijk,keesgroenendijk,2025-01-05,https://www.inaturalist.org/observations/259784823,"© keesgroenendijk, some rights reserved (CC-BY)",e3278dbe92b4e8b2228a0017c83e0155068923461f0223ccd2d7b76b7ef61c0e
Mulloidichthys dentatus,221842857,https://inaturalist-open-data.s3.amazonaws.com/photos/221842857/medium.jpeg,CC-BY 4.0,Alberto Alcalá,alboertoalcala,2022-08-11,https://www.inaturalist.org/observations/130445905,"© Alberto Alcalá, some rights reserved (CC-BY)",3b35848e685d29b7e781bc858ee6f4613076655d7a340a74143057ccdbbcb971
Mulloidichthys dentatus,253816442,https://inaturalist-open-data.s3.amazonaws.com/photos/253816442/medium.jpeg,CC-BY 4.0,Alberto Alcalá,alboertoalcala,2023-01-27,https://www.inaturalist.org/observations/147497950,"© Alberto Alcalá, some rights reserved (CC-BY)",998402bf972b8347f718ddc4e25d353902b82974d398b0dd43f1ff110cd92a22
Mulloidichthys dentatus,245444721,https://inaturalist-open-data.s3.amazonaws.com/photos/245444721/medium.jpg,CC-BY 4.0,Alberto Alcalá,alboertoalcala,2022-11-26,https://www.inaturalist.org/observations/143131698,"© Alberto Alcalá, some rights reserved (CC-BY)",173b745760d902e3f1e188e4ee9830f2b5ddf1f7138382ff79f6d0d4624f2e99
Mulloidichthys dentatus,246738581,https://inaturalist-open-data.s3.amazonaws.com/photos/246738581/medium.jpeg,CC-BY 4.0,Alberto Alcalá,alboertoalcala,2022-12-06,https://www.inaturalist.org/observations/143829861,"© Alberto Alcalá, some rights reserved (CC-BY)",74ff9d5c233d5b412b34b5dbb708ca0649c50b44e26ea9265e65e66f9b57a79c
Mulloidichthys dentatus,256103379,https://inaturalist-open-data.s3.amazonaws.com/photos/256103379/medium.jpeg,CC-BY 4.0,Alberto Alcalá,alboertoalcala,2023-02-12,https://www.inaturalist.org/observations/148691598,"© Alberto Alcalá, some rights reserved (CC-BY)",00b3a7d0b38d5eb710b9f3a99db46d247babfe8a500d9d3561e370d3bce3666d
Cirrhitichthys oxycephalus,552620094,https://inaturalist-open-data.s3.amazonaws.com/photos/552620094/medium.jpg,CC-BY 4.0,Pierre Pericard,ppericard,2025-08-15,https://www.inaturalist.org/observations/306436163,"© Pierre Pericard, some rights reserved (CC-BY)",81c851952998ada289e6c462a9fd05cf3390b7e2779aae9a20471942f12d1a58
Cirrhitichthys oxycephalus,176971644,https://inaturalist-open-data.s3.amazonaws.com/photos/176971644/medium.jpeg,CC-BY 4.0,Alberto Alcalá,alboertoalcala,2022-01-22,https://www.inaturalist.org/observations/105470831,"© Alberto Alcalá, some rights reserved (CC-BY)",c6d30a4078484359a575a236daf776c17170ee8119ac2b8a541f5537ee23a4de
Cirrhitichthys oxycephalus,209663736,https://inaturalist-open-data.s3.amazonaws.com/photos/209663736/medium.jpeg,CC-BY 4.0,Alberto Alcalá,alboertoalcala,2022-01-22,https://www.inaturalist.org/observations/105470831,"© Alberto Alcalá, some rights reserved (CC-BY)",8458d8966e8f224f8043a0951d47510c591ada0eab9de533d3cabaaa93b49608
Cirrhitichthys oxycephalus,67354096,https://inaturalist-open-data.s3.amazonaws.com/photos/67354096/medium.jpeg,CC-BY 4.0,mark-groeneveld,mark-groeneveld,2008-03-20,https://www.inaturalist.org/observations/42433242,"© mark-groeneveld, some rights reserved (CC-BY)",ef920350aecbbde2c4924603ba67153e57619711fac723cc47f216a9ef0f84c2
Cirrhitichthys oxycephalus,483878262,https://inaturalist-open-data.s3.amazonaws.com/photos/483878262/medium.jpeg,CC-BY 4.0,呂一起(Lyu yi-chi),pchi45,2025-03-31,https://www.inaturalist.org/observations/269142233,"© 呂一起(Lyu yi-chi), some rights reserved (CC-BY)",6a84a873f3366b898ad80f6fb9753681ef82d40a59b000d42e1697fabe2d720b
Cirrhitichthys oxycephalus,340056384,https://inaturalist-open-data.s3.amazonaws.com/photos/340056384/medium.jpg,CC-BY 4.0,Debra Baker,quokka2,2023-12-09,https://www.inaturalist.org/observations/193578390,"© Debra Baker, some rights reserved (CC-BY)",08e7e3badcd624059659d08d97a347e494b430a7a22f2d1186ed92139ad5522f
Cirrhitichthys oxycephalus,356962811,https://inaturalist-open-data.s3.amazonaws.com/photos/356962811/medium.jpeg,CC-BY 4.0,Mahomed Desai,m_d,2024-03-10,https://www.inaturalist.org/observations/202148585,"© Mahomed Desai, some rights reserved (CC-BY)",d403ada7b1b5524c9251ab5dc76442f5b244d87122741a5e18a2d3bb1b4bf396
Cirrhitichthys oxycephalus,356962821,https://inaturalist-open-data.s3.amazonaws.com/photos/356962821/medium.jpeg,CC-BY 4.0,Mahomed Desai,m_d,2024-03-10,https://www.inaturalist.org/observations/202148585,"© Mahomed Desai, some rights reserved (CC-BY)",f37d491a0d191f9804d43d6f114fbe87080c781b62ccfd9e0bc85359ebb480b4
Cirrhitichthys oxycephalus,356962833,https://inaturalist-open-data.s3.amazonaws.com/photos/356962833/medium.jpeg,CC-BY 4.0,Mahomed Desai,m_d,2024-03-10,https://www.inaturalist.org/observations/202148585,"© Mahomed Desai, some rights reserved (CC-BY)",cc1f34ad36af8f85c256ed503266a79fe67f713bc813d9235b453ca30d334193
Cirrhitichthys oxycephalus,610704531,https://inaturalist-open-data.s3.amazonaws.com/photos/610704531/medium.jpg,CC-BY 4.0,keesgroenendijk,keesgroenendijk,2026-01-03,https://www.inaturalist.org/observations/336104451,"© keesgroenendijk, some rights reserved (CC-BY)",8d16d2876df7f058a72d656ba103992dfeb7c7f56a12be915bce0ba1db60dbe9
Cirrhitichthys oxycephalus,221254348,https://inaturalist-open-data.s3.amazonaws.com/photos/221254348/medium.jpeg,CC-BY 4.0,Bill Levine,blevine,2022-08-08,https://www.inaturalist.org/observations/130136890,"© Bill Levine, some rights reserved (CC-BY)",602689e88baabcdc3b375bb2810b05f3a1e83558da39671147ba6b634b586cd9
Cirrhitichthys oxycephalus,221254315,https://inaturalist-open-data.s3.amazonaws.com/photos/221254315/medium.jpeg,CC-BY 4.0,Bill Levine,blevine,2022-08-08,https://www.inaturalist.org/observations/130136890,"© Bill Levine, some rights reserved (CC-BY)",30dcac5cd87b21fe1c13ccb9f060c0e4e53c2a3586bd2519570b3b9a56754050
Cirrhitichthys oxycephalus,255071407,https://inaturalist-open-data.s3.amazonaws.com/photos/255071407/medium.jpeg,CC-BY 4.0,Alberto Alcalá,alboertoalcala,2023-02-04,https://www.inaturalist.org/observations/148152957,"© Alberto Alcalá, some rights reserved (CC-BY)",a2d0bdf50ad59d66b4aa70b21f361af08903a76bd2206025d7d7c154dba74523
Cirrhitichthys oxycephalus,49954687,https://inaturalist-open-data.s3.amazonaws.com/photos/49954687/medium.jpg,CC-BY 4.0,keesgroenendijk,keesgroenendijk,2019-08-04,https://www.inaturalist.org/observations/31887282,"© keesgroenendijk, some rights reserved (CC-BY)",95365243e11cd276a66e852adb3a5a7bf811f9912ccc7296135ac38c639c106d
Cirrhitichthys oxycephalus,193211997,https://inaturalist-open-data.s3.amazonaws.com/photos/193211997/medium.jpeg,CC-BY 4.0,Alberto Alcalá,alboertoalcala,2022-05-01,https://www.inaturalist.org/observations/114417808,"© Alberto Alcalá, some rights reserved (CC-BY)",bb50b3485868f2be581a0ee0195df95ab5d92dc45def5e6ef8e89517cd3d0704
Cirrhitichthys oxycephalus,401229474,https://inaturalist-open-data.s3.amazonaws.com/photos/401229474/medium.jpeg,CC-BY 4.0,River Ahlquist,riverahlquist,2024-01-04,https://www.inaturalist.org/observations/226253120,"© River Ahlquist, some rights reserved (CC-BY)",7134da43ef24cb8c3899592a63fa51dace0e2b89be47f815b487a8b466d27d23
Cirrhitichthys oxycephalus,11876960,https://inaturalist-open-data.s3.amazonaws.com/photos/11876960/medium.jpeg,CC-BY 4.0,Carlos Domínguez-Rodríguez,blakesito,2017-11-17,https://www.inaturalist.org/observations/8839924,"© Carlos Domínguez-Rodríguez, some rights reserved (CC-BY)",822efefb5d7b2c59b29c6c6e79c3a17cfd5482047e74b0d4951f0b7703ba1caa
Cirrhitichthys oxycephalus,134511585,https://inaturalist-open-data.s3.amazonaws.com/photos/134511585/medium.jpeg,CC-BY 4.0,Alberto Alcalá,alboertoalcala,2021-06-06,https://www.inaturalist.org/observations/81981863,"© Alberto Alcalá, some rights reserved (CC-BY)",4ca28fffbfff094eab48e9b84ccd5934b21fbca2c8abf2f9e7d1e97a74be0d64
Cirrhitichthys oxycephalus,61315277,https://inaturalist-open-data.s3.amazonaws.com/photos/61315277/medium.jpeg,CC-BY 4.0,John Hepburn,john_hepburn,2020-02-09,https://www.inaturalist.org/observations/38568100,"© John Hepburn, some rights reserved (CC-BY)",8d7318a4dd768d1b290310f93bc3174aab2c0429cec7aa3e4607e121942ae905
Cirrhitichthys oxycephalus,60149779,https://inaturalist-open-data.s3.amazonaws.com/photos/60149779/medium.jpg,CC-BY 4.0,Kai Squires,squiresk,2010-11-20,https://www.inaturalist.org/observations/37898519,"© Kai Squires, some rights reserved (CC-BY)",18bd6b911ef1b603003009ab8c7ba568e0e173b5b024e862cb979a97db2c8826
Cirrhitichthys oxycephalus,170114218,https://inaturalist-open-data.s3.amazonaws.com/photos/170114218/medium.jpeg,CC-BY 4.0,Carlos Domínguez-Rodríguez,blakesito,2021-11-24,https://www.inaturalist.org/observations/101836016,"© Carlos Domínguez-Rodríguez, some rights reserved (CC-BY)",c9bdef4d2f84d7bbf25fcf63b8b73f4edc597ac7659dcfd95cb9bf79614aabe4
Cirrhitichthys oxycephalus,170114223,https://inaturalist-open-data.s3.amazonaws.com/photos/170114223/medium.jpeg,CC-BY 4.0,Carlos Domínguez-Rodríguez,blakesito,2021-11-24,https://www.inaturalist.org/observations/101836016,"© Carlos Domínguez-Rodríguez, some rights reserved (CC-BY)",4c7b3fc34e34c7b9de20f6612a5f0ba76506775ca300c53e6994791d93e158fb
Cirrhitichthys oxycephalus,58204664,https://inaturalist-open-data.s3.amazonaws.com/photos/58204664/medium.jpeg,CC-BY 4.0,fede2cr,fede2cr,2019-06-14,https://www.inaturalist.org/observations/36785746,"© fede2cr, some rights reserved (CC-BY)",1d4cbcb2485f39fb904a306626ba3e02ff32ef4db94131ae10b16225020352d1
Cirrhitichthys oxycephalus,65977657,https://inaturalist-open-data.s3.amazonaws.com/photos/65977657/medium.jpg,CC-BY 4.0,keesgroenendijk,keesgroenendijk,2020-01-27,https://www.inaturalist.org/observations/41583534,"© keesgroenendijk, some rights reserved (CC-BY)",b5b960e47904f9caa175a7d0121289015498dcd0e9da8bcc8da02c6173653643
Cirrhitichthys oxycephalus,467271298,https://inaturalist-open-data.s3.amazonaws.com/photos/467271298/medium.jpeg,CC-BY 4.0,keesgroenendijk,keesgroenendijk,2025-01-21,https://www.inaturalist.org/observations/260222040,"© keesgroenendijk, some rights reserved (CC-BY)",b5814776b12fb80edc46b391ae133513343c370dadede91ed9d08e79470442df
Cirrhitichthys oxycephalus,477220795,https://inaturalist-open-data.s3.amazonaws.com/photos/477220795/medium.jpeg,CC-BY 4.0,Alberto Alcalá,alboertoalcala,2025-03-16,https://www.inaturalist.org/observations/265661342,"© Alberto Alcalá, some rights reserved (CC-BY)",2926e7a37694f5ea3c70bc1c6da5f674898ce4b257d31b1fa7446f2d984b9f6e
Chaetodon humeralis,220526919,https://inaturalist-open-data.s3.amazonaws.com/photos/220526919/medium.jpeg,CC-BY 4.0,Alberto Alcalá,alboertoalcala,2022-08-06,https://www.inaturalist.org/observations/129742231,"© Alberto Alcalá, some rights reserved (CC-BY)",9b4a8b427a71c69bdb72d12652fab47c39df9dd93fb16b874ff2945bc7b15b6a
Chaetodon humeralis,88599882,https://inaturalist-open-data.s3.amazonaws.com/photos/88599882/medium.jpeg,CC-BY 4.0,Alberto Alcalá,alboertoalcala,2020-08-06,https://www.inaturalist.org/observations/55633289,"© Alberto Alcalá, some rights reserved (CC-BY)",b59d947ec5db513906487b305cd3683fe9dc068d0c738b32fd3e40e6955e07b9
Chaetodon humeralis,222073582,https://inaturalist-open-data.s3.amazonaws.com/photos/222073582/medium.jpeg,CC-BY 4.0,Alberto Alcalá,alboertoalcala,2022-08-11,https://www.inaturalist.org/observations/130569623,"© Alberto Alcalá, some rights reserved (CC-BY)",07db212564bfd23ebfe3d33a6a3210928027f72fd98d3a3eab264d6ccbc1067f
Chaetodon humeralis,222074666,https://inaturalist-open-data.s3.amazonaws.com/photos/222074666/medium.jpeg,CC-BY 4.0,Alberto Alcalá,alboertoalcala,2022-08-11,https://www.inaturalist.org/observations/130569623,"© Alberto Alcalá, some rights reserved (CC-BY)",0d7dd534c60f9e6b74eaaf8c4839b714861fc0228595a0ce6a8cd8aa2f67047c
Chaetodon humeralis,241088671,https://inaturalist-open-data.s3.amazonaws.com/photos/241088671/medium.jpeg,CC-BY 4.0,Alberto Alcalá,alboertoalcala,2022-10-31,https://www.inaturalist.org/observations/140809027,"© Alberto Alcalá, some rights reserved (CC-BY)",14e1365b41f41dd06756cc639009584238ce88e881007dc65d6d5080dfdc9ca7
Chaetodon humeralis,241060851,https://inaturalist-open-data.s3.amazonaws.com/photos/241060851/medium.jpeg,CC-BY 4.0,Alberto Alcalá,alboertoalcala,2022-10-31,https://www.inaturalist.org/observations/140794928,"© Alberto Alcalá, some rights reserved (CC-BY)",481eb29cfabacf9a41cb39c0bcc562dd443538a5186ba655465af4c8b47b858d
Chaetodon humeralis,159668999,https://inaturalist-open-data.s3.amazonaws.com/photos/159668999/medium.jpeg,CC-BY 4.0,Alberto Alcalá,alboertoalcala,2021-09-25,https://www.inaturalist.org/observations/96133648,"© Alberto Alcalá, some rights reserved (CC-BY)",876e46fad4233f9a1fa1aa5022b32401b2df33693aef4b432c826cbc47b2db4e
Chaetodon humeralis,85550701,https://inaturalist-open-data.s3.amazonaws.com/photos/85550701/medium.jpeg,CC-BY 4.0,Alberto Alcalá,alboertoalcala,2020-07-20,https://www.inaturalist.org/observations/53781420,"© Alberto Alcalá, some rights reserved (CC-BY)",2a1731c241821cc8dacdfcebd419e12097ada007711a29f7d2402c99ed835b6b
Chaetodon humeralis,205852717,https://inaturalist-open-data.s3.amazonaws.com/photos/205852717/medium.jpeg,CC-BY 4.0,Alberto Alcalá,alboertoalcala,2022-06-12,https://www.inaturalist.org/observations/121636113,"© Alberto Alcalá, some rights reserved (CC-BY)",
Chaetodon humeralis,8288759,https://inaturalist-open-data.s3.amazonaws.com/photos/8288759/medium.jpg,CC-BY 4.0,Julien Renoult,jujurenoult,2017-03-28,https://www.inaturalist.org/observations/6540302,"© Julien Renoult, some rights reserved (CC-BY)",a5613e67bfab5d213cfa11b9880284830155f6a642ec9adea56a5ad0b309ecc8
Chaetodon humeralis,52742519,https://inaturalist-open-data.s3.amazonaws.com/photos/52742519/medium.png,CC-BY 4.0,Leonel Roget,carancho,2018-11-13,https://www.inaturalist.org/observations/33574512,"© Leonel Roget, some rights reserved (CC-BY)",3c55da5d902d81f6fb84997d1ba18f50107d56695a81d08115a7aa8bfef86247
Chaetodon humeralis,52742521,https://inaturalist-open-data.s3.amazonaws.com/photos/52742521/medium.png,CC-BY 4.0,Leonel Roget,carancho,2018-11-13,https://www.inaturalist.org/observations/33574512,"© Leonel Roget, some rights reserved (CC-BY)",bb56ee1f3e8ad75facb831d4bbf48af74d239c82405aadc37c7ebb3be92d8dc2
Chaetodon humeralis,62115052,https://inaturalist-open-data.s3.amazonaws.com/photos/62115052/medium.jpg,CC-BY 4.0,keesgroenendijk,keesgroenendijk,2019-12-18,https://www.inaturalist.org/observations/39174785,"© keesgroenendijk, some rights reserved (CC-BY)",9fb29319e830c9274bcc53420b1e7e39be92024db2f2f8f5da98c20d43aa645a
Chaetodon humeralis,170118462,https://inaturalist-open-data.s3.amazonaws.com/photos/170118462/medium.jpeg,CC-BY 4.0,Carlos Domínguez-Rodríguez,blakesito,2021-11-24,https://www.inaturalist.org/observations/101837543,"© Carlos Domínguez-Rodríguez, some rights reserved (CC-BY)",6f6262d95d45f67007d9f50528fa337d0451b11ee5a32cb7202dfb8cbef4ab79
Chaetodon humeralis,132277582,https://inaturalist-open-data.s3.amazonaws.com/photos/132277582/medium.jpeg,CC-BY 4.0,Alberto Alcalá,alboertoalcala,2021-05-28,https://www.inaturalist.org/observations/80692838,"© Alberto Alcalá, some rights reserved (CC-BY)",aca181febf9fa43209a7b1024ea5385362a836f24fc11cdbe5b970186e5f5357
Chaetodon humeralis,318979455,https://inaturalist-open-data.s3.amazonaws.com/photos/318979455/medium.jpeg,CC-BY 4.0,Alberto Alcalá,alboertoalcala,2023-09-11,https://www.inaturalist.org/observations/182894722,"© Alberto Alcalá, some rights reserved (CC-BY)",c996679a510011b51aa2a3711ea4d556df6d973b319708349b455747c0979b69
Chaetodon humeralis,557669670,https://inaturalist-open-data.s3.amazonaws.com/photos/557669670/medium.jpg,CC-BY 4.0,Uma Mezzanotte,uma_dives,2020-02-07,https://www.inaturalist.org/observations/309065771,"© Uma Mezzanotte, some rights reserved (CC-BY)",dff39833c43bf2472baff78b62cc80aaed9791f15a9e42aaedf8fdfac8e9a228
Chaetodon humeralis,256103860,https://inaturalist-open-data.s3.amazonaws.com/photos/256103860/medium.jpeg,CC-BY 4.0,Alberto Alcalá,alboertoalcala,2023-02-12,https://www.inaturalist.org/observations/148692100,"© Alberto Alcalá, some rights reserved (CC-BY)",f5ac456b4dea5660c2d0cf74cfb8a6812e109d02d6ade8552ef56c71e1dbcaca
Chaetodon humeralis,112631520,https://inaturalist-open-data.s3.amazonaws.com/photos/112631520/medium.jpg,CC-BY 4.0,Bill Levine,blevine,2021-02-11,https://www.inaturalist.org/observations/69420748,"© Bill Levine, some rights reserved (CC-BY)",617d53c1f04257ca47aaa5020ef988a39f8116ad8fa11c72860c52e206d9ffc8
Chaetodon humeralis,272903960,https://inaturalist-open-data.s3.amazonaws.com/photos/272903960/medium.jpeg,CC-BY 4.0,Alberto Alcalá,alboertoalcala,2023-04-29,https://www.inaturalist.org/observations/157871670,"© Alberto Alcalá, some rights reserved (CC-BY)",3fd0ad0bc371f659924786b0dbd768b0a5a4902ab972de7fd86d3ee73ced3e05
Chaetodon humeralis,536243451,https://inaturalist-open-data.s3.amazonaws.com/photos/536243451/medium.jpg,CC-BY 4.0,Lisa Biasillo,tidepooltales,2025-07-10,https://www.inaturalist.org/observations/297746490,"© Lisa Biasillo, some rights reserved (CC-BY)",6aa8aec0db8f6c81347dd293b2cafd5c9420c2bddb51c0c757d1e8a4387e9b8a
Chaetodon humeralis,85384668,https://inaturalist-open-data.s3.amazonaws.com/photos/85384668/medium.jpeg,CC-BY 4.0,Alberto Alcalá,alboertoalcala,2020-07-19,https://www.inaturalist.org/observations/53678260,"© Alberto Alcalá, some rights reserved (CC-BY)",b23a51ed88a99d408008806be5d616462af5d992b264960e2f7f516eaaef210f
Chaetodon humeralis,85385038,https://inaturalist-open-data.s3.amazonaws.com/photos/85385038/medium.jpeg,CC-BY 4.0,Alberto Alcalá,alboertoalcala,2020-07-19,https://www.inaturalist.org/observations/53678260,"© Alberto Alcalá, some rights reserved (CC-BY)",c0b8ff5b25dd95e64adb8abefa4a708df9aee85ca4b17a60115211507bab791f
Chaetodon humeralis,204799704,https://inaturalist-open-data.s3.amazonaws.com/photos/204799704/medium.jpeg,CC-BY 4.0,Alberto Alcalá,alboertoalcala,2022-06-09,https://www.inaturalist.org/observations/121048133,"© Alberto Alcalá, some rights reserved (CC-BY)",ec80494f17a49bc28cacb6b73ecc69ed12543b87a709cca61c12da7db288fe8a
Chaetodon humeralis,366416534,https://inaturalist-open-data.s3.amazonaws.com/photos/366416534/medium.jpg,CC-BY 4.0,Paul Asman,paulasman,2024-03-14,https://www.inaturalist.org/observations/207167510,"© Paul Asman, some rights reserved (CC-BY)",1f442163656ff08f72f9ebb151c5f03fd3a5159d878c3f9488fb59b278ffa2cb
Chaetodon humeralis,366416541,https://inaturalist-open-data.s3.amazonaws.com/photos/366416541/medium.jpg,CC-BY 4.0,Paul Asman,paulasman,2024-03-14,https://www.inaturalist.org/observations/207167510,"© Paul Asman, some rights reserved (CC-BY)",910a0e88aaef87a2425d93c37108b7a41898f4386dfa503ea94fc4df2a39a9f7
Chaetodon humeralis,11971502,https://inaturalist-open-data.s3.amazonaws.com/photos/11971502/medium.jpeg,CC-BY 4.0,Carlos Domínguez-Rodríguez,blakesito,2017-03-17,https://www.inaturalist.org/observations/8896976,"© Carlos Domínguez-Rodríguez, some rights reserved (CC-BY)",fcc1dd41997c60aed00924535004783e924cfedd7356541833a6bb76d7149a2f
Chaetodon humeralis,220531015,https://inaturalist-open-data.s3.amazonaws.com/photos/220531015/medium.jpeg,CC-BY 4.0,Alberto Alcalá,alboertoalcala,2022-08-06,https://www.inaturalist.org/observations/129744298,"© Alberto Alcalá, some rights reserved (CC-BY)",07367bb85110a355182b692ce2faf1d8cae1440970d9cfa76759eada72b6efef
Chaetodon humeralis,195376655,https://inaturalist-open-data.s3.amazonaws.com/photos/195376655/medium.jpeg,CC-BY 4.0,keesgroenendijk,keesgroenendijk,2022-04-30,https://www.inaturalist.org/observations/115762999,"© keesgroenendijk, some rights reserved (CC-BY)",7df4fb5c75f39f831ecd4f74b31cfe76ecb8d6793424e9214dde5d4c6e1a0583
Chaetodon humeralis,212859708,https://inaturalist-open-data.s3.amazonaws.com/photos/212859708/medium.jpeg,CC-BY 4.0,Alberto Alcalá,alboertoalcala,2022-07-09,https://www.inaturalist.org/observations/125515975,"© Alberto Alcalá, some rights reserved (CC-BY)",260f242e1e4e13b14135faaa305581b6cdb34adaeb0c1d4fccb69da25dadb843
Sparisoma cretense,557094966,https://inaturalist-open-data.s3.amazonaws.com/photos/557094966/medium.jpg,CC-BY 4.0,Sylvain Montagner,sylvainm_53,2025-07-26,https://www.inaturalist.org/observations/308769150,"© Sylvain Montagner, some rights reserved (CC-BY)",f16896d58abeba81ff2c1db3ac2e42e6d023023714bc927c3344f5b309c983a4
Sparisoma cretense,557094947,https://inaturalist-open-data.s3.amazonaws.com/photos/557094947/medium.jpg,CC-BY 4.0,Sylvain Montagner,sylvainm_53,2025-07-26,https://www.inaturalist.org/observations/308769150,"© Sylvain Montagner, some rights reserved (CC-BY)",
Sparisoma cretense,557094945,https://inaturalist-open-data.s3.amazonaws.com/photos/557094945/medium.jpg,CC-BY 4.0,Sylvain Montagner,sylvainm_53,2025-07-26,https://www.inaturalist.org/observations/308769150,"© Sylvain Montagner, some rights reserved (CC-BY)",d1931c55c4fe7a1d4cfe0b83b66c392c495febb7c9a01db2daf375c4d111e31b
Sparisoma cretense,557094948,https://inaturalist-open-data.s3.amazonaws.com/photos/557094948/medium.jpg,CC-BY 4.0,Sylvain Montagner,sylvainm_53,2025-07-26,https://www.inaturalist.org/observations/308769150,"© Sylvain Montagner, some rights reserved (CC-BY)",f8ba4e51152773c6ec3dbdbdb34223575a210a0a20b8db24b1535eba665385bd
Sparisoma cretense,557094970,https://inaturalist-open-data.s3.amazonaws.com/photos/557094970/medium.jpg,CC-BY 4.0,Sylvain Montagner,sylvainm_53,2025-07-26,https://www.inaturalist.org/observations/308769150,"© Sylvain Montagner, some rights reserved (CC-BY)",3a057274f9f694121c89710a2377e1895a1019fc96c05ebb648bd157b13d0208
Sparisoma cretense,564930970,https://inaturalist-open-data.s3.amazonaws.com/photos/564930970/medium.gif,CC-BY 4.0,Golfopolikayak,golfopolikayakl,2025-09-09,https://www.inaturalist.org/observations/312864948,"© Golfopolikayak, some rights reserved (CC-BY)",e596f23c3af3b37eb649eefd448ecfb0c79ef3c3955cad81e6155258afc6c771
Sparisoma cretense,442259262,https://inaturalist-open-data.s3.amazonaws.com/photos/442259262/medium.jpeg,CC-BY 4.0,Michael Bommerer,michael_bommerer,2024-10-15,https://www.inaturalist.org/observations/247603238,"© Michael Bommerer, some rights reserved (CC-BY)",4b079e16afcbdd5dec87987d487711339a6e6651aa210d1fda730f9753669c61
Sparisoma cretense,442259316,https://inaturalist-open-data.s3.amazonaws.com/photos/442259316/medium.jpeg,CC-BY 4.0,Michael Bommerer,michael_bommerer,2024-10-15,https://www.inaturalist.org/observations/247603238,"© Michael Bommerer, some rights reserved (CC-BY)",42f3873cfeb67de60dc694629aaa656648508343c1538cb0bc7ae0385c651a5b
Sparisoma cretense,452108492,https://inaturalist-open-data.s3.amazonaws.com/photos/452108492/medium.jpg,CC-BY 4.0,Donald Davesne,donalddavesne,2024-08-31,https://www.inaturalist.org/observations/252546999,"© Donald Davesne, some rights reserved (CC-BY)",1c600b6f8f5830c220efe8f4a6444e7f3e32c25c0a40a3826b0e966a9661d221
Sparisoma cretense,452108770,https://inaturalist-open-data.s3.amazonaws.com/photos/452108770/medium.jpg,CC-BY 4.0,Donald Davesne,donalddavesne,2024-08-31,https://www.inaturalist.org/observations/252546999,"© Donald Davesne, some rights reserved (CC-BY)",05d6af9fb4ec1b394491d845b3d13584eecae27e9d58518036de68fea94bd74d
Sparisoma cretense,460697037,https://inaturalist-open-data.s3.amazonaws.com/photos/460697037/medium.jpg,CC-BY 4.0,Donald Davesne,donalddavesne,2024-09-05,https://www.inaturalist.org/observations/256891407,"© Donald Davesne, some rights reserved (CC-BY)",158dfa3f84661c30c2ea3d9b4e1c2660c971d1441ce37f212b68819bd5c695b8
Sparisoma cretense,460697026,https://inaturalist-open-data.s3.amazonaws.com/photos/460697026/medium.jpg,CC-BY 4.0,Donald Davesne,donalddavesne,2024-09-05,https://www.inaturalist.org/observations/256891407,"© Donald Davesne, some rights reserved (CC-BY)",0c94f4aea952071f96910728789df9fb384d33000c99e74bcec51d5f85d10072
Sparisoma cretense,111105159,https://inaturalist-open-data.s3.amazonaws.com/photos/111105159/medium.jpeg,CC-BY 4.0,Yves Bas,yvesbas,2007-12-11,https://www.inaturalist.org/observations/68590908,"© Yves Bas, some rights reserved (CC-BY)",358d3e47d90d5359d695170ee098870de461f4b927d3e6b6d373c3d48dc74613
Sparisoma cretense,547077107,https://inaturalist-open-data.s3.amazonaws.com/photos/547077107/medium.gif,CC-BY 4.0,Golfopolikayak,golfopolikayakl,2025-08-03,https://www.inaturalist.org/observations/303523292,"© Golfopolikayak, some rights reserved (CC-BY)",8a179d51fe46b59e361ef47ff7ad68e2a42c34cee2eb1165e40960d1fdd76c28
Sparisoma cretense,547081226,https://inaturalist-open-data.s3.amazonaws.com/photos/547081226/medium.jpg,CC-BY 4.0,Golfopolikayak,golfopolikayakl,2025-08-03,https://www.inaturalist.org/observations/303523292,"© Golfopolikayak, some rights reserved (CC-BY)",d89c1a655f22a9fd0446bfaf9fa1ed0d585237c3c400faf8350f88f3e1c7a97d
Sparisoma cretense,135055710,https://inaturalist-open-data.s3.amazonaws.com/photos/135055710/medium.jpg,CC-BY 4.0,jeyre,jeyre,2016-07-31,https://www.inaturalist.org/observations/82296599,"© jeyre, some rights reserved (CC-BY)",24b554d84a63f85ae0cee41bf08e71357d8992139f06e973fd513f337e7e69bd
Sparisoma cretense,155985414,https://inaturalist-open-data.s3.amazonaws.com/photos/155985414/medium.jpeg,CC-BY 4.0,Jacek Pietruszewski,hyacinthus,2021-09-07,https://www.inaturalist.org/observations/94061983,"© Jacek Pietruszewski, some rights reserved (CC-BY)",87923285df4d6e6c943bac2c72b5af07bf9d9d34d0cef834788082a6db925218
Sparisoma cretense,155985434,https://inaturalist-open-data.s3.amazonaws.com/photos/155985434/medium.jpeg,CC-BY 4.0,Jacek Pietruszewski,hyacinthus,2021-09-07,https://www.inaturalist.org/observations/94061983,"© Jacek Pietruszewski, some rights reserved (CC-BY)",55a2880b410a54eae08d490d3b9344484e46a99d8ebf7967dfa41ba9f42a850b
Sparisoma cretense,508428490,https://inaturalist-open-data.s3.amazonaws.com/photos/508428490/medium.jpg,CC-BY 4.0,Selim Türeli,selimtureli,2025-05-18,https://www.inaturalist.org/observations/282972625,"© Selim Türeli, some rights reserved (CC-BY)",b076c4e5065fa076048abc54b2dde32042b18016b574ca929862a15e7452f832
Sparisoma cretense,508428542,https://inaturalist-open-data.s3.amazonaws.com/photos/508428542/medium.jpg,CC-BY 4.0,Selim Türeli,selimtureli,2025-05-18,https://www.inaturalist.org/observations/282972625,"© Selim Türeli, some rights reserved (CC-BY)",24389a23052b2c12aa0df971e48e6abe9b2737715d48ab63959b1ee79f764f3c
Sparisoma cretense,709759854,https://inaturalist-open-data.s3.amazonaws.com/photos/709759854/medium.jpg,CC-BY 4.0,Philipp Pavelka,philpav,2022-11-02,https://www.inaturalist.org/observations/387593651,"© Philipp Pavelka, some rights reserved (CC-BY)",d1f0d1de67d683065ae31079a2edc6cc598527cc22dee2dcaec8a103ce902e31
Sparisoma cretense,709759833,https://inaturalist-open-data.s3.amazonaws.com/photos/709759833/medium.jpg,CC-BY 4.0,Philipp Pavelka,philpav,2022-11-02,https://www.inaturalist.org/observations/387593651,"© Philipp Pavelka, some rights reserved (CC-BY)",c084d7f01b00af71e4a92bee8053cce272baf3139bac3b8529bfe2b9da6b56cf
Sparisoma cretense,412218711,https://inaturalist-open-data.s3.amazonaws.com/photos/412218711/medium.jpeg,CC-BY 4.0,Michael Bommerer,michael_bommerer,2024-07-27,https://www.inaturalist.org/observations/232052991,"© Michael Bommerer, some rights reserved (CC-BY)",5a96c4a02f88c10e74f4eb7fea56debd587218c637bf4ff274d030ae3dbd70c5
Sparisoma cretense,412218774,https://inaturalist-open-data.s3.amazonaws.com/photos/412218774/medium.jpeg,CC-BY 4.0,Michael Bommerer,michael_bommerer,2024-07-27,https://www.inaturalist.org/observations/232052991,"© Michael Bommerer, some rights reserved (CC-BY)",f14decfec27f91ed19b24cb55ac53a2047607b4fbaa471e12456cb7e9d5e6f66
Sparisoma cretense,412218861,https://inaturalist-open-data.s3.amazonaws.com/photos/412218861/medium.jpeg,CC-BY 4.0,Michael Bommerer,michael_bommerer,2024-07-27,https://www.inaturalist.org/observations/232052991,"© Michael Bommerer, some rights reserved (CC-BY)",56940797f1b32dd0daf6a4de2632c6662e524dc6b62bb7fea47fda76a56c7b37
Sparisoma cretense,412220115,https://inaturalist-open-data.s3.amazonaws.com/photos/412220115/medium.jpeg,CC-BY 4.0,Michael Bommerer,michael_bommerer,2024-07-27,https://www.inaturalist.org/observations/232053672,"© Michael Bommerer, some rights reserved (CC-BY)",cb9e1a623e1dda7eea24a651ace2efb045e66e27660b8fd99e6c4e8c4867f489
Sparisoma cretense,412220229,https://inaturalist-open-data.s3.amazonaws.com/photos/412220229/medium.jpeg,CC-BY 4.0,Michael Bommerer,michael_bommerer,2024-07-27,https://www.inaturalist.org/observations/232053672,"© Michael Bommerer, some rights reserved (CC-BY)",15ff592d2818164a4f4c2770c5174906e60c8e7837b1f792a21b76684709dbec
Sparisoma cretense,415786174,https://inaturalist-open-data.s3.amazonaws.com/photos/415786174/medium.jpeg,CC-BY 4.0,Michael Bommerer,michael_bommerer,2024-08-05,https://www.inaturalist.org/observations/233923514,"© Michael Bommerer, some rights reserved (CC-BY)",446f3ee4d5e1910813db30940f212460671ab7158095a3a70c038c40bf87e1aa
Similiparma lurida,155986025,https://inaturalist-open-data.s3.amazonaws.com/photos/155986025/medium.jpeg,CC-BY 4.0,Jacek Pietruszewski,hyacinthus,2021-09-07,https://www.inaturalist.org/observations/94062251,"© Jacek Pietruszewski, some rights reserved (CC-BY)",d2342c229203d9d177c4510c12729d7d6b0e5e31aa8c2a6828acfeb98c02079b
Similiparma lurida,155986036,https://inaturalist-open-data.s3.amazonaws.com/photos/155986036/medium.jpeg,CC-BY 4.0,Jacek Pietruszewski,hyacinthus,2021-09-07,https://www.inaturalist.org/observations/94062251,"© Jacek Pietruszewski, some rights reserved (CC-BY)",4172fc64a19a21df425ef7c15fbd4383b2aaf75722ee039fa7602d14665b11c5
Similiparma lurida,155986050,https://inaturalist-open-data.s3.amazonaws.com/photos/155986050/medium.jpeg,CC-BY 4.0,Jacek Pietruszewski,hyacinthus,2021-09-07,https://www.inaturalist.org/observations/94062251,"© Jacek Pietruszewski, some rights reserved (CC-BY)",0f46db183836e29abf8a6b5503cf594ecb12bbe17c18c9934ad7b61c84dd9924
Similiparma lurida,155986062,https://inaturalist-open-data.s3.amazonaws.com/photos/155986062/medium.jpeg,CC-BY 4.0,Jacek Pietruszewski,hyacinthus,2021-09-07,https://www.inaturalist.org/observations/94062251,"© Jacek Pietruszewski, some rights reserved (CC-BY)",2e0323f4d1cb3ff585a1fd8670dd3f5974e7db09be4c65734fe31119335e5677
Similiparma lurida,155986077,https://inaturalist-open-data.s3.amazonaws.com/photos/155986077/medium.jpeg,CC-BY 4.0,Jacek Pietruszewski,hyacinthus,2021-09-07,https://www.inaturalist.org/observations/94062251,"© Jacek Pietruszewski, some rights reserved (CC-BY)",074372b066acbe789aadca6942553b1713618a055b431e179f379ba5dab20fb2
Similiparma lurida,520351330,https://inaturalist-open-data.s3.amazonaws.com/photos/520351330/medium.jpg,CC-BY 4.0,Charlotte Kirchner,charlottekirchner,2025-06-13,https://www.inaturalist.org/observations/289311679,"© Charlotte Kirchner, some rights reserved (CC-BY)",c96fc4d76cb76bc07042e996e2169e5f7e0f7e20efe92aee500fb74a64c3df3d
Similiparma lurida,520351378,https://inaturalist-open-data.s3.amazonaws.com/photos/520351378/medium.jpg,CC-BY 4.0,Charlotte Kirchner,charlottekirchner,2025-06-13,https://www.inaturalist.org/observations/289311679,"© Charlotte Kirchner, some rights reserved (CC-BY)",3904029caae5b914fe4556116af04fec99a8bf222539eee0fd45e26825672a52
Similiparma lurida,483205910,https://inaturalist-open-data.s3.amazonaws.com/photos/483205910/medium.jpeg,CC-BY 4.0,Oscar Hopgood,oscarhopgood,2025-04-05,https://www.inaturalist.org/observations/268798082,"© Oscar Hopgood, some rights reserved (CC-BY)",9490a60c5630a44a46d3d5224f4d705b367530c33d59bf7316df3254e165401c
Similiparma lurida,469022024,https://inaturalist-open-data.s3.amazonaws.com/photos/469022024/medium.jpeg,CC-BY 4.0,Adrien &amp; Lise,adrien-lise,2024-12-12,https://www.inaturalist.org/observations/261102880,"© Adrien &amp; Lise, some rights reserved (CC-BY)",ee412bf57cc08f97136e98e932ecc22a50c140e46d5778060ed4cb9e4d6cc499
Similiparma lurida,331723388,https://inaturalist-open-data.s3.amazonaws.com/photos/331723388/medium.jpeg,CC-BY 4.0,Charlotte Kirchner,charlottekirchner,2023-10-29,https://www.inaturalist.org/observations/189373992,"© Charlotte Kirchner, some rights reserved (CC-BY)",4ae4ee42b463ab1b5c2837d97b9cfa7d60e531aa28b6314aa56951221ff11c3e
Similiparma lurida,538224831,https://inaturalist-open-data.s3.amazonaws.com/photos/538224831/medium.jpg,CC-BY 4.0,Sylvain Montagner,sylvainm_53,2025-07-17,https://www.inaturalist.org/observations/298781315,"© Sylvain Montagner, some rights reserved (CC-BY)",8438a69ded7b1d84b79fa248823f389b006dc336de75f2aa31b51bc8faee9ed3
Similiparma lurida,538224855,https://inaturalist-open-data.s3.amazonaws.com/photos/538224855/medium.jpg,CC-BY 4.0,Sylvain Montagner,sylvainm_53,2025-07-17,https://www.inaturalist.org/observations/298781315,"© Sylvain Montagner, some rights reserved (CC-BY)",69a1413fab485b15780330d288932662edad77be2e3496b51c1dc85dfa56a58a
Similiparma lurida,538224884,https://inaturalist-open-data.s3.amazonaws.com/photos/538224884/medium.jpg,CC-BY 4.0,Sylvain Montagner,sylvainm_53,2025-07-17,https://www.inaturalist.org/observations/298781315,"© Sylvain Montagner, some rights reserved (CC-BY)",
Similiparma lurida,543941685,https://inaturalist-open-data.s3.amazonaws.com/photos/543941685/medium.jpg,CC-BY 4.0,Jan Ebr &amp; Ivana Ebrová,opisska,2025-07-20,https://www.inaturalist.org/observations/301842350,"© Jan Ebr &amp; Ivana Ebrová, some rights reserved (CC-BY)",17e1c83c40f90bd0ac72ee266200e3e05492833e654c3626307eb57715ddf178
Similiparma lurida,176314159,https://inaturalist-open-data.s3.amazonaws.com/photos/176314159/medium.jpeg,CC-BY 4.0,Valentin Moser,vmoser,2022-01-07,https://www.inaturalist.org/observations/105127512,"© Valentin Moser, some rights reserved (CC-BY)",db07b254763e3f27e20d05dda37c55f8296026c7af50b954c860d7610ac993a8
Similiparma lurida,686402521,https://inaturalist-open-data.s3.amazonaws.com/photos/686402521/medium.jpg,CC-BY 4.0,Mário de Pinto Balsemão,majocapb,2026-06-24,https://www.inaturalist.org/observations/375465878,"© Mário de Pinto Balsemão, some rights reserved (CC-BY)",dd2fc9c76eb55d3de3da9c3e74c9f79b4cd8b30a74c7aed0002e70f7cc6c8563
Similiparma lurida,686402548,https://inaturalist-open-data.s3.amazonaws.com/photos/686402548/medium.jpg,CC-BY 4.0,Mário de Pinto Balsemão,majocapb,2026-06-24,https://www.inaturalist.org/observations/375465878,"© Mário de Pinto Balsemão, some rights reserved (CC-BY)",1d5c6c2a16af48252f6ab885bc635b20682e7b33d1a0751eeb572ab578ca5a55
Similiparma lurida,686402586,https://inaturalist-open-data.s3.amazonaws.com/photos/686402586/medium.jpg,CC-BY 4.0,Mário de Pinto Balsemão,majocapb,2026-06-24,https://www.inaturalist.org/observations/375465878,"© Mário de Pinto Balsemão, some rights reserved (CC-BY)",15484604f0ee9763254a6b715646fe85291f5aab3654255479db35d9d1ddbb66
Similiparma lurida,686402610,https://inaturalist-open-data.s3.amazonaws.com/photos/686402610/medium.jpg,CC-BY 4.0,Mário de Pinto Balsemão,majocapb,2026-06-24,https://www.inaturalist.org/observations/375465878,"© Mário de Pinto Balsemão, some rights reserved (CC-BY)",869f35ad9afcc845f5e977d0fd5fc20f14b4bbbb0d49021638844fa589474e0d
Similiparma lurida,686402645,https://inaturalist-open-data.s3.amazonaws.com/photos/686402645/medium.jpg,CC-BY 4.0,Mário de Pinto Balsemão,majocapb,2026-06-24,https://www.inaturalist.org/observations/375465878,"© Mário de Pinto Balsemão, some rights reserved (CC-BY)",94d121b4c61de72af4187780d0b46e530b730f7885fb7259f6002ce579d5e5d6
Similiparma lurida,247048966,https://inaturalist-open-data.s3.amazonaws.com/photos/247048966/medium.jpg,CC-BY 4.0,Leon Sulmann,sulixo,2022-12-08,https://www.inaturalist.org/observations/143993838,"© Leon Sulmann, some rights reserved (CC-BY)",07da19862e8c597ddd00e586a546834860e3864e0991a717ac02255c57316835
Similiparma lurida,458946758,https://inaturalist-open-data.s3.amazonaws.com/photos/458946758/medium.jpeg,CC-BY 4.0,Julien Renoult,jujurenoult,2024-10-12,https://www.inaturalist.org/observations/256031289,"© Julien Renoult, some rights reserved (CC-BY)",a437c5a60cdeda13e4edf5a7f6b015729dfcb28e4eab99d01122a64a8a27bd41
Similiparma lurida,314329012,https://inaturalist-open-data.s3.amazonaws.com/photos/314329012/medium.jpeg,CC-BY 4.0,Phill Robinson,phill-robinson,2023-08-24,https://www.inaturalist.org/observations/180448194,"© Phill Robinson, some rights reserved (CC-BY)",2b945ded73474a5060ddc0a076859e5ed8af5ae868db9fba13ef390b6cac8165
Similiparma lurida,314329051,https://inaturalist-open-data.s3.amazonaws.com/photos/314329051/medium.jpeg,CC-BY 4.0,Phill Robinson,phill-robinson,2023-08-24,https://www.inaturalist.org/observations/180448194,"© Phill Robinson, some rights reserved (CC-BY)",c9684b9c42c87c11c771df60f9e0333856d70dfa72386c4fd787a477eb85da1d
Similiparma lurida,314329091,https://inaturalist-open-data.s3.amazonaws.com/photos/314329091/medium.jpeg,CC-BY 4.0,Phill Robinson,phill-robinson,2023-08-24,https://www.inaturalist.org/observations/180448194,"© Phill Robinson, some rights reserved (CC-BY)",0c87def1c7b98d0b95b3f27ef6ad9cdc2d9e624e7ca86ab7c174d558f25ea512
Similiparma lurida,315796165,https://inaturalist-open-data.s3.amazonaws.com/photos/315796165/medium.jpeg,CC-BY 4.0,Charlotte Kirchner,charlottekirchner,2023-09-01,https://www.inaturalist.org/observations/181215608,"© Charlotte Kirchner, some rights reserved (CC-BY)",93cb5d929133904a736594b00cbecc727d37269d69bf4d8ff192ade4e4bc4f90
Similiparma lurida,316513571,https://inaturalist-open-data.s3.amazonaws.com/photos/316513571/medium.jpeg,CC-BY 4.0,Lisa Bennett,lisa_bennett,2023-08-28,https://www.inaturalist.org/observations/181621779,"© Lisa Bennett, some rights reserved (CC-BY)",c9eee93574a93a91b854f178e3693d4ccb8161cec56fa58d3f760f5c840d616b
Similiparma lurida,316513539,https://inaturalist-open-data.s3.amazonaws.com/photos/316513539/medium.jpeg,CC-BY 4.0,Lisa Bennett,lisa_bennett,2023-08-28,https://www.inaturalist.org/observations/181621779,"© Lisa Bennett, some rights reserved (CC-BY)",a4a13c69bb2f66392cd7663d25f5963676cb048913bd1f4e65d736224a217867
Similiparma lurida,316513547,https://inaturalist-open-data.s3.amazonaws.com/photos/316513547/medium.jpeg,CC-BY 4.0,Lisa Bennett,lisa_bennett,2023-08-28,https://www.inaturalist.org/observations/181621779,"© Lisa Bennett, some rights reserved (CC-BY)",aff34d7da515acdd2e5b1bc58cc24309189b6fbbd729132a1230a4f35d034e25
Similiparma lurida,692407469,https://inaturalist-open-data.s3.amazonaws.com/photos/692407469/medium.jpg,CC-BY 4.0,tunicatedreamz,tunicatedreamz,2026-07-05,https://www.inaturalist.org/observations/378584045,"© tunicatedreamz, some rights reserved (CC-BY)",fe434d68789cdd68ea48927157149b096fe6e37b0e911b458d0bc81aa46ab00a
Canthigaster capistrata,260035421,https://inaturalist-open-data.s3.amazonaws.com/photos/260035421/medium.jpg,CC-BY 4.0,Donald Davesne,donalddavesne,2022-12-23,https://www.inaturalist.org/observations/150769114,"© Donald Davesne, some rights reserved (CC-BY)",0c13b75516fbd26f59cfe18a846ce438ad4a9e09e9f832cb9571b8e82d8a306f
Canthigaster capistrata,460758543,https://inaturalist-open-data.s3.amazonaws.com/photos/460758543/medium.jpg,CC-BY 4.0,Donald Davesne,donalddavesne,2024-09-04,https://www.inaturalist.org/observations/256920747,"© Donald Davesne, some rights reserved (CC-BY)",58c16fc779354c9be00cc9f0a6e01e5f2489935160b1e02ecda974fbb562a14a
Canthigaster capistrata,460758539,https://inaturalist-open-data.s3.amazonaws.com/photos/460758539/medium.jpg,CC-BY 4.0,Donald Davesne,donalddavesne,2024-09-04,https://www.inaturalist.org/observations/256920747,"© Donald Davesne, some rights reserved (CC-BY)",
Canthigaster capistrata,460758443,https://inaturalist-open-data.s3.amazonaws.com/photos/460758443/medium.jpg,CC-BY 4.0,Donald Davesne,donalddavesne,2024-09-04,https://www.inaturalist.org/observations/256920747,"© Donald Davesne, some rights reserved (CC-BY)",ca62a8687ba158e5d393a2c0f8bac0a91a1e5cdea0c6e92dd7410ae841e25d26
Canthigaster capistrata,455170766,https://inaturalist-open-data.s3.amazonaws.com/photos/455170766/medium.jpg,CC-BY 4.0,Donald Davesne,donalddavesne,2024-09-03,https://www.inaturalist.org/observations/254152123,"© Donald Davesne, some rights reserved (CC-BY)",d7269f40d691a6bbdbf2b4a1700ab0b34bbdf6b6aff992b13b31049d5a88e50b
Canthigaster capistrata,486059748,https://inaturalist-open-data.s3.amazonaws.com/photos/486059748/medium.jpeg,CC-BY 4.0,Oscar Hopgood,oscarhopgood,2025-04-13,https://www.inaturalist.org/observations/270282418,"© Oscar Hopgood, some rights reserved (CC-BY)",fadf31cad7ab8b3724d3afc596fee8cd82196aa8311a44ce1cf58a01a3c75e70
Canthigaster capistrata,120506192,https://inaturalist-open-data.s3.amazonaws.com/photos/120506192/medium.jpg,CC-BY 4.0,Julien Renoult,jujurenoult,2021-03-08,https://www.inaturalist.org/observations/73782797,"© Julien Renoult, some rights reserved (CC-BY)",ee0c688d1295b274b32e5c6918f38efa93cc99b70c4c7f11ba1fa519d593df07
Canthigaster capistrata,176406750,https://inaturalist-open-data.s3.amazonaws.com/photos/176406750/medium.jpeg,CC-BY 4.0,Valentin Moser,vmoser,2022-01-10,https://www.inaturalist.org/observations/105175039,"© Valentin Moser, some rights reserved (CC-BY)",
Canthigaster capistrata,176314640,https://inaturalist-open-data.s3.amazonaws.com/photos/176314640/medium.jpeg,CC-BY 4.0,Valentin Moser,vmoser,2022-01-07,https://www.inaturalist.org/observations/105127524,"© Valentin Moser, some rights reserved (CC-BY)",ea991cceb034adbfaf6fd9c24f92f77872c04611c8eb0e1d53dcb1101ba379c4
Canthigaster capistrata,176314655,https://inaturalist-open-data.s3.amazonaws.com/photos/176314655/medium.jpeg,CC-BY 4.0,Valentin Moser,vmoser,2022-01-07,https://www.inaturalist.org/observations/105127524,"© Valentin Moser, some rights reserved (CC-BY)",a79ba7b217232f6a4370893cfc4b4253837a1ed747f1436da1b7e49649f6df70
Canthigaster capistrata,468219952,https://inaturalist-open-data.s3.amazonaws.com/photos/468219952/medium.jpeg,CC-BY 4.0,Adrien &amp; Lise,adrien-lise,2025-01-09,https://www.inaturalist.org/observations/260695860,"© Adrien &amp; Lise, some rights reserved (CC-BY)",d97347d2d9b4b0d1dc4c3d5208f7e4379cc8bd3727a74e835dafc66607ba7f5c
Canthigaster capistrata,117398702,https://inaturalist-open-data.s3.amazonaws.com/photos/117398702/medium.jpg,CC-BY 4.0,Julien Renoult,jujurenoult,2021-03-07,https://www.inaturalist.org/observations/72047800,"© Julien Renoult, some rights reserved (CC-BY)",63e657c4dc4e5f32a34ecf5de4f2d85f17bd81b3554a00a93ed2a21e0c849970
Canthigaster capistrata,117398540,https://inaturalist-open-data.s3.amazonaws.com/photos/117398540/medium.jpg,CC-BY 4.0,Julien Renoult,jujurenoult,2021-03-07,https://www.inaturalist.org/observations/72047800,"© Julien Renoult, some rights reserved (CC-BY)",aa0f349678b50198a8cfcdce1e6f3b6ecaf2881ff982d86bb4907f6b6389e7e1
Canthigaster capistrata,467339626,https://inaturalist-open-data.s3.amazonaws.com/photos/467339626/medium.jpeg,CC-BY 4.0,Adrien &amp; Lise,adrien-lise,2024-12-24,https://www.inaturalist.org/observations/260251788,"© Adrien &amp; Lise, some rights reserved (CC-BY)",717b8b1079b86a7c682a85afc6c67f605ca959a7e84168b779e106a5ceac22df
Canthigaster capistrata,255542661,https://inaturalist-open-data.s3.amazonaws.com/photos/255542661/medium.jpeg,CC-BY 4.0,Óscar Sampedro,hosquillar,2023-02-04,https://www.inaturalist.org/observations/148403178,"© Óscar Sampedro, some rights reserved (CC-BY)",a48c384b8a4a75cbeb08aea941a4fee469aa6022bbbe5611a18b75a387c9ff3a
Canthigaster capistrata,255542709,https://inaturalist-open-data.s3.amazonaws.com/photos/255542709/medium.jpeg,CC-BY 4.0,Óscar Sampedro,hosquillar,2023-02-04,https://www.inaturalist.org/observations/148403178,"© Óscar Sampedro, some rights reserved (CC-BY)",a1890696e254c024ff4a18df47b3f3d47870dfd04df9df2e6020ec8a5e54276f
Canthigaster capistrata,255542715,https://inaturalist-open-data.s3.amazonaws.com/photos/255542715/medium.jpeg,CC-BY 4.0,Óscar Sampedro,hosquillar,2023-02-04,https://www.inaturalist.org/observations/148403178,"© Óscar Sampedro, some rights reserved (CC-BY)",077032fc9c2adfc6d905dd726f83fcc75405a0051e58675e23674f96e5cdf5b6
Canthigaster capistrata,660234016,https://inaturalist-open-data.s3.amazonaws.com/photos/660234016/medium.jpg,CC-BY 4.0,Jan Ebr &amp; Ivana Ebrová,opisska,2026-04-22,https://www.inaturalist.org/observations/361767469,"© Jan Ebr &amp; Ivana Ebrová, some rights reserved (CC-BY)",0262d0a5a175c555f1cc446e52674847df2907b4a5e158a6abc93a75f3781d58
Canthigaster capistrata,369038705,https://inaturalist-open-data.s3.amazonaws.com/photos/369038705/medium.jpg,CC-BY 4.0,nbasargin,nbasargin,2024-03-22,https://www.inaturalist.org/observations/208572911,"© nbasargin, some rights reserved (CC-BY)",7e0c3878edf7bd937921fd28267f6fb3dd9d51f2a1e0f59c0f073def0ca228f3
Canthigaster capistrata,369038704,https://inaturalist-open-data.s3.amazonaws.com/photos/369038704/medium.jpg,CC-BY 4.0,nbasargin,nbasargin,2024-03-22,https://www.inaturalist.org/observations/208572911,"© nbasargin, some rights reserved (CC-BY)",4b8a913665f9408b9d533c7f42bc16b69a81366663cfab27a736bf0f4b9a779a
Canthigaster capistrata,369038693,https://inaturalist-open-data.s3.amazonaws.com/photos/369038693/medium.jpg,CC-BY 4.0,nbasargin,nbasargin,2024-03-22,https://www.inaturalist.org/observations/208572911,"© nbasargin, some rights reserved (CC-BY)",bb54dc474a709db18d228f63ab062cba6c4b276ca61edd15bad0b3063fe85fb3
Canthigaster capistrata,369038712,https://inaturalist-open-data.s3.amazonaws.com/photos/369038712/medium.jpg,CC-BY 4.0,nbasargin,nbasargin,2024-03-22,https://www.inaturalist.org/observations/208572911,"© nbasargin, some rights reserved (CC-BY)",21927f7aaae002050b93528bf79d638ea170871e6c6fece55bd5a4cc03cb6456
Canthigaster capistrata,464959515,https://inaturalist-open-data.s3.amazonaws.com/photos/464959515/medium.png,CC-BY 4.0,Ella McCausland,ellamac27,2024-12-12,https://www.inaturalist.org/observations/259069936,"© Ella McCausland, some rights reserved (CC-BY)",42b6eec6fa1a1a4c8f00d802c9c94923d8d9176fcc531368bdc212414b840b52
Chromis limbata,456306385,https://inaturalist-open-data.s3.amazonaws.com/photos/456306385/medium.jpg,CC-BY 4.0,Donald Davesne,donalddavesne,2024-09-03,https://www.inaturalist.org/observations/254714962,"© Donald Davesne, some rights reserved (CC-BY)",78abed6c41d6dc0a99c39b16e050a299fe2f940de61e6410fb9baef3b6726670
Chromis limbata,260158720,https://inaturalist-open-data.s3.amazonaws.com/photos/260158720/medium.jpg,CC-BY 4.0,Donald Davesne,donalddavesne,2022-12-23,https://www.inaturalist.org/observations/150834288,"© Donald Davesne, some rights reserved (CC-BY)",3ab654b7c5c53b6815b641db0d1cd673d2a1db2023ca00537666d6e657109790
Chromis limbata,120870602,https://inaturalist-open-data.s3.amazonaws.com/photos/120870602/medium.jpg,CC-BY 4.0,Julien Renoult,jujurenoult,2021-03-08,https://www.inaturalist.org/observations/73990585,"© Julien Renoult, some rights reserved (CC-BY)",e3af9eb996dc1e40356747e1751d685b8a5ecb8b183280e01cb5cf23c87eb006
Chromis limbata,176307225,https://inaturalist-open-data.s3.amazonaws.com/photos/176307225/medium.jpeg,CC-BY 4.0,Valentin Moser,vmoser,2022-01-14,https://www.inaturalist.org/observations/105124358,"© Valentin Moser, some rights reserved (CC-BY)",6f7041020ac221e9621378d0fe40d3854a9dc97fa21061ff6d6c154ef6c0cc8d
Chromis limbata,511603907,https://inaturalist-open-data.s3.amazonaws.com/photos/511603907/medium.jpg,CC-BY 4.0,tunicatedreamz,tunicatedreamz,2022-09-29,https://www.inaturalist.org/observations/284661448,"© tunicatedreamz, some rights reserved (CC-BY)",a4eee8c54e29ca8b85f61474ca79a757807ebcfde9cdb4355da72b3d9ea6666f
Chromis limbata,511603922,https://inaturalist-open-data.s3.amazonaws.com/photos/511603922/medium.jpg,CC-BY 4.0,tunicatedreamz,tunicatedreamz,2022-09-29,https://www.inaturalist.org/observations/284661448,"© tunicatedreamz, some rights reserved (CC-BY)",51b655751dd930dd91537cd68af7e4ff451b677386044dc3c35450cc0034ef8d
Chromis limbata,511603929,https://inaturalist-open-data.s3.amazonaws.com/photos/511603929/medium.jpg,CC-BY 4.0,tunicatedreamz,tunicatedreamz,2022-09-29,https://www.inaturalist.org/observations/284661448,"© tunicatedreamz, some rights reserved (CC-BY)",383789098e995da413e94d8eb29dd3778a86831d3c067305bfb59beb9963009a
Chromis limbata,623634328,https://inaturalist-open-data.s3.amazonaws.com/photos/623634328/medium.jpg,CC-BY 4.0,Juan Rodríguez,jrp01,2026-03-05,https://www.inaturalist.org/observations/342458070,"© Juan Rodríguez, some rights reserved (CC-BY)",bbd35d414c63f7767af6b271b8672a92c1928a887354566dd12088fbbcd149fb
Chromis limbata,452109099,https://inaturalist-open-data.s3.amazonaws.com/photos/452109099/medium.jpg,CC-BY 4.0,Donald Davesne,donalddavesne,2024-08-31,https://www.inaturalist.org/observations/252547028,"© Donald Davesne, some rights reserved (CC-BY)",bdf85336f64ce7a4dbe11275e81f64268823d5137c22de1a35598a5be531d3b0
Chromis limbata,469101331,https://inaturalist-open-data.s3.amazonaws.com/photos/469101331/medium.jpeg,CC-BY 4.0,Adrien &amp; Lise,adrien-lise,2024-02-20,https://www.inaturalist.org/observations/261109687,"© Adrien &amp; Lise, some rights reserved (CC-BY)",46f8fb849c556765fe39cf08f92042853b42928773e0206b32ed60962d859c09
Chromis limbata,469101334,https://inaturalist-open-data.s3.amazonaws.com/photos/469101334/medium.jpeg,CC-BY 4.0,Adrien &amp; Lise,adrien-lise,2024-02-20,https://www.inaturalist.org/observations/261109687,"© Adrien &amp; Lise, some rights reserved (CC-BY)",2feac5c774af8a8ac16fb0b87a183641c5b7a774170ca372fd473480b1526106
Chromis limbata,475291599,https://inaturalist-open-data.s3.amazonaws.com/photos/475291599/medium.jpg,CC-BY 4.0,Donald Davesne,donalddavesne,2024-12-25,https://www.inaturalist.org/observations/264677909,"© Donald Davesne, some rights reserved (CC-BY)",af3c6fe3582f0e557d3d49bc9753fd434b48ca0a23ff4a7c278444cc968c8bbb
Chromis limbata,536202929,https://inaturalist-open-data.s3.amazonaws.com/photos/536202929/medium.jpg,CC-BY 4.0,Vsevolod Rudyi,ruseva,2025-07-13,https://www.inaturalist.org/observations/297722812,"© Vsevolod Rudyi, some rights reserved (CC-BY)",48fb5ea130093e569a614e964685ba61bd4c6c8a99ff718ac09755b5c41ffdc0
Chromis limbata,120506345,https://inaturalist-open-data.s3.amazonaws.com/photos/120506345/medium.jpg,CC-BY 4.0,Julien Renoult,jujurenoult,2021-03-08,https://www.inaturalist.org/observations/73782801,"© Julien Renoult, some rights reserved (CC-BY)",576852966a99002eb55864768cfa3f416d119f23fe3a6132f508560d5b947598
Chromis limbata,459149122,https://inaturalist-open-data.s3.amazonaws.com/photos/459149122/medium.jpg,CC-BY 4.0,Donald Davesne,donalddavesne,2024-09-05,https://www.inaturalist.org/observations/256129230,"© Donald Davesne, some rights reserved (CC-BY)",7ac266390b23eec7661d90cd367591d8a856ed39b2e9a2521d80aaf714aabaa1
Chromis limbata,459149125,https://inaturalist-open-data.s3.amazonaws.com/photos/459149125/medium.jpg,CC-BY 4.0,Donald Davesne,donalddavesne,2024-09-05,https://www.inaturalist.org/observations/256129230,"© Donald Davesne, some rights reserved (CC-BY)",85ba8bc09768cdfaf2d4fc3c977440a60f5f577c0bd2dc2d9f7ed15d9688916d
Chromis limbata,600806888,https://inaturalist-open-data.s3.amazonaws.com/photos/600806888/medium.jpg,CC-BY 4.0,Juan Rodríguez,jrp01,2025-12-15,https://www.inaturalist.org/observations/331219655,"© Juan Rodríguez, some rights reserved (CC-BY)",10e69cff049fda8b9621c38c6174b94ca861969d0355d3c454c3fe2afe816716
Chromis limbata,222976859,https://inaturalist-open-data.s3.amazonaws.com/photos/222976859/medium.jpeg,CC-BY 4.0,Sarah Faulwetter,sarahfaulwetter,2014-09-20,https://www.inaturalist.org/observations/131060681,"© Sarah Faulwetter, some rights reserved (CC-BY)",ecc664c5b80c7b97df6335411b23cbd749cc8d91c9997a45b20f5109392f283d
Chromis limbata,222977144,https://inaturalist-open-data.s3.amazonaws.com/photos/222977144/medium.jpeg,CC-BY 4.0,Sarah Faulwetter,sarahfaulwetter,2014-09-20,https://www.inaturalist.org/observations/131060681,"© Sarah Faulwetter, some rights reserved (CC-BY)",d6905f125a910974baf3c590cac436d50b71ad918f5b24b995951bc66a144460
Chromis limbata,222977374,https://inaturalist-open-data.s3.amazonaws.com/photos/222977374/medium.jpeg,CC-BY 4.0,Sarah Faulwetter,sarahfaulwetter,2014-09-20,https://www.inaturalist.org/observations/131060681,"© Sarah Faulwetter, some rights reserved (CC-BY)",870bbe1e1361a55175e9c20c1b5cd0e96ca305aa223732b2ef5e9107db14f0bc
Chromis limbata,117274921,https://inaturalist-open-data.s3.amazonaws.com/photos/117274921/medium.jpg,CC-BY 4.0,Julien Renoult,jujurenoult,2021-03-07,https://www.inaturalist.org/observations/71982530,"© Julien Renoult, some rights reserved (CC-BY)",
Chromis limbata,252126489,https://inaturalist-open-data.s3.amazonaws.com/photos/252126489/medium.jpeg,CC-BY 4.0,Julien Tchilinguirian,jtch,2011-02-24,https://www.inaturalist.org/observations/146626954,"© Julien Tchilinguirian, some rights reserved (CC-BY)",9cd4b677c9e6042f8f47bd09f6e416d378fbe0f50557c8581d677694b3c7001a
Mycteroperca fusca,518450932,https://inaturalist-open-data.s3.amazonaws.com/photos/518450932/medium.jpg,CC-BY 4.0,Charlotte Kirchner,charlottekirchner,2025-06-09,https://www.inaturalist.org/observations/288300242,"© Charlotte Kirchner, some rights reserved (CC-BY)",6398ee9ace4a8ba16b22b5ea3a6a4b5ebc0c3b7b05774fc94b0592171529a2dc
Mycteroperca fusca,518451025,https://inaturalist-open-data.s3.amazonaws.com/photos/518451025/medium.jpg,CC-BY 4.0,Charlotte Kirchner,charlottekirchner,2025-06-09,https://www.inaturalist.org/observations/288300242,"© Charlotte Kirchner, some rights reserved (CC-BY)",e06b07be41a3f63ef6414f43fc850766feed2bd47d217f3751735d2dfd686990
Mycteroperca fusca,520338518,https://inaturalist-open-data.s3.amazonaws.com/photos/520338518/medium.jpg,CC-BY 4.0,Charlotte Kirchner,charlottekirchner,2025-06-13,https://www.inaturalist.org/observations/289304607,"© Charlotte Kirchner, some rights reserved (CC-BY)",e832d8669767c01e4383c3fb48ae1a6240020c96fd8b8d2ba7dc33e4495f143a
Mycteroperca fusca,520338590,https://inaturalist-open-data.s3.amazonaws.com/photos/520338590/medium.jpg,CC-BY 4.0,Charlotte Kirchner,charlottekirchner,2025-06-13,https://www.inaturalist.org/observations/289304607,"© Charlotte Kirchner, some rights reserved (CC-BY)",414ffb1e0844ee1b4f23a86d1c37896748d57d6fa35db26c5ad0b7267d587faa
Mycteroperca fusca,520338714,https://inaturalist-open-data.s3.amazonaws.com/photos/520338714/medium.jpg,CC-BY 4.0,Charlotte Kirchner,charlottekirchner,2025-06-13,https://www.inaturalist.org/observations/289304607,"© Charlotte Kirchner, some rights reserved (CC-BY)",1042aa8b76000ca5a08e2ac392b26592e5b8bde11481aa9cb56baaf50729e841
Mycteroperca fusca,520338781,https://inaturalist-open-data.s3.amazonaws.com/photos/520338781/medium.jpg,CC-BY 4.0,Charlotte Kirchner,charlottekirchner,2025-06-13,https://www.inaturalist.org/observations/289304607,"© Charlotte Kirchner, some rights reserved (CC-BY)",42e981225bb573ef7aee472c3dfa0b5b534bb51eafa55eec32a31ed88af20776
Mycteroperca fusca,135730284,https://inaturalist-open-data.s3.amazonaws.com/photos/135730284/medium.jpg,CC-BY 4.0,jeyre,jeyre,2016-08-03,https://www.inaturalist.org/observations/82684868,"© jeyre, some rights reserved (CC-BY)",2ee57f055b04e94bd0117e22759c90a06524fed03afce13c8eff4fc9efd10644
Mycteroperca fusca,467373687,https://inaturalist-open-data.s3.amazonaws.com/photos/467373687/medium.jpg,CC-BY 4.0,Michael Bommerer,michael_bommerer,2025-02-01,https://www.inaturalist.org/observations/260270286,"© Michael Bommerer, some rights reserved (CC-BY)",e281fe799def766adf172dce59faeae69d277885f5cb8e02e291644b669f76e0
Mycteroperca fusca,467373710,https://inaturalist-open-data.s3.amazonaws.com/photos/467373710/medium.jpg,CC-BY 4.0,Michael Bommerer,michael_bommerer,2025-02-01,https://www.inaturalist.org/observations/260270286,"© Michael Bommerer, some rights reserved (CC-BY)",d614b9b44c012b6ca7051b222b703e8e6a921d4e5141539d19488608acd95393
Mycteroperca fusca,467373735,https://inaturalist-open-data.s3.amazonaws.com/photos/467373735/medium.jpg,CC-BY 4.0,Michael Bommerer,michael_bommerer,2025-02-01,https://www.inaturalist.org/observations/260270286,"© Michael Bommerer, some rights reserved (CC-BY)",afc3086cb8ac020dc2e6afb395b4546fbd7ace2b0bcff66dc9e3fa79003dff3c
Mycteroperca fusca,467373754,https://inaturalist-open-data.s3.amazonaws.com/photos/467373754/medium.jpg,CC-BY 4.0,Michael Bommerer,michael_bommerer,2025-02-01,https://www.inaturalist.org/observations/260270286,"© Michael Bommerer, some rights reserved (CC-BY)",af4efa8ec9094fa46398177670f827cd05c913da028712c73ddf8992ccfb821c
Mycteroperca fusca,354835044,https://inaturalist-open-data.s3.amazonaws.com/photos/354835044/medium.jpeg,CC-BY 4.0,Michael Bommerer,michael_bommerer,2024-02-25,https://www.inaturalist.org/observations/201052008,"© Michael Bommerer, some rights reserved (CC-BY)",ccdf146e2d91e39cd4857dd6b3b59a7883a5571f11fef1904d08656c7c242fd7
Mycteroperca fusca,357459814,https://inaturalist-open-data.s3.amazonaws.com/photos/357459814/medium.jpeg,CC-BY 4.0,Michael Bommerer,michael_bommerer,2024-03-05,https://www.inaturalist.org/observations/202401906,"© Michael Bommerer, some rights reserved (CC-BY)",3ff4839ca855f4426a368fdc09ad8c5b96ad0137f1ca86dac30e930189bb1b8a
Mycteroperca fusca,357459836,https://inaturalist-open-data.s3.amazonaws.com/photos/357459836/medium.jpeg,CC-BY 4.0,Michael Bommerer,michael_bommerer,2024-03-05,https://www.inaturalist.org/observations/202401906,"© Michael Bommerer, some rights reserved (CC-BY)",541f4a59ebcb4ba96d6796983d657a478706e00af8e02cb431d2d59e0f7d2595
Mycteroperca fusca,357459864,https://inaturalist-open-data.s3.amazonaws.com/photos/357459864/medium.jpeg,CC-BY 4.0,Michael Bommerer,michael_bommerer,2024-03-05,https://www.inaturalist.org/observations/202401906,"© Michael Bommerer, some rights reserved (CC-BY)",c6c9a92776f3420301a90b60c497d83f990d7f08ec2baa4b362b43a476a9b5f5
Mycteroperca fusca,361880450,https://inaturalist-open-data.s3.amazonaws.com/photos/361880450/medium.jpeg,CC-BY 4.0,Michael Bommerer,michael_bommerer,2024-03-22,https://www.inaturalist.org/observations/204714866,"© Michael Bommerer, some rights reserved (CC-BY)",69cfb67e60cd4723a115dd989d11624d0e8cf3c212bd83b3c2061531d30142c9
Mycteroperca fusca,379484798,https://inaturalist-open-data.s3.amazonaws.com/photos/379484798/medium.jpg,CC-BY 4.0,Michael Bommerer,michael_bommerer,2024-05-08,https://www.inaturalist.org/observations/214681665,"© Michael Bommerer, some rights reserved (CC-BY)",13e3fcdf45faaac9f5d363e1d90824632b26331690cabb034ddb4205ea324931
Mycteroperca fusca,379485640,https://inaturalist-open-data.s3.amazonaws.com/photos/379485640/medium.jpg,CC-BY 4.0,Michael Bommerer,michael_bommerer,2024-05-08,https://www.inaturalist.org/observations/214681665,"© Michael Bommerer, some rights reserved (CC-BY)",22199b8f3537d098180311406700231523d67539cf3d3fdeeb83785782c44ad5
Mycteroperca fusca,379485669,https://inaturalist-open-data.s3.amazonaws.com/photos/379485669/medium.jpg,CC-BY 4.0,Michael Bommerer,michael_bommerer,2024-05-08,https://www.inaturalist.org/observations/214681665,"© Michael Bommerer, some rights reserved (CC-BY)",8135e015e6b50f77e6d005462261e2753f85667cf33b77940ed2cee661ffb289
Mycteroperca fusca,379640005,https://inaturalist-open-data.s3.amazonaws.com/photos/379640005/medium.jpg,CC-BY 4.0,Michael Bommerer,michael_bommerer,2024-05-10,https://www.inaturalist.org/observations/214762714,"© Michael Bommerer, some rights reserved (CC-BY)",
Mycteroperca fusca,379640012,https://inaturalist-open-data.s3.amazonaws.com/photos/379640012/medium.jpg,CC-BY 4.0,Michael Bommerer,michael_bommerer,2024-05-10,https://www.inaturalist.org/observations/214762714,"© Michael Bommerer, some rights reserved (CC-BY)",7ce587cf93973e8f0b59c00747ee93b310a3cb93e12758aa2119f516883ad21f
Mycteroperca fusca,453039280,https://inaturalist-open-data.s3.amazonaws.com/photos/453039280/medium.jpeg,CC-BY 4.0,Michael Bommerer,michael_bommerer,2024-11-25,https://www.inaturalist.org/observations/253053547,"© Michael Bommerer, some rights reserved (CC-BY)",7f348ef36a96dbbbea827a5204d53d4cb072b9b192cae3ec1d6fd79037c392fe
Mycteroperca fusca,453039352,https://inaturalist-open-data.s3.amazonaws.com/photos/453039352/medium.jpeg,CC-BY 4.0,Michael Bommerer,michael_bommerer,2024-11-25,https://www.inaturalist.org/observations/253053547,"© Michael Bommerer, some rights reserved (CC-BY)",1a300b6073c4d865b2fc6e884832199ec26eeb34188dc5283e8156ff828d2447
Mycteroperca fusca,427549156,https://inaturalist-open-data.s3.amazonaws.com/photos/427549156/medium.jpeg,CC-BY 4.0,Michael Bommerer,michael_bommerer,2024-09-05,https://www.inaturalist.org/observations/240012680,"© Michael Bommerer, some rights reserved (CC-BY)",76da67b8418086d25f5fd782b900990c4f9dcbcd799654b65bf76ad76944142e
Mycteroperca fusca,427549216,https://inaturalist-open-data.s3.amazonaws.com/photos/427549216/medium.jpeg,CC-BY 4.0,Michael Bommerer,michael_bommerer,2024-09-05,https://www.inaturalist.org/observations/240012680,"© Michael Bommerer, some rights reserved (CC-BY)",24a65f2dddf22123d241f7bfac545b2aa0b4bd959e5abcebb682c6e3929a89db
Mycteroperca fusca,427549269,https://inaturalist-open-data.s3.amazonaws.com/photos/427549269/medium.jpeg,CC-BY 4.0,Michael Bommerer,michael_bommerer,2024-09-05,https://www.inaturalist.org/observations/240012680,"© Michael Bommerer, some rights reserved (CC-BY)",88858737c3869b1a30ca22b55c69c64c8e6b8ee3ed88ae51bd7c103cc01362c2
Mycteroperca fusca,427549338,https://inaturalist-open-data.s3.amazonaws.com/photos/427549338/medium.jpeg,CC-BY 4.0,Michael Bommerer,michael_bommerer,2024-09-05,https://www.inaturalist.org/observations/240012680,"© Michael Bommerer, some rights reserved (CC-BY)",d5e626596b18cd5c5ce2382074266109c5068b977603d777db220e024962c53a
Mycteroperca fusca,424456378,https://inaturalist-open-data.s3.amazonaws.com/photos/424456378/medium.jpeg,CC-BY 4.0,Michael Bommerer,michael_bommerer,2024-08-27,https://www.inaturalist.org/observations/238415163,"© Michael Bommerer, some rights reserved (CC-BY)",9831032679a0e9491a28a71cce08ab25ff9befc7b0a6fc9a03d0ee76a30c75ce
Muraena augusti,432006649,https://inaturalist-open-data.s3.amazonaws.com/photos/432006649/medium.jpeg,CC-BY 4.0,Michael Bommerer,michael_bommerer,2024-09-17,https://www.inaturalist.org/observations/242325571,"© Michael Bommerer, some rights reserved (CC-BY)",d205cba945e26918347aa362796fc7e00d7f32a243862c5904d649b7993e9f72
Muraena augusti,432006796,https://inaturalist-open-data.s3.amazonaws.com/photos/432006796/medium.jpeg,CC-BY 4.0,Michael Bommerer,michael_bommerer,2024-09-17,https://www.inaturalist.org/observations/242325571,"© Michael Bommerer, some rights reserved (CC-BY)",e44300ea245ad0a3fc50d00234e504bdb2cce5b4172917523a172844c768fcf3
Muraena augusti,432006966,https://inaturalist-open-data.s3.amazonaws.com/photos/432006966/medium.jpeg,CC-BY 4.0,Michael Bommerer,michael_bommerer,2024-09-17,https://www.inaturalist.org/observations/242325571,"© Michael Bommerer, some rights reserved (CC-BY)",0d04c317625ee8d93f9d5c91ae00529951e636f564c4bd8296a8bed104a67fa0
Muraena augusti,432007042,https://inaturalist-open-data.s3.amazonaws.com/photos/432007042/medium.jpeg,CC-BY 4.0,Michael Bommerer,michael_bommerer,2024-09-17,https://www.inaturalist.org/observations/242325571,"© Michael Bommerer, some rights reserved (CC-BY)",3da1b7bd35a4e643b2994d771af0025ecbb7009a60fbc952fc264519a8857bc5
Muraena augusti,251857846,https://inaturalist-open-data.s3.amazonaws.com/photos/251857846/medium.jpg,CC-BY 4.0,Martin Gutewort,martingutewort,2022-06-19,https://www.inaturalist.org/observations/146487072,"© Martin Gutewort, some rights reserved (CC-BY)",3c25230ae7f76dbfbee14f57746fb894db36116510a08afd570d6172603333bf
Muraena augusti,516142201,https://inaturalist-open-data.s3.amazonaws.com/photos/516142201/medium.jpg,CC-BY 4.0,Charlotte Kirchner,charlottekirchner,2025-06-05,https://www.inaturalist.org/observations/287069848,"© Charlotte Kirchner, some rights reserved (CC-BY)",64feb324eca612e120d1a5fa82954e24860a153c44c060ec126689a595473a4a
Muraena augusti,536202731,https://inaturalist-open-data.s3.amazonaws.com/photos/536202731/medium.jpg,CC-BY 4.0,Vsevolod Rudyi,ruseva,2025-07-13,https://www.inaturalist.org/observations/297722799,"© Vsevolod Rudyi, some rights reserved (CC-BY)",78fdd43514ef79aa27730087c112fe1ca97bd7859b640796ab1d4d8c336ac7d2
Muraena augusti,463382808,https://inaturalist-open-data.s3.amazonaws.com/photos/463382808/medium.jpg,CC-BY 4.0,Nicola Faulks,nicola35,2025-01-02,https://www.inaturalist.org/observations/258293429,"© Nicola Faulks, some rights reserved (CC-BY)",9b93932404b055c0ded8dfe60e530ec25ece1d71ec36752cf728f58163938b06
Muraena augusti,602027208,https://inaturalist-open-data.s3.amazonaws.com/photos/602027208/medium.jpg,CC-BY 4.0,Juan Rodríguez,jrp01,2025-12-15,https://www.inaturalist.org/observations/331815059,"© Juan Rodríguez, some rights reserved (CC-BY)",3a9b1fcf6acac38070cf4846640c3ed60ac7a9e2bd916c50c05f1ed0a7a73ecc
Muraena augusti,566921253,https://inaturalist-open-data.s3.amazonaws.com/photos/566921253/medium.jpg,CC-BY 4.0,Valentin Moser,vmoser,2025-07-18,https://www.inaturalist.org/observations/313911569,"© Valentin Moser, some rights reserved (CC-BY)",7f098bf432ebbd451a3f0b38fe8946328f2be51b4756a05ce441b9d436d9bc92
Muraena augusti,643206847,https://inaturalist-open-data.s3.amazonaws.com/photos/643206847/medium.jpg,CC-BY 4.0,Rory Wilson,rorywilson,2026-04-23,https://www.inaturalist.org/observations/352407005,"© Rory Wilson, some rights reserved (CC-BY)",f5bff748c391673b9d4a9d91d776b85d0e86afe41743f69c07b92b586cfda08c
Muraena augusti,643206991,https://inaturalist-open-data.s3.amazonaws.com/photos/643206991/medium.jpg,CC-BY 4.0,Rory Wilson,rorywilson,2026-04-23,https://www.inaturalist.org/observations/352407005,"© Rory Wilson, some rights reserved (CC-BY)",5e764efbe644ef3d0cb50adc1e80d8cc65fc6388853d35334650e0aa73556b49
Muraena augusti,643207104,https://inaturalist-open-data.s3.amazonaws.com/photos/643207104/medium.jpg,CC-BY 4.0,Rory Wilson,rorywilson,2026-04-23,https://www.inaturalist.org/observations/352407005,"© Rory Wilson, some rights reserved (CC-BY)",86ea275b0e53966e6aa0b6c21a254c2f763969a1ca44b9483433433ea9482baa
Muraena augusti,643207189,https://inaturalist-open-data.s3.amazonaws.com/photos/643207189/medium.jpg,CC-BY 4.0,Rory Wilson,rorywilson,2026-04-23,https://www.inaturalist.org/observations/352407005,"© Rory Wilson, some rights reserved (CC-BY)",f6af235b6f30437c382420a42b15b2a1d8fe614428aa49976668b6176ec72df0
Muraena augusti,205584460,https://inaturalist-open-data.s3.amazonaws.com/photos/205584460/medium.jpg,CC-BY 4.0,Austen Novis,anovis,2022-06-12,https://www.inaturalist.org/observations/121491723,"© Austen Novis, some rights reserved (CC-BY)",0eece7e7ad5dc38f72a13b54f443867313d866a86afd9388fc3d077d6d5bfcd2
Muraena augusti,573488593,https://inaturalist-open-data.s3.amazonaws.com/photos/573488593/medium.jpg,CC-BY 4.0,Valentin Moser,vmoser,2025-07-24,https://www.inaturalist.org/observations/317380411,"© Valentin Moser, some rights reserved (CC-BY)",c1425fe4aa8d37b70bbfa27e09ae475c776954c11e59182af480a486bc18828b
Muraena augusti,536202835,https://inaturalist-open-data.s3.amazonaws.com/photos/536202835/medium.jpg,CC-BY 4.0,Vsevolod Rudyi,ruseva,2025-07-13,https://www.inaturalist.org/observations/297722805,"© Vsevolod Rudyi, some rights reserved (CC-BY)",a42cd162f0c650fbdd0f23601f0b805558e2fc947fde6a5462fc8effb608fe2c
Muraena augusti,450179213,https://inaturalist-open-data.s3.amazonaws.com/photos/450179213/medium.jpeg,CC-BY 4.0,Michael Bommerer,michael_bommerer,2024-11-13,https://www.inaturalist.org/observations/251577856,"© Michael Bommerer, some rights reserved (CC-BY)",918ac1f5e1b199fd1e72ae6168792fc1dfce6f4344d04c634c45dc335275a4e5
Muraena augusti,450179346,https://inaturalist-open-data.s3.amazonaws.com/photos/450179346/medium.jpeg,CC-BY 4.0,Michael Bommerer,michael_bommerer,2024-11-13,https://www.inaturalist.org/observations/251577856,"© Michael Bommerer, some rights reserved (CC-BY)",980efe39f3b69907b32058ffa978a3a21ed060f32b3379a2b965d7f062049dbf
Aulostomus strigosus,111105052,https://inaturalist-open-data.s3.amazonaws.com/photos/111105052/medium.jpeg,CC-BY 4.0,Yves Bas,yvesbas,2007-12-11,https://www.inaturalist.org/observations/68590894,"© Yves Bas, some rights reserved (CC-BY)",c2ee6b9495e5aa966399244d8f302ab26ea758f2e94e3d7e693cebf6dd5086d4
Aulostomus strigosus,261073116,https://inaturalist-open-data.s3.amazonaws.com/photos/261073116/medium.jpg,CC-BY 4.0,Donald Davesne,donalddavesne,2022-12-23,https://www.inaturalist.org/observations/151321549,"© Donald Davesne, some rights reserved (CC-BY)",e3682829cc7031fe8885370389d4e11598f546b0194d63c88d45bccf0797bede
Aulostomus strigosus,261073108,https://inaturalist-open-data.s3.amazonaws.com/photos/261073108/medium.jpg,CC-BY 4.0,Donald Davesne,donalddavesne,2022-12-23,https://www.inaturalist.org/observations/151321549,"© Donald Davesne, some rights reserved (CC-BY)",e6dcc0f93ff2ed263077fdb5957037a1522e3a5cf9e243c5713f73533a80a142
Aulostomus strigosus,261073091,https://inaturalist-open-data.s3.amazonaws.com/photos/261073091/medium.jpg,CC-BY 4.0,Donald Davesne,donalddavesne,2022-12-23,https://www.inaturalist.org/observations/151321549,"© Donald Davesne, some rights reserved (CC-BY)",2712a30e48bb94ce396612890f61b688f163f447d4a0824a4182efc4d12611ba
Aulostomus strigosus,388187537,https://inaturalist-open-data.s3.amazonaws.com/photos/388187537/medium.jpg,CC-BY 4.0,Nicola Faulks,nicola35,2024-05-30,https://www.inaturalist.org/observations/219321424,"© Nicola Faulks, some rights reserved (CC-BY)",7088addad5b70e793711641dbe196e3d7b4c887e3f3ada27b94bc2f2d797ad19
Aulostomus strigosus,709760004,https://inaturalist-open-data.s3.amazonaws.com/photos/709760004/medium.jpg,CC-BY 4.0,Philipp Pavelka,philpav,2022-11-02,https://www.inaturalist.org/observations/387593702,"© Philipp Pavelka, some rights reserved (CC-BY)",9746b9b9c9276b64abd598a8e6a88cefa1b211bcb3473d4cdb03b6b0fc54f50f
Aulostomus strigosus,655245904,https://inaturalist-open-data.s3.amazonaws.com/photos/655245904/medium.jpg,CC-BY 4.0,Jan Ebr &amp; Ivana Ebrová,opisska,2026-04-20,https://www.inaturalist.org/observations/359148666,"© Jan Ebr &amp; Ivana Ebrová, some rights reserved (CC-BY)",f09a0c73b1f764f092f0afd9013c876c48f2297413d35dec7380ca6503a62005
Aulostomus strigosus,655278752,https://inaturalist-open-data.s3.amazonaws.com/photos/655278752/medium.jpg,CC-BY 4.0,Jan Ebr &amp; Ivana Ebrová,opisska,2026-04-22,https://www.inaturalist.org/observations/359165753,"© Jan Ebr &amp; Ivana Ebrová, some rights reserved (CC-BY)",4741999be2c94453e337938d0e6e543111c81ddeeffb6c7917754998cd8e47a1
Aulostomus strigosus,716638340,https://inaturalist-open-data.s3.amazonaws.com/photos/716638340/medium.jpg,CC-BY 4.0,Silvan Alder,silvan_alder,2026-08-14,https://www.inaturalist.org/observations/391123834,"© Silvan Alder, some rights reserved (CC-BY)",cd61db8b3631a9fdbf7e3801d03ba9962be11d3c2c4d5a30d046d255617c4ef3
Aulostomus strigosus,473207930,https://inaturalist-open-data.s3.amazonaws.com/photos/473207930/medium.jpg,CC-BY 4.0,Donald Davesne,donalddavesne,2024-12-25,https://www.inaturalist.org/observations/263364516,"© Donald Davesne, some rights reserved (CC-BY)",6e1827f0293ec0ff9a03eae07d00e620d5d3d8d98931f1884ac19b53628d3f76
Aulostomus strigosus,473207927,https://inaturalist-open-data.s3.amazonaws.com/photos/473207927/medium.jpg,CC-BY 4.0,Donald Davesne,donalddavesne,2024-12-25,https://www.inaturalist.org/observations/263364516,"© Donald Davesne, some rights reserved (CC-BY)",00b27b87ccf1df3bceecb8311f2e884fa192572a850b7552b4c56aef301055e3
Aulostomus strigosus,466126931,https://inaturalist-open-data.s3.amazonaws.com/photos/466126931/medium.jpeg,CC-BY 4.0,Adrien &amp; Lise,adrien-lise,2025-01-10,https://www.inaturalist.org/observations/259641798,"© Adrien &amp; Lise, some rights reserved (CC-BY)",74ad0724554a7522421075ffc0811e73dc7c06f042512f235547f379cfad5197
Aulostomus strigosus,271403797,https://inaturalist-open-data.s3.amazonaws.com/photos/271403797/medium.jpg,CC-BY 4.0,paulchallinor,paulchallinor,2023-04-27,https://www.inaturalist.org/observations/156932256,"© paulchallinor, some rights reserved (CC-BY)",567d1e7ba58adeef320fbb79bd6a8c29dec1e227de8a0fc07a824232c7a3667b
Aulostomus strigosus,271403826,https://inaturalist-open-data.s3.amazonaws.com/photos/271403826/medium.jpg,CC-BY 4.0,paulchallinor,paulchallinor,2023-04-27,https://www.inaturalist.org/observations/156932256,"© paulchallinor, some rights reserved (CC-BY)",4e6b4c33fd780a8e4a76f455bbbeb53618a815c25cdc42df367850c8821f3b70
Aulostomus strigosus,404076012,https://inaturalist-open-data.s3.amazonaws.com/photos/404076012/medium.jpeg,CC-BY 4.0,Juan Rodríguez,jrp01,2024-07-04,https://www.inaturalist.org/observations/227754717,"© Juan Rodríguez, some rights reserved (CC-BY)",8489c7a18a1679270e9217e0c9849a0a54dbfa6264d0596605b7577ebe6900c9
Aulostomus strigosus,354639305,https://inaturalist-open-data.s3.amazonaws.com/photos/354639305/medium.jpeg,CC-BY 4.0,Charlotte Kirchner,charlottekirchner,2024-03-01,https://www.inaturalist.org/observations/200951818,"© Charlotte Kirchner, some rights reserved (CC-BY)",74bae01a8b37ee900e8513e9a2840a1ca563b877e0a4d8b4b2d951bc7f407c5b
Pseudocaranx dentex,474593720,https://inaturalist-open-data.s3.amazonaws.com/photos/474593720/medium.jpg,CC-BY 4.0,Donald Davesne,donalddavesne,2024-12-25,https://www.inaturalist.org/observations/264126802,"© Donald Davesne, some rights reserved (CC-BY)",1c7f2e2b6d958e0b79b35fe0a7882456ed887e3e483f76fd7a46a2b88202912e
Pseudocaranx dentex,474593736,https://inaturalist-open-data.s3.amazonaws.com/photos/474593736/medium.jpg,CC-BY 4.0,Donald Davesne,donalddavesne,2024-12-25,https://www.inaturalist.org/observations/264126802,"© Donald Davesne, some rights reserved (CC-BY)",8ad86d80e0b114397a6d9a508d873d054be01572f0ac253ca459234b8f6d1a9f
Pseudocaranx dentex,474593719,https://inaturalist-open-data.s3.amazonaws.com/photos/474593719/medium.jpg,CC-BY 4.0,Donald Davesne,donalddavesne,2024-12-25,https://www.inaturalist.org/observations/264126802,"© Donald Davesne, some rights reserved (CC-BY)",be9db4c875635964090ae214baa65c0f19eb5c1b17104c57077285028c610648
Pseudocaranx dentex,474593721,https://inaturalist-open-data.s3.amazonaws.com/photos/474593721/medium.jpg,CC-BY 4.0,Donald Davesne,donalddavesne,2024-12-25,https://www.inaturalist.org/observations/264126802,"© Donald Davesne, some rights reserved (CC-BY)",e6cfa5502a47aa8f967626623b0b4b82a6ed68b3b8917e879c55cc50d588662d
Pseudocaranx dentex,117530529,https://inaturalist-open-data.s3.amazonaws.com/photos/117530529/medium.jpg,CC-BY 4.0,Julien Renoult,jujurenoult,2021-03-08,https://www.inaturalist.org/observations/72124057,"© Julien Renoult, some rights reserved (CC-BY)",0123104b69479c046f7252040318efdff71bcd294b97627efe36e48c80fc1d15
Pseudocaranx dentex,260035570,https://inaturalist-open-data.s3.amazonaws.com/photos/260035570/medium.jpg,CC-BY 4.0,Donald Davesne,donalddavesne,2022-12-23,https://www.inaturalist.org/observations/150769120,"© Donald Davesne, some rights reserved (CC-BY)",308e20d96364294a07a53957b04a4c6c2a9f56762268834f8c1b92b8732e47ee
Pseudocaranx dentex,260035571,https://inaturalist-open-data.s3.amazonaws.com/photos/260035571/medium.jpg,CC-BY 4.0,Donald Davesne,donalddavesne,2022-12-23,https://www.inaturalist.org/observations/150769120,"© Donald Davesne, some rights reserved (CC-BY)",a1511f776fe41ee32d2e07d8987b4601ebdc81d304ea8c0b8661f21b257caa34
Pseudocaranx dentex,260035557,https://inaturalist-open-data.s3.amazonaws.com/photos/260035557/medium.jpg,CC-BY 4.0,Donald Davesne,donalddavesne,2022-12-23,https://www.inaturalist.org/observations/150769120,"© Donald Davesne, some rights reserved (CC-BY)",3fbffcc70fb571c54fa2b4cc292c19424b229e29c7a189adb11524ba272ee737
Pseudocaranx dentex,473142356,https://inaturalist-open-data.s3.amazonaws.com/photos/473142356/medium.jpg,CC-BY 4.0,Donald Davesne,donalddavesne,2024-12-25,https://www.inaturalist.org/observations/263377594,"© Donald Davesne, some rights reserved (CC-BY)",32b3198cb31c0c8d754cff6b4bae6431ec7374cfff3c4a18858d494d79c7eebe
Pseudocaranx dentex,473142357,https://inaturalist-open-data.s3.amazonaws.com/photos/473142357/medium.jpg,CC-BY 4.0,Donald Davesne,donalddavesne,2024-12-25,https://www.inaturalist.org/observations/263377594,"© Donald Davesne, some rights reserved (CC-BY)",e9b97725c3f9910df62f57e5582bcd4a10192e65fadbdea910a07b37df331351
Pseudocaranx dentex,473142335,https://inaturalist-open-data.s3.amazonaws.com/photos/473142335/medium.jpg,CC-BY 4.0,Donald Davesne,donalddavesne,2024-12-25,https://www.inaturalist.org/observations/263377594,"© Donald Davesne, some rights reserved (CC-BY)",530d1b165e5611476910f9cc080ea44bcfc7e46f0cbf28fb4b7f365843347b1d
Pseudocaranx dentex,380404259,https://inaturalist-open-data.s3.amazonaws.com/photos/380404259/medium.jpg,CC-BY 4.0,Susan Prior,susanprior,2024-05-08,https://www.inaturalist.org/observations/215178186,"© Susan Prior, some rights reserved (CC-BY)",f197c0ccf1bbbe6cd60f78de2ee6cee4a92229372fd75afdd1769fc21ad9189b
Pseudocaranx dentex,380404245,https://inaturalist-open-data.s3.amazonaws.com/photos/380404245/medium.jpg,CC-BY 4.0,Susan Prior,susanprior,2024-05-08,https://www.inaturalist.org/observations/215178186,"© Susan Prior, some rights reserved (CC-BY)",2bc62fbbacbd691ac5c216e9ef2bdfab8b189bf2620b049b0fd0e6c85528737c
Pseudocaranx dentex,380404406,https://inaturalist-open-data.s3.amazonaws.com/photos/380404406/medium.jpg,CC-BY 4.0,Susan Prior,susanprior,2024-05-08,https://www.inaturalist.org/observations/215178186,"© Susan Prior, some rights reserved (CC-BY)",98f2554da16a52fad8bd62f12756a789e9055b9470ab47f7d8ba3c2f926b7f53
Pseudocaranx dentex,390086978,https://inaturalist-open-data.s3.amazonaws.com/photos/390086978/medium.jpg,CC-BY 4.0,Michael Bommerer,michael_bommerer,2024-06-03,https://www.inaturalist.org/observations/220334405,"© Michael Bommerer, some rights reserved (CC-BY)",d6d53a777e4132ba3d053d55b1907124f1317f2902cda65dd7f8a5b9aee13f37
Pseudocaranx dentex,458944838,https://inaturalist-open-data.s3.amazonaws.com/photos/458944838/medium.jpg,CC-BY 4.0,Julien Renoult,jujurenoult,2024-10-06,https://www.inaturalist.org/observations/256029996,"© Julien Renoult, some rights reserved (CC-BY)",868451b764a1e77bd3f1ef22ce882d1463c89e858843eae6708a2a0ff821c810
Pseudocaranx dentex,175484683,https://inaturalist-open-data.s3.amazonaws.com/photos/175484683/medium.jpg,CC-BY 4.0,Susan Prior,susanprior,2022-01-09,https://www.inaturalist.org/observations/104695230,"© Susan Prior, some rights reserved (CC-BY)",94fc865e8503c6f10e7abdd25cb0b920b118811fa450e73f0517c3efbe668f8c
Pseudocaranx dentex,175484858,https://inaturalist-open-data.s3.amazonaws.com/photos/175484858/medium.jpg,CC-BY 4.0,Susan Prior,susanprior,2022-01-09,https://www.inaturalist.org/observations/104695230,"© Susan Prior, some rights reserved (CC-BY)",4e771e8510ea7c1c448b750e3af89ea42835cf346909994771bc319083167e69
Pseudocaranx dentex,175484842,https://inaturalist-open-data.s3.amazonaws.com/photos/175484842/medium.jpg,CC-BY 4.0,Susan Prior,susanprior,2022-01-09,https://www.inaturalist.org/observations/104695230,"© Susan Prior, some rights reserved (CC-BY)",ec697c7b0fe3ed8aa4c6c9ce4a0fe943ad2c36021e48cf163b00dacb29005d79
Pseudocaranx dentex,175484964,https://inaturalist-open-data.s3.amazonaws.com/photos/175484964/medium.jpg,CC-BY 4.0,Susan Prior,susanprior,2022-01-09,https://www.inaturalist.org/observations/104695230,"© Susan Prior, some rights reserved (CC-BY)",0e2ba3c9259122d9c38a609dd271b7b20169bcc8ad7c36c227cf85e014c2c3a7
Pseudocaranx dentex,175484963,https://inaturalist-open-data.s3.amazonaws.com/photos/175484963/medium.jpg,CC-BY 4.0,Susan Prior,susanprior,2022-01-09,https://www.inaturalist.org/observations/104695230,"© Susan Prior, some rights reserved (CC-BY)",d6f2eaf9d72ebe0175d8bdc2ae34778ea86c411e66849d9efe39c9595baed28c
Pseudocaranx dentex,121376536,https://inaturalist-open-data.s3.amazonaws.com/photos/121376536/medium.jpg,CC-BY 4.0,Julien Renoult,jujurenoult,2021-03-10,https://www.inaturalist.org/observations/74299312,"© Julien Renoult, some rights reserved (CC-BY)",bb3be5fb7981ffbf33d5704f5f09ca187a1371e9805c275aebf19593a863d0c8
Pseudocaranx dentex,259918912,https://inaturalist-open-data.s3.amazonaws.com/photos/259918912/medium.jpg,CC-BY 4.0,Susan Prior,susanprior,2023-02-25,https://www.inaturalist.org/observations/150707166,"© Susan Prior, some rights reserved (CC-BY)",40f634a6f371a43fc0e28704fe2a887028aa8db71a95c7445b90f76766e123bd
Pseudocaranx dentex,259919726,https://inaturalist-open-data.s3.amazonaws.com/photos/259919726/medium.jpg,CC-BY 4.0,Susan Prior,susanprior,2023-02-25,https://www.inaturalist.org/observations/150707166,"© Susan Prior, some rights reserved (CC-BY)",0d7b2731ec0c2b15199bc082be9aba8311d378ddeb550278d8c2b34e53dda9f0
Pseudocaranx dentex,427545519,https://inaturalist-open-data.s3.amazonaws.com/photos/427545519/medium.jpeg,CC-BY 4.0,Michael Bommerer,michael_bommerer,2024-09-05,https://www.inaturalist.org/observations/240009766,"© Michael Bommerer, some rights reserved (CC-BY)",fb445993600a8416dbce1dcdb4adb40eaa5289943d79295e183e22de31757bf5
Pseudocaranx dentex,427545600,https://inaturalist-open-data.s3.amazonaws.com/photos/427545600/medium.jpeg,CC-BY 4.0,Michael Bommerer,michael_bommerer,2024-09-05,https://www.inaturalist.org/observations/240009766,"© Michael Bommerer, some rights reserved (CC-BY)",d29ce33b5f1df5f35dc26ec8c1fb5bf737cadbe4e979161615b687d0688c48da
Pseudocaranx dentex,276794514,https://inaturalist-open-data.s3.amazonaws.com/photos/276794514/medium.jpg,CC-BY 4.0,Susan Prior,susanprior,2023-05-01,https://www.inaturalist.org/observations/160190007,"© Susan Prior, some rights reserved (CC-BY)",3254ce45a624366c3c9c37f93d17b9f782399848ac222bea41a41266c3e8f5d4
Pseudocaranx dentex,353487967,https://inaturalist-open-data.s3.amazonaws.com/photos/353487967/medium.jpg,CC-BY 4.0,Susan Prior,susanprior,2024-02-20,https://www.inaturalist.org/observations/200368967,"© Susan Prior, some rights reserved (CC-BY)",ac700f9f18da80cbaec5cc49156f46003709d2f1d74304751a5ee921f344e0b8
Pseudocaranx dentex,422562407,https://inaturalist-open-data.s3.amazonaws.com/photos/422562407/medium.jpeg,CC-BY 4.0,Ben Jobson,benjobson,2024-08-22,https://www.inaturalist.org/observations/237433113,"© Ben Jobson, some rights reserved (CC-BY)",f9f75d832a87ef590119ab3dca5fda76a71d2567a33ca17c0c699239af37a6ba
Ophioblennius atlanticus,473117803,https://inaturalist-open-data.s3.amazonaws.com/photos/473117803/medium.jpg,CC-BY 4.0,Donald Davesne,donalddavesne,2024-12-25,https://www.inaturalist.org/observations/263364528,"© Donald Davesne, some rights reserved (CC-BY)",a4e95b04514c2e86a826f685f7b87f8d852ae7d0d6b492fbc3b94549df72eb38
Ophioblennius atlanticus,473117804,https://inaturalist-open-data.s3.amazonaws.com/photos/473117804/medium.jpg,CC-BY 4.0,Donald Davesne,donalddavesne,2024-12-25,https://www.inaturalist.org/observations/263364528,"© Donald Davesne, some rights reserved (CC-BY)",71936aa5eb433343ec551be3129b4cb4b5b75ca5e3993ca3a40f14a80c9e8670
Ophioblennius atlanticus,473117792,https://inaturalist-open-data.s3.amazonaws.com/photos/473117792/medium.jpg,CC-BY 4.0,Donald Davesne,donalddavesne,2024-12-25,https://www.inaturalist.org/observations/263364528,"© Donald Davesne, some rights reserved (CC-BY)",ed0f3cb4ccdb75d96ed0976e4f3fc8f4c369632a14b8e2877e8b05cbac7eef48
Ophioblennius atlanticus,314702969,https://inaturalist-open-data.s3.amazonaws.com/photos/314702969/medium.jpeg,CC-BY 4.0,Charlotte Kirchner,charlottekirchner,2023-08-28,https://www.inaturalist.org/observations/180643589,"© Charlotte Kirchner, some rights reserved (CC-BY)",5c12319992cd6f7f340298851a14107a60b8c794afe529fc187c95689b7711f8
Ophioblennius atlanticus,322079997,https://inaturalist-open-data.s3.amazonaws.com/photos/322079997/medium.jpeg,CC-BY 4.0,Paul Kirkland and Kay Taylor,graja,2023-09-11,https://www.inaturalist.org/observations/184506541,"© Paul Kirkland and Kay Taylor, some rights reserved (CC-BY)",caaa54094eebdbf3350725a436369d29bfef5640cabd679ed6f27dbb4ec6148e
Ophioblennius atlanticus,659587061,https://inaturalist-open-data.s3.amazonaws.com/photos/659587061/medium.jpg,CC-BY 4.0,Jan Ebr &amp; Ivana Ebrová,opisska,2026-04-20,https://www.inaturalist.org/observations/361426697,"© Jan Ebr &amp; Ivana Ebrová, some rights reserved (CC-BY)",
Ophioblennius atlanticus,540977705,https://inaturalist-open-data.s3.amazonaws.com/photos/540977705/medium.jpg,CC-BY 4.0,Sylvain Montagner,sylvainm_53,2025-07-22,https://www.inaturalist.org/observations/300253144,"© Sylvain Montagner, some rights reserved (CC-BY)",dcd4f8d685d87235cbcc97028aea4818264e0ae5a30c6f24506bfaa46def3a9c
Ophioblennius atlanticus,540977738,https://inaturalist-open-data.s3.amazonaws.com/photos/540977738/medium.jpg,CC-BY 4.0,Sylvain Montagner,sylvainm_53,2025-07-22,https://www.inaturalist.org/observations/300253144,"© Sylvain Montagner, some rights reserved (CC-BY)",2b54f6414ebbe19427914bbf54c02808e92b9099b6abc2cade980103f7f69a6a
Ophioblennius atlanticus,540977764,https://inaturalist-open-data.s3.amazonaws.com/photos/540977764/medium.jpg,CC-BY 4.0,Sylvain Montagner,sylvainm_53,2025-07-22,https://www.inaturalist.org/observations/300253144,"© Sylvain Montagner, some rights reserved (CC-BY)",f87785fe0034777287f4b1cd94bccfe7362fe27d45043268e2d7b1fed50dc26d
Ophioblennius atlanticus,540977798,https://inaturalist-open-data.s3.amazonaws.com/photos/540977798/medium.jpg,CC-BY 4.0,Sylvain Montagner,sylvainm_53,2025-07-22,https://www.inaturalist.org/observations/300253144,"© Sylvain Montagner, some rights reserved (CC-BY)",bfeef02364c4b361ed0dc99f17b452e8cd5bc62d16aa70e721adac5461652393
Ophioblennius atlanticus,540977832,https://inaturalist-open-data.s3.amazonaws.com/photos/540977832/medium.jpg,CC-BY 4.0,Sylvain Montagner,sylvainm_53,2025-07-22,https://www.inaturalist.org/observations/300253144,"© Sylvain Montagner, some rights reserved (CC-BY)",7ecde97077a951b7baf4a275937d01ecd6bf524197ac7fc3f3a8b2b1f4214a1f
Ophioblennius atlanticus,540977876,https://inaturalist-open-data.s3.amazonaws.com/photos/540977876/medium.jpg,CC-BY 4.0,Sylvain Montagner,sylvainm_53,2025-07-22,https://www.inaturalist.org/observations/300253144,"© Sylvain Montagner, some rights reserved (CC-BY)",a15d3c7d68707af522558a80f217f042713c3ef6d489229b721fbf413715e45d
Ophioblennius atlanticus,61079023,https://inaturalist-open-data.s3.amazonaws.com/photos/61079023/medium.jpg,CC-BY 4.0,Julien Renoult,jujurenoult,2019-03-03,https://www.inaturalist.org/observations/38437959,"© Julien Renoult, some rights reserved (CC-BY)",151bb52c2b1b42550743e0bcae521b8f851b8e3c7a777f87af4e96ea180b6486
Ophioblennius atlanticus,439518057,https://inaturalist-open-data.s3.amazonaws.com/photos/439518057/medium.jpeg,CC-BY 4.0,Alex Stuart,kantareller,2024-09-15,https://www.inaturalist.org/observations/246224159,"© Alex Stuart, some rights reserved (CC-BY)",10a4a23fdc90f1e4b1df102a2e0acb6e0d5f6eda7b64fa9f40e36131762c6b3a
Ophioblennius atlanticus,314315308,https://inaturalist-open-data.s3.amazonaws.com/photos/314315308/medium.jpeg,CC-BY 4.0,Phill Robinson,phill-robinson,2023-08-24,https://www.inaturalist.org/observations/180441047,"© Phill Robinson, some rights reserved (CC-BY)",1837f90f9b94ca11c3f8a860c368d5db1d17c207601a2ee419135e4106d1744e
Ophioblennius atlanticus,452575290,https://inaturalist-open-data.s3.amazonaws.com/photos/452575290/medium.jpg,CC-BY 4.0,Donald Davesne,donalddavesne,2024-08-31,https://www.inaturalist.org/observations/252797822,"© Donald Davesne, some rights reserved (CC-BY)",97ecddc0922f57108cff28312508b2ce7abbdc8d6788601f62bb44076db78206
Ophioblennius atlanticus,331449512,https://inaturalist-open-data.s3.amazonaws.com/photos/331449512/medium.jpeg,CC-BY 4.0,Charlotte Kirchner,charlottekirchner,2023-10-28,https://www.inaturalist.org/observations/189240789,"© Charlotte Kirchner, some rights reserved (CC-BY)",1aa1cd53a25a1b02e92175b2aa99d69aa8d30175540627c40680711da505d3cd
Ophioblennius atlanticus,540960171,https://inaturalist-open-data.s3.amazonaws.com/photos/540960171/medium.jpg,CC-BY 4.0,Daniel Benák,benake,2025-07-22,https://www.inaturalist.org/observations/300244107,"© Daniel Benák, some rights reserved (CC-BY)",72edf51b31412508d582a951ad5c17ad7191a89d8df2edc4e57283cedc5d88b8
Ophioblennius atlanticus,601444930,https://inaturalist-open-data.s3.amazonaws.com/photos/601444930/medium.jpg,CC-BY 4.0,James Telford,jtelford,2025-12-20,https://www.inaturalist.org/observations/331527106,"© James Telford, some rights reserved (CC-BY)",70d56cb781a1d3271c1508fa2d394f7c81b511def8eed20967a41f1e77c6898d
Ophioblennius atlanticus,344612736,https://inaturalist-open-data.s3.amazonaws.com/photos/344612736/medium.jpg,CC-BY 4.0,Nicola Faulks,nicola35,2024-01-04,https://www.inaturalist.org/observations/195827228,"© Nicola Faulks, some rights reserved (CC-BY)",835c6b41edbeed78b5356c695b36710393e8b6beca2f4d107545121a53da03dc
Ophioblennius atlanticus,483205866,https://inaturalist-open-data.s3.amazonaws.com/photos/483205866/medium.jpeg,CC-BY 4.0,Oscar Hopgood,oscarhopgood,2025-04-05,https://www.inaturalist.org/observations/268798083,"© Oscar Hopgood, some rights reserved (CC-BY)",3d3091b7dc77c183508ce6130b036c0017d29916bf6e77b0cac1b122cf739485
Ophioblennius atlanticus,392306457,https://inaturalist-open-data.s3.amazonaws.com/photos/392306457/medium.jpeg,CC-BY 4.0,Phill Robinson,phill-robinson,2024-05-30,https://www.inaturalist.org/observations/221521138,"© Phill Robinson, some rights reserved (CC-BY)",97fd6cb32974e6e874ab83cc001e9ab8ac964709007b2f08d4e115aa6f7ae99d
Ophioblennius atlanticus,392306479,https://inaturalist-open-data.s3.amazonaws.com/photos/392306479/medium.jpeg,CC-BY 4.0,Phill Robinson,phill-robinson,2024-05-30,https://www.inaturalist.org/observations/221521138,"© Phill Robinson, some rights reserved (CC-BY)",bc601a34c6f74af02e2bb216073d5fc6b4318e9e1c142ccbd691d9d2d9dde7f0
Ophioblennius atlanticus,544395146,https://inaturalist-open-data.s3.amazonaws.com/photos/544395146/medium.jpg,CC-BY 4.0,Jan Ebr &amp; Ivana Ebrová,opisska,2025-07-27,https://www.inaturalist.org/observations/302082750,"© Jan Ebr &amp; Ivana Ebrová, some rights reserved (CC-BY)",90479655b05918f2cfa2f60a6810482ef1f67f20abe0f294cbbe588f50f1dddf
