species,file_title,url,sha1,width,height,author,license,source_page,shot_type_guess
Heniochus acuminatus,"File:Diving Ko Tao, Thailand 1072.jpg",https://upload.wikimedia.org/wikipedia/commons/7/72/Diving_Ko_Tao%2C_Thailand_1072.jpg?utm_source=commons.wikimedia.org&utm_campaign=imageinfo&utm_content=original,9bca64b4689a0d6f7772ab0f4feb9fb8e56e73d8,3648,2736,Amada44,CC BY-SA 3.0,"https://commons.wikimedia.org/wiki/File:Diving_Ko_Tao,_Thailand_1072.jpg",in_situ
Heniochus acuminatus,File:Coral reef 3.jpg,https://upload.wikimedia.org/wikipedia/commons/1/17/Coral_reef_3.jpg?utm_source=commons.wikimedia.org&utm_campaign=imageinfo&utm_content=original,fe84de68532ea8c94946cee5cabaf629cbfb61c2,2448,3264,User:violetto_mm,CC BY-SA 3.0,https://commons.wikimedia.org/wiki/File:Coral_reef_3.jpg,in_situ
Heniochus acuminatus,File:Fish11.jpg,https://upload.wikimedia.org/wikipedia/commons/7/75/Fish11.jpg?utm_source=commons.wikimedia.org&utm_campaign=imageinfo&utm_content=original,731cd0b3b2b8eea6ee6394b1af4898290f890284,5152,2896,Kuleczkaxx,CC BY-SA 4.0,https://commons.wikimedia.org/wiki/File:Fish11.jpg,unknown
Heniochus acuminatus,File:2013. Крым 923.jpg,https://upload.wikimedia.org/wikipedia/commons/7/75/2013._%D0%9A%D1%80%D1%8B%D0%BC_923.jpg?utm_source=commons.wikimedia.org&utm_campaign=imageinfo&utm_content=original,aefcee7d5c5b7a68703e5a5aa86dc550f683aabc,4928,3264,Andrey Butko,CC BY-SA 3.0,https://commons.wikimedia.org/wiki/File:2013._%D0%9A%D1%80%D1%8B%D0%BC_923.jpg,unknown
Heniochus acuminatus,File:2013. Крым 957.jpg,https://upload.wikimedia.org/wikipedia/commons/f/f9/2013._%D0%9A%D1%80%D1%8B%D0%BC_957.jpg?utm_source=commons.wikimedia.org&utm_campaign=imageinfo&utm_content=original,9319434a505c7c9490d9f8c47c4bdda971e0fbe0,4928,3264,Andrey Butko,CC BY-SA 3.0,https://commons.wikimedia.org/wiki/File:2013._%D0%9A%D1%80%D1%8B%D0%BC_957.jpg,unknown
Heniochus acuminatus,File:Heniochus acuminatus 01.jpg,https://upload.wikimedia.org/wikipedia/commons/f/ff/Heniochus_acuminatus_01.jpg?utm_source=commons.wikimedia.org&utm_campaign=imageinfo&utm_content=original,258598c3328a1f199c9da47b36e931c4a4a9c2c4,4739,3159,Σ64,CC BY 4.0,https://commons.wikimedia.org/wiki/File:Heniochus_acuminatus_01.jpg,unknown
Heniochus acuminatus,File:Heniochus acuminatus 297690597.jpg,https://upload.wikimedia.org/wikipedia/commons/7/74/Heniochus_acuminatus_297690597.jpg?utm_source=commons.wikimedia.org&utm_campaign=imageinfo&utm_content=original,832634c7bb7de651a997f1b9f3b507a510931bb7,2048,1746,portioid,CC BY-SA 4.0,https://commons.wikimedia.org/wiki/File:Heniochus_acuminatus_297690597.jpg,unknown
Heniochus acuminatus,File:Heniochus acuminatus 297692351.jpg,https://upload.wikimedia.org/wikipedia/commons/4/46/Heniochus_acuminatus_297692351.jpg?utm_source=commons.wikimedia.org&utm_campaign=imageinfo&utm_content=original,768add3ec87a1dd4e912ca80b10402a698043e8c,2048,1560,portioid,CC BY-SA 4.0,https://commons.wikimedia.org/wiki/File:Heniochus_acuminatus_297692351.jpg,unknown
Heniochus acuminatus,File:Heniochus acuminatus 297970675.jpg,https://upload.wikimedia.org/wikipedia/commons/1/19/Heniochus_acuminatus_297970675.jpg?utm_source=commons.wikimedia.org&utm_campaign=imageinfo&utm_content=original,28052131c60f2774cd141adc696f160c617a8e21,2048,1827,portioid,CC BY-SA 4.0,https://commons.wikimedia.org/wiki/File:Heniochus_acuminatus_297970675.jpg,unknown
Heniochus acuminatus,File:Heniochus acuminatus 299073759.jpg,https://upload.wikimedia.org/wikipedia/commons/6/68/Heniochus_acuminatus_299073759.jpg?utm_source=commons.wikimedia.org&utm_campaign=imageinfo&utm_content=original,e204bd01deb68672d5a162431352e4cebfad0ade,2048,1580,portioid,CC BY-SA 4.0,https://commons.wikimedia.org/wiki/File:Heniochus_acuminatus_299073759.jpg,unknown
Heniochus acuminatus,File:Heniochus acuminatus 303888907.jpg,https://upload.wikimedia.org/wikipedia/commons/1/1b/Heniochus_acuminatus_303888907.jpg?utm_source=commons.wikimedia.org&utm_campaign=imageinfo&utm_content=original,3b89ad9b1016efdc297e504b5a8367688c56f7c2,2048,1383,fishhead,CC0,https://commons.wikimedia.org/wiki/File:Heniochus_acuminatus_303888907.jpg,unknown
Heniochus acuminatus,File:Heniochus acuminatus 303891559.jpg,https://upload.wikimedia.org/wikipedia/commons/6/6b/Heniochus_acuminatus_303891559.jpg?utm_source=commons.wikimedia.org&utm_campaign=imageinfo&utm_content=original,86849e03fd13f9fd1802f3b9d3e33f51b16b1824,2048,1595,fishhead,CC0,https://commons.wikimedia.org/wiki/File:Heniochus_acuminatus_303891559.jpg,unknown
Pseudanthias squamipinnis,File:20150309--GOPR1886 (16809280336).jpg,https://upload.wikimedia.org/wikipedia/commons/5/5f/20150309--GOPR1886_%2816809280336%29.jpg?utm_source=commons.wikimedia.org&utm_campaign=imageinfo&utm_content=original,4fc16c966db3100e05e647fc8d26456d62cd3b25,4000,3000,Ryan McMinds,CC BY 2.0,https://commons.wikimedia.org/wiki/File:20150309--GOPR1886_(16809280336).jpg,in_situ
Pseudanthias squamipinnis,File:20150309--GOPR1887 (16835146925).jpg,https://upload.wikimedia.org/wikipedia/commons/b/bc/20150309--GOPR1887_%2816835146925%29.jpg?utm_source=commons.wikimedia.org&utm_campaign=imageinfo&utm_content=original,c7ca8887052a7a8c207bc3229114b2c6d4e47592,4000,3000,Ryan McMinds,CC BY 2.0,https://commons.wikimedia.org/wiki/File:20150309--GOPR1887_(16835146925).jpg,in_situ
Pseudanthias squamipinnis,File:20150309--GOPR1888 (16212799694).jpg,https://upload.wikimedia.org/wikipedia/commons/6/62/20150309--GOPR1888_%2816212799694%29.jpg?utm_source=commons.wikimedia.org&utm_campaign=imageinfo&utm_content=original,5905ab3d06864a6037df910778659775e3c8046a,4000,3000,Ryan McMinds,CC BY 2.0,https://commons.wikimedia.org/wiki/File:20150309--GOPR1888_(16212799694).jpg,in_situ
Pseudanthias squamipinnis,File:20150309--GOPR1893 (16647788400).jpg,https://upload.wikimedia.org/wikipedia/commons/8/88/20150309--GOPR1893_%2816647788400%29.jpg?utm_source=commons.wikimedia.org&utm_campaign=imageinfo&utm_content=original,e256647417a36130e02760270f76fa96ca6099fc,4000,3000,Ryan McMinds,CC BY 2.0,https://commons.wikimedia.org/wiki/File:20150309--GOPR1893_(16647788400).jpg,in_situ
Pseudanthias squamipinnis,File:20150309--GOPR1894 (16647790060).jpg,https://upload.wikimedia.org/wikipedia/commons/1/13/20150309--GOPR1894_%2816647790060%29.jpg?utm_source=commons.wikimedia.org&utm_campaign=imageinfo&utm_content=original,553f74cdd543640fee56533079dd6a6ffcb2dd27,4000,3000,Ryan McMinds,CC BY 2.0,https://commons.wikimedia.org/wiki/File:20150309--GOPR1894_(16647790060).jpg,in_situ
Pseudanthias squamipinnis,File:Anthias on reef.JPG,https://upload.wikimedia.org/wikipedia/commons/a/a9/Anthias_on_reef.JPG?utm_source=commons.wikimedia.org&utm_campaign=imageinfo&utm_content=original,e058cde647e200dacd4226b160691376ffeed5b3,1200,1600,Alan Slater aka Photo2222 at en.wikipedia,Public domain,https://commons.wikimedia.org/wiki/File:Anthias_on_reef.JPG,in_situ
Pseudanthias squamipinnis,"File:Brown, orange and blue at Gota Sorayer, Red Sea, Egypt -SCUBA (6369646593).jpg",https://upload.wikimedia.org/wikipedia/commons/5/53/Brown%2C_orange_and_blue_at_Gota_Sorayer%2C_Red_Sea%2C_Egypt_-SCUBA_%286369646593%29.jpg?utm_source=commons.wikimedia.org&utm_campaign=imageinfo&utm_content=original,2f716739a27ed2591d4a43cf5bc5266d0c2bea22,1024,768,"Derek Keats from Johannesburg, South Africa",CC BY 2.0,"https://commons.wikimedia.org/wiki/File:Brown,_orange_and_blue_at_Gota_Sorayer,_Red_Sea,_Egypt_-SCUBA_(6369646593).jpg",in_situ
Pseudanthias squamipinnis,"File:Brown, orange and blue at Gota Sorayer, Red Sea, Egypt -SCUBA (6369655803).jpg",https://upload.wikimedia.org/wikipedia/commons/3/3f/Brown%2C_orange_and_blue_at_Gota_Sorayer%2C_Red_Sea%2C_Egypt_-SCUBA_%286369655803%29.jpg?utm_source=commons.wikimedia.org&utm_campaign=imageinfo&utm_content=original,dd6285b3c2749b07f181c59b97d82c6efa5b2942,1024,768,"Derek Keats from Johannesburg, South Africa",CC BY 2.0,"https://commons.wikimedia.org/wiki/File:Brown,_orange_and_blue_at_Gota_Sorayer,_Red_Sea,_Egypt_-SCUBA_(6369655803).jpg",in_situ
Pseudanthias squamipinnis,"File:Goldies and chromis at Gota Abu Ghusur Reef, Red Sea, Egypt -SCUBA -UNDERWATER -PICTURES (6426115765).jpg",https://upload.wikimedia.org/wikipedia/commons/8/89/Goldies_and_chromis_at_Gota_Abu_Ghusur_Reef%2C_Red_Sea%2C_Egypt_-SCUBA_-UNDERWATER_-PICTURES_%286426115765%29.jpg?utm_source=commons.wikimedia.org&utm_campaign=imageinfo&utm_content=original,214f94ece130d6d928c6a34105104f41aad30a64,1024,754,"Derek Keats from Johannesburg, South Africa",CC BY 2.0,"https://commons.wikimedia.org/wiki/File:Goldies_and_chromis_at_Gota_Abu_Ghusur_Reef,_Red_Sea,_Egypt_-SCUBA_-UNDERWATER_-PICTURES_(6426115765).jpg",in_situ
Pseudanthias squamipinnis,"File:Anthias - sea goldie male - at Little Brother, Red Sea, Egypt -SCUBA (6220479083).jpg",https://upload.wikimedia.org/wikipedia/commons/c/c0/Anthias_-_sea_goldie_male_-_at_Little_Brother%2C_Red_Sea%2C_Egypt_-SCUBA_%286220479083%29.jpg?utm_source=commons.wikimedia.org&utm_campaign=imageinfo&utm_content=original,d7643bb793934054eda3c5525f5642b9995f2109,1022,768,"Derek Keats from Johannesburg, South Africa",CC BY 2.0,"https://commons.wikimedia.org/wiki/File:Anthias_-_sea_goldie_male_-_at_Little_Brother,_Red_Sea,_Egypt_-SCUBA_(6220479083).jpg",in_situ
Pseudanthias squamipinnis,File:Fahnenbarsche.jpg,https://upload.wikimedia.org/wikipedia/commons/7/7f/Fahnenbarsche.jpg?utm_source=commons.wikimedia.org&utm_campaign=imageinfo&utm_content=original,4758e03451908513fb3409b82de471fdd96ff741,700,453,"Mr. Mohammed Al Momany, Aqaba, Jordan",Public domain,https://commons.wikimedia.org/wiki/File:Fahnenbarsche.jpg,in_situ
Pseudanthias squamipinnis,"File:Goldies and reef at Gota Sorayer, Red Sea, Egypt -SCUBA (6369661807).jpg",https://upload.wikimedia.org/wikipedia/commons/e/e8/Goldies_and_reef_at_Gota_Sorayer%2C_Red_Sea%2C_Egypt_-SCUBA_%286369661807%29.jpg?utm_source=commons.wikimedia.org&utm_campaign=imageinfo&utm_content=original,e174b250e6746c37d6229f0968191902e72faa98,576,768,"Derek Keats from Johannesburg, South Africa",CC BY 2.0,"https://commons.wikimedia.org/wiki/File:Goldies_and_reef_at_Gota_Sorayer,_Red_Sea,_Egypt_-SCUBA_(6369661807).jpg",in_situ
Amphiprion clarkii,File:48 Philippines-1024x768.webp,https://upload.wikimedia.org/wikipedia/commons/0/09/48_Philippines-1024x768.webp?utm_source=commons.wikimedia.org&utm_campaign=imageinfo&utm_content=original,391ef8dd9fe8ce44222dc98385b251d66bcc9fe8,1024,768,Aardwark,CC BY-SA 4.0,https://commons.wikimedia.org/wiki/File:48_Philippines-1024x768.webp,in_situ
Amphiprion clarkii,"File:2018 fiji, 9 april, arch, clark's anemonefish pair (40058284030).jpg",https://upload.wikimedia.org/wikipedia/commons/7/79/2018_fiji%2C_9_april%2C_arch%2C_clark%27s_anemonefish_pair_%2840058284030%29.jpg?utm_source=commons.wikimedia.org&utm_campaign=imageinfo&utm_content=original,fc07885f0287cb312cd81e1b80d1dbb5d5c3dc85,5616,3744,q phia,CC BY 2.0,"https://commons.wikimedia.org/wiki/File:2018_fiji,_9_april,_arch,_clark%27s_anemonefish_pair_(40058284030).jpg",unknown
Amphiprion clarkii,File:Amphiprion clarkii (26635183232).jpg,https://upload.wikimedia.org/wikipedia/commons/c/cc/Amphiprion_clarkii_%2826635183232%29.jpg?utm_source=commons.wikimedia.org&utm_campaign=imageinfo&utm_content=original,d489a5a512427bb861d5e71623bac1077a2fe20e,5472,3648,Paul Kli,CC BY-SA 2.0,https://commons.wikimedia.org/wiki/File:Amphiprion_clarkii_(26635183232).jpg,unknown
Amphiprion clarkii,"File:2016, wakatobi, treasure chest, clark's anemone fish eye (31094650440).jpg",https://upload.wikimedia.org/wikipedia/commons/9/92/2016%2C_wakatobi%2C_treasure_chest%2C_clark%27s_anemone_fish_eye_%2831094650440%29.jpg?utm_source=commons.wikimedia.org&utm_campaign=imageinfo&utm_content=original,8dfcb713812f50f14902c168f60b0fe5c12132b4,5020,3347,q phia,CC BY 2.0,"https://commons.wikimedia.org/wiki/File:2016,_wakatobi,_treasure_chest,_clark%27s_anemone_fish_eye_(31094650440).jpg",unknown
Amphiprion clarkii,File:2015 09 Bali 47 ready to atttack (22067091936).jpg,https://upload.wikimedia.org/wikipedia/commons/d/d1/2015_09_Bali_47_ready_to_atttack_%2822067091936%29.jpg?utm_source=commons.wikimedia.org&utm_campaign=imageinfo&utm_content=original,a46c349a7304a011a2ef5f7733821e53b22f746b,2161,1620,Lakshmi Sawitri,CC BY 2.0,https://commons.wikimedia.org/wiki/File:2015_09_Bali_47_ready_to_atttack_(22067091936).jpg,unknown
Amphiprion clarkii,File:2015 09 Bali 45 suspicious (21472134043).jpg,https://upload.wikimedia.org/wikipedia/commons/e/e3/2015_09_Bali_45_suspicious_%2821472134043%29.jpg?utm_source=commons.wikimedia.org&utm_campaign=imageinfo&utm_content=original,0d7ac7cdc0e46f704704342d43c203d2e7a964de,2160,1620,Lakshmi Sawitri,CC BY 2.0,https://commons.wikimedia.org/wiki/File:2015_09_Bali_45_suspicious_(21472134043).jpg,unknown
Amphiprion clarkii,File:Amphiprion clarkii - Jay Paroline - 605667631.jpeg,https://upload.wikimedia.org/wikipedia/commons/b/be/Amphiprion_clarkii_-_Jay_Paroline_-_605667631.jpeg?utm_source=commons.wikimedia.org&utm_campaign=imageinfo&utm_content=original,11b05f898aebc060d6c6456979f0c9aa5858601d,2048,1536,Jay Paroline,CC BY 4.0,https://commons.wikimedia.org/wiki/File:Amphiprion_clarkii_-_Jay_Paroline_-_605667631.jpeg,unknown
Amphiprion clarkii,File:Amphiprion clarkii 419517236.jpg,https://upload.wikimedia.org/wikipedia/commons/7/7b/Amphiprion_clarkii_419517236.jpg?utm_source=commons.wikimedia.org&utm_campaign=imageinfo&utm_content=original,9c443c999c0539c4d6e4d69623662f3464147a83,2048,1359,Jean-Paul Boerekamps,CC0,https://commons.wikimedia.org/wiki/File:Amphiprion_clarkii_419517236.jpg,unknown
Amphiprion clarkii,File:Amphiprion clarkii 419889867.jpg,https://upload.wikimedia.org/wikipedia/commons/d/d3/Amphiprion_clarkii_419889867.jpg?utm_source=commons.wikimedia.org&utm_campaign=imageinfo&utm_content=original,15a5ff63dc2694b74b9a4d6386ff30549325e05a,2048,1527,Jean-Paul Boerekamps,CC0,https://commons.wikimedia.org/wiki/File:Amphiprion_clarkii_419889867.jpg,unknown
Amphiprion clarkii,File:Amphiprion clarkii 419890984.jpg,https://upload.wikimedia.org/wikipedia/commons/d/d2/Amphiprion_clarkii_419890984.jpg?utm_source=commons.wikimedia.org&utm_campaign=imageinfo&utm_content=original,b4364054015616618c1f8dfb4f74fd416aa87e50,2048,1357,Jean-Paul Boerekamps,CC0,https://commons.wikimedia.org/wiki/File:Amphiprion_clarkii_419890984.jpg,unknown
Amphiprion clarkii,File:Amphiprion clarkii 419960457.jpg,https://upload.wikimedia.org/wikipedia/commons/e/e6/Amphiprion_clarkii_419960457.jpg?utm_source=commons.wikimedia.org&utm_campaign=imageinfo&utm_content=original,fab62cb668bb427dc4eed619b06b759aff1419cb,2048,1791,Jean-Paul Boerekamps,CC0,https://commons.wikimedia.org/wiki/File:Amphiprion_clarkii_419960457.jpg,unknown
Amphiprion clarkii,File:Amphiprion clarkii 420225284.jpg,https://upload.wikimedia.org/wikipedia/commons/2/2e/Amphiprion_clarkii_420225284.jpg?utm_source=commons.wikimedia.org&utm_campaign=imageinfo&utm_content=original,1542e93f8b1b05033692e8ecc198ea305f0db261,2048,1676,Jean-Paul Boerekamps,CC0,https://commons.wikimedia.org/wiki/File:Amphiprion_clarkii_420225284.jpg,unknown
Zanclus cornutus,File:Corl0205 (28078278636).jpg,https://upload.wikimedia.org/wikipedia/commons/a/aa/Corl0205_%2828078278636%29.jpg?utm_source=commons.wikimedia.org&utm_campaign=imageinfo&utm_content=original,a74b93924d33d00e7f62ad46dae094c9bfdcbcd7,2051,2733,NOAA Photo Library,CC BY 2.0,https://commons.wikimedia.org/wiki/File:Corl0205_(28078278636).jpg,in_situ
Zanclus cornutus,File:An underwater shot of a reef.jpg,https://upload.wikimedia.org/wikipedia/commons/7/79/An_underwater_shot_of_a_reef.jpg?utm_source=commons.wikimedia.org&utm_campaign=imageinfo&utm_content=original,9633b9ea780c86c5d64b44af611d4f1a7d753d00,1536,2048,"Youngren Sarah, U.S. Fish and Wildlife Service",Public domain,https://commons.wikimedia.org/wiki/File:An_underwater_shot_of_a_reef.jpg,in_situ
Zanclus cornutus,File:Maldives (15379845721).jpg,https://upload.wikimedia.org/wikipedia/commons/a/a3/Maldives_%2815379845721%29.jpg?utm_source=commons.wikimedia.org&utm_campaign=imageinfo&utm_content=original,deaf676663ba42c0882eff5abef25cd4b9622fdb,4608,2592,Laika ac from UK,CC BY-SA 2.0,https://commons.wikimedia.org/wiki/File:Maldives_(15379845721).jpg,unknown
Zanclus cornutus,File:Maldives (15413413582).jpg,https://upload.wikimedia.org/wikipedia/commons/b/b7/Maldives_%2815413413582%29.jpg?utm_source=commons.wikimedia.org&utm_campaign=imageinfo&utm_content=original,b9edf9b5056679a63614fb24b4bd5cece0704a3b,4608,2592,Laika ac from UK,CC BY-SA 2.0,https://commons.wikimedia.org/wiki/File:Maldives_(15413413582).jpg,unknown
Zanclus cornutus,"File:Kapoho Tide Pools, Waiopae, Pahoa (503820) (21231143236).jpg",https://upload.wikimedia.org/wikipedia/commons/0/0c/Kapoho_Tide_Pools%2C_Waiopae%2C_Pahoa_%28503820%29_%2821231143236%29.jpg?utm_source=commons.wikimedia.org&utm_campaign=imageinfo&utm_content=original,0447fe6dd2482025331eb633309ade3a02d6e1ba,4598,3065,"Robert Linsdell from St. Andrews, Canada",CC BY 2.0,"https://commons.wikimedia.org/wiki/File:Kapoho_Tide_Pools,_Waiopae,_Pahoa_(503820)_(21231143236).jpg",unknown
Zanclus cornutus,File:Moorish Idol (Zanclus cornutus) (6053219034).jpg,https://upload.wikimedia.org/wikipedia/commons/c/c1/Moorish_Idol_%28Zanclus_cornutus%29_%286053219034%29.jpg?utm_source=commons.wikimedia.org&utm_campaign=imageinfo&utm_content=original,438440913ce5245ce8871a9b632ba832864f0fd2,4416,2649,Bernard DUPONT from FRANCE,CC BY-SA 2.0,https://commons.wikimedia.org/wiki/File:Moorish_Idol_(Zanclus_cornutus)_(6053219034).jpg,unknown
Zanclus cornutus,File:Moorish Idol (Zanclus cornutus) (6059038522).jpg,https://upload.wikimedia.org/wikipedia/commons/0/03/Moorish_Idol_%28Zanclus_cornutus%29_%286059038522%29.jpg?utm_source=commons.wikimedia.org&utm_campaign=imageinfo&utm_content=original,1d4ae997378b46241815e70e5912f89807976bbf,4416,2649,Bernard DUPONT from FRANCE,CC BY-SA 2.0,https://commons.wikimedia.org/wiki/File:Moorish_Idol_(Zanclus_cornutus)_(6059038522).jpg,unknown
Zanclus cornutus,File:Artis 20180519 153323.jpg,https://upload.wikimedia.org/wikipedia/commons/6/6f/Artis_20180519_153323.jpg?utm_source=commons.wikimedia.org&utm_campaign=imageinfo&utm_content=original,5b0942e4929d5886fb80c7f715289107dab482fc,4032,3024,Rudolphous,CC BY-SA 4.0,https://commons.wikimedia.org/wiki/File:Artis_20180519_153323.jpg,unknown
Zanclus cornutus,"File:Kapoho Tide Pools, Waiopae, Pahoa (504068) (22315772608).jpg",https://upload.wikimedia.org/wikipedia/commons/2/2a/Kapoho_Tide_Pools%2C_Waiopae%2C_Pahoa_%28504068%29_%2822315772608%29.jpg?utm_source=commons.wikimedia.org&utm_campaign=imageinfo&utm_content=original,bce010e24a2f6e025b96691bb1ae15008b037c5b,4010,2255,"Robert Linsdell from St. Andrews, Canada",CC BY 2.0,"https://commons.wikimedia.org/wiki/File:Kapoho_Tide_Pools,_Waiopae,_Pahoa_(504068)_(22315772608).jpg",unknown
Zanclus cornutus,File:HI Honolulu Harbor3.jpg,https://upload.wikimedia.org/wikipedia/commons/b/b4/HI_Honolulu_Harbor3.jpg?utm_source=commons.wikimedia.org&utm_campaign=imageinfo&utm_content=original,79b26e2f7883474abf73c041107d9e7bac2d4320,3968,2976,PaulT (Gunther Tschuch),CC BY-SA 4.0,https://commons.wikimedia.org/wiki/File:HI_Honolulu_Harbor3.jpg,unknown
Zanclus cornutus,File:Moorish idol (Zanclus cornutus) (28038957078).jpg,https://upload.wikimedia.org/wikipedia/commons/2/25/Moorish_idol_%28Zanclus_cornutus%29_%2828038957078%29.jpg?utm_source=commons.wikimedia.org&utm_campaign=imageinfo&utm_content=original,1a53a239ef940ef4bea3bb62e0349898b1e919a5,3585,2689,Rickard Zerpe,CC BY 2.0,https://commons.wikimedia.org/wiki/File:Moorish_idol_(Zanclus_cornutus)_(28038957078).jpg,unknown
Zanclus cornutus,File:Moorish Idol Zanclus cornutus (7945165892).jpg,https://upload.wikimedia.org/wikipedia/commons/4/4b/Moorish_Idol_Zanclus_cornutus_%287945165892%29.jpg?utm_source=commons.wikimedia.org&utm_campaign=imageinfo&utm_content=original,d1a487d965f3623b45de1f95ae3bfcb7fcfda0ab,2976,2152,Bernard DUPONT from FRANCE,CC BY-SA 2.0,https://commons.wikimedia.org/wiki/File:Moorish_Idol_Zanclus_cornutus_(7945165892).jpg,unknown
Carcharhinus perezi,File:Gray Reef Shark.jpg,https://upload.wikimedia.org/wikipedia/commons/f/f8/Gray_Reef_Shark.jpg?utm_source=commons.wikimedia.org&utm_campaign=imageinfo&utm_content=original,d6db8e3f921a9a8464f5d5c62db9724f99cef192,6000,4000,Sarbast.T.Hameed,CC BY-SA 4.0,https://commons.wikimedia.org/wiki/File:Gray_Reef_Shark.jpg,in_situ
Carcharhinus perezi,File:Two Caribbean reef sharks at Tiger Beach Bahamas.jpg,https://upload.wikimedia.org/wikipedia/commons/a/a5/Two_Caribbean_reef_sharks_at_Tiger_Beach_Bahamas.jpg?utm_source=commons.wikimedia.org&utm_campaign=imageinfo&utm_content=original,426e39fdd794531e5a4ab10bd5e6a611da676db8,5758,4318,Dennis Hipp (Zepto),CC0,https://commons.wikimedia.org/wiki/File:Two_Caribbean_reef_sharks_at_Tiger_Beach_Bahamas.jpg,in_situ
Carcharhinus perezi,File:Carcharhinus perezi feeding bahamas.jpg,https://upload.wikimedia.org/wikipedia/commons/3/3f/Carcharhinus_perezi_feeding_bahamas.jpg?utm_source=commons.wikimedia.org&utm_campaign=imageinfo&utm_content=original,d52aa16f641df19212da5077097f49721d4bd59b,5184,3456,"Joi Ito from Inbamura, Japan",CC BY 2.0,https://commons.wikimedia.org/wiki/File:Carcharhinus_perezi_feeding_bahamas.jpg,in_situ
Carcharhinus perezi,File:Carcharhinus perezi bahamas feeding.jpg,https://upload.wikimedia.org/wikipedia/commons/7/7e/Carcharhinus_perezi_bahamas_feeding.jpg?utm_source=commons.wikimedia.org&utm_campaign=imageinfo&utm_content=original,ede4211d807c6503d0ffad40d0fbbbd153fa3431,4344,3258,"Greg Grimes from Starkville, MS, USA",CC BY-SA 2.0,https://commons.wikimedia.org/wiki/File:Carcharhinus_perezi_bahamas_feeding.jpg,in_situ
Carcharhinus perezi,File:Caribbean reef sharks and a lemon shark .jpg,https://upload.wikimedia.org/wikipedia/commons/e/ed/Caribbean_reef_sharks_and_a_lemon_shark_.jpg?utm_source=commons.wikimedia.org&utm_campaign=imageinfo&utm_content=original,8902a04d4e3f51cf8ceee9e2da12b01add4248b9,4288,2848,Albert kok,CC BY-SA 3.0,https://commons.wikimedia.org/wiki/File:Caribbean_reef_sharks_and_a_lemon_shark_.jpg,in_situ
Carcharhinus perezi,File:Caribbean Reef Shark Over Sandy Bottom Tiger Beach Bahamas.jpg,https://upload.wikimedia.org/wikipedia/commons/4/48/Caribbean_Reef_Shark_Over_Sandy_Bottom_Tiger_Beach_Bahamas.jpg?utm_source=commons.wikimedia.org&utm_campaign=imageinfo&utm_content=original,df1fddcae66456b7683d49d787cfd7537f2faf46,4032,3024,Dennis Hipp (Zepto),CC0,https://commons.wikimedia.org/wiki/File:Caribbean_Reef_Shark_Over_Sandy_Bottom_Tiger_Beach_Bahamas.jpg,in_situ
Carcharhinus perezi,File:Head and Trunk of Caribbean Reef Shark at Tiger Beach Bahamas.jpg,https://upload.wikimedia.org/wikipedia/commons/6/6d/Head_and_Trunk_of_Caribbean_Reef_Shark_at_Tiger_Beach_Bahamas.jpg?utm_source=commons.wikimedia.org&utm_campaign=imageinfo&utm_content=original,c6ad16d97bddf6cd960a456951f5bb0f4b2596cb,4032,3024,Dennis Hipp (Zepto),CC0,https://commons.wikimedia.org/wiki/File:Head_and_Trunk_of_Caribbean_Reef_Shark_at_Tiger_Beach_Bahamas.jpg,in_situ
Carcharhinus perezi,"File:Head close-up of a Caribbean Reef Shark at Tiger Beach, Bahamas.jpg",https://upload.wikimedia.org/wikipedia/commons/9/9a/Head_close-up_of_a_Caribbean_Reef_Shark_at_Tiger_Beach%2C_Bahamas.jpg?utm_source=commons.wikimedia.org&utm_campaign=imageinfo&utm_content=original,22a21be56e5fe0fc4dbc6ab2f0bd0467f12f3390,4032,3024,Dennis Hipp (Zepto),CC0,"https://commons.wikimedia.org/wiki/File:Head_close-up_of_a_Caribbean_Reef_Shark_at_Tiger_Beach,_Bahamas.jpg",in_situ
Carcharhinus perezi,File:Caribbean Reef Shark School Tiger Beach Bahamas.jpg,https://upload.wikimedia.org/wikipedia/commons/1/1d/Caribbean_Reef_Shark_School_Tiger_Beach_Bahamas.jpg?utm_source=commons.wikimedia.org&utm_campaign=imageinfo&utm_content=original,1970cf848ce059f3a353135f56c968251372f900,3783,2837,Dennis Hipp (Zepto),CC0,https://commons.wikimedia.org/wiki/File:Caribbean_Reef_Shark_School_Tiger_Beach_Bahamas.jpg,in_situ
Carcharhinus perezi,File:Full Shot of a Caribbean Reef Shark at Tiger Beach Bahamas.jpg,https://upload.wikimedia.org/wikipedia/commons/3/3c/Full_Shot_of_a_Caribbean_Reef_Shark_at_Tiger_Beach_Bahamas.jpg?utm_source=commons.wikimedia.org&utm_campaign=imageinfo&utm_content=original,d7e9e5ae9a116cfc9e5f70a3fd5de0fa117b0861,3775,2831,Dennis Hipp (Zepto),CC0,https://commons.wikimedia.org/wiki/File:Full_Shot_of_a_Caribbean_Reef_Shark_at_Tiger_Beach_Bahamas.jpg,in_situ
Carcharhinus perezi,File:Carcharhinus perezi bahamas2.jpg,https://upload.wikimedia.org/wikipedia/commons/4/47/Carcharhinus_perezi_bahamas2.jpg?utm_source=commons.wikimedia.org&utm_campaign=imageinfo&utm_content=original,e8f7b8a5071aba1aedaf121291dcc8b198267a10,2452,1839,Michelle Hedstrom from Arvada,CC BY 2.0,https://commons.wikimedia.org/wiki/File:Carcharhinus_perezi_bahamas2.jpg,in_situ
Carcharhinus perezi,File:Caribbean reef shark.JPG,https://upload.wikimedia.org/wikipedia/commons/6/6b/Caribbean_reef_shark.JPG?utm_source=commons.wikimedia.org&utm_campaign=imageinfo&utm_content=original,e17a1c615b75d78b54ad481f9632f5df24532a0a,2304,1728,Leineabstiegsschleuse,Public domain,https://commons.wikimedia.org/wiki/File:Caribbean_reef_shark.JPG,in_situ
Dascyllus aruanus,File:Dascyllus aruanus.jpg,https://upload.wikimedia.org/wikipedia/commons/3/3a/Dascyllus_aruanus.jpg?utm_source=commons.wikimedia.org&utm_campaign=imageinfo&utm_content=original,caede354b4584ce0eb7b3d7b6d580a47b70c1e0d,1664,1232,Leonard Low from Australia,CC BY 2.0,https://commons.wikimedia.org/wiki/File:Dascyllus_aruanus.jpg,in_situ
Dascyllus aruanus,File:CaptiveCoralReef.JPG,https://upload.wikimedia.org/wikipedia/commons/e/e2/CaptiveCoralReef.JPG?utm_source=commons.wikimedia.org&utm_campaign=imageinfo&utm_content=original,089ac9de894a92ab7ec6bcaaebe610bc8d085306,794,446,Kirk Abbott (Coro at en.wikipedia),Public domain,https://commons.wikimedia.org/wiki/File:CaptiveCoralReef.JPG,in_situ
Dascyllus aruanus,File:Mactan - panoramio - ＤＡＶＩＤ (32).jpg,https://upload.wikimedia.org/wikipedia/commons/6/61/Mactan_-_panoramio_-_%EF%BC%A4%EF%BC%A1%EF%BC%B6%EF%BC%A9%EF%BC%A4_%2832%29.jpg?utm_source=commons.wikimedia.org&utm_campaign=imageinfo&utm_content=original,69233e448ca1660da4d7ba330fa94d9ecc64f456,4416,3312,ＤＡＶＩＤ,CC BY-SA 3.0,https://commons.wikimedia.org/wiki/File:Mactan_-_panoramio_-_%EF%BC%A4%EF%BC%A1%EF%BC%B6%EF%BC%A9%EF%BC%A4_(32).jpg,unknown
Dascyllus aruanus,"File:Damiselas de tres bandas (Dascyllus aruanus) en coral (Millepora dichotoma), parque nacional Ras Muhammad, Egipto, 2022-03-29, DD 52.jpg",https://upload.wikimedia.org/wikipedia/commons/1/12/Damiselas_de_tres_bandas_%28Dascyllus_aruanus%29_en_coral_%28Millepora_dichotoma%29%2C_parque_nacional_Ras_Muhammad%2C_Egipto%2C_2022-03-29%2C_DD_52.jpg?utm_source=commons.wikimedia.org&utm_campaign=imageinfo&utm_content=original,4836ed717a461a807862e5271ee23cbe672e2267,4108,4108,Diego Delso,CC BY-SA 4.0,"https://commons.wikimedia.org/wiki/File:Damiselas_de_tres_bandas_(Dascyllus_aruanus)_en_coral_(Millepora_dichotoma),_parque_nacional_Ras_Muhammad,_Egipto,_2022-03-29,_DD_52.jpg",unknown
Dascyllus aruanus,File:Baliste Picasso et demoiselles bleues à la Réunion.JPG,https://upload.wikimedia.org/wikipedia/commons/b/b5/Baliste_Picasso_et_demoiselles_bleues_%C3%A0_la_R%C3%A9union.JPG?utm_source=commons.wikimedia.org&utm_campaign=imageinfo&utm_content=original,bfb53954a3b6304f8867f2493c7450b7778b5514,4061,3044,MaéB,CC BY-SA 3.0,https://commons.wikimedia.org/wiki/File:Baliste_Picasso_et_demoiselles_bleues_%C3%A0_la_R%C3%A9union.JPG,unknown
Dascyllus aruanus,File:Artis 20180519 153323.jpg,https://upload.wikimedia.org/wikipedia/commons/6/6f/Artis_20180519_153323.jpg?utm_source=commons.wikimedia.org&utm_campaign=imageinfo&utm_content=original,5b0942e4929d5886fb80c7f715289107dab482fc,4032,3024,Rudolphous,CC BY-SA 4.0,https://commons.wikimedia.org/wiki/File:Artis_20180519_153323.jpg,unknown
Dascyllus aruanus,File:Corl0251 (28226001911).jpg,https://upload.wikimedia.org/wikipedia/commons/6/69/Corl0251_%2828226001911%29.jpg?utm_source=commons.wikimedia.org&utm_campaign=imageinfo&utm_content=original,f52a51973983085e0482d542a5fc0b89ddcee99c,4000,2248,NOAA Photo Library,CC BY 2.0,https://commons.wikimedia.org/wiki/File:Corl0251_(28226001911).jpg,unknown
Dascyllus aruanus,File:Humbug dascyllus Dascyllus aruanus (5846787655).jpg,https://upload.wikimedia.org/wikipedia/commons/e/e8/Humbug_dascyllus_Dascyllus_aruanus_%285846787655%29.jpg?utm_source=commons.wikimedia.org&utm_campaign=imageinfo&utm_content=original,cf3e7294e6bbf368b743c01793c9d7ca2a1aa254,2785,1857,Paul Asman and Jill Lenoble,CC BY 2.0,https://commons.wikimedia.org/wiki/File:Humbug_dascyllus_Dascyllus_aruanus_(5846787655).jpg,unknown
Dascyllus aruanus,File:Humbug damsel 2009.jpg,https://upload.wikimedia.org/wikipedia/commons/c/c8/Humbug_damsel_2009.jpg?utm_source=commons.wikimedia.org&utm_campaign=imageinfo&utm_content=original,77877ce45263bb24309620614100a90ceab6ace1,2718,1820,Janne Hellsten,CC BY 2.0,https://commons.wikimedia.org/wiki/File:Humbug_damsel_2009.jpg,unknown
Dascyllus aruanus,File:Dascyllus aruanus - 1700-1880 - Print - Iconographia Zoologica - Special Collections University of Amsterdam - UBA01 IZ13900266.tif,https://upload.wikimedia.org/wikipedia/commons/2/2a/Dascyllus_aruanus_-_1700-1880_-_Print_-_Iconographia_Zoologica_-_Special_Collections_University_of_Amsterdam_-_UBA01_IZ13900266.tif?utm_source=commons.wikimedia.org&utm_campaign=imageinfo&utm_content=original,aacb8659341479d2abbc4884e70e9d8b7e468dab,2526,2919,,Public domain,https://commons.wikimedia.org/wiki/File:Dascyllus_aruanus_-_1700-1880_-_Print_-_Iconographia_Zoologica_-_Special_Collections_University_of_Amsterdam_-_UBA01_IZ13900266.tif,unknown
Dascyllus aruanus,File:Humbug dascyllus (Dascyllus aruanus) (35352007500).jpg,https://upload.wikimedia.org/wikipedia/commons/1/19/Humbug_dascyllus_%28Dascyllus_aruanus%29_%2835352007500%29.jpg?utm_source=commons.wikimedia.org&utm_campaign=imageinfo&utm_content=original,26e26df256d10accc49a16507c81e90ac3fa30a3,2345,1759,Rickard Zerpe,CC BY 2.0,https://commons.wikimedia.org/wiki/File:Humbug_dascyllus_(Dascyllus_aruanus)_(35352007500).jpg,unknown
Dascyllus aruanus,"File:Ichthyologie; ou, Histoire naturelle des poissons (Plate 198) (6918440204).jpg",https://upload.wikimedia.org/wikipedia/commons/0/0e/Ichthyologie%3B_ou%2C_Histoire_naturelle_des_poissons_%28Plate_198%29_%286918440204%29.jpg?utm_source=commons.wikimedia.org&utm_campaign=imageinfo&utm_content=original,33ea91453d7289de5f479e4e417e7ab9b5fbafc6,2283,1342,"Bloch, Marcus Elieser",Public domain,"https://commons.wikimedia.org/wiki/File:Ichthyologie;_ou,_Histoire_naturelle_des_poissons_(Plate_198)_(6918440204).jpg",unknown
Acanthurus bahianus,"File:Acanthurus tractus (San Salvador Island, Bahamas) 1 (15965199647).jpg",https://upload.wikimedia.org/wikipedia/commons/8/81/Acanthurus_tractus_%28San_Salvador_Island%2C_Bahamas%29_1_%2815965199647%29.jpg?utm_source=commons.wikimedia.org&utm_campaign=imageinfo&utm_content=original,40510b0c2ecdcde959d7a20f2b54fc25c2261f56,3000,2400,James St. John,CC BY 2.0,"https://commons.wikimedia.org/wiki/File:Acanthurus_tractus_(San_Salvador_Island,_Bahamas)_1_(15965199647).jpg",in_situ
Acanthurus bahianus,File:Ocean Surgeonfish Molasses Reef 20080309.jpg,https://upload.wikimedia.org/wikipedia/commons/a/ac/Ocean_Surgeonfish_Molasses_Reef_20080309.jpg?utm_source=commons.wikimedia.org&utm_campaign=imageinfo&utm_content=original,f295435174100188c5d3b99a542293b719f45876,2816,2112,Jstuby,CC0,https://commons.wikimedia.org/wiki/File:Ocean_Surgeonfish_Molasses_Reef_20080309.jpg,in_situ
Acanthurus bahianus,"File:Acanthurus tractus (San Salvador Island, Bahamas) 2 (16150208412).jpg",https://upload.wikimedia.org/wikipedia/commons/7/78/Acanthurus_tractus_%28San_Salvador_Island%2C_Bahamas%29_2_%2816150208412%29.jpg?utm_source=commons.wikimedia.org&utm_campaign=imageinfo&utm_content=original,a664dbb38e22f7ee20a17488286b82766e78dcc5,2180,1692,James St. John,CC BY 2.0,"https://commons.wikimedia.org/wiki/File:Acanthurus_tractus_(San_Salvador_Island,_Bahamas)_2_(16150208412).jpg",in_situ
Acanthurus bahianus,"File:Acanthurus tractus (San Salvador Island, Bahamas) 5 (15965201927).jpg",https://upload.wikimedia.org/wikipedia/commons/a/a6/Acanthurus_tractus_%28San_Salvador_Island%2C_Bahamas%29_5_%2815965201927%29.jpg?utm_source=commons.wikimedia.org&utm_campaign=imageinfo&utm_content=original,55034a2e4b4dc8a6e00554afa8bca19a4d25198d,2072,1652,James St. John,CC BY 2.0,"https://commons.wikimedia.org/wiki/File:Acanthurus_tractus_(San_Salvador_Island,_Bahamas)_5_(15965201927).jpg",in_situ
Acanthurus bahianus,"File:Acanthurus tractus (San Salvador Island, Bahamas) 4 (16149054371).jpg",https://upload.wikimedia.org/wikipedia/commons/7/7e/Acanthurus_tractus_%28San_Salvador_Island%2C_Bahamas%29_4_%2816149054371%29.jpg?utm_source=commons.wikimedia.org&utm_campaign=imageinfo&utm_content=original,845a93b0c39710d12717e937ea8f2bc79ce2e7e3,1568,1648,James St. John,CC BY 2.0,"https://commons.wikimedia.org/wiki/File:Acanthurus_tractus_(San_Salvador_Island,_Bahamas)_4_(16149054371).jpg",in_situ
Acanthurus bahianus,"File:Acanthurus tractus (San Salvador Island, Bahamas) 3 (16150206782).jpg",https://upload.wikimedia.org/wikipedia/commons/b/b0/Acanthurus_tractus_%28San_Salvador_Island%2C_Bahamas%29_3_%2816150206782%29.jpg?utm_source=commons.wikimedia.org&utm_campaign=imageinfo&utm_content=original,ea649eadac59b304ad0ce5ee3808ef1ab6c4d776,1404,1836,James St. John,CC BY 2.0,"https://commons.wikimedia.org/wiki/File:Acanthurus_tractus_(San_Salvador_Island,_Bahamas)_3_(16150206782).jpg",in_situ
Acanthurus bahianus,"File:Acanthurus bahianus - Museu da Ciência da Universidade de Coimbra - University of Coimbra - Coimbra, Portugal - DSC09250.jpg",https://upload.wikimedia.org/wikipedia/commons/9/9b/Acanthurus_bahianus_-_Museu_da_Ci%C3%AAncia_da_Universidade_de_Coimbra_-_University_of_Coimbra_-_Coimbra%2C_Portugal_-_DSC09250.jpg?utm_source=commons.wikimedia.org&utm_campaign=imageinfo&utm_content=original,bd959f0b1aad4ac226b9cf89b4a38c725115c808,4460,3337,Daderot,CC0,"https://commons.wikimedia.org/wiki/File:Acanthurus_bahianus_-_Museu_da_Ci%C3%AAncia_da_Universidade_de_Coimbra_-_University_of_Coimbra_-_Coimbra,_Portugal_-_DSC09250.jpg",unknown
Acanthurus bahianus,"File:Acanthurus coeruleus (blue tang) (San Salvador Island, Bahamas) 6 (15527792634).jpg",https://upload.wikimedia.org/wikipedia/commons/2/22/Acanthurus_coeruleus_%28blue_tang%29_%28San_Salvador_Island%2C_Bahamas%29_6_%2815527792634%29.jpg?utm_source=commons.wikimedia.org&utm_campaign=imageinfo&utm_content=original,ca50d1f2312d9c71403ec766072d171eebadbcd5,3188,2076,James St. John,CC BY 2.0,"https://commons.wikimedia.org/wiki/File:Acanthurus_coeruleus_(blue_tang)_(San_Salvador_Island,_Bahamas)_6_(15527792634).jpg",unknown
Acanthurus bahianus,File:Convict surgeon herbivore fish.jpg,https://upload.wikimedia.org/wikipedia/commons/1/1d/Convict_surgeon_herbivore_fish.jpg?utm_source=commons.wikimedia.org&utm_campaign=imageinfo&utm_content=original,ce6c45766a86634ff53b19d13b67e60d1cb595fa,2628,1596,Vardhanjp,CC BY-SA 4.0,https://commons.wikimedia.org/wiki/File:Convict_surgeon_herbivore_fish.jpg,unknown
Acanthurus bahianus,File:Princess parrotfish Scarus taeniopterus (4676843758).jpg,https://upload.wikimedia.org/wikipedia/commons/7/77/Princess_parrotfish_Scarus_taeniopterus_%284676843758%29.jpg?utm_source=commons.wikimedia.org&utm_campaign=imageinfo&utm_content=original,922e17ecbb33dbfa59523bc27cee72d6801c464b,2371,1581,Paul Asman and Jill Lenoble,CC BY 2.0,https://commons.wikimedia.org/wiki/File:Princess_parrotfish_Scarus_taeniopterus_(4676843758).jpg,unknown
Acanthurus bahianus,File:F de Castelnau-poissonsPl11.jpg,https://upload.wikimedia.org/wikipedia/commons/5/5e/F_de_Castelnau-poissonsPl11.jpg?utm_source=commons.wikimedia.org&utm_campaign=imageinfo&utm_content=original,f5176bf732bb0f297505dd1194b893a310832733,2201,3111,"François-Louis Laporte, comte de Castelnau",Public domain,https://commons.wikimedia.org/wiki/File:F_de_Castelnau-poissonsPl11.jpg,unknown
Acanthurus bahianus,File:Acanthurus bahianus 700225464.jpg,https://upload.wikimedia.org/wikipedia/commons/7/7e/Acanthurus_bahianus_700225464.jpg?utm_source=commons.wikimedia.org&utm_campaign=imageinfo&utm_content=original,83bea8970a1f6892f796ba56b88ed06a31a6caae,2048,1536,Donald Davesne,CC BY 4.0,https://commons.wikimedia.org/wiki/File:Acanthurus_bahianus_700225464.jpg,unknown
Chaetodon striatus,File:Banded Butterflyfish (5200648239).jpg,https://upload.wikimedia.org/wikipedia/commons/3/3f/Banded_Butterflyfish_%285200648239%29.jpg?utm_source=commons.wikimedia.org&utm_campaign=imageinfo&utm_content=original,71b57744d2c23ab42f86589764c639fc773b5106,3110,2074,"LASZLO ILYES from Cleveland, Ohio, USA",CC BY 2.0,https://commons.wikimedia.org/wiki/File:Banded_Butterflyfish_(5200648239).jpg,in_situ
Chaetodon striatus,"File:Chaetodon striatus (banded butterflyfish) (San Salvador Island, Bahamas) 2 (15551997013).jpg",https://upload.wikimedia.org/wikipedia/commons/1/11/Chaetodon_striatus_%28banded_butterflyfish%29_%28San_Salvador_Island%2C_Bahamas%29_2_%2815551997013%29.jpg?utm_source=commons.wikimedia.org&utm_campaign=imageinfo&utm_content=original,dc4f8d7e6c7deaf6f08ccd23a22db85896a2d28b,3016,2048,James St. John,CC BY 2.0,"https://commons.wikimedia.org/wiki/File:Chaetodon_striatus_(banded_butterflyfish)_(San_Salvador_Island,_Bahamas)_2_(15551997013).jpg",in_situ
Chaetodon striatus,"File:Chaetodon striatus (banded butterflyfish) (San Salvador Island, Bahamas) 1 (15549412684).jpg",https://upload.wikimedia.org/wikipedia/commons/5/5f/Chaetodon_striatus_%28banded_butterflyfish%29_%28San_Salvador_Island%2C_Bahamas%29_1_%2815549412684%29.jpg?utm_source=commons.wikimedia.org&utm_campaign=imageinfo&utm_content=original,d17b1b4d777ddd0945deb5187c9958ddfbdc282f,3000,2400,James St. John,CC BY 2.0,"https://commons.wikimedia.org/wiki/File:Chaetodon_striatus_(banded_butterflyfish)_(San_Salvador_Island,_Bahamas)_1_(15549412684).jpg",in_situ
Chaetodon striatus,"File:Chaetodon striatus (banded butterflyfish) (San Salvador Island, Bahamas) 3 (16169896761).jpg",https://upload.wikimedia.org/wikipedia/commons/6/6e/Chaetodon_striatus_%28banded_butterflyfish%29_%28San_Salvador_Island%2C_Bahamas%29_3_%2816169896761%29.jpg?utm_source=commons.wikimedia.org&utm_campaign=imageinfo&utm_content=original,d2a2eca07e0222a2e8de6aead44f93195e8b9174,2732,2396,James St. John,CC BY 2.0,"https://commons.wikimedia.org/wiki/File:Chaetodon_striatus_(banded_butterflyfish)_(San_Salvador_Island,_Bahamas)_3_(16169896761).jpg",in_situ
Chaetodon striatus,File:Banded butterflyfish.jpg,https://upload.wikimedia.org/wikipedia/commons/0/05/Banded_butterflyfish.jpg?utm_source=commons.wikimedia.org&utm_campaign=imageinfo&utm_content=original,01bb54b84e50cce3ab4aba39235c8829071a0fad,4000,3000,Symbiosis,CC BY 2.0,https://commons.wikimedia.org/wiki/File:Banded_butterflyfish.jpg,unknown
Chaetodon striatus,File:Banded butterflyfish - 52929827432.jpg,https://upload.wikimedia.org/wikipedia/commons/e/ef/Banded_butterflyfish_-_52929827432.jpg?utm_source=commons.wikimedia.org&utm_campaign=imageinfo&utm_content=original,590016cb92ef73686801cdbc2de95e8cb9b97984,4000,3000,Symbiosis,CC BY 2.0,https://commons.wikimedia.org/wiki/File:Banded_butterflyfish_-_52929827432.jpg,unknown
Chaetodon striatus,File:Banded butterflyfish - 52930568644.jpg,https://upload.wikimedia.org/wikipedia/commons/8/85/Banded_butterflyfish_-_52930568644.jpg?utm_source=commons.wikimedia.org&utm_campaign=imageinfo&utm_content=original,3ede2c32669259048160f417d28ac57544a99599,4000,3000,Symbiosis,CC BY 2.0,https://commons.wikimedia.org/wiki/File:Banded_butterflyfish_-_52930568644.jpg,unknown
Chaetodon striatus,File:Banded butterflyfish - 52930857923.jpg,https://upload.wikimedia.org/wikipedia/commons/c/c3/Banded_butterflyfish_-_52930857923.jpg?utm_source=commons.wikimedia.org&utm_campaign=imageinfo&utm_content=original,1cca080cf99c58af6ca3f635eb22eaaa575c56d5,4000,3000,Symbiosis,CC BY 2.0,https://commons.wikimedia.org/wiki/File:Banded_butterflyfish_-_52930857923.jpg,unknown
Chaetodon striatus,File:Chaetodon striatus - banded butterflyfish - Bay of Pigs - Cuba.jpg,https://upload.wikimedia.org/wikipedia/commons/5/58/Chaetodon_striatus_-_banded_butterflyfish_-_Bay_of_Pigs_-_Cuba.jpg?utm_source=commons.wikimedia.org&utm_campaign=imageinfo&utm_content=original,15dea9ee9a32f0ec307bd2ce0fe3d4801bc0e3ed,3542,2591,Tisquesusa,CC BY 4.0,https://commons.wikimedia.org/wiki/File:Chaetodon_striatus_-_banded_butterflyfish_-_Bay_of_Pigs_-_Cuba.jpg,unknown
Chaetodon striatus,File:Chaetodon striatus y Gorgonia ventalina.jpg,https://upload.wikimedia.org/wikipedia/commons/5/5d/Chaetodon_striatus_y_Gorgonia_ventalina.jpg?utm_source=commons.wikimedia.org&utm_campaign=imageinfo&utm_content=original,e96546445e1a0da1eac491522933d53824981e2e,3463,2081,Greg Grimes,CC BY-SA 2.0,https://commons.wikimedia.org/wiki/File:Chaetodon_striatus_y_Gorgonia_ventalina.jpg,unknown
Chaetodon striatus,"File:Chaetodon striatus, NOAA.jpg",https://upload.wikimedia.org/wikipedia/commons/0/0f/Chaetodon_striatus%2C_NOAA.jpg?utm_source=commons.wikimedia.org&utm_campaign=imageinfo&utm_content=original,234563a177e9eb3f5407a0298b671f545d030515,3395,2354,NOAA,Public domain,"https://commons.wikimedia.org/wiki/File:Chaetodon_striatus,_NOAA.jpg",unknown
Chaetodon striatus,File:DSC 0039 - peixes no recifes de coral em Abrolhos.jpg,https://upload.wikimedia.org/wikipedia/commons/6/6a/DSC_0039_-_peixes_no_recifes_de_coral_em_Abrolhos.jpg?utm_source=commons.wikimedia.org&utm_campaign=imageinfo&utm_content=original,ba7e30b44c964bed2292532a22d94365eb2f0d1d,3008,2000,Amgauna,CC BY-SA 4.0,https://commons.wikimedia.org/wiki/File:DSC_0039_-_peixes_no_recifes_de_coral_em_Abrolhos.jpg,unknown
Caesio teres,File:Reef2163 - Flickr - NOAA Photo Library.jpg,https://upload.wikimedia.org/wikipedia/commons/3/36/Reef2163_-_Flickr_-_NOAA_Photo_Library.jpg?utm_source=commons.wikimedia.org&utm_campaign=imageinfo&utm_content=original,ac258a401a1f0deee9293876066da480d34a3e8c,3072,2304,"LCDR Eric Johnson, NOAA Corps.",Public domain,https://commons.wikimedia.org/wiki/File:Reef2163_-_Flickr_-_NOAA_Photo_Library.jpg,in_situ
Caesio teres,File:Reef2164 (9714481753).jpg,https://upload.wikimedia.org/wikipedia/commons/1/14/Reef2164_%289714481753%29.jpg?utm_source=commons.wikimedia.org&utm_campaign=imageinfo&utm_content=original,93f3c3c694f874a710662e88fabf4b5925c9f774,3072,2304,NOAA Photo Library,Public domain,https://commons.wikimedia.org/wiki/File:Reef2164_(9714481753).jpg,in_situ
Caesio teres,File:Stable isotope analyses reveal unique trophic role of reef manta rays (Mobula alfredi) at a remote coral reef.pdf,https://upload.wikimedia.org/wikipedia/commons/4/4b/Stable_isotope_analyses_reveal_unique_trophic_role_of_reef_manta_rays_%28Mobula_alfredi%29_at_a_remote_coral_reef.pdf?utm_source=commons.wikimedia.org&utm_campaign=imageinfo&utm_content=original,29bc7a66a0b0d644e864ec4c9b8e5a289691f0d9,1085,1575,"Peel, Lauren R.; Daly, Ryan; Keating Daly, Clare A.; Stevens, Guy M. W.; Collin, Shaun P.; Meekan, Mark G.",CC BY 4.0,https://commons.wikimedia.org/wiki/File:Stable_isotope_analyses_reveal_unique_trophic_role_of_reef_manta_rays_(Mobula_alfredi)_at_a_remote_coral_reef.pdf,in_situ
Caesio teres,File:2010 Thailand Koh Phi Phi & Lanta scuba diving3.jpg,https://upload.wikimedia.org/wikipedia/commons/7/7b/2010_Thailand_Koh_Phi_Phi_%26_Lanta_scuba_diving3.jpg?utm_source=commons.wikimedia.org&utm_campaign=imageinfo&utm_content=original,6078a4bc2b14312b07ede8ec9c17315b970a93f8,1024,768,Ilse Reijs and Jan-Noud Hutten,CC BY 2.0,https://commons.wikimedia.org/wiki/File:2010_Thailand_Koh_Phi_Phi_%26_Lanta_scuba_diving3.jpg,in_situ
Caesio teres,File:Caesio teres and Caesio caerulaurea.jpg,https://upload.wikimedia.org/wikipedia/commons/c/c8/Caesio_teres_and_Caesio_caerulaurea.jpg?utm_source=commons.wikimedia.org&utm_campaign=imageinfo&utm_content=original,cb43ce9561f512c17ff55f39a9fd94cf79e5e5c2,1024,736,Richard Ling,CC BY-SA 2.5,https://commons.wikimedia.org/wiki/File:Caesio_teres_and_Caesio_caerulaurea.jpg,in_situ
Caesio teres,File:Blue and yellow fusilier (Caesio teres) (45998127474).jpg,https://upload.wikimedia.org/wikipedia/commons/f/f0/Blue_and_yellow_fusilier_%28Caesio_teres%29_%2845998127474%29.jpg?utm_source=commons.wikimedia.org&utm_campaign=imageinfo&utm_content=original,df08da1e2893a5fb8327c17d0679de821575176a,5184,3888,Rickard Zerpe,CC BY 2.0,https://commons.wikimedia.org/wiki/File:Blue_and_yellow_fusilier_(Caesio_teres)_(45998127474).jpg,unknown
Caesio teres,File:Blue and yellow fusilier (Caesio teres) (46751140205).jpg,https://upload.wikimedia.org/wikipedia/commons/7/79/Blue_and_yellow_fusilier_%28Caesio_teres%29_%2846751140205%29.jpg?utm_source=commons.wikimedia.org&utm_campaign=imageinfo&utm_content=original,b38f97dfa3eb7dfc21eda4fc218e48cb35fde4a6,4763,3572,Rickard Zerpe,CC BY 2.0,https://commons.wikimedia.org/wiki/File:Blue_and_yellow_fusilier_(Caesio_teres)_(46751140205).jpg,unknown
Caesio teres,File:Corl0113 (27497439214).jpg,https://upload.wikimedia.org/wikipedia/commons/3/3b/Corl0113_%2827497439214%29.jpg?utm_source=commons.wikimedia.org&utm_campaign=imageinfo&utm_content=original,663dc8280f38ca41cba4e90a8a96c1d62947bc2f,4000,2248,NOAA Photo Library,CC BY 2.0,https://commons.wikimedia.org/wiki/File:Corl0113_(27497439214).jpg,unknown
Caesio teres,File:Corl0450 (28270661146).jpg,https://upload.wikimedia.org/wikipedia/commons/d/d6/Corl0450_%2828270661146%29.jpg?utm_source=commons.wikimedia.org&utm_campaign=imageinfo&utm_content=original,ac2a5989d4445a6a65a1cb0d1f8428f8865e766c,4000,3000,NOAA Photo Library,CC BY 2.0,https://commons.wikimedia.org/wiki/File:Corl0450_(28270661146).jpg,unknown
Caesio teres,File:Yellow-tail Fusiliers (Caesio teres) (6129973549).jpg,https://upload.wikimedia.org/wikipedia/commons/f/fd/Yellow-tail_Fusiliers_%28Caesio_teres%29_%286129973549%29.jpg?utm_source=commons.wikimedia.org&utm_campaign=imageinfo&utm_content=original,9e680f8d5470c2a30ba4530d81205c7d8150ab9b,3835,2300,Bernard DUPONT from FRANCE,CC BY-SA 2.0,https://commons.wikimedia.org/wiki/File:Yellow-tail_Fusiliers_(Caesio_teres)_(6129973549).jpg,unknown
Caesio teres,File:Blue and yellow fusilier (Caesio teres) (48853169972).jpg,https://upload.wikimedia.org/wikipedia/commons/5/52/Blue_and_yellow_fusilier_%28Caesio_teres%29_%2848853169972%29.jpg?utm_source=commons.wikimedia.org&utm_campaign=imageinfo&utm_content=original,9e9954df94d91318f5a9a0a96a54971d8bb06d3f,3653,2740,Rickard Zerpe,CC BY 2.0,https://commons.wikimedia.org/wiki/File:Blue_and_yellow_fusilier_(Caesio_teres)_(48853169972).jpg,unknown
Caesio teres,File:Blue and yellow fusilier (Caesio teres) (45998127474) (cropped).jpg,https://upload.wikimedia.org/wikipedia/commons/f/f3/Blue_and_yellow_fusilier_%28Caesio_teres%29_%2845998127474%29_%28cropped%29.jpg?utm_source=commons.wikimedia.org&utm_campaign=imageinfo&utm_content=original,79f7cd413dc6a45697696237aeb999274b51f78e,3315,1949,Rickard Zerpe,CC BY 2.0,https://commons.wikimedia.org/wiki/File:Blue_and_yellow_fusilier_(Caesio_teres)_(45998127474)_(cropped).jpg,unknown
Platax orbicularis,File:Platax Orbicularis in the Egyptian Red Sea.jpg,https://upload.wikimedia.org/wikipedia/commons/0/09/Platax_Orbicularis_in_the_Egyptian_Red_Sea.jpg?utm_source=commons.wikimedia.org&utm_campaign=imageinfo&utm_content=original,a8787de0f394ac177bdaa11311a439b6ac6eb4eb,2641,1981,Alexander Vasenin,CC BY-SA 3.0,https://commons.wikimedia.org/wiki/File:Platax_Orbicularis_in_the_Egyptian_Red_Sea.jpg,in_situ
Platax orbicularis,"File:Orbicular spadefish, Platax orbicularis at Marsa Shouna, Red Sea, Egypt -SCUBA (6234307063).jpg",https://upload.wikimedia.org/wikipedia/commons/3/3c/Orbicular_spadefish%2C_Platax_orbicularis_at_Marsa_Shouna%2C_Red_Sea%2C_Egypt_-SCUBA_%286234307063%29.jpg?utm_source=commons.wikimedia.org&utm_campaign=imageinfo&utm_content=original,8acdf85e3d991f46c22e88ce30218d12af02ceee,1024,692,"Derek Keats from Johannesburg, South Africa",CC BY 2.0,"https://commons.wikimedia.org/wiki/File:Orbicular_spadefish,_Platax_orbicularis_at_Marsa_Shouna,_Red_Sea,_Egypt_-SCUBA_(6234307063).jpg",in_situ
Platax orbicularis,"File:Orbicular spadefish, Platax orbicularis at Marsa Shouna, Red Sea, Egypt SCUBA.jpg",https://upload.wikimedia.org/wikipedia/commons/9/94/Orbicular_spadefish%2C_Platax_orbicularis_at_Marsa_Shouna%2C_Red_Sea%2C_Egypt_SCUBA.jpg?utm_source=commons.wikimedia.org&utm_campaign=imageinfo&utm_content=original,c9abc67db646d2d3fb0df05bdf86e4809ca6ee89,1024,712,Derek Keats,CC BY-SA 2.0,"https://commons.wikimedia.org/wiki/File:Orbicular_spadefish,_Platax_orbicularis_at_Marsa_Shouna,_Red_Sea,_Egypt_SCUBA.jpg",in_situ
Platax orbicularis,"File:A pair of Orbicular spadefish, Platax orbicularis at Marsa Shouna, Red Sea, Egypt SCUBA.jpg",https://upload.wikimedia.org/wikipedia/commons/0/06/A_pair_of_Orbicular_spadefish%2C_Platax_orbicularis_at_Marsa_Shouna%2C_Red_Sea%2C_Egypt_SCUBA.jpg?utm_source=commons.wikimedia.org&utm_campaign=imageinfo&utm_content=original,e72e53ed17072bc00204e375cefbb30980336753,992,768,Derek Keats,CC BY-SA 2.0,"https://commons.wikimedia.org/wiki/File:A_pair_of_Orbicular_spadefish,_Platax_orbicularis_at_Marsa_Shouna,_Red_Sea,_Egypt_SCUBA.jpg",in_situ
Platax orbicularis,File:Géniteurs de Paraha Peue (Platax orbicularis) sur le Centre Ifremer du Pacifique (Ifremer 00794-90597 - 51517).jpg,https://upload.wikimedia.org/wikipedia/commons/a/a3/G%C3%A9niteurs_de_Paraha_Peue_%28Platax_orbicularis%29_sur_le_Centre_Ifremer_du_Pacifique_%28Ifremer_00794-90597_-_51517%29.jpg?utm_source=commons.wikimedia.org&utm_campaign=imageinfo&utm_content=original,0a7e3c6ffc94689d8737d094c7deab3a06ceb062,8256,5504,"Olivier Dugornay (IFREMER, Pôle Images, Centre Bretagne - ZI de la Pointe du Diable - CS 10070 - 29280 Plouzané, France)",CC BY 4.0,https://commons.wikimedia.org/wiki/File:G%C3%A9niteurs_de_Paraha_Peue_(Platax_orbicularis)_sur_le_Centre_Ifremer_du_Pacifique_(Ifremer_00794-90597_-_51517).jpg,unknown
Platax orbicularis,File:Géniteurs de Paraha Peue (Platax orbicularis) sur le Centre Ifremer du Pacifique (Ifremer 00794-90597 - 51518).jpg,https://upload.wikimedia.org/wikipedia/commons/3/34/G%C3%A9niteurs_de_Paraha_Peue_%28Platax_orbicularis%29_sur_le_Centre_Ifremer_du_Pacifique_%28Ifremer_00794-90597_-_51518%29.jpg?utm_source=commons.wikimedia.org&utm_campaign=imageinfo&utm_content=original,e24726b004138bbb189aef205c74f0ca5bb6abc2,8256,5504,"Olivier Dugornay (IFREMER, Pôle Images, Centre Bretagne - ZI de la Pointe du Diable - CS 10070 - 29280 Plouzané, France)",CC BY 4.0,https://commons.wikimedia.org/wiki/File:G%C3%A9niteurs_de_Paraha_Peue_(Platax_orbicularis)_sur_le_Centre_Ifremer_du_Pacifique_(Ifremer_00794-90597_-_51518).jpg,unknown
Platax orbicularis,"File:Pez murciélago orbicular (Platax orbicularis), mar Rojo, Egipto, 2023-04-19, DD 01.jpg",https://upload.wikimedia.org/wikipedia/commons/a/ad/Pez_murci%C3%A9lago_orbicular_%28Platax_orbicularis%29%2C_mar_Rojo%2C_Egipto%2C_2023-04-19%2C_DD_01.jpg?utm_source=commons.wikimedia.org&utm_campaign=imageinfo&utm_content=original,6992dab0fded0a19d1c103141854d7bbf6e57a7a,6642,4810,Diego Delso,CC BY-SA 4.0,"https://commons.wikimedia.org/wiki/File:Pez_murci%C3%A9lago_orbicular_(Platax_orbicularis),_mar_Rojo,_Egipto,_2023-04-19,_DD_01.jpg",unknown
Platax orbicularis,"File:Pez murciélago orbicular (Platax orbicularis), Mahé, Seychelles, 2025-09-08, DD 37.jpg",https://upload.wikimedia.org/wikipedia/commons/3/32/Pez_murci%C3%A9lago_orbicular_%28Platax_orbicularis%29%2C_Mah%C3%A9%2C_Seychelles%2C_2025-09-08%2C_DD_37.jpg?utm_source=commons.wikimedia.org&utm_campaign=imageinfo&utm_content=original,c0bec9a50d25ceca8f73552b195dfe6353a94782,6516,4344,Diego Delso,CC BY-SA 4.0,"https://commons.wikimedia.org/wiki/File:Pez_murci%C3%A9lago_orbicular_(Platax_orbicularis),_Mah%C3%A9,_Seychelles,_2025-09-08,_DD_37.jpg",unknown
Platax orbicularis,"File:Pez murciélago orbicular (Platax orbicularis), Nosy Tanikely, Madagascar, 2025-09-20, DD 16.jpg",https://upload.wikimedia.org/wikipedia/commons/2/25/Pez_murci%C3%A9lago_orbicular_%28Platax_orbicularis%29%2C_Nosy_Tanikely%2C_Madagascar%2C_2025-09-20%2C_DD_16.jpg?utm_source=commons.wikimedia.org&utm_campaign=imageinfo&utm_content=original,4540241521905d2399d8ba7166d10fe692cc343a,5792,5792,Diego Delso,CC BY-SA 4.0,"https://commons.wikimedia.org/wiki/File:Pez_murci%C3%A9lago_orbicular_(Platax_orbicularis),_Nosy_Tanikely,_Madagascar,_2025-09-20,_DD_16.jpg",unknown
Platax orbicularis,File:Orbicular batfish (Platax orbicularis) (44241204435).jpg,https://upload.wikimedia.org/wikipedia/commons/1/1e/Orbicular_batfish_%28Platax_orbicularis%29_%2844241204435%29.jpg?utm_source=commons.wikimedia.org&utm_campaign=imageinfo&utm_content=original,4253f25cb1f09fd730cd31df4a3de11c4cb8c6ee,5184,3888,Rickard Zerpe,CC BY 2.0,https://commons.wikimedia.org/wiki/File:Orbicular_batfish_(Platax_orbicularis)_(44241204435).jpg,unknown
Platax orbicularis,File:Platax orbicularis at Red Sea Aquarium by Hatem Moushir.JPG,https://upload.wikimedia.org/wikipedia/commons/5/57/Platax_orbicularis_at_Red_Sea_Aquarium_by_Hatem_Moushir.JPG?utm_source=commons.wikimedia.org&utm_campaign=imageinfo&utm_content=original,5f26594c5d8489d2aadbe05ad0694c1c4c894a7b,4928,3264,Hatem Moushir,CC BY-SA 4.0,https://commons.wikimedia.org/wiki/File:Platax_orbicularis_at_Red_Sea_Aquarium_by_Hatem_Moushir.JPG,unknown
Platax orbicularis,"File:Pez murciélago orbicular (Platax orbicularis), Zanzíbar, Tanzania, 2024-06-01, DD 78.jpg",https://upload.wikimedia.org/wikipedia/commons/6/64/Pez_murci%C3%A9lago_orbicular_%28Platax_orbicularis%29%2C_Zanz%C3%ADbar%2C_Tanzania%2C_2024-06-01%2C_DD_78.jpg?utm_source=commons.wikimedia.org&utm_campaign=imageinfo&utm_content=original,f5072c5ea85c6cefd385ee901323c0dc22bde242,4830,7245,Diego Delso,CC BY-SA 4.0,"https://commons.wikimedia.org/wiki/File:Pez_murci%C3%A9lago_orbicular_(Platax_orbicularis),_Zanz%C3%ADbar,_Tanzania,_2024-06-01,_DD_78.jpg",unknown
Pterocaesio tile,File:Layang-Layang diving31.jpg,https://upload.wikimedia.org/wikipedia/commons/5/5c/Layang-Layang_diving31.jpg?utm_source=commons.wikimedia.org&utm_campaign=imageinfo&utm_content=original,817ca9eb8d9cf130265cf22d5412b4711db463be,3264,2208,matthew lee,CC BY 2.0,https://commons.wikimedia.org/wiki/File:Layang-Layang_diving31.jpg,in_situ
Pterocaesio tile,File:Layang-Layang diving31 (cropped).jpg,https://upload.wikimedia.org/wikipedia/commons/0/06/Layang-Layang_diving31_%28cropped%29.jpg?utm_source=commons.wikimedia.org&utm_campaign=imageinfo&utm_content=original,aa7f1ed7c426e49f56a881c24a1b5b4fba03acc5,1655,1120,matthew lee,CC BY 2.0,https://commons.wikimedia.org/wiki/File:Layang-Layang_diving31_(cropped).jpg,in_situ
Pterocaesio tile,File:Reef habitats at Palmyra Atoll - Peerj-81-fig-3E.png,https://upload.wikimedia.org/wikipedia/commons/f/f5/Reef_habitats_at_Palmyra_Atoll_-_Peerj-81-fig-3E.png?utm_source=commons.wikimedia.org&utm_campaign=imageinfo&utm_content=original,6327e42ec717f3b76c0160182cc3741593f692ae,1261,887,Williams et al. (2013),CC BY 3.0,https://commons.wikimedia.org/wiki/File:Reef_habitats_at_Palmyra_Atoll_-_Peerj-81-fig-3E.png,in_situ
Pterocaesio tile,File:Stable isotope analyses reveal unique trophic role of reef manta rays (Mobula alfredi) at a remote coral reef.pdf,https://upload.wikimedia.org/wikipedia/commons/4/4b/Stable_isotope_analyses_reveal_unique_trophic_role_of_reef_manta_rays_%28Mobula_alfredi%29_at_a_remote_coral_reef.pdf?utm_source=commons.wikimedia.org&utm_campaign=imageinfo&utm_content=original,29bc7a66a0b0d644e864ec4c9b8e5a289691f0d9,1085,1575,"Peel, Lauren R.; Daly, Ryan; Keating Daly, Clare A.; Stevens, Guy M. W.; Collin, Shaun P.; Meekan, Mark G.",CC BY 4.0,https://commons.wikimedia.org/wiki/File:Stable_isotope_analyses_reveal_unique_trophic_role_of_reef_manta_rays_(Mobula_alfredi)_at_a_remote_coral_reef.pdf,in_situ
Pterocaesio tile,"File:Peces fusilero (Pterocaesio tile), Zanzíbar, Tanzania, 2024-05-31, DD 22.jpg",https://upload.wikimedia.org/wikipedia/commons/d/d8/Peces_fusilero_%28Pterocaesio_tile%29%2C_Zanz%C3%ADbar%2C_Tanzania%2C_2024-05-31%2C_DD_22.jpg?utm_source=commons.wikimedia.org&utm_campaign=imageinfo&utm_content=original,d3704e92789be588f4a53c2042468c60720ee309,8688,3612,Diego Delso,CC BY-SA 4.0,"https://commons.wikimedia.org/wiki/File:Peces_fusilero_(Pterocaesio_tile),_Zanz%C3%ADbar,_Tanzania,_2024-05-31,_DD_22.jpg",unknown
Pterocaesio tile,"File:Pez fusilero (Pterocaesio tile), Nosy Iranja, Madagascar, 2025-09-17, DD 84.jpg",https://upload.wikimedia.org/wikipedia/commons/c/c2/Pez_fusilero_%28Pterocaesio_tile%29%2C_Nosy_Iranja%2C_Madagascar%2C_2025-09-17%2C_DD_84.jpg?utm_source=commons.wikimedia.org&utm_campaign=imageinfo&utm_content=original,ac125a82c1ddd26135f52e01e9f4f3821b99faa7,7513,5009,Diego Delso,CC BY-SA 4.0,"https://commons.wikimedia.org/wiki/File:Pez_fusilero_(Pterocaesio_tile),_Nosy_Iranja,_Madagascar,_2025-09-17,_DD_84.jpg",unknown
Pterocaesio tile,"File:Pez fusilero (Pterocaesio tile), Mauricio, 2025-09-23, DD 110.jpg",https://upload.wikimedia.org/wikipedia/commons/6/64/Pez_fusilero_%28Pterocaesio_tile%29%2C_Mauricio%2C_2025-09-23%2C_DD_110.jpg?utm_source=commons.wikimedia.org&utm_campaign=imageinfo&utm_content=original,77a351d54c286684251dd2f1ccb5bbe0973556c0,6751,4501,Diego Delso,CC BY-SA 4.0,"https://commons.wikimedia.org/wiki/File:Pez_fusilero_(Pterocaesio_tile),_Mauricio,_2025-09-23,_DD_110.jpg",unknown
Pterocaesio tile,"File:Pez fusilero (Pterocaesio tile), Mauricio, 2025-09-23, DD 141.jpg",https://upload.wikimedia.org/wikipedia/commons/7/79/Pez_fusilero_%28Pterocaesio_tile%29%2C_Mauricio%2C_2025-09-23%2C_DD_141.jpg?utm_source=commons.wikimedia.org&utm_campaign=imageinfo&utm_content=original,7391ffb9d4a96059cb4fbaf00a352fd5aba28e71,6679,4453,Diego Delso,CC BY-SA 4.0,"https://commons.wikimedia.org/wiki/File:Pez_fusilero_(Pterocaesio_tile),_Mauricio,_2025-09-23,_DD_141.jpg",unknown
Pterocaesio tile,File:Eungkôt Pisang Mirah.jpg,https://upload.wikimedia.org/wikipedia/commons/5/50/Eungk%C3%B4t_Pisang_Mirah.jpg?utm_source=commons.wikimedia.org&utm_campaign=imageinfo&utm_content=original,40c7ccc238177e79a3067dc9d0e29f45394847d3,5760,2592,Si Gam,CC BY-SA 4.0,https://commons.wikimedia.org/wiki/File:Eungk%C3%B4t_Pisang_Mirah.jpg,unknown
Pterocaesio tile,"File:Pez fusilero (Pterocaesio tile), Mauricio, 2025-09-23, DD 109.jpg",https://upload.wikimedia.org/wikipedia/commons/f/f2/Pez_fusilero_%28Pterocaesio_tile%29%2C_Mauricio%2C_2025-09-23%2C_DD_109.jpg?utm_source=commons.wikimedia.org&utm_campaign=imageinfo&utm_content=original,8656bff5a5e7fd6917bfb7b526748c0f3a6bb553,5163,3442,Diego Delso,CC BY-SA 4.0,"https://commons.wikimedia.org/wiki/File:Pez_fusilero_(Pterocaesio_tile),_Mauricio,_2025-09-23,_DD_109.jpg",unknown
Pterocaesio tile,File:Dark-banded Fusilier (Pterocaesio tile) (6082718976).jpg,https://upload.wikimedia.org/wikipedia/commons/3/3b/Dark-banded_Fusilier_%28Pterocaesio_tile%29_%286082718976%29.jpg?utm_source=commons.wikimedia.org&utm_campaign=imageinfo&utm_content=original,0dc86ff93225e47650cb4ee292dd85e43297b5f0,4416,2649,Bernard DUPONT from FRANCE,CC BY-SA 2.0,https://commons.wikimedia.org/wiki/File:Dark-banded_Fusilier_(Pterocaesio_tile)_(6082718976).jpg,unknown
Pterocaesio tile,File:Midnight Snapper (Macolor macularis) and Dark-banded Fusilier (Pterocaesio tile) (6089208052).jpg,https://upload.wikimedia.org/wikipedia/commons/c/c8/Midnight_Snapper_%28Macolor_macularis%29_and_Dark-banded_Fusilier_%28Pterocaesio_tile%29_%286089208052%29.jpg?utm_source=commons.wikimedia.org&utm_campaign=imageinfo&utm_content=original,6571c3e34981b4670a582e84bfb600a1e72cad3a,4416,2649,Bernard DUPONT from FRANCE,CC BY-SA 2.0,https://commons.wikimedia.org/wiki/File:Midnight_Snapper_(Macolor_macularis)_and_Dark-banded_Fusilier_(Pterocaesio_tile)_(6089208052).jpg,unknown
Odonus niger,"File:2016, wakatobi, dunia baru night, triggerfish snuggled in (30624549334).jpg",https://upload.wikimedia.org/wikipedia/commons/e/e3/2016%2C_wakatobi%2C_dunia_baru_night%2C_triggerfish_snuggled_in_%2830624549334%29.jpg?utm_source=commons.wikimedia.org&utm_campaign=imageinfo&utm_content=original,12071b90834611dff33c68b67dac6b7875211e3b,4561,3041,q phia,CC BY 2.0,"https://commons.wikimedia.org/wiki/File:2016,_wakatobi,_dunia_baru_night,_triggerfish_snuggled_in_(30624549334).jpg",unknown
Odonus niger,File:Balistes erythrodon - 1700-1880 - Print - Iconographia Zoologica - Special Collections University of Amsterdam - UBA01 IZ15400113.tif,https://upload.wikimedia.org/wikipedia/commons/a/a6/Balistes_erythrodon_-_1700-1880_-_Print_-_Iconographia_Zoologica_-_Special_Collections_University_of_Amsterdam_-_UBA01_IZ15400113.tif?utm_source=commons.wikimedia.org&utm_campaign=imageinfo&utm_content=original,488d65960ba2bc5f2c8a2172aab4ee08dcedca06,4401,2541,,Public domain,https://commons.wikimedia.org/wiki/File:Balistes_erythrodon_-_1700-1880_-_Print_-_Iconographia_Zoologica_-_Special_Collections_University_of_Amsterdam_-_UBA01_IZ15400113.tif,unknown
Odonus niger,File:Cá bò đuôi én 0.jpg,https://upload.wikimedia.org/wikipedia/commons/8/85/C%C3%A1_b%C3%B2_%C4%91u%C3%B4i_%C3%A9n_0.jpg?utm_source=commons.wikimedia.org&utm_campaign=imageinfo&utm_content=original,77643f59b6356f9344e5a31ad6aeeaf03325b1f9,4110,2238,Phương Huy (thảo luận),Public domain,https://commons.wikimedia.org/wiki/File:C%C3%A1_b%C3%B2_%C4%91u%C3%B4i_%C3%A9n_0.jpg,unknown
Odonus niger,File:Bleeker CCXIX.jpg,https://upload.wikimedia.org/wikipedia/commons/1/19/Bleeker_CCXIX.jpg?utm_source=commons.wikimedia.org&utm_campaign=imageinfo&utm_content=original,1d13e8b6d8a381eb04d26c55e6140a45ecdf0b17,3430,1888,Pieter Bleeker,Public domain,https://commons.wikimedia.org/wiki/File:Bleeker_CCXIX.jpg,unknown
Odonus niger,File:Cá bò đuôi én Việt Nam.jpg,https://upload.wikimedia.org/wikipedia/commons/5/51/C%C3%A1_b%C3%B2_%C4%91u%C3%B4i_%C3%A9n_Vi%E1%BB%87t_Nam.jpg?utm_source=commons.wikimedia.org&utm_campaign=imageinfo&utm_content=original,19f5fcc962748287af66d0f58545155548a664ef,2760,2744,Phương Huy (thảo luận),Public domain,https://commons.wikimedia.org/wiki/File:C%C3%A1_b%C3%B2_%C4%91u%C3%B4i_%C3%A9n_Vi%E1%BB%87t_Nam.jpg,unknown
Odonus niger,File:Cá bò đuôi én Nha Trang 2.jpg,https://upload.wikimedia.org/wikipedia/commons/7/70/C%C3%A1_b%C3%B2_%C4%91u%C3%B4i_%C3%A9n_Nha_Trang_2.jpg?utm_source=commons.wikimedia.org&utm_campaign=imageinfo&utm_content=original,d5074c8aafa5e873b4a4992b58bbc6ab82c8e233,2603,3665,Phương Huy (thảo luận),Public domain,https://commons.wikimedia.org/wiki/File:C%C3%A1_b%C3%B2_%C4%91u%C3%B4i_%C3%A9n_Nha_Trang_2.jpg,unknown
Odonus niger,File:Balistes erythrodon - 1700-1880 - Print - Iconographia Zoologica - Special Collections University of Amsterdam - UBA01 IZ15400115.tif,https://upload.wikimedia.org/wikipedia/commons/9/92/Balistes_erythrodon_-_1700-1880_-_Print_-_Iconographia_Zoologica_-_Special_Collections_University_of_Amsterdam_-_UBA01_IZ15400115.tif?utm_source=commons.wikimedia.org&utm_campaign=imageinfo&utm_content=original,5bcf0e9c05c2c1d8bae8d0617fb20339b13eae62,2519,3197,,Public domain,https://commons.wikimedia.org/wiki/File:Balistes_erythrodon_-_1700-1880_-_Print_-_Iconographia_Zoologica_-_Special_Collections_University_of_Amsterdam_-_UBA01_IZ15400115.tif,unknown
Odonus niger,File:Odonus niger 282432315.jpg,https://upload.wikimedia.org/wikipedia/commons/a/a5/Odonus_niger_282432315.jpg?utm_source=commons.wikimedia.org&utm_campaign=imageinfo&utm_content=original,cac04972f3d2ad6c9d3b78c28ec73ed8749207df,2048,1783,portioid,CC BY-SA 4.0,https://commons.wikimedia.org/wiki/File:Odonus_niger_282432315.jpg,unknown
Odonus niger,File:Odonus niger 282644498.jpg,https://upload.wikimedia.org/wikipedia/commons/3/3d/Odonus_niger_282644498.jpg?utm_source=commons.wikimedia.org&utm_campaign=imageinfo&utm_content=original,1e4fb8e185feefee0de43e9981fddbfffa87374a,2048,1536,norcalmc,CC BY 4.0,https://commons.wikimedia.org/wiki/File:Odonus_niger_282644498.jpg,unknown
Odonus niger,File:Odonus niger 282757985.jpg,https://upload.wikimedia.org/wikipedia/commons/7/7e/Odonus_niger_282757985.jpg?utm_source=commons.wikimedia.org&utm_campaign=imageinfo&utm_content=original,03463d2915866986c91a23433cf9af659632d95c,2048,1950,portioid,CC BY-SA 4.0,https://commons.wikimedia.org/wiki/File:Odonus_niger_282757985.jpg,unknown
Odonus niger,File:Odonus niger 283190450.jpg,https://upload.wikimedia.org/wikipedia/commons/c/c9/Odonus_niger_283190450.jpg?utm_source=commons.wikimedia.org&utm_campaign=imageinfo&utm_content=original,ae7ae131d8a060e47b689cbafc62523362689a15,2048,1365,Julien Renoult,CC BY 4.0,https://commons.wikimedia.org/wiki/File:Odonus_niger_283190450.jpg,unknown
Odonus niger,File:Odonus niger 283438686.jpg,https://upload.wikimedia.org/wikipedia/commons/d/d1/Odonus_niger_283438686.jpg?utm_source=commons.wikimedia.org&utm_campaign=imageinfo&utm_content=original,ff55d225d4e029a86fef82dabc0025d8998ebe04,2048,1365,Julien Renoult,CC BY 4.0,https://commons.wikimedia.org/wiki/File:Odonus_niger_283438686.jpg,unknown
Chaetodon lunula,File:Chaetodon flavirostris Tutuila 2023.png,https://upload.wikimedia.org/wikipedia/commons/9/9f/Chaetodon_flavirostris_Tutuila_2023.png?utm_source=commons.wikimedia.org&utm_campaign=imageinfo&utm_content=original,89fe3cb188443cbabcf316917df7b9125dce3d43,1336,877,NOAA Fisheries/Dani Escontrela-Dieguez,Public domain,https://commons.wikimedia.org/wiki/File:Chaetodon_flavirostris_Tutuila_2023.png,in_situ
Chaetodon lunula,File:C. lunula maldives.JPG,https://upload.wikimedia.org/wikipedia/commons/8/80/C._lunula_maldives.JPG?utm_source=commons.wikimedia.org&utm_campaign=imageinfo&utm_content=original,a95693958e080411ebaef913f014a2358d71b3c4,3648,2736,MDC SeaMarc Maldives,CC BY-SA 4.0,https://commons.wikimedia.org/wiki/File:C._lunula_maldives.JPG,unknown
Chaetodon lunula,File:Chaetodon lunula 345113405.jpg,https://upload.wikimedia.org/wikipedia/commons/9/92/Chaetodon_lunula_345113405.jpg?utm_source=commons.wikimedia.org&utm_campaign=imageinfo&utm_content=original,ce8d3484788be62a71b98b0ba5c6435542a6f5f6,2048,1536,Debra Baker,CC BY 4.0,https://commons.wikimedia.org/wiki/File:Chaetodon_lunula_345113405.jpg,unknown
Chaetodon lunula,File:Chaetodon lunula 345443460.jpg,https://upload.wikimedia.org/wikipedia/commons/e/ed/Chaetodon_lunula_345443460.jpg?utm_source=commons.wikimedia.org&utm_campaign=imageinfo&utm_content=original,3321c314008cb31b6d695e28558b9b3c64646323,2048,1536,laiet17,CC0,https://commons.wikimedia.org/wiki/File:Chaetodon_lunula_345443460.jpg,unknown
Chaetodon lunula,File:Chaetodon lunula 348653537.jpg,https://upload.wikimedia.org/wikipedia/commons/f/f7/Chaetodon_lunula_348653537.jpg?utm_source=commons.wikimedia.org&utm_campaign=imageinfo&utm_content=original,2e4a19a804cca2e56662fcb126052a5231587f77,2048,1152,Egor Dyukarev,CC BY 4.0,https://commons.wikimedia.org/wiki/File:Chaetodon_lunula_348653537.jpg,unknown
Chaetodon lunula,File:Chaetodon lunula 348653540.jpg,https://upload.wikimedia.org/wikipedia/commons/a/aa/Chaetodon_lunula_348653540.jpg?utm_source=commons.wikimedia.org&utm_campaign=imageinfo&utm_content=original,ab857cb3c8c3587e05e27d9fe3b303722f0f78fc,2048,1152,Egor Dyukarev,CC BY 4.0,https://commons.wikimedia.org/wiki/File:Chaetodon_lunula_348653540.jpg,unknown
Chaetodon lunula,File:Chaetodon lunula 348653541.jpg,https://upload.wikimedia.org/wikipedia/commons/b/b1/Chaetodon_lunula_348653541.jpg?utm_source=commons.wikimedia.org&utm_campaign=imageinfo&utm_content=original,b62fce3d3dabae2ad21a75dd4dd36c109a2ba9a2,2048,1152,Egor Dyukarev,CC BY 4.0,https://commons.wikimedia.org/wiki/File:Chaetodon_lunula_348653541.jpg,unknown
Chaetodon lunula,File:Chaetodon lunula 348653545.jpg,https://upload.wikimedia.org/wikipedia/commons/7/7d/Chaetodon_lunula_348653545.jpg?utm_source=commons.wikimedia.org&utm_campaign=imageinfo&utm_content=original,2ad823c70f26252fd6cf229b8e1e3d2a2070829a,2048,1152,Egor Dyukarev,CC BY 4.0,https://commons.wikimedia.org/wiki/File:Chaetodon_lunula_348653545.jpg,unknown
Chaetodon lunula,File:Chaetodon lunula 348653549.jpg,https://upload.wikimedia.org/wikipedia/commons/5/51/Chaetodon_lunula_348653549.jpg?utm_source=commons.wikimedia.org&utm_campaign=imageinfo&utm_content=original,a1d8bd28927046dbbacd8ccb616d081c2918c84a,2048,1152,Egor Dyukarev,CC BY 4.0,https://commons.wikimedia.org/wiki/File:Chaetodon_lunula_348653549.jpg,unknown
Chaetodon lunula,File:Chaetodon lunula 350119822.jpg,https://upload.wikimedia.org/wikipedia/commons/d/d0/Chaetodon_lunula_350119822.jpg?utm_source=commons.wikimedia.org&utm_campaign=imageinfo&utm_content=original,b232a9fb52050d355c943b01e2d8072a000c5ca1,2048,1152,Theo Summer,CC0,https://commons.wikimedia.org/wiki/File:Chaetodon_lunula_350119822.jpg,unknown
Chaetodon lunula,File:Chaetodon lunula 350119823.jpg,https://upload.wikimedia.org/wikipedia/commons/7/72/Chaetodon_lunula_350119823.jpg?utm_source=commons.wikimedia.org&utm_campaign=imageinfo&utm_content=original,e1f4904982f49753c87d40ebb48825013d8edb96,2048,1152,Theo Summer,CC0,https://commons.wikimedia.org/wiki/File:Chaetodon_lunula_350119823.jpg,unknown
Chaetodon lunula,File:Chaetodon lunula 350123673.jpg,https://upload.wikimedia.org/wikipedia/commons/6/65/Chaetodon_lunula_350123673.jpg?utm_source=commons.wikimedia.org&utm_campaign=imageinfo&utm_content=original,3431d10a3db4705d1868d649961059fdb2417613,2048,1152,Theo Summer,CC0,https://commons.wikimedia.org/wiki/File:Chaetodon_lunula_350123673.jpg,unknown
Chaetodon kleinii,"File:Chaetodon kleinii, Kingman Reef.jpg",https://upload.wikimedia.org/wikipedia/commons/e/ea/Chaetodon_kleinii%2C_Kingman_Reef.jpg?utm_source=commons.wikimedia.org&utm_campaign=imageinfo&utm_content=original,04100ee2352029326ef086cd35b9680fecf89c8e,4000,2248,Kevin Lino NOAA/NMFS/PIFSC/ESD,Public domain,"https://commons.wikimedia.org/wiki/File:Chaetodon_kleinii,_Kingman_Reef.jpg",in_situ
Chaetodon kleinii,File:Corl0211 (27688334104).jpg,https://upload.wikimedia.org/wikipedia/commons/5/5d/Corl0211_%2827688334104%29.jpg?utm_source=commons.wikimedia.org&utm_campaign=imageinfo&utm_content=original,83454e016a156e012a205a7dbb6552f4b4a5ba36,4000,2248,NOAA Photo Library,CC BY 2.0,https://commons.wikimedia.org/wiki/File:Corl0211_(27688334104).jpg,in_situ
Chaetodon kleinii,File:Chaetodon kleinii.jpg,https://upload.wikimedia.org/wikipedia/commons/d/d2/Chaetodon_kleinii.jpg?utm_source=commons.wikimedia.org&utm_campaign=imageinfo&utm_content=original,aa7abbadd842ae0eb5fec501949125f9dc33dce4,2245,1523,Jenny (JennyHuang) from Taipei,CC BY 2.0,https://commons.wikimedia.org/wiki/File:Chaetodon_kleinii.jpg,in_situ
Chaetodon kleinii,File:Bep chaetodon kleinii pemba.jpg,https://upload.wikimedia.org/wikipedia/commons/6/62/Bep_chaetodon_kleinii_pemba.jpg?utm_source=commons.wikimedia.org&utm_campaign=imageinfo&utm_content=original,79ca7e64c9d5cb5e5dcda0882039338a150650b1,1024,768,Bernard E. Picton BernardP,CC BY-SA 4.0,https://commons.wikimedia.org/wiki/File:Bep_chaetodon_kleinii_pemba.jpg,in_situ
Chaetodon kleinii,"File:Pez mariposa de Klein (Chaetodon kleinii), Nosy Antanimora, Madagascar, 2025-09-15, DD 22.jpg",https://upload.wikimedia.org/wikipedia/commons/0/0e/Pez_mariposa_de_Klein_%28Chaetodon_kleinii%29%2C_Nosy_Antanimora%2C_Madagascar%2C_2025-09-15%2C_DD_22.jpg?utm_source=commons.wikimedia.org&utm_campaign=imageinfo&utm_content=original,6dd86a172389469f49f80d9be9373b1af786bc52,5696,3797,Diego Delso,CC BY-SA 4.0,"https://commons.wikimedia.org/wiki/File:Pez_mariposa_de_Klein_(Chaetodon_kleinii),_Nosy_Antanimora,_Madagascar,_2025-09-15,_DD_22.jpg",unknown
Chaetodon kleinii,"File:Peces mariposa de Klein (Chaetodon kleinii), Nosy Antanimora, Madagascar, 2025-09-15, DD 23.jpg",https://upload.wikimedia.org/wikipedia/commons/f/fe/Peces_mariposa_de_Klein_%28Chaetodon_kleinii%29%2C_Nosy_Antanimora%2C_Madagascar%2C_2025-09-15%2C_DD_23.jpg?utm_source=commons.wikimedia.org&utm_campaign=imageinfo&utm_content=original,55d79a25e25eaf20b4894ab1a4613bfa39f7ccb0,5101,5101,Diego Delso,CC BY-SA 4.0,"https://commons.wikimedia.org/wiki/File:Peces_mariposa_de_Klein_(Chaetodon_kleinii),_Nosy_Antanimora,_Madagascar,_2025-09-15,_DD_23.jpg",unknown
Chaetodon kleinii,"File:Pez mariposa de Klein (Chaetodon kleinii), Anilao, Filipinas, 2023-08-21, DD 167.jpg",https://upload.wikimedia.org/wikipedia/commons/7/70/Pez_mariposa_de_Klein_%28Chaetodon_kleinii%29%2C_Anilao%2C_Filipinas%2C_2023-08-21%2C_DD_167.jpg?utm_source=commons.wikimedia.org&utm_campaign=imageinfo&utm_content=original,061a18e6597a9127952f00d702a0ec84bc2cc473,4933,3289,Diego Delso,CC BY-SA 4.0,"https://commons.wikimedia.org/wiki/File:Pez_mariposa_de_Klein_(Chaetodon_kleinii),_Anilao,_Filipinas,_2023-08-21,_DD_167.jpg",unknown
Chaetodon kleinii,"File:Pez mariposa de Klein (Chaetodon kleinii), Zanzíbar, Tanzania, 2024-05-29, DD 70.jpg",https://upload.wikimedia.org/wikipedia/commons/b/b4/Pez_mariposa_de_Klein_%28Chaetodon_kleinii%29%2C_Zanz%C3%ADbar%2C_Tanzania%2C_2024-05-29%2C_DD_70.jpg?utm_source=commons.wikimedia.org&utm_campaign=imageinfo&utm_content=original,fe61e3ea0a47d07205183321cdd747625a7f1a47,4887,3258,Diego Delso,CC BY-SA 4.0,"https://commons.wikimedia.org/wiki/File:Pez_mariposa_de_Klein_(Chaetodon_kleinii),_Zanz%C3%ADbar,_Tanzania,_2024-05-29,_DD_70.jpg",unknown
Chaetodon kleinii,"File:Pez mariposa de Klein (Chaetodon kleinii), Anilao, Filipinas, 2023-08-24, DD 91.jpg",https://upload.wikimedia.org/wikipedia/commons/4/47/Pez_mariposa_de_Klein_%28Chaetodon_kleinii%29%2C_Anilao%2C_Filipinas%2C_2023-08-24%2C_DD_91.jpg?utm_source=commons.wikimedia.org&utm_campaign=imageinfo&utm_content=original,c1a1432c71830f59c496ae2536b7bd1ee4a12109,4369,2913,Diego Delso,CC BY-SA 4.0,"https://commons.wikimedia.org/wiki/File:Pez_mariposa_de_Klein_(Chaetodon_kleinii),_Anilao,_Filipinas,_2023-08-24,_DD_91.jpg",unknown
Chaetodon kleinii,"File:Pez mariposa de Klein (Chaetodon kleinii), Anilao, Filipinas, 2023-08-24, DD 92.jpg",https://upload.wikimedia.org/wikipedia/commons/1/1c/Pez_mariposa_de_Klein_%28Chaetodon_kleinii%29%2C_Anilao%2C_Filipinas%2C_2023-08-24%2C_DD_92.jpg?utm_source=commons.wikimedia.org&utm_campaign=imageinfo&utm_content=original,57befbd1f906711484f0bfeaf08de13939c90a5e,4275,2850,Diego Delso,CC BY-SA 4.0,"https://commons.wikimedia.org/wiki/File:Pez_mariposa_de_Klein_(Chaetodon_kleinii),_Anilao,_Filipinas,_2023-08-24,_DD_92.jpg",unknown
Chaetodon kleinii,"File:Pez mariposa de Klein (Chaetodon kleinii), Anilao, Filipinas, 2023-08-21, DD 41.jpg",https://upload.wikimedia.org/wikipedia/commons/7/79/Pez_mariposa_de_Klein_%28Chaetodon_kleinii%29%2C_Anilao%2C_Filipinas%2C_2023-08-21%2C_DD_41.jpg?utm_source=commons.wikimedia.org&utm_campaign=imageinfo&utm_content=original,3d7fc4dde8540a140e08dd0c72439a0fbe02c7b2,3989,3989,Diego Delso,CC BY-SA 4.0,"https://commons.wikimedia.org/wiki/File:Pez_mariposa_de_Klein_(Chaetodon_kleinii),_Anilao,_Filipinas,_2023-08-21,_DD_41.jpg",unknown
Chaetodon kleinii,File:Chaetodon kleinii Maldives 2.JPG,https://upload.wikimedia.org/wikipedia/commons/4/4c/Chaetodon_kleinii_Maldives_2.JPG?utm_source=commons.wikimedia.org&utm_campaign=imageinfo&utm_content=original,22579934fcab2ae2eee3ed7330c041bad828ec1b,3828,2758,Julien Bidet,CC BY-SA 4.0,https://commons.wikimedia.org/wiki/File:Chaetodon_kleinii_Maldives_2.JPG,unknown
Carcharhinus amblyrhynchos,File:Banc de barracudas (Sphyraena barracuda) et requin gris de récif (Carcharhinus amblyrhynchos) (Ifremer 00618-73060 - 29059).jpg,https://upload.wikimedia.org/wikipedia/commons/e/e6/Banc_de_barracudas_%28Sphyraena_barracuda%29_et_requin_gris_de_r%C3%A9cif_%28Carcharhinus_amblyrhynchos%29_%28Ifremer_00618-73060_-_29059%29.jpg?utm_source=commons.wikimedia.org&utm_campaign=imageinfo&utm_content=original,a71cbc0502784960f6323f16119ebc7140a41836,4000,2423,"Jerome Paillet (IFREMER, Laboratoire d'Océanographie Physique et Spatiale, Centre Bretagne - ZI de la Pointe du Diable - CS 10070 - 29280 Plouzané)",CC BY 4.0,https://commons.wikimedia.org/wiki/File:Banc_de_barracudas_(Sphyraena_barracuda)_et_requin_gris_de_r%C3%A9cif_(Carcharhinus_amblyrhynchos)_(Ifremer_00618-73060_-_29059).jpg,in_situ
Carcharhinus amblyrhynchos,File:Ball O Sharks (226272825).jpeg,https://upload.wikimedia.org/wikipedia/commons/9/9d/Ball_O_Sharks_%28226272825%29.jpeg?utm_source=commons.wikimedia.org&utm_campaign=imageinfo&utm_content=original,7afed61a78d8c3835ba72e6d82638a896855e76a,2048,1367,Mantas Vidutis,CC BY 3.0,https://commons.wikimedia.org/wiki/File:Ball_O_Sharks_(226272825).jpeg,in_situ
Carcharhinus amblyrhynchos,File:Bored Sharks (226272787).jpeg,https://upload.wikimedia.org/wikipedia/commons/d/dc/Bored_Sharks_%28226272787%29.jpeg?utm_source=commons.wikimedia.org&utm_campaign=imageinfo&utm_content=original,64ed2f81766324fd103d3077ce353413d423a66c,2048,1367,Mantas Vidutis,CC BY 3.0,https://commons.wikimedia.org/wiki/File:Bored_Sharks_(226272787).jpeg,in_situ
Carcharhinus amblyrhynchos,File:Carcharhinus amblyrhynchos 107498036.jpg,https://upload.wikimedia.org/wikipedia/commons/3/3f/Carcharhinus_amblyrhynchos_107498036.jpg?utm_source=commons.wikimedia.org&utm_campaign=imageinfo&utm_content=original,424239769a866b98bfeca98a2a8e92196c91eb01,2048,1239,João D'Andretta,CC BY 4.0,https://commons.wikimedia.org/wiki/File:Carcharhinus_amblyrhynchos_107498036.jpg,in_situ
Carcharhinus amblyrhynchos,File:Carcharhinus amblyrhynchos 108617647.jpg,https://upload.wikimedia.org/wikipedia/commons/8/88/Carcharhinus_amblyrhynchos_108617647.jpg?utm_source=commons.wikimedia.org&utm_campaign=imageinfo&utm_content=original,a4fd50f78f299b55890f75864937f298e3ae19a3,2048,1151,João D'Andretta,CC BY 4.0,https://commons.wikimedia.org/wiki/File:Carcharhinus_amblyrhynchos_108617647.jpg,in_situ
Carcharhinus amblyrhynchos,File:Carcharhinus amblyrhynchos 108622608.jpg,https://upload.wikimedia.org/wikipedia/commons/5/59/Carcharhinus_amblyrhynchos_108622608.jpg?utm_source=commons.wikimedia.org&utm_campaign=imageinfo&utm_content=original,aaf4d705bd5978893565f1aa93dd466b7b49d06e,2048,1124,João D'Andretta,CC BY 4.0,https://commons.wikimedia.org/wiki/File:Carcharhinus_amblyrhynchos_108622608.jpg,in_situ
Carcharhinus amblyrhynchos,File:Carcharhinus amblyrhynchos 108622998.jpg,https://upload.wikimedia.org/wikipedia/commons/b/bc/Carcharhinus_amblyrhynchos_108622998.jpg?utm_source=commons.wikimedia.org&utm_campaign=imageinfo&utm_content=original,4f4515b5bfa328255e25525fc2c06aa95ce8e952,2048,1224,João D'Andretta,CC BY 4.0,https://commons.wikimedia.org/wiki/File:Carcharhinus_amblyrhynchos_108622998.jpg,in_situ
Carcharhinus amblyrhynchos,File:Carcharhinus amblyrhynchos 108623000.jpg,https://upload.wikimedia.org/wikipedia/commons/e/e6/Carcharhinus_amblyrhynchos_108623000.jpg?utm_source=commons.wikimedia.org&utm_campaign=imageinfo&utm_content=original,6dda9d4e36f8a89e8d406635eeb765864886a990,2048,1151,João D'Andretta,CC BY 4.0,https://commons.wikimedia.org/wiki/File:Carcharhinus_amblyrhynchos_108623000.jpg,in_situ
Carcharhinus amblyrhynchos,File:Carcharhinus amblyrhynchos 130032660.jpg,https://upload.wikimedia.org/wikipedia/commons/a/a2/Carcharhinus_amblyrhynchos_130032660.jpg?utm_source=commons.wikimedia.org&utm_campaign=imageinfo&utm_content=original,4e5e354d084ca128bd1d155ff06e3bea82a8882a,2048,1151,Dr. Thomas Dörner,CC BY-SA 4.0,https://commons.wikimedia.org/wiki/File:Carcharhinus_amblyrhynchos_130032660.jpg,in_situ
Carcharhinus amblyrhynchos,File:Carcharhinus amblyrhynchos 130032675.jpg,https://upload.wikimedia.org/wikipedia/commons/1/16/Carcharhinus_amblyrhynchos_130032675.jpg?utm_source=commons.wikimedia.org&utm_campaign=imageinfo&utm_content=original,d0d8e609280ffeb879304c3f44aec34c8b6803eb,2048,1151,Dr. Thomas Dörner,CC BY-SA 4.0,https://commons.wikimedia.org/wiki/File:Carcharhinus_amblyrhynchos_130032675.jpg,in_situ
Carcharhinus amblyrhynchos,File:Carcharhinus amblyrhynchos 15737597.jpg,https://upload.wikimedia.org/wikipedia/commons/0/0e/Carcharhinus_amblyrhynchos_15737597.jpg?utm_source=commons.wikimedia.org&utm_campaign=imageinfo&utm_content=original,854976ba3c248a22d46fa624cdf5df1a21c6abf2,2048,1536,Rob Foster,CC BY 4.0,https://commons.wikimedia.org/wiki/File:Carcharhinus_amblyrhynchos_15737597.jpg,in_situ
Carcharhinus amblyrhynchos,File:Carcharhinus amblyrhynchos 15737651.jpg,https://upload.wikimedia.org/wikipedia/commons/3/34/Carcharhinus_amblyrhynchos_15737651.jpg?utm_source=commons.wikimedia.org&utm_campaign=imageinfo&utm_content=original,98e8aec938ec272bdbeb6c7b3e253823120e033b,2048,1536,Rob Foster,CC BY 4.0,https://commons.wikimedia.org/wiki/File:Carcharhinus_amblyrhynchos_15737651.jpg,in_situ
Amblyglyphidodon aureus,File:Golden Damselfish (Amblyglyphidodon aureus) (6056165748).jpg,https://upload.wikimedia.org/wikipedia/commons/f/f3/Golden_Damselfish_%28Amblyglyphidodon_aureus%29_%286056165748%29.jpg?utm_source=commons.wikimedia.org&utm_campaign=imageinfo&utm_content=original,1857cfa7f074005f81b6ba782ea08029f5719d43,4416,2649,Bernard DUPONT from FRANCE,CC BY-SA 2.0,https://commons.wikimedia.org/wiki/File:Golden_Damselfish_(Amblyglyphidodon_aureus)_(6056165748).jpg,unknown
Amblyglyphidodon aureus,"File:Damisela dorada (Amblyglyphidodon aureus), Anilao, Filipinas, 2023-08-25, DD 164.jpg",https://upload.wikimedia.org/wikipedia/commons/2/21/Damisela_dorada_%28Amblyglyphidodon_aureus%29%2C_Anilao%2C_Filipinas%2C_2023-08-25%2C_DD_164.jpg?utm_source=commons.wikimedia.org&utm_campaign=imageinfo&utm_content=original,05d660d42e8c535333c7f3413c81c57bb3773899,4210,2807,Diego Delso,CC BY-SA 4.0,"https://commons.wikimedia.org/wiki/File:Damisela_dorada_(Amblyglyphidodon_aureus),_Anilao,_Filipinas,_2023-08-25,_DD_164.jpg",unknown
Amblyglyphidodon aureus,File:Golden damselfish night coloration (Amblyglyphidodon aureus) (40321710132).jpg,https://upload.wikimedia.org/wikipedia/commons/3/34/Golden_damselfish_night_coloration_%28Amblyglyphidodon_aureus%29_%2840321710132%29.jpg?utm_source=commons.wikimedia.org&utm_campaign=imageinfo&utm_content=original,0d56a190d4a28e8f8867b706582cd4fef74950db,4106,3080,Rickard Zerpe,CC BY 2.0,https://commons.wikimedia.org/wiki/File:Golden_damselfish_night_coloration_(Amblyglyphidodon_aureus)_(40321710132).jpg,unknown
Amblyglyphidodon aureus,File:Golden damselfish (Amblyglyphidodon aureus) (32320814961).jpg,https://upload.wikimedia.org/wikipedia/commons/1/1b/Golden_damselfish_%28Amblyglyphidodon_aureus%29_%2832320814961%29.jpg?utm_source=commons.wikimedia.org&utm_campaign=imageinfo&utm_content=original,e1a8e6e6f225a45053a583d87ef2f61601982ea0,3502,2627,Rickard Zerpe,CC BY-SA 2.0,https://commons.wikimedia.org/wiki/File:Golden_damselfish_(Amblyglyphidodon_aureus)_(32320814961).jpg,unknown
Amblyglyphidodon aureus,File:Golden damselfish (Amblyglyphidodon aureus) and Bluestreak cleaner wrasse (Labroides dimidiatus) (32290722502).jpg,https://upload.wikimedia.org/wikipedia/commons/7/7b/Golden_damselfish_%28Amblyglyphidodon_aureus%29_and_Bluestreak_cleaner_wrasse_%28Labroides_dimidiatus%29_%2832290722502%29.jpg?utm_source=commons.wikimedia.org&utm_campaign=imageinfo&utm_content=original,0ed98983fb85b7108dae466910aa3a8ccdf81a08,3086,2315,Rickard Zerpe,CC BY-SA 2.0,https://commons.wikimedia.org/wiki/File:Golden_damselfish_(Amblyglyphidodon_aureus)_and_Bluestreak_cleaner_wrasse_(Labroides_dimidiatus)_(32290722502).jpg,unknown
Amblyglyphidodon aureus,File:Golden damselfish (Amblyglyphidodon aureus) (45998125084).jpg,https://upload.wikimedia.org/wikipedia/commons/b/b7/Golden_damselfish_%28Amblyglyphidodon_aureus%29_%2845998125084%29.jpg?utm_source=commons.wikimedia.org&utm_campaign=imageinfo&utm_content=original,0317185a237b6f110db2652e4ad1aae32d67e1ce,2967,2225,Rickard Zerpe,CC BY 2.0,https://commons.wikimedia.org/wiki/File:Golden_damselfish_(Amblyglyphidodon_aureus)_(45998125084).jpg,unknown
Amblyglyphidodon aureus,File:Glyphidodon aureus - 1817-1841 - Print - Iconographia Zoologica - Special Collections University of Amsterdam - UBA01 IZ13900302.tif,https://upload.wikimedia.org/wikipedia/commons/7/75/Glyphidodon_aureus_-_1817-1841_-_Print_-_Iconographia_Zoologica_-_Special_Collections_University_of_Amsterdam_-_UBA01_IZ13900302.tif?utm_source=commons.wikimedia.org&utm_campaign=imageinfo&utm_content=original,e2c094d9da24db810a1c145cf49558e010bbe7e7,2516,3208,Jacques Reyne Isidore Acarie-Baron,Public domain,https://commons.wikimedia.org/wiki/File:Glyphidodon_aureus_-_1817-1841_-_Print_-_Iconographia_Zoologica_-_Special_Collections_University_of_Amsterdam_-_UBA01_IZ13900302.tif,unknown
Amblyglyphidodon aureus,File:Amblyglyphidodon aureus (Golden damsel) in Acabaria coral.jpg,https://upload.wikimedia.org/wikipedia/commons/4/41/Amblyglyphidodon_aureus_%28Golden_damsel%29_in_Acabaria_coral.jpg?utm_source=commons.wikimedia.org&utm_campaign=imageinfo&utm_content=original,92af9da67eda440a4adc3f1d2dc47a928f67ef3d,2400,1800,Nhobgood Nick Hobgood,CC BY-SA 3.0,https://commons.wikimedia.org/wiki/File:Amblyglyphidodon_aureus_(Golden_damsel)_in_Acabaria_coral.jpg,unknown
Amblyglyphidodon aureus,File:Amblyglyphidodon aureus 268052823.jpg,https://upload.wikimedia.org/wikipedia/commons/3/3c/Amblyglyphidodon_aureus_268052823.jpg?utm_source=commons.wikimedia.org&utm_campaign=imageinfo&utm_content=original,e8b8304f7e235a0a97765ac84c50a829b0567fa0,2048,1536,Debra Baker,CC BY 4.0,https://commons.wikimedia.org/wiki/File:Amblyglyphidodon_aureus_268052823.jpg,unknown
Amblyglyphidodon aureus,File:Amblyglyphidodon aureus 339538714.jpg,https://upload.wikimedia.org/wikipedia/commons/5/5c/Amblyglyphidodon_aureus_339538714.jpg?utm_source=commons.wikimedia.org&utm_campaign=imageinfo&utm_content=original,9a7f1b5cf77a02a9666ce674d3ccf57e8d50fa92,2048,1711,portioid,CC BY-SA 4.0,https://commons.wikimedia.org/wiki/File:Amblyglyphidodon_aureus_339538714.jpg,unknown
Amblyglyphidodon aureus,File:Amblyglyphidodon aureus 340634325.jpg,https://upload.wikimedia.org/wikipedia/commons/6/61/Amblyglyphidodon_aureus_340634325.jpg?utm_source=commons.wikimedia.org&utm_campaign=imageinfo&utm_content=original,9b35393a4bebe0466aae69ea2cf5d3ac792b6766,2048,1385,portioid,CC BY-SA 4.0,https://commons.wikimedia.org/wiki/File:Amblyglyphidodon_aureus_340634325.jpg,unknown
Amblyglyphidodon aureus,File:Amblyglyphidodon aureus 341861561.jpg,https://upload.wikimedia.org/wikipedia/commons/7/7c/Amblyglyphidodon_aureus_341861561.jpg?utm_source=commons.wikimedia.org&utm_campaign=imageinfo&utm_content=original,72c8a4c85030106c484ffae97465dfcbb5917019,2048,2019,portioid,CC BY-SA 4.0,https://commons.wikimedia.org/wiki/File:Amblyglyphidodon_aureus_341861561.jpg,unknown
Pomacanthus annularis,File:Angel Fish.jpg,https://upload.wikimedia.org/wikipedia/commons/7/7b/Angel_Fish.jpg?utm_source=commons.wikimedia.org&utm_campaign=imageinfo&utm_content=original,432332f0b35cdfa3214debc7b52507c18cb1bb27,4032,3024,Subro89,CC BY-SA 4.0,https://commons.wikimedia.org/wiki/File:Angel_Fish.jpg,in_situ
Pomacanthus annularis,File:Flickr - Travelling Runes - B&J Diving 017.jpg,https://upload.wikimedia.org/wikipedia/commons/6/63/Flickr_-_Travelling_Runes_-_B%26J_Diving_017.jpg?utm_source=commons.wikimedia.org&utm_campaign=imageinfo&utm_content=original,c55ca4526465355a25c3451145bce686b5f69863,3264,2448,Paul,CC BY-SA 2.0,https://commons.wikimedia.org/wiki/File:Flickr_-_Travelling_Runes_-_B%26J_Diving_017.jpg,in_situ
Pomacanthus annularis,File:Copenhagen 2014-03-01 (12994590315).jpg,https://upload.wikimedia.org/wikipedia/commons/8/81/Copenhagen_2014-03-01_%2812994590315%29.jpg?utm_source=commons.wikimedia.org&utm_campaign=imageinfo&utm_content=original,a7670f3c37de62c848e09eacfc3528d8f72b0852,4086,3168,"Guillaume Baviere from Copenhagen, Denmark",CC BY-SA 2.0,https://commons.wikimedia.org/wiki/File:Copenhagen_2014-03-01_(12994590315).jpg,unknown
Pomacanthus annularis,File:EM DSC 2208 (2878626250).jpg,https://upload.wikimedia.org/wikipedia/commons/f/f9/EM_DSC_2208_%282878626250%29.jpg?utm_source=commons.wikimedia.org&utm_campaign=imageinfo&utm_content=original,ad21eb7e4c70794fa66eed65e941bd3b8c817ef4,3872,2592,"Eddie Maloney from  North Las Vegas, USA",CC BY-SA 2.0,https://commons.wikimedia.org/wiki/File:EM_DSC_2208_(2878626250).jpg,unknown
Pomacanthus annularis,File:EM DSC 2212 (2877792781).jpg,https://upload.wikimedia.org/wikipedia/commons/8/88/EM_DSC_2212_%282877792781%29.jpg?utm_source=commons.wikimedia.org&utm_campaign=imageinfo&utm_content=original,682df70b80e95951062527ac9a0e4c68bfb57fb0,3872,2592,"Eddie Maloney from  North Las Vegas, USA",CC BY-SA 2.0,https://commons.wikimedia.org/wiki/File:EM_DSC_2212_(2877792781).jpg,unknown
Pomacanthus annularis,File:Copenhagen 2014-03-01 (12994717523).jpg,https://upload.wikimedia.org/wikipedia/commons/2/2a/Copenhagen_2014-03-01_%2812994717523%29.jpg?utm_source=commons.wikimedia.org&utm_campaign=imageinfo&utm_content=original,7f578bbc690ab48041b9a7c6795821785656ba78,2608,4072,"Guillaume Baviere from Copenhagen, Denmark",CC BY-SA 2.0,https://commons.wikimedia.org/wiki/File:Copenhagen_2014-03-01_(12994717523).jpg,unknown
Pomacanthus annularis,File:Holacanthus annularis - 1700-1880 - Print - Iconographia Zoologica - Special Collections University of Amsterdam - UBA01 IZ13100213.tif,https://upload.wikimedia.org/wikipedia/commons/3/34/Holacanthus_annularis_-_1700-1880_-_Print_-_Iconographia_Zoologica_-_Special_Collections_University_of_Amsterdam_-_UBA01_IZ13100213.tif?utm_source=commons.wikimedia.org&utm_campaign=imageinfo&utm_content=original,067414722df7432b1498a8dbadffe25b1b8ecaaa,2551,3262,,Public domain,https://commons.wikimedia.org/wiki/File:Holacanthus_annularis_-_1700-1880_-_Print_-_Iconographia_Zoologica_-_Special_Collections_University_of_Amsterdam_-_UBA01_IZ13100213.tif,unknown
Pomacanthus annularis,"File:Ichthyologie; ou, Histoire naturelle des poissons (Plate 215) (7064531311).jpg",https://upload.wikimedia.org/wikipedia/commons/8/8a/Ichthyologie%3B_ou%2C_Histoire_naturelle_des_poissons_%28Plate_215%29_%287064531311%29.jpg?utm_source=commons.wikimedia.org&utm_campaign=imageinfo&utm_content=original,83a22924cf119a58fa6ed99121df8cbcb10a3155,2283,1342,"Bloch, Marcus Elieser",Public domain,"https://commons.wikimedia.org/wiki/File:Ichthyologie;_ou,_Histoire_naturelle_des_poissons_(Plate_215)_(7064531311).jpg",unknown
Pomacanthus annularis,File:Pomacanthus annularis 169206588.jpg,https://upload.wikimedia.org/wikipedia/commons/a/a7/Pomacanthus_annularis_169206588.jpg?utm_source=commons.wikimedia.org&utm_campaign=imageinfo&utm_content=original,1ff6a2120615cf3f82d09eabfcb24a21f82f18a2,2048,1536,luluchouette,CC BY 4.0,https://commons.wikimedia.org/wiki/File:Pomacanthus_annularis_169206588.jpg,unknown
Pomacanthus annularis,File:Pomacanthus annularis 174126224.jpg,https://upload.wikimedia.org/wikipedia/commons/7/79/Pomacanthus_annularis_174126224.jpg?utm_source=commons.wikimedia.org&utm_campaign=imageinfo&utm_content=original,02edd61726e8070f4a109af2ec50b91bf62b3c63,2048,1536,luluchouette,CC BY 4.0,https://commons.wikimedia.org/wiki/File:Pomacanthus_annularis_174126224.jpg,unknown
Pomacanthus annularis,File:Pomacanthus annularis 174686633.jpg,https://upload.wikimedia.org/wikipedia/commons/4/4d/Pomacanthus_annularis_174686633.jpg?utm_source=commons.wikimedia.org&utm_campaign=imageinfo&utm_content=original,e72162ca94692255eb1c873a4a056e962d420db1,2048,1536,luluchouette,CC BY 4.0,https://commons.wikimedia.org/wiki/File:Pomacanthus_annularis_174686633.jpg,unknown
Pomacanthus annularis,File:Pomacanthus annularis 175248952.jpg,https://upload.wikimedia.org/wikipedia/commons/b/bc/Pomacanthus_annularis_175248952.jpg?utm_source=commons.wikimedia.org&utm_campaign=imageinfo&utm_content=original,879329692e93a8bf4befa73a8e210e6e871823a8,2048,1536,luluchouette,CC BY 4.0,https://commons.wikimedia.org/wiki/File:Pomacanthus_annularis_175248952.jpg,unknown
Plectorhinchus vittatus,"File:Bakoko oriental (Plectorhinchus vittatus), Anilao, Filipinas, 2023-08-22, DD 182.jpg",https://upload.wikimedia.org/wikipedia/commons/2/21/Bakoko_oriental_%28Plectorhinchus_vittatus%29%2C_Anilao%2C_Filipinas%2C_2023-08-22%2C_DD_182.jpg?utm_source=commons.wikimedia.org&utm_campaign=imageinfo&utm_content=original,c126df36542b7d1e3c8192e797f677f455ac61c6,3268,2178,Diego Delso,CC BY-SA 4.0,"https://commons.wikimedia.org/wiki/File:Bakoko_oriental_(Plectorhinchus_vittatus),_Anilao,_Filipinas,_2023-08-22,_DD_182.jpg",in_situ
Plectorhinchus vittatus,"File:Maldives Oriental sweetlips, Plectorhinchus vittatus.jpg",https://upload.wikimedia.org/wikipedia/commons/c/cf/Maldives_Oriental_sweetlips%2C_Plectorhinchus_vittatus.jpg?utm_source=commons.wikimedia.org&utm_campaign=imageinfo&utm_content=original,3308d210e3a1fd3c78768cefb2923d4a77faaf96,2304,3072,Uxbona,CC BY-SA 3.0,"https://commons.wikimedia.org/wiki/File:Maldives_Oriental_sweetlips,_Plectorhinchus_vittatus.jpg",in_situ
Plectorhinchus vittatus,File:Orientalische Süßlippe Malediven.JPG,https://upload.wikimedia.org/wikipedia/commons/6/6d/Orientalische_S%C3%BC%C3%9Flippe_Malediven.JPG?utm_source=commons.wikimedia.org&utm_campaign=imageinfo&utm_content=original,397500b243eabae0deaa067ef838f095157f50a7,2254,1501,Peter Geymayer,CC BY-SA 3.0,https://commons.wikimedia.org/wiki/File:Orientalische_S%C3%BC%C3%9Flippe_Malediven.JPG,in_situ
Plectorhinchus vittatus,File:Plectorhinchus vittatus (26120955444).jpg,https://upload.wikimedia.org/wikipedia/commons/8/82/Plectorhinchus_vittatus_%2826120955444%29.jpg?utm_source=commons.wikimedia.org&utm_campaign=imageinfo&utm_content=original,45a069f8bbf7ba3ccede483c9c0565ae9c8320b5,5472,3648,Paul Kli,CC BY-SA 2.0,https://commons.wikimedia.org/wiki/File:Plectorhinchus_vittatus_(26120955444).jpg,unknown
Plectorhinchus vittatus,"File:Bakoko oriental (Plectorhinchus vittatus), Nosy Kalakajoro, Madagascar, 2025-09-14, DD 48.jpg",https://upload.wikimedia.org/wikipedia/commons/4/4b/Bakoko_oriental_%28Plectorhinchus_vittatus%29%2C_Nosy_Kalakajoro%2C_Madagascar%2C_2025-09-14%2C_DD_48.jpg?utm_source=commons.wikimedia.org&utm_campaign=imageinfo&utm_content=original,29b99570b9146bb26a93b3ad9a1580d7766f6d11,4305,2870,Diego Delso,CC BY-SA 4.0,"https://commons.wikimedia.org/wiki/File:Bakoko_oriental_(Plectorhinchus_vittatus),_Nosy_Kalakajoro,_Madagascar,_2025-09-14,_DD_48.jpg",unknown
Plectorhinchus vittatus,File:Oriental Sweetlips.jpg,https://upload.wikimedia.org/wikipedia/commons/1/14/Oriental_Sweetlips.jpg?utm_source=commons.wikimedia.org&utm_campaign=imageinfo&utm_content=original,cc07dfefcbf2508885d685ecab7d2b1e92d2aa23,4288,2859,Tchami,CC BY-SA 2.0,https://commons.wikimedia.org/wiki/File:Oriental_Sweetlips.jpg,unknown
Plectorhinchus vittatus,File:Oriental sweetlips (Plectorhinchus vittatus) (48812986811).jpg,https://upload.wikimedia.org/wikipedia/commons/9/91/Oriental_sweetlips_%28Plectorhinchus_vittatus%29_%2848812986811%29.jpg?utm_source=commons.wikimedia.org&utm_campaign=imageinfo&utm_content=original,532aa5549e3fa3ea9b51967aee981e15d2536a19,4157,3118,Rickard Zerpe,CC BY 2.0,https://commons.wikimedia.org/wiki/File:Oriental_sweetlips_(Plectorhinchus_vittatus)_(48812986811).jpg,unknown
Plectorhinchus vittatus,"File:Bakoko oriental (Plectorhinchus vittatus), Nosy Kalakajoro, Madagascar, 2025-09-14, DD 47.jpg",https://upload.wikimedia.org/wikipedia/commons/0/05/Bakoko_oriental_%28Plectorhinchus_vittatus%29%2C_Nosy_Kalakajoro%2C_Madagascar%2C_2025-09-14%2C_DD_47.jpg?utm_source=commons.wikimedia.org&utm_campaign=imageinfo&utm_content=original,ccd3a77601f5b82af84f1e96659e20207763bded,3894,2596,Diego Delso,CC BY-SA 4.0,"https://commons.wikimedia.org/wiki/File:Bakoko_oriental_(Plectorhinchus_vittatus),_Nosy_Kalakajoro,_Madagascar,_2025-09-14,_DD_47.jpg",unknown
Plectorhinchus vittatus,File:Oriental sweetlips juvenile (Plectorhinchus vittatus) (41153761965).jpg,https://upload.wikimedia.org/wikipedia/commons/8/8c/Oriental_sweetlips_juvenile_%28Plectorhinchus_vittatus%29_%2841153761965%29.jpg?utm_source=commons.wikimedia.org&utm_campaign=imageinfo&utm_content=original,38ff861101f034643323f592395730dc7ca52d77,3315,2486,Rickard Zerpe,CC BY 2.0,https://commons.wikimedia.org/wiki/File:Oriental_sweetlips_juvenile_(Plectorhinchus_vittatus)_(41153761965).jpg,unknown
Plectorhinchus vittatus,File:Gaterins rayés (Plectorhinchus vittatus) (Ifremer 00625-73668 - 29307).jpg,https://upload.wikimedia.org/wikipedia/commons/e/e8/Gaterins_ray%C3%A9s_%28Plectorhinchus_vittatus%29_%28Ifremer_00625-73668_-_29307%29.jpg?utm_source=commons.wikimedia.org&utm_campaign=imageinfo&utm_content=original,c614d7e474ed4eb56b4dafcdf640628b8f5b9f52,3232,1818,"Jerome Paillet (IFREMER, Laboratoire d'Océanographie Physique et Spatiale, Centre Bretagne - ZI de la Pointe du Diable - CS 10070 - 29280 Plouzané)",CC BY 4.0,https://commons.wikimedia.org/wiki/File:Gaterins_ray%C3%A9s_(Plectorhinchus_vittatus)_(Ifremer_00625-73668_-_29307).jpg,unknown
Plectorhinchus vittatus,File:Gaterins rayés (Plectorhinchus vittatus) (Ifremer 00625-73668 - 29306).jpg,https://upload.wikimedia.org/wikipedia/commons/9/90/Gaterins_ray%C3%A9s_%28Plectorhinchus_vittatus%29_%28Ifremer_00625-73668_-_29306%29.jpg?utm_source=commons.wikimedia.org&utm_campaign=imageinfo&utm_content=original,b242e11c99b38c9eba9453c3d3603e0cd67f4944,2856,2142,"Jerome Paillet (IFREMER, Laboratoire d'Océanographie Physique et Spatiale, Centre Bretagne - ZI de la Pointe du Diable - CS 10070 - 29280 Plouzané)",CC BY 4.0,https://commons.wikimedia.org/wiki/File:Gaterins_ray%C3%A9s_(Plectorhinchus_vittatus)_(Ifremer_00625-73668_-_29306).jpg,unknown
Plectorhinchus vittatus,File:Bunte Fische auf den Malediven (29581001216).jpg,https://upload.wikimedia.org/wikipedia/commons/9/9c/Bunte_Fische_auf_den_Malediven_%2829581001216%29.jpg?utm_source=commons.wikimedia.org&utm_campaign=imageinfo&utm_content=original,4398b0af90d369bc4a7b7c92597dd1bd6785db9c,2560,1920,dronepicr,CC BY 2.0,https://commons.wikimedia.org/wiki/File:Bunte_Fische_auf_den_Malediven_(29581001216).jpg,unknown
Holacanthus tricolor,File:Holacanthus tricolor (3).jpg,https://upload.wikimedia.org/wikipedia/commons/8/86/Holacanthus_tricolor_%283%29.jpg?utm_source=commons.wikimedia.org&utm_campaign=imageinfo&utm_content=original,5b4d9f5cadbe41bfd2c285ba5b3b34e3ac5ae7fb,3072,2304,Roban Kramer,CC BY-SA 2.0,https://commons.wikimedia.org/wiki/File:Holacanthus_tricolor_(3).jpg,in_situ
Holacanthus tricolor,File:Yellow Fish 2 (4386592943).jpg,https://upload.wikimedia.org/wikipedia/commons/7/7f/Yellow_Fish_2_%284386592943%29.jpg?utm_source=commons.wikimedia.org&utm_campaign=imageinfo&utm_content=original,546fedd9d0bfbaac248b397852f25b8d7fa1a427,2250,1284,"Tony Hisgett from Birmingham, UK",CC BY 2.0,https://commons.wikimedia.org/wiki/File:Yellow_Fish_2_(4386592943).jpg,in_situ
Holacanthus tricolor,File:Biscayne National Park H-rock beauty on reef.jpg,https://upload.wikimedia.org/wikipedia/commons/b/b4/Biscayne_National_Park_H-rock_beauty_on_reef.jpg?utm_source=commons.wikimedia.org&utm_campaign=imageinfo&utm_content=original,cac1b5bd49e984406ffd3c99a82b462ee3ecf6d5,1720,1146,National Park Service Digital Image Archives,Public domain,https://commons.wikimedia.org/wiki/File:Biscayne_National_Park_H-rock_beauty_on_reef.jpg,in_situ
Holacanthus tricolor,File:Yellow Fish (4386592291).jpg,https://upload.wikimedia.org/wikipedia/commons/9/98/Yellow_Fish_%284386592291%29.jpg?utm_source=commons.wikimedia.org&utm_campaign=imageinfo&utm_content=original,4571118d4c175940945837f081312d226f661195,1674,954,"Tony Hisgett from Birmingham, UK",CC BY 2.0,https://commons.wikimedia.org/wiki/File:Yellow_Fish_(4386592291).jpg,in_situ
Holacanthus tricolor,File:Holacanthus tricolor 1.jpg,https://upload.wikimedia.org/wikipedia/commons/a/a2/Holacanthus_tricolor_1.jpg?utm_source=commons.wikimedia.org&utm_campaign=imageinfo&utm_content=original,4e5cd8498f0f2138a0b87e0ecfa62720170e04bb,1200,900,"Laszlo Ilyes (laszlo-photo) from Cleveland, Ohio, USA",CC BY 2.0,https://commons.wikimedia.org/wiki/File:Holacanthus_tricolor_1.jpg,in_situ
Holacanthus tricolor,File:Holacanthus tricolor 1 (cropped).jpg,https://upload.wikimedia.org/wikipedia/commons/1/10/Holacanthus_tricolor_1_%28cropped%29.jpg?utm_source=commons.wikimedia.org&utm_campaign=imageinfo&utm_content=original,fcca5b3a80a9895014e2ccdc38ace18c45b25d37,709,661,"Laszlo Ilyes (laszlo-photo) from Cleveland, Ohio, USA",CC BY 2.0,https://commons.wikimedia.org/wiki/File:Holacanthus_tricolor_1_(cropped).jpg,in_situ
Holacanthus tricolor,File:Rock Beauty Molasses Reef 1999.jpg,https://upload.wikimedia.org/wikipedia/commons/5/55/Rock_Beauty_Molasses_Reef_1999.jpg?utm_source=commons.wikimedia.org&utm_campaign=imageinfo&utm_content=original,af8cd23131c04398b2ad177d67d4a5bb1b993ba9,503,339,Jstuby,CC0,https://commons.wikimedia.org/wiki/File:Rock_Beauty_Molasses_Reef_1999.jpg,in_situ
Holacanthus tricolor,"File:Chabelita tricolor (Holacanthus tricolor), Cozumel, México, 2025-12-20, DD 104.jpg",https://upload.wikimedia.org/wikipedia/commons/0/0c/Chabelita_tricolor_%28Holacanthus_tricolor%29%2C_Cozumel%2C_M%C3%A9xico%2C_2025-12-20%2C_DD_104.jpg?utm_source=commons.wikimedia.org&utm_campaign=imageinfo&utm_content=original,45b038b0d08c85c7c592e55447c8540432c3f939,5342,3561,Diego Delso,CC BY-SA 4.0,"https://commons.wikimedia.org/wiki/File:Chabelita_tricolor_(Holacanthus_tricolor),_Cozumel,_M%C3%A9xico,_2025-12-20,_DD_104.jpg",unknown
Holacanthus tricolor,File:Holacanthus tricolor - squelette mnhn Paris.JPG,https://upload.wikimedia.org/wikipedia/commons/c/c0/Holacanthus_tricolor_-_squelette_mnhn_Paris.JPG?utm_source=commons.wikimedia.org&utm_campaign=imageinfo&utm_content=original,b2e88088bb943a6d08722c0c419801090b44e8b1,4032,2272,Cedricguppy - Loury Cédric,CC BY-SA 4.0,https://commons.wikimedia.org/wiki/File:Holacanthus_tricolor_-_squelette_mnhn_Paris.JPG,unknown
Holacanthus tricolor,"File:Chabelita tricolor (Holacanthus tricolor), San Pedro, Belice, 2025-12-18, DD 17.jpg",https://upload.wikimedia.org/wikipedia/commons/1/10/Chabelita_tricolor_%28Holacanthus_tricolor%29%2C_San_Pedro%2C_Belice%2C_2025-12-18%2C_DD_17.jpg?utm_source=commons.wikimedia.org&utm_campaign=imageinfo&utm_content=original,0ad95887d45fa64e513708ded4265c5a0caf8168,3596,2397,Diego Delso,CC BY-SA 4.0,"https://commons.wikimedia.org/wiki/File:Chabelita_tricolor_(Holacanthus_tricolor),_San_Pedro,_Belice,_2025-12-18,_DD_17.jpg",unknown
Holacanthus tricolor,"File:Chabelita tricolor (Holacanthus tricolor), San Pedro, Belice, 2025-12-18, DD 18.jpg",https://upload.wikimedia.org/wikipedia/commons/9/9e/Chabelita_tricolor_%28Holacanthus_tricolor%29%2C_San_Pedro%2C_Belice%2C_2025-12-18%2C_DD_18.jpg?utm_source=commons.wikimedia.org&utm_campaign=imageinfo&utm_content=original,0d7a5d2a5d318fc12972664ae5fb6a8f904f07cc,3532,2355,Diego Delso,CC BY-SA 4.0,"https://commons.wikimedia.org/wiki/File:Chabelita_tricolor_(Holacanthus_tricolor),_San_Pedro,_Belice,_2025-12-18,_DD_18.jpg",unknown
Holacanthus tricolor,File:Holacanthus tricolor - pone.0010676.g104.png,https://upload.wikimedia.org/wikipedia/commons/b/b0/Holacanthus_tricolor_-_pone.0010676.g104.png?utm_source=commons.wikimedia.org&utm_campaign=imageinfo&utm_content=original,150bf8da9e7ac5cf1a5cb53f44e1dbf5822335c7,2637,1841,"Williams, J. T.; Carpenter, K. E.; Van Tassell, J. L.; Hoetjes, P.; Toller, W.; Etnoyer, P.; Smith, M.",CC BY 2.5,https://commons.wikimedia.org/wiki/File:Holacanthus_tricolor_-_pone.0010676.g104.png,unknown
Forcipiger flavissimus,File:Maratua Forcipiger flavissimus(30).jpg,https://upload.wikimedia.org/wikipedia/commons/6/63/Maratua_Forcipiger_flavissimus%2830%29.jpg?utm_source=commons.wikimedia.org&utm_campaign=imageinfo&utm_content=original,2f7d87cb8ae60bfa2dc3f6317783a6f4dc86f98c,1500,2000,Nanosanchez,CC BY-SA 4.0,https://commons.wikimedia.org/wiki/File:Maratua_Forcipiger_flavissimus(30).jpg,in_situ
Forcipiger flavissimus,"File:Pez mariposa hocicona (Forcipiger flavissimus), Nosy Kalakajoro, Madagascar, 2025-09-14, DD 38.jpg",https://upload.wikimedia.org/wikipedia/commons/8/82/Pez_mariposa_hocicona_%28Forcipiger_flavissimus%29%2C_Nosy_Kalakajoro%2C_Madagascar%2C_2025-09-14%2C_DD_38.jpg?utm_source=commons.wikimedia.org&utm_campaign=imageinfo&utm_content=original,f8d591844af2d68299e9805fa041c6717b54a795,5086,3391,Diego Delso,CC BY-SA 4.0,"https://commons.wikimedia.org/wiki/File:Pez_mariposa_hocicona_(Forcipiger_flavissimus),_Nosy_Kalakajoro,_Madagascar,_2025-09-14,_DD_38.jpg",unknown
Forcipiger flavissimus,"File:Pez mariposa hocicona (Forcipiger flavissimus), Ambalihabe, Madagascar, 2025-09-16, DD 49.jpg",https://upload.wikimedia.org/wikipedia/commons/b/b4/Pez_mariposa_hocicona_%28Forcipiger_flavissimus%29%2C_Ambalihabe%2C_Madagascar%2C_2025-09-16%2C_DD_49.jpg?utm_source=commons.wikimedia.org&utm_campaign=imageinfo&utm_content=original,56f556846f3f3f439e671f33b92d72d53b32e1ab,4677,3118,Diego Delso,CC BY-SA 4.0,"https://commons.wikimedia.org/wiki/File:Pez_mariposa_hocicona_(Forcipiger_flavissimus),_Ambalihabe,_Madagascar,_2025-09-16,_DD_49.jpg",unknown
Forcipiger flavissimus,"File:Pez mariposa hocicona (Forcipiger flavissimus), Zanzíbar, Tanzania, 2024-05-29, DD 24.jpg",https://upload.wikimedia.org/wikipedia/commons/3/31/Pez_mariposa_hocicona_%28Forcipiger_flavissimus%29%2C_Zanz%C3%ADbar%2C_Tanzania%2C_2024-05-29%2C_DD_24.jpg?utm_source=commons.wikimedia.org&utm_campaign=imageinfo&utm_content=original,d4981b14a19edbda47f3948087d44719c4ba20c0,4584,3056,Diego Delso,CC BY-SA 4.0,"https://commons.wikimedia.org/wiki/File:Pez_mariposa_hocicona_(Forcipiger_flavissimus),_Zanz%C3%ADbar,_Tanzania,_2024-05-29,_DD_24.jpg",unknown
Forcipiger flavissimus,File:Longnose butterflyfish (Forcipiger flavissimus) - 49151042771.jpg,https://upload.wikimedia.org/wikipedia/commons/c/c7/Longnose_butterflyfish_%28Forcipiger_flavissimus%29_-_49151042771.jpg?utm_source=commons.wikimedia.org&utm_campaign=imageinfo&utm_content=original,50653adf36168f235aaaa3c57ddd41893f544cd6,4389,3292,krokodiver,CC BY 2.0,https://commons.wikimedia.org/wiki/File:Longnose_butterflyfish_(Forcipiger_flavissimus)_-_49151042771.jpg,unknown
Forcipiger flavissimus,"File:Pez mariposa hocicona (Forcipiger flavissimus), Anilao, Filipinas, 2023-08-25, DD 195.jpg",https://upload.wikimedia.org/wikipedia/commons/0/0f/Pez_mariposa_hocicona_%28Forcipiger_flavissimus%29%2C_Anilao%2C_Filipinas%2C_2023-08-25%2C_DD_195.jpg?utm_source=commons.wikimedia.org&utm_campaign=imageinfo&utm_content=original,0ced4dc915b895b2d923843134be8d00f225a270,4162,2775,Diego Delso,CC BY-SA 4.0,"https://commons.wikimedia.org/wiki/File:Pez_mariposa_hocicona_(Forcipiger_flavissimus),_Anilao,_Filipinas,_2023-08-25,_DD_195.jpg",unknown
Forcipiger flavissimus,"File:Pez mariposa hocicona (Forcipiger flavissimus), Ambalihabe, Madagascar, 2025-09-16, DD 48.jpg",https://upload.wikimedia.org/wikipedia/commons/5/52/Pez_mariposa_hocicona_%28Forcipiger_flavissimus%29%2C_Ambalihabe%2C_Madagascar%2C_2025-09-16%2C_DD_48.jpg?utm_source=commons.wikimedia.org&utm_campaign=imageinfo&utm_content=original,8b9e38bb8f0080b8aab304a48af24b627b847f13,3861,5792,Diego Delso,CC BY-SA 4.0,"https://commons.wikimedia.org/wiki/File:Pez_mariposa_hocicona_(Forcipiger_flavissimus),_Ambalihabe,_Madagascar,_2025-09-16,_DD_48.jpg",unknown
Forcipiger flavissimus,"File:Pez mariposa hocicona (Forcipiger flavissimus), Anilao, Filipinas, 2023-08-25, DD 193.jpg",https://upload.wikimedia.org/wikipedia/commons/3/39/Pez_mariposa_hocicona_%28Forcipiger_flavissimus%29%2C_Anilao%2C_Filipinas%2C_2023-08-25%2C_DD_193.jpg?utm_source=commons.wikimedia.org&utm_campaign=imageinfo&utm_content=original,2c4fb44d836ccb98a9280e3c0c8c2970ba7f061e,3324,2216,Diego Delso,CC BY-SA 4.0,"https://commons.wikimedia.org/wiki/File:Pez_mariposa_hocicona_(Forcipiger_flavissimus),_Anilao,_Filipinas,_2023-08-25,_DD_193.jpg",unknown
Forcipiger flavissimus,"File:Pez mariposa hocicona (Forcipiger flavissimus), Nosy Kalakajoro, Madagascar, 2025-09-14, DD 07.jpg",https://upload.wikimedia.org/wikipedia/commons/5/59/Pez_mariposa_hocicona_%28Forcipiger_flavissimus%29%2C_Nosy_Kalakajoro%2C_Madagascar%2C_2025-09-14%2C_DD_07.jpg?utm_source=commons.wikimedia.org&utm_campaign=imageinfo&utm_content=original,b7dbefcf8f0e1eb94b0d290bc0326d38e13460a5,3228,2152,Diego Delso,CC BY-SA 4.0,"https://commons.wikimedia.org/wiki/File:Pez_mariposa_hocicona_(Forcipiger_flavissimus),_Nosy_Kalakajoro,_Madagascar,_2025-09-14,_DD_07.jpg",unknown
Forcipiger flavissimus,File:Longnose butterflyfish (Forcipiger flavissimus) (41904793981).jpg,https://upload.wikimedia.org/wikipedia/commons/c/cf/Longnose_butterflyfish_%28Forcipiger_flavissimus%29_%2841904793981%29.jpg?utm_source=commons.wikimedia.org&utm_campaign=imageinfo&utm_content=original,ce8dbd064ddb389cff410b4016096c87d1748e7f,3112,2334,Rickard Zerpe,CC BY 2.0,https://commons.wikimedia.org/wiki/File:Longnose_butterflyfish_(Forcipiger_flavissimus)_(41904793981).jpg,unknown
Forcipiger flavissimus,File:Forcipiger flavissimus in Ouwehands Dierenpark 03.jpg,https://upload.wikimedia.org/wikipedia/commons/5/5a/Forcipiger_flavissimus_in_Ouwehands_Dierenpark_03.jpg?utm_source=commons.wikimedia.org&utm_campaign=imageinfo&utm_content=original,ae91da455b2675e9391f392a4982a1e3b73968aa,3059,1431,FakirNL,CC BY-SA 4.0,https://commons.wikimedia.org/wiki/File:Forcipiger_flavissimus_in_Ouwehands_Dierenpark_03.jpg,unknown
Forcipiger flavissimus,File:Forcipiger flavissimus in Ouwehands Dierenpark 02.jpg,https://upload.wikimedia.org/wikipedia/commons/d/d8/Forcipiger_flavissimus_in_Ouwehands_Dierenpark_02.jpg?utm_source=commons.wikimedia.org&utm_campaign=imageinfo&utm_content=original,11b904682097f9593e0948189d660028e5b15417,2886,2595,FakirNL,CC BY-SA 4.0,https://commons.wikimedia.org/wiki/File:Forcipiger_flavissimus_in_Ouwehands_Dierenpark_02.jpg,unknown
Dascyllus trimaculatus,"File:Anemone fish and Three-spot dascyllus, Dascyllus trimaculatus sharing anemone at Paradise Reef, Red Sea, Egypt -SCUBA (6377737635).jpg",https://upload.wikimedia.org/wikipedia/commons/6/68/Anemone_fish_and_Three-spot_dascyllus%2C_Dascyllus_trimaculatus_sharing_anemone_at_Paradise_Reef%2C_Red_Sea%2C_Egypt_-SCUBA_%286377737635%29.jpg?utm_source=commons.wikimedia.org&utm_campaign=imageinfo&utm_content=original,07e0732caa554b7e6232ab5f299e93df61ec1566,1024,768,"Derek Keats from Johannesburg, South Africa",CC BY 2.0,"https://commons.wikimedia.org/wiki/File:Anemone_fish_and_Three-spot_dascyllus,_Dascyllus_trimaculatus_sharing_anemone_at_Paradise_Reef,_Red_Sea,_Egypt_-SCUBA_(6377737635).jpg",in_situ
Dascyllus trimaculatus,"File:Damiselas dominó (Dascyllus trimaculatus), Mahé, Seychelles, 2025-09-08, DD 22.jpg",https://upload.wikimedia.org/wikipedia/commons/a/a3/Damiselas_domin%C3%B3_%28Dascyllus_trimaculatus%29%2C_Mah%C3%A9%2C_Seychelles%2C_2025-09-08%2C_DD_22.jpg?utm_source=commons.wikimedia.org&utm_campaign=imageinfo&utm_content=original,9199eb66629a6033c635a83d197394f7dd8d2ec3,7896,5264,Diego Delso,CC BY-SA 4.0,"https://commons.wikimedia.org/wiki/File:Damiselas_domin%C3%B3_(Dascyllus_trimaculatus),_Mah%C3%A9,_Seychelles,_2025-09-08,_DD_22.jpg",unknown
Dascyllus trimaculatus,"File:Damiselas dominó (Dascyllus trimaculatus), Mahé, Seychelles, 2025-09-08, DD 23.jpg",https://upload.wikimedia.org/wikipedia/commons/5/53/Damiselas_domin%C3%B3_%28Dascyllus_trimaculatus%29%2C_Mah%C3%A9%2C_Seychelles%2C_2025-09-08%2C_DD_23.jpg?utm_source=commons.wikimedia.org&utm_campaign=imageinfo&utm_content=original,796c67e802d78ebd86281dc3295b038b430f63b2,7074,4716,Diego Delso,CC BY-SA 4.0,"https://commons.wikimedia.org/wiki/File:Damiselas_domin%C3%B3_(Dascyllus_trimaculatus),_Mah%C3%A9,_Seychelles,_2025-09-08,_DD_23.jpg",unknown
Dascyllus trimaculatus,File:Dascyllus trimaculatus (26454849500).jpg,https://upload.wikimedia.org/wikipedia/commons/f/fe/Dascyllus_trimaculatus_%2826454849500%29.jpg?utm_source=commons.wikimedia.org&utm_campaign=imageinfo&utm_content=original,6b6a447638d7e964ad86512e0957a0cefd924133,5472,3648,Paul Kli,CC BY-SA 2.0,https://commons.wikimedia.org/wiki/File:Dascyllus_trimaculatus_(26454849500).jpg,unknown
Dascyllus trimaculatus,"File:Damisela dominó (Dascyllus trimaculatus), Anilao, Filipinas, 2023-08-24, DD 71.jpg",https://upload.wikimedia.org/wikipedia/commons/8/81/Damisela_domin%C3%B3_%28Dascyllus_trimaculatus%29%2C_Anilao%2C_Filipinas%2C_2023-08-24%2C_DD_71.jpg?utm_source=commons.wikimedia.org&utm_campaign=imageinfo&utm_content=original,41d40e28c9c27d2be396304d72e86e101f1815b2,5060,3373,Diego Delso,CC BY-SA 4.0,"https://commons.wikimedia.org/wiki/File:Damisela_domin%C3%B3_(Dascyllus_trimaculatus),_Anilao,_Filipinas,_2023-08-24,_DD_71.jpg",unknown
Dascyllus trimaculatus,"File:Damiselas dominó (Dascyllus trimaculatus), Mahé, Seychelles, 2025-09-08, DD 24.jpg",https://upload.wikimedia.org/wikipedia/commons/c/c0/Damiselas_domin%C3%B3_%28Dascyllus_trimaculatus%29%2C_Mah%C3%A9%2C_Seychelles%2C_2025-09-08%2C_DD_24.jpg?utm_source=commons.wikimedia.org&utm_campaign=imageinfo&utm_content=original,bd20468bb0a6eed2426571673862ac22ffd44133,4774,4774,Diego Delso,CC BY-SA 4.0,"https://commons.wikimedia.org/wiki/File:Damiselas_domin%C3%B3_(Dascyllus_trimaculatus),_Mah%C3%A9,_Seychelles,_2025-09-08,_DD_24.jpg",unknown
Dascyllus trimaculatus,"File:Damisela dominó (Dascyllus trimaculatus), Anilao, Filipinas, 2023-08-24, DD 72.jpg",https://upload.wikimedia.org/wikipedia/commons/7/72/Damisela_domin%C3%B3_%28Dascyllus_trimaculatus%29%2C_Anilao%2C_Filipinas%2C_2023-08-24%2C_DD_72.jpg?utm_source=commons.wikimedia.org&utm_campaign=imageinfo&utm_content=original,92a42c80c7b7a915c8029666826200f6db9d98d8,4771,2958,Diego Delso,CC BY-SA 4.0,"https://commons.wikimedia.org/wiki/File:Damisela_domin%C3%B3_(Dascyllus_trimaculatus),_Anilao,_Filipinas,_2023-08-24,_DD_72.jpg",unknown
Dascyllus trimaculatus,"File:Damisela dominó (Dascyllus trimaculatus) en una anémona magnífica (Heteractis magnifica), Zanzíbar, Tanzania, 2024-06-01, DD 91.jpg",https://upload.wikimedia.org/wikipedia/commons/3/34/Damisela_domin%C3%B3_%28Dascyllus_trimaculatus%29_en_una_an%C3%A9mona_magn%C3%ADfica_%28Heteractis_magnifica%29%2C_Zanz%C3%ADbar%2C_Tanzania%2C_2024-06-01%2C_DD_91.jpg?utm_source=commons.wikimedia.org&utm_campaign=imageinfo&utm_content=original,0c92f69694e8d371e7f947ddc270964923a9ed47,4671,7006,Diego Delso,CC BY-SA 4.0,"https://commons.wikimedia.org/wiki/File:Damisela_domin%C3%B3_(Dascyllus_trimaculatus)_en_una_an%C3%A9mona_magn%C3%ADfica_(Heteractis_magnifica),_Zanz%C3%ADbar,_Tanzania,_2024-06-01,_DD_91.jpg",unknown
Dascyllus trimaculatus,"File:Damiselas dominó (Dascyllus trimaculatus) en una anémona perla de cristal (Heteractis aurora), Nosy Iranja, Madagascar, 2025-09-17, DD 42.jpg",https://upload.wikimedia.org/wikipedia/commons/1/1f/Damiselas_domin%C3%B3_%28Dascyllus_trimaculatus%29_en_una_an%C3%A9mona_perla_de_cristal_%28Heteractis_aurora%29%2C_Nosy_Iranja%2C_Madagascar%2C_2025-09-17%2C_DD_42.jpg?utm_source=commons.wikimedia.org&utm_campaign=imageinfo&utm_content=original,0cfc63347ddd42971bedc4b4bfb7aed63377f50b,4070,2713,Diego Delso,CC BY-SA 4.0,"https://commons.wikimedia.org/wiki/File:Damiselas_domin%C3%B3_(Dascyllus_trimaculatus)_en_una_an%C3%A9mona_perla_de_cristal_(Heteractis_aurora),_Nosy_Iranja,_Madagascar,_2025-09-17,_DD_42.jpg",unknown
Dascyllus trimaculatus,File:Amphiprion sebae (2).jpg,https://upload.wikimedia.org/wikipedia/commons/0/01/Amphiprion_sebae_%282%29.jpg?utm_source=commons.wikimedia.org&utm_campaign=imageinfo&utm_content=original,dca9db5672e1c105dad12643108d82c137d388ad,3648,2048,jeff~,CC BY 2.0,https://commons.wikimedia.org/wiki/File:Amphiprion_sebae_(2).jpg,unknown
Dascyllus trimaculatus,"File:Damisela dominó (Dascyllus trimaculatus), Mahé, Seychelles, 2025-09-08, DD 211.jpg",https://upload.wikimedia.org/wikipedia/commons/2/25/Damisela_domin%C3%B3_%28Dascyllus_trimaculatus%29%2C_Mah%C3%A9%2C_Seychelles%2C_2025-09-08%2C_DD_211.jpg?utm_source=commons.wikimedia.org&utm_campaign=imageinfo&utm_content=original,a79cb84bcec859333a62d3ffaa4f64093867bd9f,3594,2396,Diego Delso,CC BY-SA 4.0,"https://commons.wikimedia.org/wiki/File:Damisela_domin%C3%B3_(Dascyllus_trimaculatus),_Mah%C3%A9,_Seychelles,_2025-09-08,_DD_211.jpg",unknown
Dascyllus trimaculatus,"File:Damisela dominó (Dascyllus trimaculatus), Mahé, Seychelles, 2025-09-07, DD 78.jpg",https://upload.wikimedia.org/wikipedia/commons/c/c3/Damisela_domin%C3%B3_%28Dascyllus_trimaculatus%29%2C_Mah%C3%A9%2C_Seychelles%2C_2025-09-07%2C_DD_78.jpg?utm_source=commons.wikimedia.org&utm_campaign=imageinfo&utm_content=original,f353258a19d6e7e17ba41df4c58c63f427cbdca2,3229,3229,Diego Delso,CC BY-SA 4.0,"https://commons.wikimedia.org/wiki/File:Damisela_domin%C3%B3_(Dascyllus_trimaculatus),_Mah%C3%A9,_Seychelles,_2025-09-07,_DD_78.jpg",unknown
Chaetodon ulietensis,File:Great barrier reef.JPG,https://upload.wikimedia.org/wikipedia/commons/9/9c/Great_barrier_reef.JPG?utm_source=commons.wikimedia.org&utm_campaign=imageinfo&utm_content=original,0d42051e77e056d33ba27047860f9d59e149465d,4000,3000,Wise Hok Wai Lum,CC BY-SA 4.0,https://commons.wikimedia.org/wiki/File:Great_barrier_reef.JPG,in_situ
Chaetodon ulietensis,File:Chaetodon ulietensis.jpg,https://upload.wikimedia.org/wikipedia/commons/b/b9/Chaetodon_ulietensis.jpg?utm_source=commons.wikimedia.org&utm_campaign=imageinfo&utm_content=original,8cc00a54dd2542fa4bafc55c9502e8e5fe25259d,2016,1528,Leonard Low from Australia,CC BY 2.0,https://commons.wikimedia.org/wiki/File:Chaetodon_ulietensis.jpg,in_situ
Chaetodon ulietensis,File:Bep chaetodon ulietensis.jpg,https://upload.wikimedia.org/wikipedia/commons/9/90/Bep_chaetodon_ulietensis.jpg?utm_source=commons.wikimedia.org&utm_campaign=imageinfo&utm_content=original,c7abedcb8eab36a60eb44a497f76f38fc2d6c8b5,1024,768,Bernard E. Picton BernardP,CC BY-SA 4.0,https://commons.wikimedia.org/wiki/File:Bep_chaetodon_ulietensis.jpg,in_situ
Chaetodon ulietensis,File:Pacific double-saddle butterflyfish (Chaetodon ulietensis) and other Chaetodon Moorea.jpg,https://upload.wikimedia.org/wikipedia/commons/5/52/Pacific_double-saddle_butterflyfish_%28Chaetodon_ulietensis%29_and_other_Chaetodon_Moorea.jpg?utm_source=commons.wikimedia.org&utm_campaign=imageinfo&utm_content=original,df1c78560e8748dce950dfdf0cd128a1ef99ea18,8190,5462,Charles J. Sharp,CC BY-SA 4.0,https://commons.wikimedia.org/wiki/File:Pacific_double-saddle_butterflyfish_(Chaetodon_ulietensis)_and_other_Chaetodon_Moorea.jpg,unknown
Chaetodon ulietensis,File:Cook Islands IMG 6107 (8453057316).jpg,https://upload.wikimedia.org/wikipedia/commons/f/f5/Cook_Islands_IMG_6107_%288453057316%29.jpg?utm_source=commons.wikimedia.org&utm_campaign=imageinfo&utm_content=original,badfd9780bc4a9f4c390e43dd9463e8715212ff6,5184,2973,"Christopher Johnson from Tokyo, Japan",CC BY-SA 2.0,https://commons.wikimedia.org/wiki/File:Cook_Islands_IMG_6107_(8453057316).jpg,unknown
Chaetodon ulietensis,File:Pacific double-saddle butterfly fish (Chaetodon ulietensis) Moorea.jpg,https://upload.wikimedia.org/wikipedia/commons/a/ab/Pacific_double-saddle_butterfly_fish_%28Chaetodon_ulietensis%29_Moorea.jpg?utm_source=commons.wikimedia.org&utm_campaign=imageinfo&utm_content=original,08c444ab77faa6bc0e07cb2f6e1fb51be8ed3210,4950,3301,Charles J. Sharp,CC BY-SA 4.0,https://commons.wikimedia.org/wiki/File:Pacific_double-saddle_butterfly_fish_(Chaetodon_ulietensis)_Moorea.jpg,unknown
Chaetodon ulietensis,File:Corl0448 (27688428724).jpg,https://upload.wikimedia.org/wikipedia/commons/6/6d/Corl0448_%2827688428724%29.jpg?utm_source=commons.wikimedia.org&utm_campaign=imageinfo&utm_content=original,95fb59f7ebe98df8e74d5aecb9269d59ef4ae27b,3749,1794,NOAA Photo Library,CC BY 2.0,https://commons.wikimedia.org/wiki/File:Corl0448_(27688428724).jpg,unknown
Chaetodon ulietensis,File:Chaetodon ulietensis Pacific Double-saddle Butterflyfish by Nick Hobgood.jpg,https://upload.wikimedia.org/wikipedia/commons/7/74/Chaetodon_ulietensis_Pacific_Double-saddle_Butterflyfish_by_Nick_Hobgood.jpg?utm_source=commons.wikimedia.org&utm_campaign=imageinfo&utm_content=original,a15ddb1622a7291831a0f7593916947a42f9638b,3721,2770,Nhobgood,CC BY-SA 3.0,https://commons.wikimedia.org/wiki/File:Chaetodon_ulietensis_Pacific_Double-saddle_Butterflyfish_by_Nick_Hobgood.jpg,unknown
Chaetodon ulietensis,File:Chaetodon ulietensis Pacific Double-saddle Butterflyfish Beqa by Nick Hobgood.jpg,https://upload.wikimedia.org/wikipedia/commons/0/0d/Chaetodon_ulietensis_Pacific_Double-saddle_Butterflyfish_Beqa_by_Nick_Hobgood.jpg?utm_source=commons.wikimedia.org&utm_campaign=imageinfo&utm_content=original,bb9d72e9ff8f21c09f2946b52f13fc49e6dc84e8,3456,2649,Nhobgood,CC BY-SA 3.0,https://commons.wikimedia.org/wiki/File:Chaetodon_ulietensis_Pacific_Double-saddle_Butterflyfish_Beqa_by_Nick_Hobgood.jpg,unknown
Chaetodon ulietensis,File:Pacific double-saddle butterflyfish (Chaetodon ulietensis) (32396204187).jpg,https://upload.wikimedia.org/wikipedia/commons/b/b3/Pacific_double-saddle_butterflyfish_%28Chaetodon_ulietensis%29_%2832396204187%29.jpg?utm_source=commons.wikimedia.org&utm_campaign=imageinfo&utm_content=original,bd697271cf077876ad21ffc65521aeba1aae68ea,3246,2435,Rickard Zerpe,CC BY 2.0,https://commons.wikimedia.org/wiki/File:Pacific_double-saddle_butterflyfish_(Chaetodon_ulietensis)_(32396204187).jpg,unknown
Chaetodon ulietensis,"File:Chaetodon ulietensis, GBReef.jpg",https://upload.wikimedia.org/wikipedia/commons/a/a3/Chaetodon_ulietensis%2C_GBReef.jpg?utm_source=commons.wikimedia.org&utm_campaign=imageinfo&utm_content=original,1a6f048c8a0ba7873f417785a0ffa58b2eb1c131,2757,1829,"Dr. Dwayne Meadows, NOAA",Public domain,"https://commons.wikimedia.org/wiki/File:Chaetodon_ulietensis,_GBReef.jpg",unknown
Chaetodon ulietensis,File:Corl0406 (27662086690).jpg,https://upload.wikimedia.org/wikipedia/commons/0/0a/Corl0406_%2827662086690%29.jpg?utm_source=commons.wikimedia.org&utm_campaign=imageinfo&utm_content=original,d06b434c28e6a105166abfda278c6341fef4241d,2745,1750,NOAA Photo Library,Public domain,https://commons.wikimedia.org/wiki/File:Corl0406_(27662086690).jpg,unknown
Synanceia verrucosa,"File:Pez piedra de arrecife (Synanceia verrucosa), Mahé, Seychelles, 2025-09-08, DD 222.jpg",https://upload.wikimedia.org/wikipedia/commons/1/17/Pez_piedra_de_arrecife_%28Synanceia_verrucosa%29%2C_Mah%C3%A9%2C_Seychelles%2C_2025-09-08%2C_DD_222.jpg?utm_source=commons.wikimedia.org&utm_campaign=imageinfo&utm_content=original,d3cc919fd8af501b8b491860ea6b026486ee4f0f,8688,5792,Diego Delso,CC BY-SA 4.0,"https://commons.wikimedia.org/wiki/File:Pez_piedra_de_arrecife_(Synanceia_verrucosa),_Mah%C3%A9,_Seychelles,_2025-09-08,_DD_222.jpg",in_situ
Synanceia verrucosa,"File:Pez piedra de arrecife (Synanceia verrucosa), Mahé, Seychelles, 2025-09-08, DD 226.jpg",https://upload.wikimedia.org/wikipedia/commons/0/07/Pez_piedra_de_arrecife_%28Synanceia_verrucosa%29%2C_Mah%C3%A9%2C_Seychelles%2C_2025-09-08%2C_DD_226.jpg?utm_source=commons.wikimedia.org&utm_campaign=imageinfo&utm_content=original,d9156e4ae690f72e43f029b375a41a97deece8f8,8688,5792,Diego Delso,CC BY-SA 4.0,"https://commons.wikimedia.org/wiki/File:Pez_piedra_de_arrecife_(Synanceia_verrucosa),_Mah%C3%A9,_Seychelles,_2025-09-08,_DD_226.jpg",in_situ
Synanceia verrucosa,"File:Pez piedra de arrecife (Synanceia verrucosa), Mauricio, 2025-09-24, DD 137.jpg",https://upload.wikimedia.org/wikipedia/commons/9/9d/Pez_piedra_de_arrecife_%28Synanceia_verrucosa%29%2C_Mauricio%2C_2025-09-24%2C_DD_137.jpg?utm_source=commons.wikimedia.org&utm_campaign=imageinfo&utm_content=original,81bface07086e1e1ae5479e6543abe975bec6979,8688,5792,Diego Delso,CC BY-SA 4.0,"https://commons.wikimedia.org/wiki/File:Pez_piedra_de_arrecife_(Synanceia_verrucosa),_Mauricio,_2025-09-24,_DD_137.jpg",in_situ
Synanceia verrucosa,"File:Pez piedra de arrecife (Synanceia verrucosa), Yeda, Arabia Saudita, 2025-05-21, DD 96.jpg",https://upload.wikimedia.org/wikipedia/commons/9/98/Pez_piedra_de_arrecife_%28Synanceia_verrucosa%29%2C_Yeda%2C_Arabia_Saudita%2C_2025-05-21%2C_DD_96.jpg?utm_source=commons.wikimedia.org&utm_campaign=imageinfo&utm_content=original,ce32f0ea348d49cb5413afd280ff8db020a3d17e,8688,5792,Diego Delso,CC BY-SA 4.0,"https://commons.wikimedia.org/wiki/File:Pez_piedra_de_arrecife_(Synanceia_verrucosa),_Yeda,_Arabia_Saudita,_2025-05-21,_DD_96.jpg",in_situ
Synanceia verrucosa,"File:Pez piedra de arrecife (Synanceia verrucosa), Mauricio, 2025-09-24, DD 01.jpg",https://upload.wikimedia.org/wikipedia/commons/c/c8/Pez_piedra_de_arrecife_%28Synanceia_verrucosa%29%2C_Mauricio%2C_2025-09-24%2C_DD_01.jpg?utm_source=commons.wikimedia.org&utm_campaign=imageinfo&utm_content=original,2bc46224dfb02423971ed7c8b9e22e2cd3557bea,6986,4657,Diego Delso,CC BY-SA 4.0,"https://commons.wikimedia.org/wiki/File:Pez_piedra_de_arrecife_(Synanceia_verrucosa),_Mauricio,_2025-09-24,_DD_01.jpg",in_situ
Synanceia verrucosa,"File:Pez piedra de arrecife (Synanceia verrucosa), Mauricio, 2025-09-24, DD 136.jpg",https://upload.wikimedia.org/wikipedia/commons/7/7f/Pez_piedra_de_arrecife_%28Synanceia_verrucosa%29%2C_Mauricio%2C_2025-09-24%2C_DD_136.jpg?utm_source=commons.wikimedia.org&utm_campaign=imageinfo&utm_content=original,f879fc7f30d364a2c5f627de97904c6390f7cc2c,6721,4481,Diego Delso,CC BY-SA 4.0,"https://commons.wikimedia.org/wiki/File:Pez_piedra_de_arrecife_(Synanceia_verrucosa),_Mauricio,_2025-09-24,_DD_136.jpg",in_situ
Synanceia verrucosa,"File:Pez piedra de arrecife (Synanceia verrucosa), Mauricio, 2025-09-24, DD 28.jpg",https://upload.wikimedia.org/wikipedia/commons/e/ee/Pez_piedra_de_arrecife_%28Synanceia_verrucosa%29%2C_Mauricio%2C_2025-09-24%2C_DD_28.jpg?utm_source=commons.wikimedia.org&utm_campaign=imageinfo&utm_content=original,33b2f9c21c48cc38c1aa576a7cf1d60229480483,6320,4213,Diego Delso,CC BY-SA 4.0,"https://commons.wikimedia.org/wiki/File:Pez_piedra_de_arrecife_(Synanceia_verrucosa),_Mauricio,_2025-09-24,_DD_28.jpg",in_situ
Synanceia verrucosa,"File:Pez piedra de arrecife (Synanceia verrucosa), Mahé, Seychelles, 2025-09-10, DD 151.jpg",https://upload.wikimedia.org/wikipedia/commons/7/7a/Pez_piedra_de_arrecife_%28Synanceia_verrucosa%29%2C_Mah%C3%A9%2C_Seychelles%2C_2025-09-10%2C_DD_151.jpg?utm_source=commons.wikimedia.org&utm_campaign=imageinfo&utm_content=original,303a6ffe0602959ec32bac42a5b25d7ae6c36bba,5929,3953,Diego Delso,CC BY-SA 4.0,"https://commons.wikimedia.org/wiki/File:Pez_piedra_de_arrecife_(Synanceia_verrucosa),_Mah%C3%A9,_Seychelles,_2025-09-10,_DD_151.jpg",in_situ
Synanceia verrucosa,"File:Pez piedra de arrecife (Synanceia verrucosa), Mauricio, 2025-09-23, DD 36.jpg",https://upload.wikimedia.org/wikipedia/commons/3/31/Pez_piedra_de_arrecife_%28Synanceia_verrucosa%29%2C_Mauricio%2C_2025-09-23%2C_DD_36.jpg?utm_source=commons.wikimedia.org&utm_campaign=imageinfo&utm_content=original,466d0a60bca47ec8f6bf8e264acf8cbf859ac2ee,5792,5792,Diego Delso,CC BY-SA 4.0,"https://commons.wikimedia.org/wiki/File:Pez_piedra_de_arrecife_(Synanceia_verrucosa),_Mauricio,_2025-09-23,_DD_36.jpg",in_situ
Synanceia verrucosa,"File:Pez piedra de arrecife (Synanceia verrucosa), Mauricio, 2025-09-24, DD 29.jpg",https://upload.wikimedia.org/wikipedia/commons/8/8d/Pez_piedra_de_arrecife_%28Synanceia_verrucosa%29%2C_Mauricio%2C_2025-09-24%2C_DD_29.jpg?utm_source=commons.wikimedia.org&utm_campaign=imageinfo&utm_content=original,7e96e404ff701590d28207f71fc053c1fa6f25ab,4999,4999,Diego Delso,CC BY-SA 4.0,"https://commons.wikimedia.org/wiki/File:Pez_piedra_de_arrecife_(Synanceia_verrucosa),_Mauricio,_2025-09-24,_DD_29.jpg",in_situ
Synanceia verrucosa,"File:Pez piedra de arrecife (Synanceia verrucosa), Mauricio, 2025-09-24, DD 30.jpg",https://upload.wikimedia.org/wikipedia/commons/5/5f/Pez_piedra_de_arrecife_%28Synanceia_verrucosa%29%2C_Mauricio%2C_2025-09-24%2C_DD_30.jpg?utm_source=commons.wikimedia.org&utm_campaign=imageinfo&utm_content=original,43306840786e204c1158096bd8fa54ae98e51505,4742,4742,Diego Delso,CC BY-SA 4.0,"https://commons.wikimedia.org/wiki/File:Pez_piedra_de_arrecife_(Synanceia_verrucosa),_Mauricio,_2025-09-24,_DD_30.jpg",in_situ
Synanceia verrucosa,"File:Reef stonefish, Baltimore Aquarium.jpg",https://upload.wikimedia.org/wikipedia/commons/5/54/Reef_stonefish%2C_Baltimore_Aquarium.jpg?utm_source=commons.wikimedia.org&utm_campaign=imageinfo&utm_content=original,8c66c7ce25749e14a02b17d7c4d3ea260edb3c45,4576,3049,PlanespotterA320,CC BY-SA 4.0,"https://commons.wikimedia.org/wiki/File:Reef_stonefish,_Baltimore_Aquarium.jpg",in_situ
Pomacanthus imperator,File:Emperor Angelfish (BYSA).jpg,https://upload.wikimedia.org/wikipedia/commons/c/c6/Emperor_Angelfish_%28BYSA%29.jpg?utm_source=commons.wikimedia.org&utm_campaign=imageinfo&utm_content=original,3c4f47f200d0ff7ddc63f2813400db64d1969597,2816,2112,http://www.freenaturepictures.com,CC BY-SA 2.0,https://commons.wikimedia.org/wiki/File:Emperor_Angelfish_(BYSA).jpg,in_situ
Pomacanthus imperator,File:CSIRO ScienceImage 2879 Tropical Reef Fish.jpg,https://upload.wikimedia.org/wikipedia/commons/f/fd/CSIRO_ScienceImage_2879_Tropical_Reef_Fish.jpg?utm_source=commons.wikimedia.org&utm_campaign=imageinfo&utm_content=original,78784a1c4380cc08d2e4d4c3abd0b596e9be5b49,2657,1804,"Robert Kerton, CSIRO",CC BY 3.0,https://commons.wikimedia.org/wiki/File:CSIRO_ScienceImage_2879_Tropical_Reef_Fish.jpg,in_situ
Pomacanthus imperator,File:Emperor angelfish at North Sands DSC05718a.jpg,https://upload.wikimedia.org/wikipedia/commons/b/b1/Emperor_angelfish_at_North_Sands_DSC05718a.jpg?utm_source=commons.wikimedia.org&utm_campaign=imageinfo&utm_content=original,f2564190f950207de8a3bb99577e2dcebd5290ba,2048,1536,Peter Southwood,CC BY-SA 3.0,https://commons.wikimedia.org/wiki/File:Emperor_angelfish_at_North_Sands_DSC05718a.jpg,in_situ
Pomacanthus imperator,File:Butterfly Fish (207959657).jpeg,https://upload.wikimedia.org/wikipedia/commons/d/d6/Butterfly_Fish_%28207959657%29.jpeg?utm_source=commons.wikimedia.org&utm_campaign=imageinfo&utm_content=original,f8654b7de0448892632f1c4564ffef24f09ca07c,1536,2048,Nand Kapadia,CC BY 3.0,https://commons.wikimedia.org/wiki/File:Butterfly_Fish_(207959657).jpeg,in_situ
Pomacanthus imperator,"File:Emperor Angelfish, Pomacanthus imperator (38290163761).jpg",https://upload.wikimedia.org/wikipedia/commons/5/5e/Emperor_Angelfish%2C_Pomacanthus_imperator_%2838290163761%29.jpg?utm_source=commons.wikimedia.org&utm_campaign=imageinfo&utm_content=original,4ac38f6f31537cd36cd422c7a9a25e34ac896556,1484,1484,"Derek Keats from Johannesburg, South Africa",CC BY 2.0,"https://commons.wikimedia.org/wiki/File:Emperor_Angelfish,_Pomacanthus_imperator_(38290163761).jpg",in_situ
Pomacanthus imperator,"File:Emperor Angelfish, Pomacanthus imperator at Elphinstone Reef, Red Sea, Egypt -SCUBA (6194697417).jpg",https://upload.wikimedia.org/wikipedia/commons/4/40/Emperor_Angelfish%2C_Pomacanthus_imperator_at_Elphinstone_Reef%2C_Red_Sea%2C_Egypt_-SCUBA_%286194697417%29.jpg?utm_source=commons.wikimedia.org&utm_campaign=imageinfo&utm_content=original,bd8fe73f29a133f100d6ab447d4083db43a975be,1024,693,"Derek Keats from Johannesburg, South Africa",CC BY 2.0,"https://commons.wikimedia.org/wiki/File:Emperor_Angelfish,_Pomacanthus_imperator_at_Elphinstone_Reef,_Red_Sea,_Egypt_-SCUBA_(6194697417).jpg",in_situ
Pomacanthus imperator,"File:Emperor Angelfish, Pomacanthus imperator at Gota Abu Ramada, Red Sea, Egypt -SCUBA (6328926519).jpg",https://upload.wikimedia.org/wikipedia/commons/e/e9/Emperor_Angelfish%2C_Pomacanthus_imperator_at_Gota_Abu_Ramada%2C_Red_Sea%2C_Egypt_-SCUBA_%286328926519%29.jpg?utm_source=commons.wikimedia.org&utm_campaign=imageinfo&utm_content=original,10cba2147bfe466de3913cd16682157d71e3a17e,1024,721,"Derek Keats from Johannesburg, South Africa",CC BY 2.0,"https://commons.wikimedia.org/wiki/File:Emperor_Angelfish,_Pomacanthus_imperator_at_Gota_Abu_Ramada,_Red_Sea,_Egypt_-SCUBA_(6328926519).jpg",in_situ
Pomacanthus imperator,"File:Emperor Angelfish, Pomacanthus imperator at Gota Kebir, Red Sea, Egypt -SCUBA (6325520683).jpg",https://upload.wikimedia.org/wikipedia/commons/3/34/Emperor_Angelfish%2C_Pomacanthus_imperator_at_Gota_Kebir%2C_Red_Sea%2C_Egypt_-SCUBA_%286325520683%29.jpg?utm_source=commons.wikimedia.org&utm_campaign=imageinfo&utm_content=original,38aff04f9e8ac26e1761df36e32a2cf8dc1fc591,1024,729,"Derek Keats from Johannesburg, South Africa",CC BY 2.0,"https://commons.wikimedia.org/wiki/File:Emperor_Angelfish,_Pomacanthus_imperator_at_Gota_Kebir,_Red_Sea,_Egypt_-SCUBA_(6325520683).jpg",in_situ
Pomacanthus imperator,"File:Emperor Angelfish, Pomacanthus imperator at Shelenyat Reef, Red Sea, Egypt -SCUBA -UNDERWATER -PICTURES (6443170735).jpg",https://upload.wikimedia.org/wikipedia/commons/d/de/Emperor_Angelfish%2C_Pomacanthus_imperator_at_Shelenyat_Reef%2C_Red_Sea%2C_Egypt_-SCUBA_-UNDERWATER_-PICTURES_%286443170735%29.jpg?utm_source=commons.wikimedia.org&utm_campaign=imageinfo&utm_content=original,0878b0e8aef0512dd2526d41416a30a9c577b016,1024,691,"Derek Keats from Johannesburg, South Africa",CC BY 2.0,"https://commons.wikimedia.org/wiki/File:Emperor_Angelfish,_Pomacanthus_imperator_at_Shelenyat_Reef,_Red_Sea,_Egypt_-SCUBA_-UNDERWATER_-PICTURES_(6443170735).jpg",in_situ
Pomacanthus imperator,"File:Emperor Angelfish, Pomacanthus imperator at Gota Abu Ramada, Red Sea, Egypt -SCUBA (6175900690).jpg",https://upload.wikimedia.org/wikipedia/commons/0/09/Emperor_Angelfish%2C_Pomacanthus_imperator_at_Gota_Abu_Ramada%2C_Red_Sea%2C_Egypt_-SCUBA_%286175900690%29.jpg?utm_source=commons.wikimedia.org&utm_campaign=imageinfo&utm_content=original,7728f15302e58067ca3f6908f5b2678017837833,984,768,"Derek Keats from Johannesburg, South Africa",CC BY 2.0,"https://commons.wikimedia.org/wiki/File:Emperor_Angelfish,_Pomacanthus_imperator_at_Gota_Abu_Ramada,_Red_Sea,_Egypt_-SCUBA_(6175900690).jpg",in_situ
Pomacanthus imperator,File:Großer Imperator Kaiserfisch.jpg,https://upload.wikimedia.org/wikipedia/commons/9/93/Gro%C3%9Fer_Imperator_Kaiserfisch.jpg?utm_source=commons.wikimedia.org&utm_campaign=imageinfo&utm_content=original,3fb9c209aa1be5c7e028ce0f94c3cf596c275725,5259,3429,Christian-wittmann-1964,CC BY-SA 4.0,https://commons.wikimedia.org/wiki/File:Gro%C3%9Fer_Imperator_Kaiserfisch.jpg,unknown
Pomacanthus imperator,"File:At Loro Parque, Tenerife 2019 150.jpg",https://upload.wikimedia.org/wikipedia/commons/f/ff/At_Loro_Parque%2C_Tenerife_2019_150.jpg?utm_source=commons.wikimedia.org&utm_campaign=imageinfo&utm_content=original,f8503d639a6e29c334b013918a40a7faa07ad6ca,5184,3456,Photograph by Mike Peel (www.mikepeel.net).,CC BY-SA 4.0,"https://commons.wikimedia.org/wiki/File:At_Loro_Parque,_Tenerife_2019_150.jpg",unknown
Mulloidichthys vanicolensis,File:Yellowfin Goatfishes (Mulloidichthys vanicolensis) (6096548663).jpg,https://upload.wikimedia.org/wikipedia/commons/1/10/Yellowfin_Goatfishes_%28Mulloidichthys_vanicolensis%29_%286096548663%29.jpg?utm_source=commons.wikimedia.org&utm_campaign=imageinfo&utm_content=original,a644862f77d2c53145155c5fdec357633b684f2f,4416,2649,Bernard DUPONT from FRANCE,CC BY-SA 2.0,https://commons.wikimedia.org/wiki/File:Yellowfin_Goatfishes_(Mulloidichthys_vanicolensis)_(6096548663).jpg,in_situ
Mulloidichthys vanicolensis,File:School of snappers and flame goatfish (36237767050).jpg,https://upload.wikimedia.org/wikipedia/commons/0/02/School_of_snappers_and_flame_goatfish_%2836237767050%29.jpg?utm_source=commons.wikimedia.org&utm_campaign=imageinfo&utm_content=original,f50d7d0954fc749333ff3c3e0df169f0c6d64a63,2584,2584,"Derek Keats from Johannesburg, South Africa",CC BY 2.0,https://commons.wikimedia.org/wiki/File:School_of_snappers_and_flame_goatfish_(36237767050).jpg,in_situ
Mulloidichthys vanicolensis,File:Mimic goatfish coral reef Howland Island 2023.png,https://upload.wikimedia.org/wikipedia/commons/6/6c/Mimic_goatfish_coral_reef_Howland_Island_2023.png?utm_source=commons.wikimedia.org&utm_campaign=imageinfo&utm_content=original,73a8cd6eabaa3a2e63df8eea8ebe50989d1f3648,1338,870,NOAA Fisheries/Mia Lamirand,Public domain,https://commons.wikimedia.org/wiki/File:Mimic_goatfish_coral_reef_Howland_Island_2023.png,in_situ
Mulloidichthys vanicolensis,"File:A school and a reef at Fanous East Reef, Red Sea, Egypt -SCUBA -UNDERWATER -PICTURES (6536730533).jpg",https://upload.wikimedia.org/wikipedia/commons/2/2e/A_school_and_a_reef_at_Fanous_East_Reef%2C_Red_Sea%2C_Egypt_-SCUBA_-UNDERWATER_-PICTURES_%286536730533%29.jpg?utm_source=commons.wikimedia.org&utm_campaign=imageinfo&utm_content=original,3c827ec6daf780a76dddd11aa17192b0d486d4e8,1024,768,"Derek Keats from Johannesburg, South Africa",CC BY 2.0,"https://commons.wikimedia.org/wiki/File:A_school_and_a_reef_at_Fanous_East_Reef,_Red_Sea,_Egypt_-SCUBA_-UNDERWATER_-PICTURES_(6536730533).jpg",in_situ
Mulloidichthys vanicolensis,"File:A school and a reef at Fanous East Reef, Red Sea, Egypt -SCUBA -UNDERWATER -PICTURES (6536731033).jpg",https://upload.wikimedia.org/wikipedia/commons/1/1b/A_school_and_a_reef_at_Fanous_East_Reef%2C_Red_Sea%2C_Egypt_-SCUBA_-UNDERWATER_-PICTURES_%286536731033%29.jpg?utm_source=commons.wikimedia.org&utm_campaign=imageinfo&utm_content=original,42235adf38d650788248737eb15be3020264bb19,1024,768,"Derek Keats from Johannesburg, South Africa",CC BY 2.0,"https://commons.wikimedia.org/wiki/File:A_school_and_a_reef_at_Fanous_East_Reef,_Red_Sea,_Egypt_-SCUBA_-UNDERWATER_-PICTURES_(6536731033).jpg",in_situ
Mulloidichthys vanicolensis,"File:School of Flame Goatfish or Yellowfin Goatfish, Mulloidichthys vanicolensis, at Gota Abu Ramada, Red Sea, Egypt -SCUBA (6175906306).jpg",https://upload.wikimedia.org/wikipedia/commons/6/6b/School_of_Flame_Goatfish_or_Yellowfin_Goatfish%2C_Mulloidichthys_vanicolensis%2C_at_Gota_Abu_Ramada%2C_Red_Sea%2C_Egypt_-SCUBA_%286175906306%29.jpg?utm_source=commons.wikimedia.org&utm_campaign=imageinfo&utm_content=original,1ee7cc2224c17dd4af142a6fec0183f76af3150a,1024,768,"Derek Keats from Johannesburg, South Africa",CC BY 2.0,"https://commons.wikimedia.org/wiki/File:School_of_Flame_Goatfish_or_Yellowfin_Goatfish,_Mulloidichthys_vanicolensis,_at_Gota_Abu_Ramada,_Red_Sea,_Egypt_-SCUBA_(6175906306).jpg",in_situ
Mulloidichthys vanicolensis,"File:School of Flame Goatfish or Yellowfin Goatfish, Mulloidichthys vanicolensis at Sataya Reef, Red Sea, Egypt -SCUBA (6395396261).jpg",https://upload.wikimedia.org/wikipedia/commons/6/66/School_of_Flame_Goatfish_or_Yellowfin_Goatfish%2C_Mulloidichthys_vanicolensis_at_Sataya_Reef%2C_Red_Sea%2C_Egypt_-SCUBA_%286395396261%29.jpg?utm_source=commons.wikimedia.org&utm_campaign=imageinfo&utm_content=original,113437668bb5291d368d96d00587c302cbeb5b2d,1024,768,"Derek Keats from Johannesburg, South Africa",CC BY 2.0,"https://commons.wikimedia.org/wiki/File:School_of_Flame_Goatfish_or_Yellowfin_Goatfish,_Mulloidichthys_vanicolensis_at_Sataya_Reef,_Red_Sea,_Egypt_-SCUBA_(6395396261).jpg",in_situ
Mulloidichthys vanicolensis,"File:School of yellow goatfish swimming over German dive boat wreck at at Shaab Marsa Alam, Red Sea, Egypt -SCUBA (6363414185).jpg",https://upload.wikimedia.org/wikipedia/commons/b/b7/School_of_yellow_goatfish_swimming_over_German_dive_boat_wreck_at_at_Shaab_Marsa_Alam%2C_Red_Sea%2C_Egypt_-SCUBA_%286363414185%29.jpg?utm_source=commons.wikimedia.org&utm_campaign=imageinfo&utm_content=original,d6272fe0d4e266454c990e87dbd564a1e275edc6,1024,768,"Derek Keats from Johannesburg, South Africa",CC BY 2.0,"https://commons.wikimedia.org/wiki/File:School_of_yellow_goatfish_swimming_over_German_dive_boat_wreck_at_at_Shaab_Marsa_Alam,_Red_Sea,_Egypt_-SCUBA_(6363414185).jpg",in_situ
Mulloidichthys vanicolensis,"File:School of Flame Goatfish or Yellowfin Goatfish, Mulloidichthys vanicolensis at Marsa Shouna, Red Sea, Egypt -SCUBA (6234309581).jpg",https://upload.wikimedia.org/wikipedia/commons/5/58/School_of_Flame_Goatfish_or_Yellowfin_Goatfish%2C_Mulloidichthys_vanicolensis_at_Marsa_Shouna%2C_Red_Sea%2C_Egypt_-SCUBA_%286234309581%29.jpg?utm_source=commons.wikimedia.org&utm_campaign=imageinfo&utm_content=original,a3097dec1ad25e0d0c9bddadbd0c3116f0f50176,576,768,"Derek Keats from Johannesburg, South Africa",CC BY 2.0,"https://commons.wikimedia.org/wiki/File:School_of_Flame_Goatfish_or_Yellowfin_Goatfish,_Mulloidichthys_vanicolensis_at_Marsa_Shouna,_Red_Sea,_Egypt_-SCUBA_(6234309581).jpg",in_situ
Mulloidichthys vanicolensis,"File:School of Flame Goatfish or Yellowfin Goatfish, Mulloidichthys vanicolensis at Sataya Reef, Red Sea, Egypt -SCUBA (6395394881).jpg",https://upload.wikimedia.org/wikipedia/commons/2/23/School_of_Flame_Goatfish_or_Yellowfin_Goatfish%2C_Mulloidichthys_vanicolensis_at_Sataya_Reef%2C_Red_Sea%2C_Egypt_-SCUBA_%286395394881%29.jpg?utm_source=commons.wikimedia.org&utm_campaign=imageinfo&utm_content=original,cd05498b72ef7689754f40447a91a3895f1f9f1c,576,768,"Derek Keats from Johannesburg, South Africa",CC BY 2.0,"https://commons.wikimedia.org/wiki/File:School_of_Flame_Goatfish_or_Yellowfin_Goatfish,_Mulloidichthys_vanicolensis_at_Sataya_Reef,_Red_Sea,_Egypt_-SCUBA_(6395394881).jpg",in_situ
Mulloidichthys vanicolensis,"File:School of Flame Goatfish or Yellowfin Goatfish, Mulloidichthys vanicolensis at Sataya Reef, Red Sea, Egypt -SCUBA (6395395469).jpg",https://upload.wikimedia.org/wikipedia/commons/5/52/School_of_Flame_Goatfish_or_Yellowfin_Goatfish%2C_Mulloidichthys_vanicolensis_at_Sataya_Reef%2C_Red_Sea%2C_Egypt_-SCUBA_%286395395469%29.jpg?utm_source=commons.wikimedia.org&utm_campaign=imageinfo&utm_content=original,5da11e5b343116fb5d538bd3c76ef001c969b86d,576,768,"Derek Keats from Johannesburg, South Africa",CC BY 2.0,"https://commons.wikimedia.org/wiki/File:School_of_Flame_Goatfish_or_Yellowfin_Goatfish,_Mulloidichthys_vanicolensis_at_Sataya_Reef,_Red_Sea,_Egypt_-SCUBA_(6395395469).jpg",in_situ
Mulloidichthys vanicolensis,"File:Grupo de chivos de aleta amarilla (Mulloidichthys vanicolensis), Zanzíbar, Tanzania, 2024-05-31, DD 40.jpg",https://upload.wikimedia.org/wikipedia/commons/d/d8/Grupo_de_chivos_de_aleta_amarilla_%28Mulloidichthys_vanicolensis%29%2C_Zanz%C3%ADbar%2C_Tanzania%2C_2024-05-31%2C_DD_40.jpg?utm_source=commons.wikimedia.org&utm_campaign=imageinfo&utm_content=original,5354698b23fca3a53dc2e3c0f1d4a456e1bb3de7,8688,5792,Diego Delso,CC BY-SA 4.0,"https://commons.wikimedia.org/wiki/File:Grupo_de_chivos_de_aleta_amarilla_(Mulloidichthys_vanicolensis),_Zanz%C3%ADbar,_Tanzania,_2024-05-31,_DD_40.jpg",unknown
Dasyatis lata,File:Red stingray@Hawaii.JPG,https://upload.wikimedia.org/wikipedia/commons/1/14/Red_stingray%40Hawaii.JPG?utm_source=commons.wikimedia.org&utm_campaign=imageinfo&utm_content=original,60ef67bdf671d6cbcf9c67ad1c72d46f1906629d,4000,3000,小野 優太,CC BY-SA 4.0,https://commons.wikimedia.org/wiki/File:Red_stingray@Hawaii.JPG,unknown
Dasyatis lata,File:Maui stingray.jpg,https://upload.wikimedia.org/wikipedia/commons/b/bd/Maui_stingray.jpg?utm_source=commons.wikimedia.org&utm_campaign=imageinfo&utm_content=original,eb366a444f4d9602df56cd70cc3e84533933c76b,3872,2592,Bill Abbott,CC BY-SA 2.0,https://commons.wikimedia.org/wiki/File:Maui_stingray.jpg,unknown
Dasyatis lata,File:Maui stingray5.jpg,https://upload.wikimedia.org/wikipedia/commons/2/2d/Maui_stingray5.jpg?utm_source=commons.wikimedia.org&utm_campaign=imageinfo&utm_content=original,0b90bf28b4c278ae0aece14d5d42b615a9b61147,3456,2298,"D'Arcy Norman from Calgary, Canada",CC BY 2.0,https://commons.wikimedia.org/wiki/File:Maui_stingray5.jpg,unknown
Dasyatis lata,File:Dasyatis lata maui.jpg,https://upload.wikimedia.org/wikipedia/commons/1/1e/Dasyatis_lata_maui.jpg?utm_source=commons.wikimedia.org&utm_campaign=imageinfo&utm_content=original,e5f2fef82b72180bf3b553487e5847418d50142a,3072,2304,"Claire Fackler, NOAA National Marine Sanctuaries",Public domain,https://commons.wikimedia.org/wiki/File:Dasyatis_lata_maui.jpg,unknown
Dasyatis lata,File:Maui stingray4.jpg,https://upload.wikimedia.org/wikipedia/commons/a/a6/Maui_stingray4.jpg?utm_source=commons.wikimedia.org&utm_campaign=imageinfo&utm_content=original,45490a5292b34a62ff1dc510affb347646a3cf37,3008,2000,"Eric Chan from Hollywood, United States",CC BY 2.0,https://commons.wikimedia.org/wiki/File:Maui_stingray4.jpg,unknown
Dasyatis lata,"File:Manuscript of Henry Weed Fowler on the fishes of the Philippines, unpublished, circa 1930-1941 (IA manuscripthenry00fowlea).pdf",https://upload.wikimedia.org/wikipedia/commons/a/a6/Manuscript_of_Henry_Weed_Fowler_on_the_fishes_of_the_Philippines%2C_unpublished%2C_circa_1930-1941_%28IA_manuscripthenry00fowlea%29.pdf?utm_source=commons.wikimedia.org&utm_campaign=imageinfo&utm_content=original,00379c967b2a801420cfcebc22ef233d0033df00,2691,3418,"Fowler, Henry Weed, 1878-1965",Public domain,"https://commons.wikimedia.org/wiki/File:Manuscript_of_Henry_Weed_Fowler_on_the_fishes_of_the_Philippines,_unpublished,_circa_1930-1941_(IA_manuscripthenry00fowlea).pdf",unknown
Dasyatis lata,File:Dasyatis lata kona.jpg,https://upload.wikimedia.org/wikipedia/commons/4/4a/Dasyatis_lata_kona.jpg?utm_source=commons.wikimedia.org&utm_campaign=imageinfo&utm_content=original,bac633cf2a960ca992052dd3eb1fde4a67d8b67c,2146,1852,"Steve Jurvetson from Menlo Park, USA",CC BY 2.0,https://commons.wikimedia.org/wiki/File:Dasyatis_lata_kona.jpg,unknown
Dasyatis lata,File:Dasyatis lata kona2.jpg,https://upload.wikimedia.org/wikipedia/commons/d/d7/Dasyatis_lata_kona2.jpg?utm_source=commons.wikimedia.org&utm_campaign=imageinfo&utm_content=original,2e929f119ad2b54071e084b44db29f2388ee2a24,2122,1920,"Steve Jurvetson from Menlo Park, USA",CC BY 2.0,https://commons.wikimedia.org/wiki/File:Dasyatis_lata_kona2.jpg,unknown
Dasyatis lata,File:Dasyatis lata oahu.jpg,https://upload.wikimedia.org/wikipedia/commons/0/0e/Dasyatis_lata_oahu.jpg?utm_source=commons.wikimedia.org&utm_campaign=imageinfo&utm_content=original,7a397a6a7f4f5f46c0d987100f419202d7a684d8,2119,1589,"Ratha Grimes from Seattle, WA, United States",CC BY 2.0,https://commons.wikimedia.org/wiki/File:Dasyatis_lata_oahu.jpg,unknown
Dasyatis lata,File:Maui stingray2.jpg,https://upload.wikimedia.org/wikipedia/commons/5/56/Maui_stingray2.jpg?utm_source=commons.wikimedia.org&utm_campaign=imageinfo&utm_content=original,523da39a9aa25aa907072ca33335f0deab222a4d,1280,851,Rachel Haller,CC BY 2.0,https://commons.wikimedia.org/wiki/File:Maui_stingray2.jpg,unknown
Dasyatis lata,File:Maui stingray3.jpg,https://upload.wikimedia.org/wikipedia/commons/2/2a/Maui_stingray3.jpg?utm_source=commons.wikimedia.org&utm_campaign=imageinfo&utm_content=original,63b9036e63ba7e41cf9e6cf254e2b149e30f83a3,1280,851,Rachel Haller,CC BY 2.0,https://commons.wikimedia.org/wiki/File:Maui_stingray3.jpg,unknown
Dasyatis lata,"File:FMIB 41015 Dasyatis sciera Jenkins, new species Type.jpeg",https://upload.wikimedia.org/wikipedia/commons/a/a8/FMIB_41015_Dasyatis_sciera_Jenkins%2C_new_species_Type.jpeg?utm_source=commons.wikimedia.org&utm_campaign=imageinfo&utm_content=original,17b744bb88b7d3b06b3e40bf8c1f899d24fe986d,955,1163,Oliver Peebles Jenkins,Public domain,"https://commons.wikimedia.org/wiki/File:FMIB_41015_Dasyatis_sciera_Jenkins,_new_species_Type.jpeg",unknown
Thalassoma hardwicke,File:Thalassoma hardwicke.jpg,https://upload.wikimedia.org/wikipedia/commons/7/7f/Thalassoma_hardwicke.jpg?utm_source=commons.wikimedia.org&utm_campaign=imageinfo&utm_content=original,76f55e9285d072ebc0fb960870160aeafcdeb259,2192,1576,Leonard Low from Australia,CC BY 2.0,https://commons.wikimedia.org/wiki/File:Thalassoma_hardwicke.jpg,in_situ
Thalassoma hardwicke,File:Maldives (15227202877).jpg,https://upload.wikimedia.org/wikipedia/commons/b/b7/Maldives_%2815227202877%29.jpg?utm_source=commons.wikimedia.org&utm_campaign=imageinfo&utm_content=original,0a638122fc2fd73ad9ddf9b627056121acc9d980,4608,2592,Laika ac from UK,CC BY-SA 2.0,https://commons.wikimedia.org/wiki/File:Maldives_(15227202877).jpg,unknown
Thalassoma hardwicke,File:Maldives (15413409602).jpg,https://upload.wikimedia.org/wikipedia/commons/6/6e/Maldives_%2815413409602%29.jpg?utm_source=commons.wikimedia.org&utm_campaign=imageinfo&utm_content=original,9878b48f18687892090df6dd4a03be7b8ee2c52e,4608,2592,Laika ac from UK,CC BY-SA 2.0,https://commons.wikimedia.org/wiki/File:Maldives_(15413409602).jpg,unknown
Thalassoma hardwicke,File:Thalassoma hardwicke 1.jpg,https://upload.wikimedia.org/wikipedia/commons/6/69/Thalassoma_hardwicke_1.jpg?utm_source=commons.wikimedia.org&utm_campaign=imageinfo&utm_content=original,71bb22674acc420cc80759cb3a41b66b15a38676,4000,3000,Henry Bush,CC BY 2.0,https://commons.wikimedia.org/wiki/File:Thalassoma_hardwicke_1.jpg,unknown
Thalassoma hardwicke,File:クマノミ1209.jpg,https://upload.wikimedia.org/wikipedia/commons/c/cd/%E3%82%AF%E3%83%9E%E3%83%8E%E3%83%9F1209.jpg?utm_source=commons.wikimedia.org&utm_campaign=imageinfo&utm_content=original,647bfc63b323efb27b533373532d70ccde72ca0e,4000,3000,mariemon at Japanese Wikipedia,CC BY 3.0,https://commons.wikimedia.org/wiki/File:%E3%82%AF%E3%83%9E%E3%83%8E%E3%83%9F1209.jpg,unknown
Thalassoma hardwicke,File:Sixbar wrasse (Thalassoma hardwicke) (46196858985).jpg,https://upload.wikimedia.org/wikipedia/commons/f/fe/Sixbar_wrasse_%28Thalassoma_hardwicke%29_%2846196858985%29.jpg?utm_source=commons.wikimedia.org&utm_campaign=imageinfo&utm_content=original,13ce4eede4d4dbbc4dc49490296b71ef67aef361,2797,2098,Rickard Zerpe,CC BY 2.0,https://commons.wikimedia.org/wiki/File:Sixbar_wrasse_(Thalassoma_hardwicke)_(46196858985).jpg,unknown
Thalassoma hardwicke,File:Chromis quindecim-aculeatus - 1798-1876 - Print - Iconographia Zoologica - Special Collections University of Amsterdam - UBA01 IZ14000058.tif,https://upload.wikimedia.org/wikipedia/commons/3/35/Chromis_quindecim-aculeatus_-_1798-1876_-_Print_-_Iconographia_Zoologica_-_Special_Collections_University_of_Amsterdam_-_UBA01_IZ14000058.tif?utm_source=commons.wikimedia.org&utm_campaign=imageinfo&utm_content=original,393b1c1bb99a751d697a6f71049a430fb0debef6,2552,3298,,Public domain,https://commons.wikimedia.org/wiki/File:Chromis_quindecim-aculeatus_-_1798-1876_-_Print_-_Iconographia_Zoologica_-_Special_Collections_University_of_Amsterdam_-_UBA01_IZ14000058.tif,unknown
Thalassoma hardwicke,File:Sixbar wrasse (Thalassoma hardwicke) (46196858985) (cropped).jpg,https://upload.wikimedia.org/wikipedia/commons/a/a5/Sixbar_wrasse_%28Thalassoma_hardwicke%29_%2846196858985%29_%28cropped%29.jpg?utm_source=commons.wikimedia.org&utm_campaign=imageinfo&utm_content=original,f870e6a5e65652658d57336358fb32a37006196f,2507,1202,Rickard Zerpe,CC BY 2.0,https://commons.wikimedia.org/wiki/File:Sixbar_wrasse_(Thalassoma_hardwicke)_(46196858985)_(cropped).jpg,unknown
Thalassoma hardwicke,File:Sixbar wrasse (Thalassoma hardwicke) (38692761080).jpg,https://upload.wikimedia.org/wikipedia/commons/a/a9/Sixbar_wrasse_%28Thalassoma_hardwicke%29_%2838692761080%29.jpg?utm_source=commons.wikimedia.org&utm_campaign=imageinfo&utm_content=original,44f4df2b0764e05a2c018b4c81b8ce627b8ad0c9,2381,1786,Rickard Zerpe,CC BY 2.0,https://commons.wikimedia.org/wiki/File:Sixbar_wrasse_(Thalassoma_hardwicke)_(38692761080).jpg,unknown
Thalassoma hardwicke,File:Plectroglyphidodon leucozona 89070271.jpg,https://upload.wikimedia.org/wikipedia/commons/b/bf/Plectroglyphidodon_leucozona_89070271.jpg?utm_source=commons.wikimedia.org&utm_campaign=imageinfo&utm_content=original,7dfa267772afa4cd68eeba916aace8dcec5501bc,2048,1536,呂一起(Lu i-chi),CC BY 4.0,https://commons.wikimedia.org/wiki/File:Plectroglyphidodon_leucozona_89070271.jpg,unknown
Thalassoma hardwicke,File:Plectroglyphidodon leucozona 89070604.jpg,https://upload.wikimedia.org/wikipedia/commons/1/12/Plectroglyphidodon_leucozona_89070604.jpg?utm_source=commons.wikimedia.org&utm_campaign=imageinfo&utm_content=original,7ec3a296ff8799f240cf5340f7747c95d3c3e5a9,2048,1536,呂一起(Lu i-chi),CC BY 4.0,https://commons.wikimedia.org/wiki/File:Plectroglyphidodon_leucozona_89070604.jpg,unknown
Thalassoma hardwicke,File:Sixbar wrasse from the Philipinnrs.jpg,https://upload.wikimedia.org/wikipedia/commons/b/b9/Sixbar_wrasse_from_the_Philipinnrs.jpg?utm_source=commons.wikimedia.org&utm_campaign=imageinfo&utm_content=original,8f967b79c7886beb38cbb71e5d6188f8323948d4,2048,1147,Ronavni,CC BY-SA 4.0,https://commons.wikimedia.org/wiki/File:Sixbar_wrasse_from_the_Philipinnrs.jpg,unknown
Naso hexacanthus,File:Nason gris (Naso hexacanthus) (Ifremer 00535-64684).jpg,https://upload.wikimedia.org/wikipedia/commons/a/af/Nason_gris_%28Naso_hexacanthus%29_%28Ifremer_00535-64684%29.jpg?utm_source=commons.wikimedia.org&utm_campaign=imageinfo&utm_content=original,4625cd1269b555974af676af2d4da00e1110f008,3072,2048,Marc Taquet,CC BY 4.0,https://commons.wikimedia.org/wiki/File:Nason_gris_(Naso_hexacanthus)_(Ifremer_00535-64684).jpg,in_situ
Naso hexacanthus,"File:Pez unicornio (Naso hexacanthus), mar Rojo, Egipto, 2023-04-15, DD 137.jpg",https://upload.wikimedia.org/wikipedia/commons/1/12/Pez_unicornio_%28Naso_hexacanthus%29%2C_mar_Rojo%2C_Egipto%2C_2023-04-15%2C_DD_137.jpg?utm_source=commons.wikimedia.org&utm_campaign=imageinfo&utm_content=original,6be08d33c7b8782bf7976ddb46c7995bf71137b9,6263,4175,Diego Delso,CC BY-SA 4.0,"https://commons.wikimedia.org/wiki/File:Pez_unicornio_(Naso_hexacanthus),_mar_Rojo,_Egipto,_2023-04-15,_DD_137.jpg",unknown
Naso hexacanthus,"File:Pez unicornio (Naso hexacanthus), Mauricio, 2025-09-23, DD 34.jpg",https://upload.wikimedia.org/wikipedia/commons/5/53/Pez_unicornio_%28Naso_hexacanthus%29%2C_Mauricio%2C_2025-09-23%2C_DD_34.jpg?utm_source=commons.wikimedia.org&utm_campaign=imageinfo&utm_content=original,eb4c6f22f9cd4562d4f0da1511cf743950a582da,5349,3566,Diego Delso,CC BY-SA 4.0,"https://commons.wikimedia.org/wiki/File:Pez_unicornio_(Naso_hexacanthus),_Mauricio,_2025-09-23,_DD_34.jpg",unknown
Naso hexacanthus,File:Sleek Unicornfish (Naso hexacanthus) (6088660063).jpg,https://upload.wikimedia.org/wikipedia/commons/d/d3/Sleek_Unicornfish_%28Naso_hexacanthus%29_%286088660063%29.jpg?utm_source=commons.wikimedia.org&utm_campaign=imageinfo&utm_content=original,2e11828a7a10f17461edaad9fc20f2a601a4cd63,4416,2649,Bernard DUPONT from FRANCE,CC BY-SA 2.0,https://commons.wikimedia.org/wiki/File:Sleek_Unicornfish_(Naso_hexacanthus)_(6088660063).jpg,unknown
Naso hexacanthus,File:Naso vlamingii DMM.jpg,https://upload.wikimedia.org/wikipedia/commons/9/9f/Naso_vlamingii_DMM.jpg?utm_source=commons.wikimedia.org&utm_campaign=imageinfo&utm_content=original,a1954ebcaf796b7c45e38c108e2c0be9b76695e9,4032,2102,Totti,CC BY-SA 4.0,https://commons.wikimedia.org/wiki/File:Naso_vlamingii_DMM.jpg,unknown
Naso hexacanthus,"File:Maldives sleek unicornfish, Naso hexacanthus.jpg",https://upload.wikimedia.org/wikipedia/commons/5/5e/Maldives_sleek_unicornfish%2C_Naso_hexacanthus.jpg?utm_source=commons.wikimedia.org&utm_campaign=imageinfo&utm_content=original,ca5a0e492b0be41b2aa68d301072510b3748cac8,3072,2304,Uxbona,CC BY-SA 3.0,"https://commons.wikimedia.org/wiki/File:Maldives_sleek_unicornfish,_Naso_hexacanthus.jpg",unknown
Naso hexacanthus,File:Siganus corallinus Brest.jpg,https://upload.wikimedia.org/wikipedia/commons/3/35/Siganus_corallinus_Brest.jpg?utm_source=commons.wikimedia.org&utm_campaign=imageinfo&utm_content=original,a0512ce06bbcc84298ea34b96586c20ccb708e73,3000,1769,"This illustration was made by Citron
You must credit this : Citron / CC-BY-SA-3.0",CC BY-SA 3.0,https://commons.wikimedia.org/wiki/File:Siganus_corallinus_Brest.jpg,unknown
Naso hexacanthus,File:Sleek unicornfish (Naso hexacanthus) (33903654298).jpg,https://upload.wikimedia.org/wikipedia/commons/3/33/Sleek_unicornfish_%28Naso_hexacanthus%29_%2833903654298%29.jpg?utm_source=commons.wikimedia.org&utm_campaign=imageinfo&utm_content=original,8fe7bd4db9eccfcb8ae765059f1ed51e89c5a623,2992,2244,Rickard Zerpe,CC BY 2.0,https://commons.wikimedia.org/wiki/File:Sleek_unicornfish_(Naso_hexacanthus)_(33903654298).jpg,unknown
Naso hexacanthus,File:Nason (Naso hexacanthus) (Ifremer 00761-87347).jpg,https://upload.wikimedia.org/wikipedia/commons/e/e4/Nason_%28Naso_hexacanthus%29_%28Ifremer_00761-87347%29.jpg?utm_source=commons.wikimedia.org&utm_campaign=imageinfo&utm_content=original,68574a2b28fb339cf02b8adeed0d18052cbc53d7,2560,1536,Fanchon Varenne,CC BY 4.0,https://commons.wikimedia.org/wiki/File:Nason_(Naso_hexacanthus)_(Ifremer_00761-87347).jpg,unknown
Naso hexacanthus,File:Naso hexacanthus Maldives.JPG,https://upload.wikimedia.org/wikipedia/commons/2/2c/Naso_hexacanthus_Maldives.JPG?utm_source=commons.wikimedia.org&utm_campaign=imageinfo&utm_content=original,63fefc0be437ed43d158bdf4dc61aebbe71fa762,2474,1856,Ahmed Abdul Rahman for MDC Seamarc Maldives,CC BY-SA 4.0,https://commons.wikimedia.org/wiki/File:Naso_hexacanthus_Maldives.JPG,unknown
Naso hexacanthus,"File:Sleek Unicornfish, Anantara Kihavah-huravalhi, house reef, Baa Atoll, Maldives imported from iNaturalist photo 295997552.jpg",https://upload.wikimedia.org/wikipedia/commons/1/1f/Sleek_Unicornfish%2C_Anantara_Kihavah-huravalhi%2C_house_reef%2C_Baa_Atoll%2C_Maldives_imported_from_iNaturalist_photo_295997552.jpg?utm_source=commons.wikimedia.org&utm_campaign=imageinfo&utm_content=original,c73551c2a5b9deff3e093aa1095aa74d7cc7baf7,2048,1536,"(c) Storm Martin, some rights reserved (CC BY)",CC BY 4.0,"https://commons.wikimedia.org/wiki/File:Sleek_Unicornfish,_Anantara_Kihavah-huravalhi,_house_reef,_Baa_Atoll,_Maldives_imported_from_iNaturalist_photo_295997552.jpg",unknown
Naso hexacanthus,"File:Sleek Unicornfish, Baa Atoll, Maldives imported from iNaturalist photo 261418626.jpg",https://upload.wikimedia.org/wikipedia/commons/f/f4/Sleek_Unicornfish%2C_Baa_Atoll%2C_Maldives_imported_from_iNaturalist_photo_261418626.jpg?utm_source=commons.wikimedia.org&utm_campaign=imageinfo&utm_content=original,2017c3368439ad31a00ed95856bd181e23bcbbf4,2048,1365,"(c) Darren Obbard, some rights reserved (CC BY)",CC BY 4.0,"https://commons.wikimedia.org/wiki/File:Sleek_Unicornfish,_Baa_Atoll,_Maldives_imported_from_iNaturalist_photo_261418626.jpg",unknown
Fistularia commersonii,File:Bluespotted cornetfish (Fistularia commersonii) (35635864536).jpg,https://upload.wikimedia.org/wikipedia/commons/7/7d/Bluespotted_cornetfish_%28Fistularia_commersonii%29_%2835635864536%29.jpg?utm_source=commons.wikimedia.org&utm_campaign=imageinfo&utm_content=original,a775f2edc19d9963facc6841283ef307f108f45a,3073,2305,Rickard Zerpe,CC BY 2.0,https://commons.wikimedia.org/wiki/File:Bluespotted_cornetfish_(Fistularia_commersonii)_(35635864536).jpg,in_situ
Fistularia commersonii,"File:Bluespotted Cornetfish, Fistularia commersonii - also known as the Smooth Flutemouth - at Little Brother, Red Sea, Egypt (SCUBA).jpg",https://upload.wikimedia.org/wikipedia/commons/4/45/Bluespotted_Cornetfish%2C_Fistularia_commersonii_-_also_known_as_the_Smooth_Flutemouth_-_at_Little_Brother%2C_Red_Sea%2C_Egypt_%28SCUBA%29.jpg?utm_source=commons.wikimedia.org&utm_campaign=imageinfo&utm_content=original,964c5d5a80765c38bb89dd889c2923b695daa19d,1024,768,Derek Keats,CC BY-SA 2.0,"https://commons.wikimedia.org/wiki/File:Bluespotted_Cornetfish,_Fistularia_commersonii_-_also_known_as_the_Smooth_Flutemouth_-_at_Little_Brother,_Red_Sea,_Egypt_(SCUBA).jpg",in_situ
Fistularia commersonii,"File:Coronet fish, roma, wakatobi, 2018 (44900248345).jpg",https://upload.wikimedia.org/wikipedia/commons/2/2f/Coronet_fish%2C_roma%2C_wakatobi%2C_2018_%2844900248345%29.jpg?utm_source=commons.wikimedia.org&utm_campaign=imageinfo&utm_content=original,be6acf5daf8205340304475916b9277ea965a559,4509,3006,q phia,CC BY 2.0,"https://commons.wikimedia.org/wiki/File:Coronet_fish,_roma,_wakatobi,_2018_(44900248345).jpg",unknown
Fistularia commersonii,File:Fish Species brackish Water of Gold Rock Creek The Lucayan National Park of the Bahamas in Grand Bahama.jpg,https://upload.wikimedia.org/wikipedia/commons/f/f0/Fish_Species_brackish_Water_of_Gold_Rock_Creek_The_Lucayan_National_Park_of_the_Bahamas_in_Grand_Bahama.jpg?utm_source=commons.wikimedia.org&utm_campaign=imageinfo&utm_content=original,6dcd6d8a4c01dd92362420f5c77b82196dd3bc55,4320,3240,EgorovaSvetlana,CC BY-SA 4.0,https://commons.wikimedia.org/wiki/File:Fish_Species_brackish_Water_of_Gold_Rock_Creek_The_Lucayan_National_Park_of_the_Bahamas_in_Grand_Bahama.jpg,unknown
Fistularia commersonii,File:Cornet fish.jpg,https://upload.wikimedia.org/wikipedia/commons/e/ea/Cornet_fish.jpg?utm_source=commons.wikimedia.org&utm_campaign=imageinfo&utm_content=original,d634631cf110242b74ee1fcc99844ceadc42c465,3361,2521,Vicmicallef,CC BY-SA 4.0,https://commons.wikimedia.org/wiki/File:Cornet_fish.jpg,unknown
Fistularia commersonii,File:Bluespotted cornetfish (Fistularia commersonii).jpg,https://upload.wikimedia.org/wikipedia/commons/d/d5/Bluespotted_cornetfish_%28Fistularia_commersonii%29.jpg?utm_source=commons.wikimedia.org&utm_campaign=imageinfo&utm_content=original,1894e939e1904a18aad5df72bcb182859859c679,3292,2469,Rickard Zerpe,CC BY 2.0,https://commons.wikimedia.org/wiki/File:Bluespotted_cornetfish_(Fistularia_commersonii).jpg,unknown
Fistularia commersonii,File:Bluespotted Cornetfish (Fistularia commersonii) (8468402350).jpg,https://upload.wikimedia.org/wikipedia/commons/1/1a/Bluespotted_Cornetfish_%28Fistularia_commersonii%29_%288468402350%29.jpg?utm_source=commons.wikimedia.org&utm_campaign=imageinfo&utm_content=original,ba5d1e5e7eddac955f7352c0c80f2475ea114162,2935,1761,Bernard DUPONT from FRANCE,CC BY-SA 2.0,https://commons.wikimedia.org/wiki/File:Bluespotted_Cornetfish_(Fistularia_commersonii)_(8468402350).jpg,unknown
Fistularia commersonii,File:Bluespotted cornetfish (Fistularia commersonii) (44715966792).jpg,https://upload.wikimedia.org/wikipedia/commons/4/45/Bluespotted_cornetfish_%28Fistularia_commersonii%29_%2844715966792%29.jpg?utm_source=commons.wikimedia.org&utm_campaign=imageinfo&utm_content=original,6fd4cc5661d5a58c5ec9dfc3c6df363510cf10d9,2181,1636,Rickard Zerpe,CC BY 2.0,https://commons.wikimedia.org/wiki/File:Bluespotted_cornetfish_(Fistularia_commersonii)_(44715966792).jpg,unknown
Fistularia commersonii,File:Bluespotted Cornetfish imported from iNaturalist photo 420773548 on 22 August 2024.jpg,https://upload.wikimedia.org/wikipedia/commons/d/d4/Bluespotted_Cornetfish_imported_from_iNaturalist_photo_420773548_on_22_August_2024.jpg?utm_source=commons.wikimedia.org&utm_campaign=imageinfo&utm_content=original,c4a1266c1c84674d5fe47ebc2cbe92caa4c16892,2048,768,no rights reserved,CC0,https://commons.wikimedia.org/wiki/File:Bluespotted_Cornetfish_imported_from_iNaturalist_photo_420773548_on_22_August_2024.jpg,unknown
Fistularia commersonii,File:Fistularia commersonii 425966897.jpg,https://upload.wikimedia.org/wikipedia/commons/d/d8/Fistularia_commersonii_425966897.jpg?utm_source=commons.wikimedia.org&utm_campaign=imageinfo&utm_content=original,5bdb779e609861aea469d11f89116bde88e31637,2048,1536,呂一起(Lu i-chi),CC BY 4.0,https://commons.wikimedia.org/wiki/File:Fistularia_commersonii_425966897.jpg,unknown
Fistularia commersonii,File:Fistularia commersonii 425966935.jpg,https://upload.wikimedia.org/wikipedia/commons/6/6f/Fistularia_commersonii_425966935.jpg?utm_source=commons.wikimedia.org&utm_campaign=imageinfo&utm_content=original,71058e4c8347685078bcbbc0f857e628b0d25986,2048,1536,呂一起(Lu i-chi),CC BY 4.0,https://commons.wikimedia.org/wiki/File:Fistularia_commersonii_425966935.jpg,unknown
Fistularia commersonii,File:Fistularia commersonii 426925726.jpg,https://upload.wikimedia.org/wikipedia/commons/6/6c/Fistularia_commersonii_426925726.jpg?utm_source=commons.wikimedia.org&utm_campaign=imageinfo&utm_content=original,595de6e2613d1e033a6c7533aecf61cb260b1fda,2048,1536,Eleftherios Katsillis,CC BY 4.0,https://commons.wikimedia.org/wiki/File:Fistularia_commersonii_426925726.jpg,unknown
Chaetodon auriga,File:Corl0223 (27327843543).jpg,https://upload.wikimedia.org/wikipedia/commons/3/36/Corl0223_%2827327843543%29.jpg?utm_source=commons.wikimedia.org&utm_campaign=imageinfo&utm_content=original,5f8a37de8c7521c5b9c96afbc17f3d5d57889530,4000,2248,NOAA Photo Library,Public domain,https://commons.wikimedia.org/wiki/File:Corl0223_(27327843543).jpg,in_situ
Chaetodon auriga,File:Port Ghalib march 2006-0175.jpg,https://upload.wikimedia.org/wikipedia/commons/3/38/Port_Ghalib_march_2006-0175.jpg?utm_source=commons.wikimedia.org&utm_campaign=imageinfo&utm_content=original,e9b6ab4f8f1dd7fae3b04555cb0cb03d7361c070,3264,2448,J. Hutsch,CC BY-SA 3.0,https://commons.wikimedia.org/wiki/File:Port_Ghalib_march_2006-0175.jpg,in_situ
Chaetodon auriga,"File:Butterfly Fish, reef near Shedwan resort - panoramio.jpg",https://upload.wikimedia.org/wikipedia/commons/2/24/Butterfly_Fish%2C_reef_near_Shedwan_resort_-_panoramio.jpg?utm_source=commons.wikimedia.org&utm_campaign=imageinfo&utm_content=original,561934da42ce07109bf335a3ef8d36dc6d8962ac,2816,2112,Андрей Куполов,CC BY 3.0,"https://commons.wikimedia.org/wiki/File:Butterfly_Fish,_reef_near_Shedwan_resort_-_panoramio.jpg",in_situ
Chaetodon auriga,File:An underwater shot of a reef.jpg,https://upload.wikimedia.org/wikipedia/commons/7/79/An_underwater_shot_of_a_reef.jpg?utm_source=commons.wikimedia.org&utm_campaign=imageinfo&utm_content=original,9633b9ea780c86c5d64b44af611d4f1a7d753d00,1536,2048,"Youngren Sarah, U.S. Fish and Wildlife Service",Public domain,https://commons.wikimedia.org/wiki/File:An_underwater_shot_of_a_reef.jpg,in_situ
Chaetodon auriga,File:Bep chaetodon auriga pemba.jpg,https://upload.wikimedia.org/wikipedia/commons/c/ca/Bep_chaetodon_auriga_pemba.jpg?utm_source=commons.wikimedia.org&utm_campaign=imageinfo&utm_content=original,bc82164b0f04121db8a0a99baadd5ad55218545b,1024,768,Bernard E. Picton BernardP,CC BY-SA 4.0,https://commons.wikimedia.org/wiki/File:Bep_chaetodon_auriga_pemba.jpg,in_situ
Chaetodon auriga,File:Pacific double-saddle butterflyfish (Chaetodon ulietensis) and other Chaetodon Moorea.jpg,https://upload.wikimedia.org/wikipedia/commons/5/52/Pacific_double-saddle_butterflyfish_%28Chaetodon_ulietensis%29_and_other_Chaetodon_Moorea.jpg?utm_source=commons.wikimedia.org&utm_campaign=imageinfo&utm_content=original,df1c78560e8748dce950dfdf0cd128a1ef99ea18,8190,5462,Charles J. Sharp,CC BY-SA 4.0,https://commons.wikimedia.org/wiki/File:Pacific_double-saddle_butterflyfish_(Chaetodon_ulietensis)_and_other_Chaetodon_Moorea.jpg,unknown
Chaetodon auriga,File:Lisboa Oceanário (10000836714).jpg,https://upload.wikimedia.org/wikipedia/commons/9/97/Lisboa_Ocean%C3%A1rio_%2810000836714%29.jpg?utm_source=commons.wikimedia.org&utm_campaign=imageinfo&utm_content=original,5afb4f6366c90fb51c3f66b563834540ccecdb90,5184,3456,Bobo Boom,CC BY 2.0,https://commons.wikimedia.org/wiki/File:Lisboa_Ocean%C3%A1rio_(10000836714).jpg,unknown
Chaetodon auriga,File:Lisboa Oceanário (10001016813).jpg,https://upload.wikimedia.org/wikipedia/commons/3/39/Lisboa_Ocean%C3%A1rio_%2810001016813%29.jpg?utm_source=commons.wikimedia.org&utm_campaign=imageinfo&utm_content=original,b70caf4f66d0bd3e9316fa1fb805fc5bcfe4b8ef,5184,3456,Bobo Boom,CC BY 2.0,https://commons.wikimedia.org/wiki/File:Lisboa_Ocean%C3%A1rio_(10001016813).jpg,unknown
Chaetodon auriga,File:Chaetodon auriga at El Gouna Aquarium by Hatem Moushir 1.JPG,https://upload.wikimedia.org/wikipedia/commons/3/30/Chaetodon_auriga_at_El_Gouna_Aquarium_by_Hatem_Moushir_1.JPG?utm_source=commons.wikimedia.org&utm_campaign=imageinfo&utm_content=original,6997cfc08ae8f05210c75ea6866fcd73a2054402,4928,3264,Hatem Moushir,CC BY-SA 4.0,https://commons.wikimedia.org/wiki/File:Chaetodon_auriga_at_El_Gouna_Aquarium_by_Hatem_Moushir_1.JPG,unknown
Chaetodon auriga,File:Chaetodon auriga at El Gouna Aquarium by Hatem Moushir 2.JPG,https://upload.wikimedia.org/wikipedia/commons/f/fc/Chaetodon_auriga_at_El_Gouna_Aquarium_by_Hatem_Moushir_2.JPG?utm_source=commons.wikimedia.org&utm_campaign=imageinfo&utm_content=original,1792249519b1bd4bfb618ed43fcfe9abd3532393,4928,3264,Hatem Moushir,CC BY-SA 4.0,https://commons.wikimedia.org/wiki/File:Chaetodon_auriga_at_El_Gouna_Aquarium_by_Hatem_Moushir_2.JPG,unknown
Chaetodon auriga,File:Chaetodon auriga at El Gouna Aquarium by Hatem Moushir 3.JPG,https://upload.wikimedia.org/wikipedia/commons/9/96/Chaetodon_auriga_at_El_Gouna_Aquarium_by_Hatem_Moushir_3.JPG?utm_source=commons.wikimedia.org&utm_campaign=imageinfo&utm_content=original,639249dc1b8e97e1a2722d0bcf96d76b496521b1,4928,3264,Hatem Moushir,CC BY-SA 4.0,https://commons.wikimedia.org/wiki/File:Chaetodon_auriga_at_El_Gouna_Aquarium_by_Hatem_Moushir_3.JPG,unknown
Chaetodon auriga,File:Chaetodon auriga at Red Sea Aquarium by Hatem Moushir 1.JPG,https://upload.wikimedia.org/wikipedia/commons/3/31/Chaetodon_auriga_at_Red_Sea_Aquarium_by_Hatem_Moushir_1.JPG?utm_source=commons.wikimedia.org&utm_campaign=imageinfo&utm_content=original,7bca5f8870800c6782e7ed7656c81234cad82a01,4928,3264,Hatem Moushir,CC BY-SA 4.0,https://commons.wikimedia.org/wiki/File:Chaetodon_auriga_at_Red_Sea_Aquarium_by_Hatem_Moushir_1.JPG,unknown
Centropyge bicolor,File:Bicolor Angelfish (Centropyge bicolor) (8486579682).jpg,https://upload.wikimedia.org/wikipedia/commons/6/65/Bicolor_Angelfish_%28Centropyge_bicolor%29_%288486579682%29.jpg?utm_source=commons.wikimedia.org&utm_campaign=imageinfo&utm_content=original,6da275adfeef2da00bac90b0b2c8d82d55771fcc,3312,1987,Bernard DUPONT from FRANCE,CC BY-SA 2.0,https://commons.wikimedia.org/wiki/File:Bicolor_Angelfish_(Centropyge_bicolor)_(8486579682).jpg,unknown
Centropyge bicolor,File:Reef4425 - Flickr - NOAA Photo Library.jpg,https://upload.wikimedia.org/wikipedia/commons/1/1b/Reef4425_-_Flickr_-_NOAA_Photo_Library.jpg?utm_source=commons.wikimedia.org&utm_campaign=imageinfo&utm_content=original,be73c69e4ffb84c4b7cedc12e12fd90731381075,3264,2448,"Julie Bedford, NOAA PA.",Public domain,https://commons.wikimedia.org/wiki/File:Reef4425_-_Flickr_-_NOAA_Photo_Library.jpg,unknown
Centropyge bicolor,File:Bicolor angelfish (Centropyge bicolor) (35642353422).jpg,https://upload.wikimedia.org/wikipedia/commons/d/d6/Bicolor_angelfish_%28Centropyge_bicolor%29_%2835642353422%29.jpg?utm_source=commons.wikimedia.org&utm_campaign=imageinfo&utm_content=original,1546fdc52e0994dac4c6be65363fa70b555656a6,2809,2107,Rickard Zerpe,CC BY 2.0,https://commons.wikimedia.org/wiki/File:Bicolor_angelfish_(Centropyge_bicolor)_(35642353422).jpg,unknown
Centropyge bicolor,"File:Pez ángel enano bicolor (Centropyge bicolor), Anilao, Filipinas, 2023-08-25, DD 37.jpg",https://upload.wikimedia.org/wikipedia/commons/d/d4/Pez_%C3%A1ngel_enano_bicolor_%28Centropyge_bicolor%29%2C_Anilao%2C_Filipinas%2C_2023-08-25%2C_DD_37.jpg?utm_source=commons.wikimedia.org&utm_campaign=imageinfo&utm_content=original,fcc89c52a76ca3a0432ab6750875b8c5a4c5669e,2646,1764,Diego Delso,CC BY-SA 4.0,"https://commons.wikimedia.org/wiki/File:Pez_%C3%A1ngel_enano_bicolor_(Centropyge_bicolor),_Anilao,_Filipinas,_2023-08-25,_DD_37.jpg",unknown
Centropyge bicolor,File:Bicolor angelfish (Centropyge bicolor) (40856469565).jpg,https://upload.wikimedia.org/wikipedia/commons/1/1b/Bicolor_angelfish_%28Centropyge_bicolor%29_%2840856469565%29.jpg?utm_source=commons.wikimedia.org&utm_campaign=imageinfo&utm_content=original,85131871e75de3148c535dce5187964de3c0f795,2639,1979,Rickard Zerpe,CC BY 2.0,https://commons.wikimedia.org/wiki/File:Bicolor_angelfish_(Centropyge_bicolor)_(40856469565).jpg,unknown
Centropyge bicolor,File:Bicolor angelfish (Centropyge bicolor) (40856469565) (cropped).jpg,https://upload.wikimedia.org/wikipedia/commons/8/83/Bicolor_angelfish_%28Centropyge_bicolor%29_%2840856469565%29_%28cropped%29.jpg?utm_source=commons.wikimedia.org&utm_campaign=imageinfo&utm_content=original,109df335a02af69b9fc9ff537cdd8855140d7e4d,2639,1583,Rickard Zerpe,CC BY 2.0,https://commons.wikimedia.org/wiki/File:Bicolor_angelfish_(Centropyge_bicolor)_(40856469565)_(cropped).jpg,unknown
Centropyge bicolor,File:Holacanthus bicolor - 1700-1880 - Print - Iconographia Zoologica - Special Collections University of Amsterdam - UBA01 IZ13100235.tif,https://upload.wikimedia.org/wikipedia/commons/5/59/Holacanthus_bicolor_-_1700-1880_-_Print_-_Iconographia_Zoologica_-_Special_Collections_University_of_Amsterdam_-_UBA01_IZ13100235.tif?utm_source=commons.wikimedia.org&utm_campaign=imageinfo&utm_content=original,8e1e28db71e91b740b05005a16eb13cc8db955a6,2566,3265,,Public domain,https://commons.wikimedia.org/wiki/File:Holacanthus_bicolor_-_1700-1880_-_Print_-_Iconographia_Zoologica_-_Special_Collections_University_of_Amsterdam_-_UBA01_IZ13100235.tif,unknown
Centropyge bicolor,File:Holacanthus bicolor - 1700-1880 - Print - Iconographia Zoologica - Special Collections University of Amsterdam - UBA01 IZ13100233.tif,https://upload.wikimedia.org/wikipedia/commons/2/29/Holacanthus_bicolor_-_1700-1880_-_Print_-_Iconographia_Zoologica_-_Special_Collections_University_of_Amsterdam_-_UBA01_IZ13100233.tif?utm_source=commons.wikimedia.org&utm_campaign=imageinfo&utm_content=original,511881ffe7c285cb06d4793a0b0f001076d0718a,2565,3234,,Public domain,https://commons.wikimedia.org/wiki/File:Holacanthus_bicolor_-_1700-1880_-_Print_-_Iconographia_Zoologica_-_Special_Collections_University_of_Amsterdam_-_UBA01_IZ13100233.tif,unknown
Centropyge bicolor,File:Bicolor Angelfishes (Centropyge bicolor) (8501953783).jpg,https://upload.wikimedia.org/wikipedia/commons/b/be/Bicolor_Angelfishes_%28Centropyge_bicolor%29_%288501953783%29.jpg?utm_source=commons.wikimedia.org&utm_campaign=imageinfo&utm_content=original,080996d7f46940333eb85dc5001aa2614259bc4e,2528,1516,Bernard DUPONT from FRANCE,CC BY-SA 2.0,https://commons.wikimedia.org/wiki/File:Bicolor_Angelfishes_(Centropyge_bicolor)_(8501953783).jpg,unknown
Centropyge bicolor,"File:Ichthyologie; ou, Histoire naturelle des poissons (Plate 206) (7064524893).jpg",https://upload.wikimedia.org/wikipedia/commons/f/fb/Ichthyologie%3B_ou%2C_Histoire_naturelle_des_poissons_%28Plate_206%29_%287064524893%29.jpg?utm_source=commons.wikimedia.org&utm_campaign=imageinfo&utm_content=original,197d45cd99d47e90769b04727be338ad88b79662,2283,1342,"Bloch, Marcus Elieser",Public domain,"https://commons.wikimedia.org/wiki/File:Ichthyologie;_ou,_Histoire_naturelle_des_poissons_(Plate_206)_(7064524893).jpg",unknown
Centropyge bicolor,File:Centropyge bicolor 430613445.jpg,https://upload.wikimedia.org/wikipedia/commons/1/14/Centropyge_bicolor_430613445.jpg?utm_source=commons.wikimedia.org&utm_campaign=imageinfo&utm_content=original,146ff45d95e8fcd050a4f62c58ca919bc97d6e97,2048,1536,Daniel Eisenhauer,CC BY 4.0,https://commons.wikimedia.org/wiki/File:Centropyge_bicolor_430613445.jpg,unknown
Centropyge bicolor,File:Ctenochaetus striatus 556850929.jpg,https://upload.wikimedia.org/wikipedia/commons/2/2b/Ctenochaetus_striatus_556850929.jpg?utm_source=commons.wikimedia.org&utm_campaign=imageinfo&utm_content=original,c4ac6159040d471978da0b9bb4a47a196f5ad660,2048,1360,Bernard DUPONT,CC BY-SA 4.0,https://commons.wikimedia.org/wiki/File:Ctenochaetus_striatus_556850929.jpg,unknown
Abudefduf vaigiensis,File:Coral2000 Eilat 1 February 2018.jpg,https://upload.wikimedia.org/wikipedia/commons/a/a0/Coral2000_Eilat_1_February_2018.jpg?utm_source=commons.wikimedia.org&utm_campaign=imageinfo&utm_content=original,4eed344f81cdb692cb034b0ea09f32184a5ea4af,4896,3672,Gerda Arendt,CC BY-SA 4.0,https://commons.wikimedia.org/wiki/File:Coral2000_Eilat_1_February_2018.jpg,in_situ
Abudefduf vaigiensis,File:Maratua Abudefduf vaigiensis (25).jpg,https://upload.wikimedia.org/wikipedia/commons/5/54/Maratua_Abudefduf_vaigiensis_%2825%29.jpg?utm_source=commons.wikimedia.org&utm_campaign=imageinfo&utm_content=original,a5fe97173c25eaa3e6ab8f87a80092920e271682,2000,1336,Nanosanchez,CC BY-SA 4.0,https://commons.wikimedia.org/wiki/File:Maratua_Abudefduf_vaigiensis_(25).jpg,in_situ
Abudefduf vaigiensis,File:Abudefduf vaigiensis – Узкополосый абудефдуф – Indo-pacific sergeant DSCF1331.webm,https://upload.wikimedia.org/wikipedia/commons/e/e4/Abudefduf_vaigiensis_%E2%80%93_%D0%A3%D0%B7%D0%BA%D0%BE%D0%BF%D0%BE%D0%BB%D0%BE%D1%81%D1%8B%D0%B9_%D0%B0%D0%B1%D1%83%D0%B4%D0%B5%D1%84%D0%B4%D1%83%D1%84_%E2%80%93_Indo-pacific_sergeant_DSCF1331.webm?utm_source=commons.wikimedia.org&utm_campaign=imageinfo&utm_content=original,9b7eb3e63635400473869305c081212603f3601e,1920,1080,Kora27,CC BY-SA 4.0,https://commons.wikimedia.org/wiki/File:Abudefduf_vaigiensis_%E2%80%93_%D0%A3%D0%B7%D0%BA%D0%BE%D0%BF%D0%BE%D0%BB%D0%BE%D1%81%D1%8B%D0%B9_%D0%B0%D0%B1%D1%83%D0%B4%D0%B5%D1%84%D0%B4%D1%83%D1%84_%E2%80%93_Indo-pacific_sergeant_DSCF1331.webm,in_situ
Abudefduf vaigiensis,File:Red sea-reef 3206.jpg,https://upload.wikimedia.org/wikipedia/commons/d/d3/Red_sea-reef_3206.jpg?utm_source=commons.wikimedia.org&utm_campaign=imageinfo&utm_content=original,ada1ec5cd595fc6144dd8363fb082e513d1b9049,1600,1200,Hannes Grobe/AWI,CC BY 3.0,https://commons.wikimedia.org/wiki/File:Red_sea-reef_3206.jpg,in_situ
Abudefduf vaigiensis,File:Red sea-reef 3291.jpg,https://upload.wikimedia.org/wikipedia/commons/4/45/Red_sea-reef_3291.jpg?utm_source=commons.wikimedia.org&utm_campaign=imageinfo&utm_content=original,58c25829c1111294789b962285177bca0a8d9f1b,1600,1200,Hannes Grobe/AWI,CC BY 3.0,https://commons.wikimedia.org/wiki/File:Red_sea-reef_3291.jpg,in_situ
Abudefduf vaigiensis,File:My snack for today at Ajman Corniche.jpg,https://upload.wikimedia.org/wikipedia/commons/b/b1/My_snack_for_today_at_Ajman_Corniche.jpg?utm_source=commons.wikimedia.org&utm_campaign=imageinfo&utm_content=original,b83736f0d87abe4f7abb89ea0a5e3fab3f7db805,6720,4480,Surya Deepak23,CC BY-SA 4.0,https://commons.wikimedia.org/wiki/File:My_snack_for_today_at_Ajman_Corniche.jpg,unknown
Abudefduf vaigiensis,"File:Sargento mayor del Pacífico (Abudefduf vaigiensis), Nosy Tanikely, Madagascar, 2025-09-20, DD 34.jpg",https://upload.wikimedia.org/wikipedia/commons/1/16/Sargento_mayor_del_Pac%C3%ADfico_%28Abudefduf_vaigiensis%29%2C_Nosy_Tanikely%2C_Madagascar%2C_2025-09-20%2C_DD_34.jpg?utm_source=commons.wikimedia.org&utm_campaign=imageinfo&utm_content=original,37c211eeb78d0dd8b5cc5d342b11847e76b819d0,5694,3796,Diego Delso,CC BY-SA 4.0,"https://commons.wikimedia.org/wiki/File:Sargento_mayor_del_Pac%C3%ADfico_(Abudefduf_vaigiensis),_Nosy_Tanikely,_Madagascar,_2025-09-20,_DD_34.jpg",unknown
Abudefduf vaigiensis,"File:Morey Eel in Red Sea, Naama Bay, Sharm-el-Sheikh.jpg",https://upload.wikimedia.org/wikipedia/commons/c/c8/Morey_Eel_in_Red_Sea%2C_Naama_Bay%2C_Sharm-el-Sheikh.jpg?utm_source=commons.wikimedia.org&utm_campaign=imageinfo&utm_content=original,7e8c22be3516fe3079c3519c5d5f462c1b774d88,5472,3072,74papa,CC BY 4.0,"https://commons.wikimedia.org/wiki/File:Morey_Eel_in_Red_Sea,_Naama_Bay,_Sharm-el-Sheikh.jpg",unknown
Abudefduf vaigiensis,"File:Sargento mayor del Pacífico (Abudefduf vaigiensis), Zanzíbar, Tanzania, 2024-05-31, DD 30.jpg",https://upload.wikimedia.org/wikipedia/commons/0/0f/Sargento_mayor_del_Pac%C3%ADfico_%28Abudefduf_vaigiensis%29%2C_Zanz%C3%ADbar%2C_Tanzania%2C_2024-05-31%2C_DD_30.jpg?utm_source=commons.wikimedia.org&utm_campaign=imageinfo&utm_content=original,4e36d1b531f8ac4d938f9978283ad0161788c59a,5166,3444,Diego Delso,CC BY-SA 4.0,"https://commons.wikimedia.org/wiki/File:Sargento_mayor_del_Pac%C3%ADfico_(Abudefduf_vaigiensis),_Zanz%C3%ADbar,_Tanzania,_2024-05-31,_DD_30.jpg",unknown
Abudefduf vaigiensis,"File:Abudefduf sordidus im Roten Meer, Ägypten DSCF4126WI.jpg",https://upload.wikimedia.org/wikipedia/commons/5/58/Abudefduf_sordidus_im_Roten_Meer%2C_%C3%84gypten_DSCF4126WI.jpg?utm_source=commons.wikimedia.org&utm_campaign=imageinfo&utm_content=original,d915e738b455a3c96bd03c2f119c210eb537a5ee,4604,2930,Kora27,CC BY-SA 4.0,"https://commons.wikimedia.org/wiki/File:Abudefduf_sordidus_im_Roten_Meer,_%C3%84gypten_DSCF4126WI.jpg",unknown
Abudefduf vaigiensis,File:Korallen im Roten Meer. Abudefduf vaigiensis DSCF1127WI.jpg,https://upload.wikimedia.org/wikipedia/commons/7/70/Korallen_im_Roten_Meer._Abudefduf_vaigiensis_DSCF1127WI.jpg?utm_source=commons.wikimedia.org&utm_campaign=imageinfo&utm_content=original,d8a0c128fd5ba367bd8bfaafe62927294e12b35a,4477,3171,Kora27,CC BY-SA 4.0,https://commons.wikimedia.org/wiki/File:Korallen_im_Roten_Meer._Abudefduf_vaigiensis_DSCF1127WI.jpg,unknown
Abudefduf vaigiensis,File:Abudefduf vaigiensis – Узкополосый абудефдуф – Indo-pacific sergeant DSCF1146WI.jpg,https://upload.wikimedia.org/wikipedia/commons/0/02/Abudefduf_vaigiensis_%E2%80%93_%D0%A3%D0%B7%D0%BA%D0%BE%D0%BF%D0%BE%D0%BB%D0%BE%D1%81%D1%8B%D0%B9_%D0%B0%D0%B1%D1%83%D0%B4%D0%B5%D1%84%D0%B4%D1%83%D1%84_%E2%80%93_Indo-pacific_sergeant_DSCF1146WI.jpg?utm_source=commons.wikimedia.org&utm_campaign=imageinfo&utm_content=original,fc44cef9c700d2e600dc10cd4fb68cfd161dcae6,4325,2676,Kora27,CC BY-SA 4.0,https://commons.wikimedia.org/wiki/File:Abudefduf_vaigiensis_%E2%80%93_%D0%A3%D0%B7%D0%BA%D0%BE%D0%BF%D0%BE%D0%BB%D0%BE%D1%81%D1%8B%D0%B9_%D0%B0%D0%B1%D1%83%D0%B4%D0%B5%D1%84%D0%B4%D1%83%D1%84_%E2%80%93_Indo-pacific_sergeant_DSCF1146WI.jpg,unknown
Pomacanthus sexstriatus,File:Pomacanthus sexstriatus.jpg,https://upload.wikimedia.org/wikipedia/commons/b/bd/Pomacanthus_sexstriatus.jpg?utm_source=commons.wikimedia.org&utm_campaign=imageinfo&utm_content=original,333a78ad75868315269a1172c6f939fa882c7e42,2400,1824,Leonard Low from Australia,CC BY 2.0,https://commons.wikimedia.org/wiki/File:Pomacanthus_sexstriatus.jpg,in_situ
Pomacanthus sexstriatus,File:Six banded angelfish.jpg,https://upload.wikimedia.org/wikipedia/commons/c/c6/Six_banded_angelfish.jpg?utm_source=commons.wikimedia.org&utm_campaign=imageinfo&utm_content=original,02a49dfb3db41eddfa476dacfc5ce450ddeab11a,1094,821,Chriswan Sungkono,CC BY-SA 3.0,https://commons.wikimedia.org/wiki/File:Six_banded_angelfish.jpg,in_situ
Pomacanthus sexstriatus,"File:Six-banded Angel Fish, colour. Euxiphipops sexstriatus (Cuvier).jpg",https://upload.wikimedia.org/wikipedia/commons/c/cb/Six-banded_Angel_Fish%2C_colour._Euxiphipops_sexstriatus_%28Cuvier%29.jpg?utm_source=commons.wikimedia.org&utm_campaign=imageinfo&utm_content=original,8939392bd5c667ecbae416525782b2ae4e423d9e,920,706,Queensland State Archives,Public domain,"https://commons.wikimedia.org/wiki/File:Six-banded_Angel_Fish,_colour._Euxiphipops_sexstriatus_(Cuvier).jpg",in_situ
Pomacanthus sexstriatus,File:Six-banded angelfish (Pomacanthus sexstriatus) (47718922012).jpg,https://upload.wikimedia.org/wikipedia/commons/d/d0/Six-banded_angelfish_%28Pomacanthus_sexstriatus%29_%2847718922012%29.jpg?utm_source=commons.wikimedia.org&utm_campaign=imageinfo&utm_content=original,131ec910544dcc3e7ffab93af61766ad41958f73,4336,3252,Rickard Zerpe,CC BY 2.0,https://commons.wikimedia.org/wiki/File:Six-banded_angelfish_(Pomacanthus_sexstriatus)_(47718922012).jpg,unknown
Pomacanthus sexstriatus,File:Sixbar Angelfish (Pomacanthus sexstriatus) (6094178288).jpg,https://upload.wikimedia.org/wikipedia/commons/7/7b/Sixbar_Angelfish_%28Pomacanthus_sexstriatus%29_%286094178288%29.jpg?utm_source=commons.wikimedia.org&utm_campaign=imageinfo&utm_content=original,2abafe5308a0a5a5df49235e95d32026d28b6d38,3873,2324,Bernard DUPONT from FRANCE,CC BY-SA 2.0,https://commons.wikimedia.org/wiki/File:Sixbar_Angelfish_(Pomacanthus_sexstriatus)_(6094178288).jpg,unknown
Pomacanthus sexstriatus,File:Six-banded angelfish (Pomacanthus sexstriatus).jpg,https://upload.wikimedia.org/wikipedia/commons/a/a1/Six-banded_angelfish_%28Pomacanthus_sexstriatus%29.jpg?utm_source=commons.wikimedia.org&utm_campaign=imageinfo&utm_content=original,20198fd0bc8a465c33c01853875640c32ea3451e,3491,2618,Rickard Zerpe,CC BY 2.0,https://commons.wikimedia.org/wiki/File:Six-banded_angelfish_(Pomacanthus_sexstriatus).jpg,unknown
Pomacanthus sexstriatus,"File:Sixband Angelfish, Lizard QLD 4892, Australia imported from iNaturalist photo 401928278.jpg",https://upload.wikimedia.org/wikipedia/commons/2/27/Sixband_Angelfish%2C_Lizard_QLD_4892%2C_Australia_imported_from_iNaturalist_photo_401928278.jpg?utm_source=commons.wikimedia.org&utm_campaign=imageinfo&utm_content=original,9619989013f4b634c7603e9b942e0030fdfdfdf8,2048,1430,"(c) Yi-Kai Tea, some rights reserved (CC BY-SA)",CC BY-SA 4.0,"https://commons.wikimedia.org/wiki/File:Sixband_Angelfish,_Lizard_QLD_4892,_Australia_imported_from_iNaturalist_photo_401928278.jpg",unknown
Pomacanthus sexstriatus,"File:Sixband Angelfish, Îles Raja Ampat, Papouasie occidentale, Indonésie imported from iNaturalist photo 485792974.jpg",https://upload.wikimedia.org/wikipedia/commons/2/28/Sixband_Angelfish%2C_%C3%8Eles_Raja_Ampat%2C_Papouasie_occidentale%2C_Indon%C3%A9sie_imported_from_iNaturalist_photo_485792974.jpg?utm_source=commons.wikimedia.org&utm_campaign=imageinfo&utm_content=original,06da62814b3328f62f388d0316d7c5939bb2c66a,2048,1536,no rights reserved,CC0,"https://commons.wikimedia.org/wiki/File:Sixband_Angelfish,_%C3%8Eles_Raja_Ampat,_Papouasie_occidentale,_Indon%C3%A9sie_imported_from_iNaturalist_photo_485792974.jpg",unknown
Pomacanthus sexstriatus,"File:Sixband Angelfish, Îles Raja Ampat, Papouasie occidentale, Indonésie imported from iNaturalist photo 485793014.jpg",https://upload.wikimedia.org/wikipedia/commons/3/31/Sixband_Angelfish%2C_%C3%8Eles_Raja_Ampat%2C_Papouasie_occidentale%2C_Indon%C3%A9sie_imported_from_iNaturalist_photo_485793014.jpg?utm_source=commons.wikimedia.org&utm_campaign=imageinfo&utm_content=original,ec59a0d2a808ad642ff8412f6ff9c22df5755c75,2048,1536,no rights reserved,CC0,"https://commons.wikimedia.org/wiki/File:Sixband_Angelfish,_%C3%8Eles_Raja_Ampat,_Papouasie_occidentale,_Indon%C3%A9sie_imported_from_iNaturalist_photo_485793014.jpg",unknown
Pomacanthus sexstriatus,File:Maratua Pomacanthus sexstriatus (33).jpg,https://upload.wikimedia.org/wikipedia/commons/d/d9/Maratua_Pomacanthus_sexstriatus_%2833%29.jpg?utm_source=commons.wikimedia.org&utm_campaign=imageinfo&utm_content=original,76989d62d751aaf41c72d178c9fb8192bc01991d,2000,1336,Nanosanchez,CC BY-SA 4.0,https://commons.wikimedia.org/wiki/File:Maratua_Pomacanthus_sexstriatus_(33).jpg,unknown
Pomacanthus sexstriatus,File:Pomacanthus sextriatus 2.jpg,https://upload.wikimedia.org/wikipedia/commons/6/60/Pomacanthus_sextriatus_2.jpg?utm_source=commons.wikimedia.org&utm_campaign=imageinfo&utm_content=original,7a059abb2b76f76d11235ba9d0a100299604f6c0,1000,750,Chaloklum Diving,CC BY 3.0,https://commons.wikimedia.org/wiki/File:Pomacanthus_sextriatus_2.jpg,unknown
Pomacanthus sexstriatus,"File:Pomacanthus sexstriatus, pareja.jpg",https://upload.wikimedia.org/wikipedia/commons/0/03/Pomacanthus_sexstriatus%2C_pareja.jpg?utm_source=commons.wikimedia.org&utm_campaign=imageinfo&utm_content=original,9d79a3c7c5b0b9adcf3cb69e9a74f50fbfeda193,998,612,Chaloklum Diving,CC BY 3.0,"https://commons.wikimedia.org/wiki/File:Pomacanthus_sexstriatus,_pareja.jpg",unknown
Naso lituratus,File:Naso elegans - Изящная рыба-носорог -Elegant unicornfish..DSCF2976ОВ.jpg,https://upload.wikimedia.org/wikipedia/commons/4/4b/Naso_elegans_-_%D0%98%D0%B7%D1%8F%D1%89%D0%BD%D0%B0%D1%8F_%D1%80%D1%8B%D0%B1%D0%B0-%D0%BD%D0%BE%D1%81%D0%BE%D1%80%D0%BE%D0%B3_-Elegant_unicornfish..DSCF2976%D0%9E%D0%92.jpg?utm_source=commons.wikimedia.org&utm_campaign=imageinfo&utm_content=original,2f6e94b3045008f8368e467e3e4a04a4f66f7938,4248,2876,Kora27,CC BY-SA 4.0,https://commons.wikimedia.org/wiki/File:Naso_elegans_-_%D0%98%D0%B7%D1%8F%D1%89%D0%BD%D0%B0%D1%8F_%D1%80%D1%8B%D0%B1%D0%B0-%D0%BD%D0%BE%D1%81%D0%BE%D1%80%D0%BE%D0%B3_-Elegant_unicornfish..DSCF2976%D0%9E%D0%92.jpg,unknown
Naso lituratus,File:Copenhagen 2014-03-01 (12994976664).jpg,https://upload.wikimedia.org/wikipedia/commons/c/c3/Copenhagen_2014-03-01_%2812994976664%29.jpg?utm_source=commons.wikimedia.org&utm_campaign=imageinfo&utm_content=original,59900bfa785497d63064038609306c905dc8913c,3576,2460,"Guillaume Baviere from Copenhagen, Denmark",CC BY-SA 2.0,https://commons.wikimedia.org/wiki/File:Copenhagen_2014-03-01_(12994976664).jpg,unknown
Naso lituratus,"File:Lisbon, Oceanarium, Naso lituratus.JPG",https://upload.wikimedia.org/wikipedia/commons/8/8b/Lisbon%2C_Oceanarium%2C_Naso_lituratus.JPG?utm_source=commons.wikimedia.org&utm_campaign=imageinfo&utm_content=original,9c10d5eb0f816455fab73d72ba85b975354edbf0,2764,1843,Dguendel,CC BY 4.0,"https://commons.wikimedia.org/wiki/File:Lisbon,_Oceanarium,_Naso_lituratus.JPG",unknown
Naso lituratus,File:Moravec & Justine Spirurida 2020 parasite190153-fig6.png,https://upload.wikimedia.org/wikipedia/commons/5/5b/Moravec_%26_Justine_Spirurida_2020_parasite190153-fig6.png?utm_source=commons.wikimedia.org&utm_campaign=imageinfo&utm_content=original,12cd0c4f7179e5e9f030bdb5311fa0e7238fc1b8,2662,3459,František Moravec and Jean-Lou Justine,CC BY 4.0,https://commons.wikimedia.org/wiki/File:Moravec_%26_Justine_Spirurida_2020_parasite190153-fig6.png,unknown
Naso lituratus,File:Acquario Milano 20095.JPG,https://upload.wikimedia.org/wikipedia/commons/7/78/Acquario_Milano_20095.JPG?utm_source=commons.wikimedia.org&utm_campaign=imageinfo&utm_content=original,5c970f6da1992371e6e3d0de44fecf99bac701e6,2592,1944,Stefano Bolognini,CC BY 3.0,https://commons.wikimedia.org/wiki/File:Acquario_Milano_20095.JPG,unknown
Naso lituratus,File:Naseus lituratus - 1700-1880 - Print - Iconographia Zoologica - Special Collections University of Amsterdam - UBA01 IZ13700065.tif,https://upload.wikimedia.org/wikipedia/commons/b/b8/Naseus_lituratus_-_1700-1880_-_Print_-_Iconographia_Zoologica_-_Special_Collections_University_of_Amsterdam_-_UBA01_IZ13700065.tif?utm_source=commons.wikimedia.org&utm_campaign=imageinfo&utm_content=original,63bdf0ae9411bec99635a44f221997ac8e97b991,2546,3228,,Public domain,https://commons.wikimedia.org/wiki/File:Naseus_lituratus_-_1700-1880_-_Print_-_Iconographia_Zoologica_-_Special_Collections_University_of_Amsterdam_-_UBA01_IZ13700065.tif,unknown
Naso lituratus,File:Naso elegans - Elegant unicornfisch im Roten Meer.(Naso lituratus).Оранжевошипая рыба-носорог DSCF4162WI.jpg,https://upload.wikimedia.org/wikipedia/commons/6/63/Naso_elegans_-_Elegant_unicornfisch_im_Roten_Meer.%28Naso_lituratus%29.%D0%9E%D1%80%D0%B0%D0%BD%D0%B6%D0%B5%D0%B2%D0%BE%D1%88%D0%B8%D0%BF%D0%B0%D1%8F_%D1%80%D1%8B%D0%B1%D0%B0-%D0%BD%D0%BE%D1%81%D0%BE%D1%80%D0%BE%D0%B3_DSCF4162WI.jpg?utm_source=commons.wikimedia.org&utm_campaign=imageinfo&utm_content=original,9a87b133b80c91998a7303280ce411a76b78ed5b,2184,1492,Kora27,CC BY-SA 4.0,https://commons.wikimedia.org/wiki/File:Naso_elegans_-_Elegant_unicornfisch_im_Roten_Meer.(Naso_lituratus).%D0%9E%D1%80%D0%B0%D0%BD%D0%B6%D0%B5%D0%B2%D0%BE%D1%88%D0%B8%D0%BF%D0%B0%D1%8F_%D1%80%D1%8B%D0%B1%D0%B0-%D0%BD%D0%BE%D1%81%D0%BE%D1%80%D0%BE%D0%B3_DSCF4162WI.jpg,unknown
Naso lituratus,File:Naso elegans - Elegant unicornfisch im Roten Meer.(Naso lituratus).Оранжевошипая рыба-носорог DSCF6204WI.jpg,https://upload.wikimedia.org/wikipedia/commons/9/97/Naso_elegans_-_Elegant_unicornfisch_im_Roten_Meer.%28Naso_lituratus%29.%D0%9E%D1%80%D0%B0%D0%BD%D0%B6%D0%B5%D0%B2%D0%BE%D1%88%D0%B8%D0%BF%D0%B0%D1%8F_%D1%80%D1%8B%D0%B1%D0%B0-%D0%BD%D0%BE%D1%81%D0%BE%D1%80%D0%BE%D0%B3_DSCF6204WI.jpg?utm_source=commons.wikimedia.org&utm_campaign=imageinfo&utm_content=original,f28f354ef017c70884de55b1d3dea28c7b351353,2123,1356,Kora27,CC BY-SA 4.0,https://commons.wikimedia.org/wiki/File:Naso_elegans_-_Elegant_unicornfisch_im_Roten_Meer.(Naso_lituratus).%D0%9E%D1%80%D0%B0%D0%BD%D0%B6%D0%B5%D0%B2%D0%BE%D1%88%D0%B8%D0%BF%D0%B0%D1%8F_%D1%80%D1%8B%D0%B1%D0%B0-%D0%BD%D0%BE%D1%81%D0%BE%D1%80%D0%BE%D0%B3_DSCF6204WI.jpg,unknown
Naso lituratus,File:Naso lituratus 339077769.jpg,https://upload.wikimedia.org/wikipedia/commons/f/f6/Naso_lituratus_339077769.jpg?utm_source=commons.wikimedia.org&utm_campaign=imageinfo&utm_content=original,e17c8636e0085e7139d0ef2500e1be90df27e05f,2048,1818,Henrik Kibak,CC BY 4.0,https://commons.wikimedia.org/wiki/File:Naso_lituratus_339077769.jpg,unknown
Naso lituratus,File:Naso lituratus 341661691.jpg,https://upload.wikimedia.org/wikipedia/commons/6/6a/Naso_lituratus_341661691.jpg?utm_source=commons.wikimedia.org&utm_campaign=imageinfo&utm_content=original,5b8b66d92c5e6a56247e1c9ed14d9797416323ae,2048,1536,Donald Davesne,CC BY 4.0,https://commons.wikimedia.org/wiki/File:Naso_lituratus_341661691.jpg,unknown
Naso lituratus,File:Naso lituratus 342866353.jpg,https://upload.wikimedia.org/wikipedia/commons/5/55/Naso_lituratus_342866353.jpg?utm_source=commons.wikimedia.org&utm_campaign=imageinfo&utm_content=original,4a58659f1f55ba8e7019da7108e675f21192effe,2048,1365,cello caruso-turiello,CC BY 4.0,https://commons.wikimedia.org/wiki/File:Naso_lituratus_342866353.jpg,unknown
Naso lituratus,File:Naso lituratus 344683093.jpg,https://upload.wikimedia.org/wikipedia/commons/f/fa/Naso_lituratus_344683093.jpg?utm_source=commons.wikimedia.org&utm_campaign=imageinfo&utm_content=original,dad5a5d7593bc73d778c017a1e2442168c3ef74b,2048,1536,Martine Lapointe,CC BY 4.0,https://commons.wikimedia.org/wiki/File:Naso_lituratus_344683093.jpg,unknown
Lactophrys bicaudalis,"File:Lactophrys bicaudalis (spotted trunkfish) (San Salvador Island, Bahamas) 1 (15529498484).jpg",https://upload.wikimedia.org/wikipedia/commons/3/36/Lactophrys_bicaudalis_%28spotted_trunkfish%29_%28San_Salvador_Island%2C_Bahamas%29_1_%2815529498484%29.jpg?utm_source=commons.wikimedia.org&utm_campaign=imageinfo&utm_content=original,01fef65fb6f67ad5c20910471b52fbc6bf51fc32,3000,2400,James St. John,CC BY 2.0,"https://commons.wikimedia.org/wiki/File:Lactophrys_bicaudalis_(spotted_trunkfish)_(San_Salvador_Island,_Bahamas)_1_(15529498484).jpg",in_situ
Lactophrys bicaudalis,File:Spotted Trunkfish.jpg,https://upload.wikimedia.org/wikipedia/commons/f/fb/Spotted_Trunkfish.jpg?utm_source=commons.wikimedia.org&utm_campaign=imageinfo&utm_content=original,5315ec368511a916b4a06b881e0505f48be1ad6e,2880,2749,Betty Wills,CC BY-SA 4.0,https://commons.wikimedia.org/wiki/File:Spotted_Trunkfish.jpg,in_situ
Lactophrys bicaudalis,"File:Lactophrys bicaudalis (spotted trunkfish) (San Salvador Island, Bahamas) 2 (16151844485).jpg",https://upload.wikimedia.org/wikipedia/commons/4/45/Lactophrys_bicaudalis_%28spotted_trunkfish%29_%28San_Salvador_Island%2C_Bahamas%29_2_%2816151844485%29.jpg?utm_source=commons.wikimedia.org&utm_campaign=imageinfo&utm_content=original,131f96fd2ab9d9e8eeeed0c15582a8c6f5b9e8b8,920,644,James St. John,CC BY 2.0,"https://commons.wikimedia.org/wiki/File:Lactophrys_bicaudalis_(spotted_trunkfish)_(San_Salvador_Island,_Bahamas)_2_(16151844485).jpg",in_situ
Lactophrys bicaudalis,File:Lactophrys Pickles Reef.jpg,https://upload.wikimedia.org/wikipedia/commons/5/5f/Lactophrys_Pickles_Reef.jpg?utm_source=commons.wikimedia.org&utm_campaign=imageinfo&utm_content=original,5042cddaed33ea84c6e9ca8f67614e5f480c25e7,769,594,Jstuby at en.wikipedia,Public domain,https://commons.wikimedia.org/wiki/File:Lactophrys_Pickles_Reef.jpg,in_situ
Lactophrys bicaudalis,File:Spotted Trunkfish at Curacao.jpg,https://upload.wikimedia.org/wikipedia/commons/f/f1/Spotted_Trunkfish_at_Curacao.jpg?utm_source=commons.wikimedia.org&utm_campaign=imageinfo&utm_content=original,62dd642f91ec9e753c33b6ecbf7ce46299c6da98,4000,3000,User:ThC,Public domain,https://commons.wikimedia.org/wiki/File:Spotted_Trunkfish_at_Curacao.jpg,unknown
Lactophrys bicaudalis,File:Ostracion bicaudalis - 1700-1880 - Print - Iconographia Zoologica - Special Collections University of Amsterdam - UBA01 IZ15400209.tif,https://upload.wikimedia.org/wikipedia/commons/3/39/Ostracion_bicaudalis_-_1700-1880_-_Print_-_Iconographia_Zoologica_-_Special_Collections_University_of_Amsterdam_-_UBA01_IZ15400209.tif?utm_source=commons.wikimedia.org&utm_campaign=imageinfo&utm_content=original,a57b561585962333fd3b80491478e3572295ce61,2543,3272,,Public domain,https://commons.wikimedia.org/wiki/File:Ostracion_bicaudalis_-_1700-1880_-_Print_-_Iconographia_Zoologica_-_Special_Collections_University_of_Amsterdam_-_UBA01_IZ15400209.tif,unknown
Lactophrys bicaudalis,"File:Ichthyologie; ou, Histoire naturelle des poissons (Plate 132) (6918390766).jpg",https://upload.wikimedia.org/wikipedia/commons/e/e5/Ichthyologie%3B_ou%2C_Histoire_naturelle_des_poissons_%28Plate_132%29_%286918390766%29.jpg?utm_source=commons.wikimedia.org&utm_campaign=imageinfo&utm_content=original,f10700cbc5d67f4745de70a4cc1bdd6594bbcef2,2283,1342,"Bloch, Marcus Elieser",Public domain,"https://commons.wikimedia.org/wiki/File:Ichthyologie;_ou,_Histoire_naturelle_des_poissons_(Plate_132)_(6918390766).jpg",unknown
Lactophrys bicaudalis,File:Queen parrotfish Scarus vetula initial phase (3458475269).jpg,https://upload.wikimedia.org/wikipedia/commons/2/2e/Queen_parrotfish_Scarus_vetula_initial_phase_%283458475269%29.jpg?utm_source=commons.wikimedia.org&utm_campaign=imageinfo&utm_content=original,39aecd8c445b725e8583d27de496ccf4f9882fad,2186,1457,Paul Asman and Jill Lenoble,CC BY 2.0,https://commons.wikimedia.org/wiki/File:Queen_parrotfish_Scarus_vetula_initial_phase_(3458475269).jpg,unknown
Lactophrys bicaudalis,File:Lactophrys bicaudalis - Dan Schofield - 593135580.jpeg,https://upload.wikimedia.org/wikipedia/commons/5/5b/Lactophrys_bicaudalis_-_Dan_Schofield_-_593135580.jpeg?utm_source=commons.wikimedia.org&utm_campaign=imageinfo&utm_content=original,34835ff7d1f7e2eee35a520aa16019564b846d66,2048,1536,Dan Schofield,CC BY 4.0,https://commons.wikimedia.org/wiki/File:Lactophrys_bicaudalis_-_Dan_Schofield_-_593135580.jpeg,unknown
Lactophrys bicaudalis,File:Spotted trunkfish Lactophrys bicaudalis (2412821171).jpg,https://upload.wikimedia.org/wikipedia/commons/c/c2/Spotted_trunkfish_Lactophrys_bicaudalis_%282412821171%29.jpg?utm_source=commons.wikimedia.org&utm_campaign=imageinfo&utm_content=original,e85539214be8c0e79b544bbfefecf4110fb57e9a,1968,1312,Paul Asman and Jill Lenoble,CC BY 2.0,https://commons.wikimedia.org/wiki/File:Spotted_trunkfish_Lactophrys_bicaudalis_(2412821171).jpg,unknown
Lactophrys bicaudalis,File:Spotted trunkfish Lactophrys bicaudalis (2442371739).jpg,https://upload.wikimedia.org/wikipedia/commons/d/da/Spotted_trunkfish_Lactophrys_bicaudalis_%282442371739%29.jpg?utm_source=commons.wikimedia.org&utm_campaign=imageinfo&utm_content=original,0a3f4a913b8a50afd92afbf338528484c2efd557,1927,1285,Paul Asman and Jill Lenoble,CC BY 2.0,https://commons.wikimedia.org/wiki/File:Spotted_trunkfish_Lactophrys_bicaudalis_(2442371739).jpg,unknown
Lactophrys bicaudalis,File:FMIB 38158 Lactophrys bicaudalis (Linnaeus) Spotted Trunk-Fish; Chapin.jpeg,https://upload.wikimedia.org/wikipedia/commons/2/26/FMIB_38158_Lactophrys_bicaudalis_%28Linnaeus%29_Spotted_Trunk-Fish%3B_Chapin.jpeg?utm_source=commons.wikimedia.org&utm_campaign=imageinfo&utm_content=original,81fd39001cc3d81ca26cbc20a19961ed9e76294e,1873,993,Barton Warren Evermann / Millard Caleb Marsh,Public domain,https://commons.wikimedia.org/wiki/File:FMIB_38158_Lactophrys_bicaudalis_(Linnaeus)_Spotted_Trunk-Fish;_Chapin.jpeg,unknown
Heniochus diphreutes,"File:Diving Maldives, 2009 Banner fish.jpg",https://upload.wikimedia.org/wikipedia/commons/f/f9/Diving_Maldives%2C_2009_Banner_fish.jpg?utm_source=commons.wikimedia.org&utm_campaign=imageinfo&utm_content=original,5c2c0101efe69452a50b31cb5ffa6895aa54ed9c,3072,2304,Christian Jensen,CC BY 2.0,"https://commons.wikimedia.org/wiki/File:Diving_Maldives,_2009_Banner_fish.jpg",unknown
Heniochus diphreutes,File:Corl0035 (28304540715).jpg,https://upload.wikimedia.org/wikipedia/commons/7/7f/Corl0035_%2828304540715%29.jpg?utm_source=commons.wikimedia.org&utm_campaign=imageinfo&utm_content=original,5623a3eed6e0dc57d291833ca662fd4e3b1bfe22,3000,4000,NOAA Photo Library,CC BY 2.0,https://commons.wikimedia.org/wiki/File:Corl0035_(28304540715).jpg,unknown
Heniochus diphreutes,File:Heniochus diphreutes 10159311.jpg,https://upload.wikimedia.org/wikipedia/commons/3/39/Heniochus_diphreutes_10159311.jpg?utm_source=commons.wikimedia.org&utm_campaign=imageinfo&utm_content=original,3d0194844bf8df0659f07f0c7f6d21fada8ff06a,2048,1536,Chris Teague,CC BY 4.0,https://commons.wikimedia.org/wiki/File:Heniochus_diphreutes_10159311.jpg,unknown
Heniochus diphreutes,File:Heniochus diphreutes 108617947.jpg,https://upload.wikimedia.org/wikipedia/commons/4/4b/Heniochus_diphreutes_108617947.jpg?utm_source=commons.wikimedia.org&utm_campaign=imageinfo&utm_content=original,258e3fd8cd1d38f3b3b4719419cdda1dec53fc93,2048,1235,João D'Andretta,CC BY 4.0,https://commons.wikimedia.org/wiki/File:Heniochus_diphreutes_108617947.jpg,unknown
Heniochus diphreutes,File:Heniochus diphreutes 11271810.jpg,https://upload.wikimedia.org/wikipedia/commons/7/76/Heniochus_diphreutes_11271810.jpg?utm_source=commons.wikimedia.org&utm_campaign=imageinfo&utm_content=original,e121f6ec12f5ec08a87a96a4a92c31c8049cbe59,2048,1536,Ryan McMinds,CC BY 4.0,https://commons.wikimedia.org/wiki/File:Heniochus_diphreutes_11271810.jpg,unknown
Heniochus diphreutes,File:Heniochus diphreutes 149382109.jpg,https://upload.wikimedia.org/wikipedia/commons/c/cd/Heniochus_diphreutes_149382109.jpg?utm_source=commons.wikimedia.org&utm_campaign=imageinfo&utm_content=original,1b8d21bc514495c14c747088fec41a2fd60ad975,2048,1949,Jean-Paul Boerekamps,CC0,https://commons.wikimedia.org/wiki/File:Heniochus_diphreutes_149382109.jpg,unknown
Heniochus diphreutes,File:Heniochus diphreutes 149382128.jpg,https://upload.wikimedia.org/wikipedia/commons/3/3c/Heniochus_diphreutes_149382128.jpg?utm_source=commons.wikimedia.org&utm_campaign=imageinfo&utm_content=original,4c7833dae68d0a2cc3747f682be1f517d93cc9ed,2048,1756,Jean-Paul Boerekamps,CC0,https://commons.wikimedia.org/wiki/File:Heniochus_diphreutes_149382128.jpg,unknown
Heniochus diphreutes,File:Heniochus diphreutes 150465884.jpg,https://upload.wikimedia.org/wikipedia/commons/0/05/Heniochus_diphreutes_150465884.jpg?utm_source=commons.wikimedia.org&utm_campaign=imageinfo&utm_content=original,5d60eef8906ea18ff0f70a04813b331523761b41,2048,1536,Jean-Paul Boerekamps,CC0,https://commons.wikimedia.org/wiki/File:Heniochus_diphreutes_150465884.jpg,unknown
Heniochus diphreutes,File:Heniochus diphreutes 182561569.jpg,https://upload.wikimedia.org/wikipedia/commons/4/49/Heniochus_diphreutes_182561569.jpg?utm_source=commons.wikimedia.org&utm_campaign=imageinfo&utm_content=original,c5d8dfa0804712e437cc0bb6128ce4c48bb52035,2048,1536,Mathieu Roumet,CC BY 4.0,https://commons.wikimedia.org/wiki/File:Heniochus_diphreutes_182561569.jpg,unknown
Heniochus diphreutes,File:Heniochus diphreutes 188457064.jpg,https://upload.wikimedia.org/wikipedia/commons/7/71/Heniochus_diphreutes_188457064.jpg?utm_source=commons.wikimedia.org&utm_campaign=imageinfo&utm_content=original,8c0956be849c2062dfa513be67a07eb59f9157be,2048,1536,Emanuele Santarelli,CC BY-SA 4.0,https://commons.wikimedia.org/wiki/File:Heniochus_diphreutes_188457064.jpg,unknown
Heniochus diphreutes,File:Heniochus diphreutes 188457081.jpg,https://upload.wikimedia.org/wikipedia/commons/3/38/Heniochus_diphreutes_188457081.jpg?utm_source=commons.wikimedia.org&utm_campaign=imageinfo&utm_content=original,9cde101ae330b3e941fe862d7d713877a91498ab,2048,1536,Emanuele Santarelli,CC BY-SA 4.0,https://commons.wikimedia.org/wiki/File:Heniochus_diphreutes_188457081.jpg,unknown
Heniochus diphreutes,File:Heniochus diphreutes 228104170.jpg,https://upload.wikimedia.org/wikipedia/commons/4/44/Heniochus_diphreutes_228104170.jpg?utm_source=commons.wikimedia.org&utm_campaign=imageinfo&utm_content=original,8f504a9143c837259c349da09650786d23eac33f,2048,1404,Robert Webster,CC BY-SA 4.0,https://commons.wikimedia.org/wiki/File:Heniochus_diphreutes_228104170.jpg,unknown
Aulostomus chinensis,File:Aulostomus chinensis (26728517175).jpg,https://upload.wikimedia.org/wikipedia/commons/7/7e/Aulostomus_chinensis_%2826728517175%29.jpg?utm_source=commons.wikimedia.org&utm_campaign=imageinfo&utm_content=original,662514c84279c537bdb4b34d4299cd04374b5072,3405,2270,Paul Kli,CC BY-SA 2.0,https://commons.wikimedia.org/wiki/File:Aulostomus_chinensis_(26728517175).jpg,unknown
Aulostomus chinensis,File:Aulostoma chinense - 1700-1880 - Print - Iconographia Zoologica - Special Collections University of Amsterdam - UBA01 IZ13800135.tif,https://upload.wikimedia.org/wikipedia/commons/e/e9/Aulostoma_chinense_-_1700-1880_-_Print_-_Iconographia_Zoologica_-_Special_Collections_University_of_Amsterdam_-_UBA01_IZ13800135.tif?utm_source=commons.wikimedia.org&utm_campaign=imageinfo&utm_content=original,cffe297e09e796f580006e0b30318eaef9f667c3,3282,2550,,Public domain,https://commons.wikimedia.org/wiki/File:Aulostoma_chinense_-_1700-1880_-_Print_-_Iconographia_Zoologica_-_Special_Collections_University_of_Amsterdam_-_UBA01_IZ13800135.tif,unknown
Aulostomus chinensis,File:Aulostoma chinense - 1700-1880 - Print - Iconographia Zoologica - Special Collections University of Amsterdam - UBA01 IZ13800133.tif,https://upload.wikimedia.org/wikipedia/commons/a/aa/Aulostoma_chinense_-_1700-1880_-_Print_-_Iconographia_Zoologica_-_Special_Collections_University_of_Amsterdam_-_UBA01_IZ13800133.tif?utm_source=commons.wikimedia.org&utm_campaign=imageinfo&utm_content=original,501ae62db05b12359b22ce060bbd8cb3d92b219e,3233,2509,,Public domain,https://commons.wikimedia.org/wiki/File:Aulostoma_chinense_-_1700-1880_-_Print_-_Iconographia_Zoologica_-_Special_Collections_University_of_Amsterdam_-_UBA01_IZ13800133.tif,unknown
Aulostomus chinensis,File:Aulostoma chinense - 1700-1880 - Print - Iconographia Zoologica - Special Collections University of Amsterdam - UBA01 IZ13800137.tif,https://upload.wikimedia.org/wikipedia/commons/8/81/Aulostoma_chinense_-_1700-1880_-_Print_-_Iconographia_Zoologica_-_Special_Collections_University_of_Amsterdam_-_UBA01_IZ13800137.tif?utm_source=commons.wikimedia.org&utm_campaign=imageinfo&utm_content=original,b44f6480205f7cecdce8f45d19987baf755454ae,3226,2542,,Public domain,https://commons.wikimedia.org/wiki/File:Aulostoma_chinense_-_1700-1880_-_Print_-_Iconographia_Zoologica_-_Special_Collections_University_of_Amsterdam_-_UBA01_IZ13800137.tif,unknown
Aulostomus chinensis,File:Aulostomidae - Aulostomus chinensis.JPG,https://upload.wikimedia.org/wikipedia/commons/7/76/Aulostomidae_-_Aulostomus_chinensis.JPG?utm_source=commons.wikimedia.org&utm_campaign=imageinfo&utm_content=original,fd42e9d9439d21ee62150a51160197df5edfa0b7,3067,2301,Hectonichus,CC BY-SA 3.0,https://commons.wikimedia.org/wiki/File:Aulostomidae_-_Aulostomus_chinensis.JPG,unknown
Aulostomus chinensis,File:Aulostomus chinensis 363062283.jpg,https://upload.wikimedia.org/wikipedia/commons/0/0c/Aulostomus_chinensis_363062283.jpg?utm_source=commons.wikimedia.org&utm_campaign=imageinfo&utm_content=original,29dc31a40cb3d4d6b3830b3e5651db610c49810d,2048,1536,Debra Baker,CC BY 4.0,https://commons.wikimedia.org/wiki/File:Aulostomus_chinensis_363062283.jpg,unknown
Aulostomus chinensis,File:Aulostomus chinensis 363062350.jpg,https://upload.wikimedia.org/wikipedia/commons/7/7e/Aulostomus_chinensis_363062350.jpg?utm_source=commons.wikimedia.org&utm_campaign=imageinfo&utm_content=original,150e8fe3de3f2ce8c6397dd16359b49b1068ebff,2048,1536,Debra Baker,CC BY 4.0,https://commons.wikimedia.org/wiki/File:Aulostomus_chinensis_363062350.jpg,unknown
Aulostomus chinensis,File:Aulostomus chinensis 364178183.jpg,https://upload.wikimedia.org/wikipedia/commons/9/9a/Aulostomus_chinensis_364178183.jpg?utm_source=commons.wikimedia.org&utm_campaign=imageinfo&utm_content=original,db11aea007908f7842d16e83a951657dd5c845a9,2048,1532,Ditch Townsend,CC BY-SA 4.0,https://commons.wikimedia.org/wiki/File:Aulostomus_chinensis_364178183.jpg,unknown
Aulostomus chinensis,File:Aulostomus chinensis 369742965.jpg,https://upload.wikimedia.org/wikipedia/commons/c/c6/Aulostomus_chinensis_369742965.jpg?utm_source=commons.wikimedia.org&utm_campaign=imageinfo&utm_content=original,69344d7acbdbdfb9e463eab4ec5d2fab42250ec2,2048,1532,Ditch Townsend,CC BY-SA 4.0,https://commons.wikimedia.org/wiki/File:Aulostomus_chinensis_369742965.jpg,unknown
Aulostomus chinensis,File:Aulostomus chinensis 375018768.jpg,https://upload.wikimedia.org/wikipedia/commons/6/60/Aulostomus_chinensis_375018768.jpg?utm_source=commons.wikimedia.org&utm_campaign=imageinfo&utm_content=original,0e4e1d47f25d6e3bd05ccf6f31d5a93e43fedc60,2048,1532,Ditch Townsend,CC BY-SA 4.0,https://commons.wikimedia.org/wiki/File:Aulostomus_chinensis_375018768.jpg,unknown
Aulostomus chinensis,File:Aulostomus chinensis 375496350.jpg,https://upload.wikimedia.org/wikipedia/commons/4/49/Aulostomus_chinensis_375496350.jpg?utm_source=commons.wikimedia.org&utm_campaign=imageinfo&utm_content=original,ca3b4828b4d1e08d4f5ef9ce84b89dcef0803cd5,2048,1536,Debra Baker,CC BY 4.0,https://commons.wikimedia.org/wiki/File:Aulostomus_chinensis_375496350.jpg,unknown
Aulostomus chinensis,File:Aulostomus chinensis 376747630.jpg,https://upload.wikimedia.org/wikipedia/commons/e/e2/Aulostomus_chinensis_376747630.jpg?utm_source=commons.wikimedia.org&utm_campaign=imageinfo&utm_content=original,83cdd2699492b9c50e63c54800ed74474af9c893,2048,1536,Emanuele Santarelli,CC BY-SA 4.0,https://commons.wikimedia.org/wiki/File:Aulostomus_chinensis_376747630.jpg,unknown
Sanopus splendidus,File:Splendidtoadfish laban.jpg,https://upload.wikimedia.org/wikipedia/commons/2/2c/Splendidtoadfish_laban.jpg?utm_source=commons.wikimedia.org&utm_campaign=imageinfo&utm_content=original,7a7f7b3c0498dd01a8b5f6a22ccd73126272cc94,799,599,Laban712 at English Wikipedia,Public domain,https://commons.wikimedia.org/wiki/File:Splendidtoadfish_laban.jpg,in_situ
Sanopus splendidus,File:Sanopus splendidus-transformed.jpg,https://upload.wikimedia.org/wikipedia/commons/c/cb/Sanopus_splendidus-transformed.jpg?utm_source=commons.wikimedia.org&utm_campaign=imageinfo&utm_content=original,7f50bbc4561296658f0185b857ccde7026d87a2c,2410,1356,Pauline Walsh Jacobson,CC BY 4.0,https://commons.wikimedia.org/wiki/File:Sanopus_splendidus-transformed.jpg,unknown
Sanopus splendidus,File:Splendid toadfish.jpg,https://upload.wikimedia.org/wikipedia/commons/7/7e/Splendid_toadfish.jpg?utm_source=commons.wikimedia.org&utm_campaign=imageinfo&utm_content=original,3a964d4ac3544ba171ff6a1e005d8a5204672d82,2047,1363,Randall McNeely,Public domain,https://commons.wikimedia.org/wiki/File:Splendid_toadfish.jpg,unknown
Sanopus splendidus,File:Sanopus splendidus.jpg,https://upload.wikimedia.org/wikipedia/commons/a/ab/Sanopus_splendidus.jpg?utm_source=commons.wikimedia.org&utm_campaign=imageinfo&utm_content=original,9532bb44b4b5deae1dcfadf847a566b3dc02343a,460,306,Randall McNeely,Public domain,https://commons.wikimedia.org/wiki/File:Sanopus_splendidus.jpg,unknown
Plectorhinchus lineatus,File:Plectorhincus lineatus (Diagonal-banded sweetlips).jpg,https://upload.wikimedia.org/wikipedia/commons/0/00/Plectorhincus_lineatus_%28Diagonal-banded_sweetlips%29.jpg?utm_source=commons.wikimedia.org&utm_campaign=imageinfo&utm_content=original,ed8532688f35a2c7ddffb512b9033c931de4c943,2000,1500,Nhobgood Nick Hobgood,CC BY-SA 3.0,https://commons.wikimedia.org/wiki/File:Plectorhincus_lineatus_(Diagonal-banded_sweetlips).jpg,in_situ
Plectorhinchus lineatus,File:Plectorhinchus lineatus.jpg,https://upload.wikimedia.org/wikipedia/commons/6/6c/Plectorhinchus_lineatus.jpg?utm_source=commons.wikimedia.org&utm_campaign=imageinfo&utm_content=original,ade40ac932252ec68688c86a2e162828bf173d37,1024,736,Richard Ling,CC BY-SA 2.0,https://commons.wikimedia.org/wiki/File:Plectorhinchus_lineatus.jpg,in_situ
Plectorhinchus lineatus,File:Diagonal-banded sweetlips (Plectorhinchus lineatus).jpg,https://upload.wikimedia.org/wikipedia/commons/0/00/Diagonal-banded_sweetlips_%28Plectorhinchus_lineatus%29.jpg?utm_source=commons.wikimedia.org&utm_campaign=imageinfo&utm_content=original,57df9737b1f1c73918d10a40e97ab5501b745b9a,4815,3611,Rickard Zerpe,CC BY 2.0,https://commons.wikimedia.org/wiki/File:Diagonal-banded_sweetlips_(Plectorhinchus_lineatus).jpg,unknown
Plectorhinchus lineatus,File:Yellow-banded Sweetlip (Plectorhinchus lineatus) (6055797367).jpg,https://upload.wikimedia.org/wikipedia/commons/6/66/Yellow-banded_Sweetlip_%28Plectorhinchus_lineatus%29_%286055797367%29.jpg?utm_source=commons.wikimedia.org&utm_campaign=imageinfo&utm_content=original,294671f8c364bdf276e874509b2de7d0246bfcb2,4340,2604,Bernard DUPONT from FRANCE,CC BY-SA 2.0,https://commons.wikimedia.org/wiki/File:Yellow-banded_Sweetlip_(Plectorhinchus_lineatus)_(6055797367).jpg,unknown
Plectorhinchus lineatus,File:Plectorhinchus lineatus02.jpg,https://upload.wikimedia.org/wikipedia/commons/8/89/Plectorhinchus_lineatus02.jpg?utm_source=commons.wikimedia.org&utm_campaign=imageinfo&utm_content=original,01d76b880554dd9b6eb48b8ac7f40c07af6b0143,4000,3000,Víctor Cebollada,CC BY-SA 3.0,https://commons.wikimedia.org/wiki/File:Plectorhinchus_lineatus02.jpg,unknown
Plectorhinchus lineatus,File:Plectorhinchus.jpg,https://upload.wikimedia.org/wikipedia/commons/f/f2/Plectorhinchus.jpg?utm_source=commons.wikimedia.org&utm_campaign=imageinfo&utm_content=original,b6f6d5b6b61932c13784cb869427a4ff062a0529,2777,1445,Afsarnayakkan,CC BY-SA 4.0,https://commons.wikimedia.org/wiki/File:Plectorhinchus.jpg,unknown
Plectorhinchus lineatus,"File:Goldlined Sweetlips, Suzie's bommie imported from iNaturalist photo 355830009.jpg",https://upload.wikimedia.org/wikipedia/commons/3/32/Goldlined_Sweetlips%2C_Suzie%27s_bommie_imported_from_iNaturalist_photo_355830009.jpg?utm_source=commons.wikimedia.org&utm_campaign=imageinfo&utm_content=original,f1edde537b50b1b0441e942e916824387c86d737,2048,1532,"(c) Ditch Townsend, some rights reserved (CC BY-SA)",CC BY-SA 4.0,"https://commons.wikimedia.org/wiki/File:Goldlined_Sweetlips,_Suzie%27s_bommie_imported_from_iNaturalist_photo_355830009.jpg",unknown
Plectorhinchus lineatus,File:Plectorhinchus lineatus Lined Sweetlips Papua New Guinea by Nick Hobgood.jpg,https://upload.wikimedia.org/wikipedia/commons/f/f2/Plectorhinchus_lineatus_Lined_Sweetlips_Papua_New_Guinea_by_Nick_Hobgood.jpg?utm_source=commons.wikimedia.org&utm_campaign=imageinfo&utm_content=original,5e906e6bca751106a9f15241bc6ffb0f34d4d869,1956,2200,Nhobgood,CC BY-SA 3.0,https://commons.wikimedia.org/wiki/File:Plectorhinchus_lineatus_Lined_Sweetlips_Papua_New_Guinea_by_Nick_Hobgood.jpg,unknown
Plectorhinchus lineatus,File:1228RajaAmpatS - 23 hiding with big sisters (5555633509).jpg,https://upload.wikimedia.org/wikipedia/commons/8/8f/1228RajaAmpatS_-_23_hiding_with_big_sisters_%285555633509%29.jpg?utm_source=commons.wikimedia.org&utm_campaign=imageinfo&utm_content=original,46decd6ca672dde43b26c1973aac2e6496bb9ffa,1417,1080,Lakshmi Sawitri,CC BY 2.0,https://commons.wikimedia.org/wiki/File:1228RajaAmpatS_-_23_hiding_with_big_sisters_(5555633509).jpg,unknown
Plectorhinchus lineatus,File:Plectorhinchus lineatus 0094.jpg,https://upload.wikimedia.org/wikipedia/commons/3/3e/Plectorhinchus_lineatus_0094.jpg?utm_source=commons.wikimedia.org&utm_campaign=imageinfo&utm_content=original,5a1f7ae4e45f426f6cb8d6703d90df723f0674c5,1400,935,Nanosanchez,CC BY-SA 4.0,https://commons.wikimedia.org/wiki/File:Plectorhinchus_lineatus_0094.jpg,unknown
Plectorhinchus lineatus,File:Stamp of Umm al-Quwain-1967-Yellow-banded-Sweetlips-Plectorhinchus-lineatus-Ju-multi-3dirhams.jpg,https://upload.wikimedia.org/wikipedia/commons/5/53/Stamp_of_Umm_al-Quwain-1967-Yellow-banded-Sweetlips-Plectorhinchus-lineatus-Ju-multi-3dirhams.jpg?utm_source=commons.wikimedia.org&utm_campaign=imageinfo&utm_content=original,6bbaeb9ad834d41fa7895349da799c56a3be7b83,300,171,Unknown authorUnknown author,Public domain,https://commons.wikimedia.org/wiki/File:Stamp_of_Umm_al-Quwain-1967-Yellow-banded-Sweetlips-Plectorhinchus-lineatus-Ju-multi-3dirhams.jpg,unknown
Plectorhinchus lineatus,File:Burgers' Zoo (20190622145740).jpg,https://upload.wikimedia.org/wikipedia/commons/4/4e/Burgers%27_Zoo_%2820190622145740%29.jpg?utm_source=commons.wikimedia.org&utm_campaign=imageinfo&utm_content=original,0636a08b76f5e0f48f09a7b598ec3699333eb7c2,4032,3024,Robin van der Vliet,CC BY-SA 4.0,https://commons.wikimedia.org/wiki/File:Burgers%27_Zoo_(20190622145740).jpg,aquarium
Oblada melanura,File:Costa Cabo de Gata 01.JPG,https://upload.wikimedia.org/wikipedia/commons/2/26/Costa_Cabo_de_Gata_01.JPG?utm_source=commons.wikimedia.org&utm_campaign=imageinfo&utm_content=original,b8989c950159b64bd7c34c1cbc3058ca9071cd42,4000,3000,Nachosan,CC BY-SA 3.0,https://commons.wikimedia.org/wiki/File:Costa_Cabo_de_Gata_01.JPG,in_situ
Oblada melanura,File:Costa Cabo de Gata 02.JPG,https://upload.wikimedia.org/wikipedia/commons/7/7e/Costa_Cabo_de_Gata_02.JPG?utm_source=commons.wikimedia.org&utm_campaign=imageinfo&utm_content=original,e22242e5813fefeb75af36cfc800f57934658c7a,4000,3000,Nachosan,CC BY-SA 3.0,https://commons.wikimedia.org/wiki/File:Costa_Cabo_de_Gata_02.JPG,in_situ
Oblada melanura,File:Costa Cabo de Gata 18.JPG,https://upload.wikimedia.org/wikipedia/commons/3/3a/Costa_Cabo_de_Gata_18.JPG?utm_source=commons.wikimedia.org&utm_campaign=imageinfo&utm_content=original,3560d5c3ae239bcdb2ffc0bca5cd291bf203c6e6,4000,3000,Nachosan,CC BY-SA 3.0,https://commons.wikimedia.org/wiki/File:Costa_Cabo_de_Gata_18.JPG,in_situ
Oblada melanura,File:Costa Cabo de Gata 39.JPG,https://upload.wikimedia.org/wikipedia/commons/0/04/Costa_Cabo_de_Gata_39.JPG?utm_source=commons.wikimedia.org&utm_campaign=imageinfo&utm_content=original,a2ef42793a51b158936354b91c2f99dec977ba63,4000,3000,Nachosan,CC BY-SA 4.0,https://commons.wikimedia.org/wiki/File:Costa_Cabo_de_Gata_39.JPG,in_situ
Oblada melanura,File:Salpa salpa.jpg,https://upload.wikimedia.org/wikipedia/commons/c/c6/Salpa_salpa.jpg?utm_source=commons.wikimedia.org&utm_campaign=imageinfo&utm_content=original,6b02c23c17689a9c5156879f1118797abf409717,1200,674,Nanosanchez,Public domain,https://commons.wikimedia.org/wiki/File:Salpa_salpa.jpg,in_situ
Oblada melanura,"File:Oblade, blade Oblada melanura - Lamiot, Le Racou 2015 a3062.JPG",https://upload.wikimedia.org/wikipedia/commons/d/d3/Oblade%2C_blade_Oblada_melanura_-_Lamiot%2C_Le_Racou_2015_a3062.JPG?utm_source=commons.wikimedia.org&utm_campaign=imageinfo&utm_content=original,a025ef63b885f0c0549576a8ce4806e15c3b2531,4608,2781,Lamiot,CC BY-SA 4.0,"https://commons.wikimedia.org/wiki/File:Oblade,_blade_Oblada_melanura_-_Lamiot,_Le_Racou_2015_a3062.JPG",unknown
Oblada melanura,File:Oblades Le Racou 2015 a3064.JPG,https://upload.wikimedia.org/wikipedia/commons/6/68/Oblades_Le_Racou_2015_a3064.JPG?utm_source=commons.wikimedia.org&utm_campaign=imageinfo&utm_content=original,80c76d2880b2643cf5113b42923d839daade1f52,4608,2269,Lamiot,CC BY-SA 4.0,https://commons.wikimedia.org/wiki/File:Oblades_Le_Racou_2015_a3064.JPG,unknown
Oblada melanura,"File:Oblade, blade Oblada melanura, Le Racou 2015 a3066.JPG",https://upload.wikimedia.org/wikipedia/commons/a/a6/Oblade%2C_blade_Oblada_melanura%2C_Le_Racou_2015_a3066.JPG?utm_source=commons.wikimedia.org&utm_campaign=imageinfo&utm_content=original,7560673f7cb2b4c0a94e6d645916ab809587890a,4463,2474,Lamiot,CC BY-SA 4.0,"https://commons.wikimedia.org/wiki/File:Oblade,_blade_Oblada_melanura,_Le_Racou_2015_a3066.JPG",unknown
Oblada melanura,"File:Oblade fishes and a wreck, Arcipelago Toscano National Park, Italy.jpg",https://upload.wikimedia.org/wikipedia/commons/5/56/Oblade_fishes_and_a_wreck%2C_Arcipelago_Toscano_National_Park%2C_Italy.jpg?utm_source=commons.wikimedia.org&utm_campaign=imageinfo&utm_content=original,5dd146148d2857b400582085b6a9ac0a988517d1,4160,3120,Albarubescens,CC BY-SA 4.0,"https://commons.wikimedia.org/wiki/File:Oblade_fishes_and_a_wreck,_Arcipelago_Toscano_National_Park,_Italy.jpg",unknown
Oblada melanura,File:La libertad del mar.jpg,https://upload.wikimedia.org/wikipedia/commons/1/16/La_libertad_del_mar.jpg?utm_source=commons.wikimedia.org&utm_campaign=imageinfo&utm_content=original,6c63e5f6eaeeca7d6b3b9971a889c2b77141c71b,4032,3024,Reyesiba,CC BY-SA 4.0,https://commons.wikimedia.org/wiki/File:La_libertad_del_mar.jpg,unknown
Oblada melanura,"File:Oblade, blade Oblada melanura - Lamiot, Le Racou 2015 a3067.JPG",https://upload.wikimedia.org/wikipedia/commons/6/67/Oblade%2C_blade_Oblada_melanura_-_Lamiot%2C_Le_Racou_2015_a3067.JPG?utm_source=commons.wikimedia.org&utm_campaign=imageinfo&utm_content=original,9f86a3613076ce7adc32fcda9d570df6f61fc7f1,3945,1914,Lamiot,CC BY-SA 4.0,"https://commons.wikimedia.org/wiki/File:Oblade,_blade_Oblada_melanura_-_Lamiot,_Le_Racou_2015_a3067.JPG",unknown
Oblada melanura,"File:Oblade, blade Oblada melanura, Le Racou 2015.JPG",https://upload.wikimedia.org/wikipedia/commons/3/3d/Oblade%2C_blade_Oblada_melanura%2C_Le_Racou_2015.JPG?utm_source=commons.wikimedia.org&utm_campaign=imageinfo&utm_content=original,9ac13476109653a52e8241f52e6e8e5ca50dec83,3903,2173,Lamiot,CC BY-SA 4.0,"https://commons.wikimedia.org/wiki/File:Oblade,_blade_Oblada_melanura,_Le_Racou_2015.JPG",unknown
Lactophrys triqueter,"File:Lactophrys triqueter (smooth trunkfish) (San Salvador Island, Bahamas) 2.jpg",https://upload.wikimedia.org/wikipedia/commons/2/2d/Lactophrys_triqueter_%28smooth_trunkfish%29_%28San_Salvador_Island%2C_Bahamas%29_2.jpg?utm_source=commons.wikimedia.org&utm_campaign=imageinfo&utm_content=original,0ae867cff97b5911a7bc5686b45cc5668317ef90,3648,2736,James St. John,CC BY 2.0,"https://commons.wikimedia.org/wiki/File:Lactophrys_triqueter_(smooth_trunkfish)_(San_Salvador_Island,_Bahamas)_2.jpg",in_situ
Lactophrys triqueter,"File:Lactophrys triqueter (smooth trunkfish) (San Salvador Island, Bahamas) 2 (15964329148).jpg",https://upload.wikimedia.org/wikipedia/commons/6/6f/Lactophrys_triqueter_%28smooth_trunkfish%29_%28San_Salvador_Island%2C_Bahamas%29_2_%2815964329148%29.jpg?utm_source=commons.wikimedia.org&utm_campaign=imageinfo&utm_content=original,1048b7da21392a5753333be35a37ad93b0486305,3648,2736,James St. John,CC BY 2.0,"https://commons.wikimedia.org/wiki/File:Lactophrys_triqueter_(smooth_trunkfish)_(San_Salvador_Island,_Bahamas)_2_(15964329148).jpg",in_situ
Lactophrys triqueter,File:Oooooooooooooooooooo (5230897450).jpg,https://upload.wikimedia.org/wikipedia/commons/2/28/Oooooooooooooooooooo_%285230897450%29.jpg?utm_source=commons.wikimedia.org&utm_campaign=imageinfo&utm_content=original,fe581d6944670b99c0c084324ac2f7c79fcba888,3265,2177,"LASZLO ILYES from Cleveland, Ohio, USA",CC BY 2.0,https://commons.wikimedia.org/wiki/File:Oooooooooooooooooooo_(5230897450).jpg,in_situ
Lactophrys triqueter,"File:Lactophrys triqueter (smooth trunkfish) (San Salvador Island, Bahamas) 3 (15964450260).jpg",https://upload.wikimedia.org/wikipedia/commons/b/be/Lactophrys_triqueter_%28smooth_trunkfish%29_%28San_Salvador_Island%2C_Bahamas%29_3_%2815964450260%29.jpg?utm_source=commons.wikimedia.org&utm_campaign=imageinfo&utm_content=original,7efbcb04bfb00802d781e085ca7d75fe11f78092,1948,2596,James St. John,CC BY 2.0,"https://commons.wikimedia.org/wiki/File:Lactophrys_triqueter_(smooth_trunkfish)_(San_Salvador_Island,_Bahamas)_3_(15964450260).jpg",in_situ
Lactophrys triqueter,"File:Lactophrys triqueter (smooth trunkfish) (San Salvador Island, Bahamas) 1 (15965681539).jpg",https://upload.wikimedia.org/wikipedia/commons/6/61/Lactophrys_triqueter_%28smooth_trunkfish%29_%28San_Salvador_Island%2C_Bahamas%29_1_%2815965681539%29.jpg?utm_source=commons.wikimedia.org&utm_campaign=imageinfo&utm_content=original,23687a9c515a61ceda7d1a159f42955875030c71,1887,1674,James St. John,CC BY 2.0,"https://commons.wikimedia.org/wiki/File:Lactophrys_triqueter_(smooth_trunkfish)_(San_Salvador_Island,_Bahamas)_1_(15965681539).jpg",in_situ
Lactophrys triqueter,File:Lactophrys triqueter 1.jpg,https://upload.wikimedia.org/wikipedia/commons/c/c5/Lactophrys_triqueter_1.jpg?utm_source=commons.wikimedia.org&utm_campaign=imageinfo&utm_content=original,435acb318e00019d01e99ec9e2d44831b2ca9a21,1599,1199,"Becky A. Dayhuff, Environmental Educator",Public domain,https://commons.wikimedia.org/wiki/File:Lactophrys_triqueter_1.jpg,in_situ
Lactophrys triqueter,File:Box Fish on Cobblers Reef.jpg,https://upload.wikimedia.org/wikipedia/commons/3/3c/Box_Fish_on_Cobblers_Reef.jpg?utm_source=commons.wikimedia.org&utm_campaign=imageinfo&utm_content=original,4bf0b5adb608ed7f6bc84677efec97dffe13c064,798,510,Johnmartindavies,CC BY-SA 3.0,https://commons.wikimedia.org/wiki/File:Box_Fish_on_Cobblers_Reef.jpg,in_situ
Lactophrys triqueter,"File:Pez cofre (Lactophrys triqueter), Cozumel, México, 2025-12-20, DD 131.jpg",https://upload.wikimedia.org/wikipedia/commons/9/9e/Pez_cofre_%28Lactophrys_triqueter%29%2C_Cozumel%2C_M%C3%A9xico%2C_2025-12-20%2C_DD_131.jpg?utm_source=commons.wikimedia.org&utm_campaign=imageinfo&utm_content=original,9e7bf5cb75cee926a763fbda1b9c2e91d5e868f8,7044,4696,Diego Delso,CC BY-SA 4.0,"https://commons.wikimedia.org/wiki/File:Pez_cofre_(Lactophrys_triqueter),_Cozumel,_M%C3%A9xico,_2025-12-20,_DD_131.jpg",unknown
Lactophrys triqueter,File:Laika ac Playa Kalki (11880461916).jpg,https://upload.wikimedia.org/wikipedia/commons/1/10/Laika_ac_Playa_Kalki_%2811880461916%29.jpg?utm_source=commons.wikimedia.org&utm_campaign=imageinfo&utm_content=original,769e6f95762e26055c598c903e0628cd0cbb4410,4608,2592,Laika ac from USA,CC BY-SA 2.0,https://commons.wikimedia.org/wiki/File:Laika_ac_Playa_Kalki_(11880461916).jpg,unknown
Lactophrys triqueter,File:Acanthostracion polygonius - Honeycomb cowfish IMG 0161 C.JPG,https://upload.wikimedia.org/wikipedia/commons/e/e2/Acanthostracion_polygonius_-_Honeycomb_cowfish_IMG_0161_C.JPG?utm_source=commons.wikimedia.org&utm_campaign=imageinfo&utm_content=original,98ebb89e02b662976d49d92206701619f6d03399,4272,2848,Anneli Salo,CC BY-SA 3.0,https://commons.wikimedia.org/wiki/File:Acanthostracion_polygonius_-_Honeycomb_cowfish_IMG_0161_C.JPG,unknown
Lactophrys triqueter,"File:Pez cofre (Lactophrys triqueter), Cozumel, México, 2025-12-20, DD 132.jpg",https://upload.wikimedia.org/wikipedia/commons/2/2b/Pez_cofre_%28Lactophrys_triqueter%29%2C_Cozumel%2C_M%C3%A9xico%2C_2025-12-20%2C_DD_132.jpg?utm_source=commons.wikimedia.org&utm_campaign=imageinfo&utm_content=original,3833fccaee935e8c59c19e1dfc87cbb87ad26ed0,2907,2907,Diego Delso,CC BY-SA 4.0,"https://commons.wikimedia.org/wiki/File:Pez_cofre_(Lactophrys_triqueter),_Cozumel,_M%C3%A9xico,_2025-12-20,_DD_132.jpg",unknown
Lactophrys triqueter,File:Ostracion triqueter - 1700-1880 - Print - Iconographia Zoologica - Special Collections University of Amsterdam - UBA01 IZ15400203.tif,https://upload.wikimedia.org/wikipedia/commons/a/ab/Ostracion_triqueter_-_1700-1880_-_Print_-_Iconographia_Zoologica_-_Special_Collections_University_of_Amsterdam_-_UBA01_IZ15400203.tif?utm_source=commons.wikimedia.org&utm_campaign=imageinfo&utm_content=original,df6ca796c632d3d9678af9baff543e388faa99ae,2557,3295,,Public domain,https://commons.wikimedia.org/wiki/File:Ostracion_triqueter_-_1700-1880_-_Print_-_Iconographia_Zoologica_-_Special_Collections_University_of_Amsterdam_-_UBA01_IZ15400203.tif,unknown
Hemitaurichthys polylepis,File:PMNM - Pyramid Butterflyfish - French Frigate Shoals (34250173362).jpg,https://upload.wikimedia.org/wikipedia/commons/4/4c/PMNM_-_Pyramid_Butterflyfish_-_French_Frigate_Shoals_%2834250173362%29.jpg?utm_source=commons.wikimedia.org&utm_campaign=imageinfo&utm_content=original,f9901dc678117fdef3f3a49c3706a29efc6cfe66,2706,3612,National Marine Sanctuaries,Public domain,https://commons.wikimedia.org/wiki/File:PMNM_-_Pyramid_Butterflyfish_-_French_Frigate_Shoals_(34250173362).jpg,in_situ
Hemitaurichthys polylepis,File:PMNM Pyramid Butterfly Fish - French Frigate Shoals (49798459067).jpg,https://upload.wikimedia.org/wikipedia/commons/5/57/PMNM_Pyramid_Butterfly_Fish_-_French_Frigate_Shoals_%2849798459067%29.jpg?utm_source=commons.wikimedia.org&utm_campaign=imageinfo&utm_content=original,f3fa8fab2a25707c5fdff96d5441eecc894ae8f9,2706,3612,National Marine Sanctuaries,CC BY 2.0,https://commons.wikimedia.org/wiki/File:PMNM_Pyramid_Butterfly_Fish_-_French_Frigate_Shoals_(49798459067).jpg,in_situ
Hemitaurichthys polylepis,"File:Hemitaurichthys polylepis, Apo reef.jpg",https://upload.wikimedia.org/wikipedia/commons/5/5e/Hemitaurichthys_polylepis%2C_Apo_reef.jpg?utm_source=commons.wikimedia.org&utm_campaign=imageinfo&utm_content=original,71c78f0825e9eee25c029959f8c0719b784a81aa,2272,1704,"Dr. Dwayne Meadows, NOAA",Public domain,"https://commons.wikimedia.org/wiki/File:Hemitaurichthys_polylepis,_Apo_reef.jpg",in_situ
Hemitaurichthys polylepis,File:First records of the species Hemitaurichthys polylepis at the Chesterfield-Bellona reef complex in the Coral Sea Marine Park (Ifremer 00675-78693).webm,https://upload.wikimedia.org/wikipedia/commons/a/ad/First_records_of_the_species_Hemitaurichthys_polylepis_at_the_Chesterfield-Bellona_reef_complex_in_the_Coral_Sea_Marine_Park_%28Ifremer_00675-78693%29.webm?utm_source=commons.wikimedia.org&utm_campaign=imageinfo&utm_content=original,f0e86f2317312edde759489464dbc653c8353ee7,1920,1080,Dominique Pelletier,CC BY 4.0,https://commons.wikimedia.org/wiki/File:First_records_of_the_species_Hemitaurichthys_polylepis_at_the_Chesterfield-Bellona_reef_complex_in_the_Coral_Sea_Marine_Park_(Ifremer_00675-78693).webm,in_situ
Hemitaurichthys polylepis,File:Hemitaurichthys polylepis swim.jpg,https://upload.wikimedia.org/wikipedia/commons/9/97/Hemitaurichthys_polylepis_swim.jpg?utm_source=commons.wikimedia.org&utm_campaign=imageinfo&utm_content=original,f402d7ab5476ce4d8a6fbe0e1b90819d3aeee472,996,649,Tappinen,CC BY-SA 3.0,https://commons.wikimedia.org/wiki/File:Hemitaurichthys_polylepis_swim.jpg,in_situ
Hemitaurichthys polylepis,File:Pyramid Butterflyfish.jpg,https://upload.wikimedia.org/wikipedia/commons/d/d1/Pyramid_Butterflyfish.jpg?utm_source=commons.wikimedia.org&utm_campaign=imageinfo&utm_content=original,ef5210b20330e2f0d42cdf792ab82897b87ec6e0,600,450,The original uploader was Aquaimages at English Wikipedia.,CC BY-SA 2.5,https://commons.wikimedia.org/wiki/File:Pyramid_Butterflyfish.jpg,in_situ
Hemitaurichthys polylepis,File:DSC 0857NAB 3.17.jpg,https://upload.wikimedia.org/wikipedia/commons/5/52/DSC_0857NAB_3.17.jpg?utm_source=commons.wikimedia.org&utm_campaign=imageinfo&utm_content=original,4e7ffcf0c2373a91439321b54e2d103193c25096,6000,4000,lwolfartist,CC BY 2.0,https://commons.wikimedia.org/wiki/File:DSC_0857NAB_3.17.jpg,unknown
Hemitaurichthys polylepis,File:DSC 0875NAB 3.17.jpg,https://upload.wikimedia.org/wikipedia/commons/5/58/DSC_0875NAB_3.17.jpg?utm_source=commons.wikimedia.org&utm_campaign=imageinfo&utm_content=original,82f3b394375389c4b01cd5ad1e531fac19fb5a20,6000,4000,lwolfartist,CC BY 2.0,https://commons.wikimedia.org/wiki/File:DSC_0875NAB_3.17.jpg,unknown
Hemitaurichthys polylepis,File:Hemitaurichthys polylepis (6337093293).jpg,https://upload.wikimedia.org/wikipedia/commons/5/5c/Hemitaurichthys_polylepis_%286337093293%29.jpg?utm_source=commons.wikimedia.org&utm_campaign=imageinfo&utm_content=original,10d38d4228d00a0b0d37cf36f2ae46f16b0a7e2d,5184,3456,"Ruben Undheim from Trondheim, Norway",CC BY-SA 2.0,https://commons.wikimedia.org/wiki/File:Hemitaurichthys_polylepis_(6337093293).jpg,unknown
Hemitaurichthys polylepis,"File:Pez mariposa pirámide (Hemitaurichthys polylepis), Anilao, Filipinas, 2023-08-25, DD 143.jpg",https://upload.wikimedia.org/wikipedia/commons/2/23/Pez_mariposa_pir%C3%A1mide_%28Hemitaurichthys_polylepis%29%2C_Anilao%2C_Filipinas%2C_2023-08-25%2C_DD_143.jpg?utm_source=commons.wikimedia.org&utm_campaign=imageinfo&utm_content=original,b0e9f0d25b140281fd5316775ee761066deb119e,4813,3209,Diego Delso,CC BY-SA 4.0,"https://commons.wikimedia.org/wiki/File:Pez_mariposa_pir%C3%A1mide_(Hemitaurichthys_polylepis),_Anilao,_Filipinas,_2023-08-25,_DD_143.jpg",unknown
Hemitaurichthys polylepis,File:Fish Georgia aquarium - 36850871414.jpg,https://upload.wikimedia.org/wikipedia/commons/5/5e/Fish_Georgia_aquarium_-_36850871414.jpg?utm_source=commons.wikimedia.org&utm_campaign=imageinfo&utm_content=original,c730ba7628d81705b64c8d459a74e077e9830b01,4496,3000,lwolfartist,CC BY 2.0,https://commons.wikimedia.org/wiki/File:Fish_Georgia_aquarium_-_36850871414.jpg,unknown
Hemitaurichthys polylepis,File:Pyramid Butterflyfishes (Hemitaurichthys polylepis) (6130320478).jpg,https://upload.wikimedia.org/wikipedia/commons/0/0b/Pyramid_Butterflyfishes_%28Hemitaurichthys_polylepis%29_%286130320478%29.jpg?utm_source=commons.wikimedia.org&utm_campaign=imageinfo&utm_content=original,07928596581261996fac267672619b693682758d,4416,2649,Bernard DUPONT from FRANCE,CC BY-SA 2.0,https://commons.wikimedia.org/wiki/File:Pyramid_Butterflyfishes_(Hemitaurichthys_polylepis)_(6130320478).jpg,unknown
Gymnothorax favagineus,File:Gymnothorax favagineus 129608781.jpg,https://upload.wikimedia.org/wikipedia/commons/8/89/Gymnothorax_favagineus_129608781.jpg?utm_source=commons.wikimedia.org&utm_campaign=imageinfo&utm_content=original,65ee8bd394938905829880fa6f592aeafda2e618,2048,1152,Dr. Thomas Dörner,CC BY-SA 4.0,https://commons.wikimedia.org/wiki/File:Gymnothorax_favagineus_129608781.jpg,unknown
Gymnothorax favagineus,File:Gymnothorax favagineus 129608797.jpg,https://upload.wikimedia.org/wikipedia/commons/f/f8/Gymnothorax_favagineus_129608797.jpg?utm_source=commons.wikimedia.org&utm_campaign=imageinfo&utm_content=original,386e20d74fb1371c3495d1f4756f6880bb418b5a,2048,1152,Dr. Thomas Dörner,CC BY-SA 4.0,https://commons.wikimedia.org/wiki/File:Gymnothorax_favagineus_129608797.jpg,unknown
Gymnothorax favagineus,File:Gymnothorax favagineus 129608815.jpg,https://upload.wikimedia.org/wikipedia/commons/8/84/Gymnothorax_favagineus_129608815.jpg?utm_source=commons.wikimedia.org&utm_campaign=imageinfo&utm_content=original,7e504bdf1154f7aa0bf0dc96f226eff4e1fb2b9c,2048,1152,Dr. Thomas Dörner,CC BY-SA 4.0,https://commons.wikimedia.org/wiki/File:Gymnothorax_favagineus_129608815.jpg,unknown
Gymnothorax favagineus,File:Gymnothorax favagineus 134103367.jpg,https://upload.wikimedia.org/wikipedia/commons/2/28/Gymnothorax_favagineus_134103367.jpg?utm_source=commons.wikimedia.org&utm_campaign=imageinfo&utm_content=original,9ed49c4a914e0fbf02a17ddee539652000036287,2048,1536,jeyre,CC BY 4.0,https://commons.wikimedia.org/wiki/File:Gymnothorax_favagineus_134103367.jpg,unknown
Gymnothorax favagineus,File:Gymnothorax favagineus 15432175.jpg,https://upload.wikimedia.org/wikipedia/commons/1/18/Gymnothorax_favagineus_15432175.jpg?utm_source=commons.wikimedia.org&utm_campaign=imageinfo&utm_content=original,8f5bd705f334ff933fe299af4d358a37e89576cd,2048,1536,Peter Southwood,CC BY-SA 4.0,https://commons.wikimedia.org/wiki/File:Gymnothorax_favagineus_15432175.jpg,unknown
Gymnothorax favagineus,File:Gymnothorax favagineus 15432179.jpg,https://upload.wikimedia.org/wikipedia/commons/7/79/Gymnothorax_favagineus_15432179.jpg?utm_source=commons.wikimedia.org&utm_campaign=imageinfo&utm_content=original,89987abd4ae1c4442ce420eacff18b5edd1e2615,2048,1536,Peter Southwood,CC BY-SA 4.0,https://commons.wikimedia.org/wiki/File:Gymnothorax_favagineus_15432179.jpg,unknown
Gymnothorax favagineus,File:Gymnothorax favagineus 15432182.jpg,https://upload.wikimedia.org/wikipedia/commons/a/a1/Gymnothorax_favagineus_15432182.jpg?utm_source=commons.wikimedia.org&utm_campaign=imageinfo&utm_content=original,f96f7cbfe3781bee01494440ee683b408377cc43,2048,1536,Peter Southwood,CC BY-SA 4.0,https://commons.wikimedia.org/wiki/File:Gymnothorax_favagineus_15432182.jpg,unknown
Gymnothorax favagineus,File:Gymnothorax favagineus 15674192.jpg,https://upload.wikimedia.org/wikipedia/commons/2/25/Gymnothorax_favagineus_15674192.jpg?utm_source=commons.wikimedia.org&utm_campaign=imageinfo&utm_content=original,1a10000bacedf49fa950f8f88f6f69596566e501,2048,1370,Georgina Jones,CC BY-SA 4.0,https://commons.wikimedia.org/wiki/File:Gymnothorax_favagineus_15674192.jpg,unknown
Gymnothorax favagineus,File:Gymnothorax favagineus 260685646.jpg,https://upload.wikimedia.org/wikipedia/commons/0/0b/Gymnothorax_favagineus_260685646.jpg?utm_source=commons.wikimedia.org&utm_campaign=imageinfo&utm_content=original,6b3d56cb03818ce8c4f058cda7162c13eb4b90b4,2048,1365,Rohan Arthur,CC BY 4.0,https://commons.wikimedia.org/wiki/File:Gymnothorax_favagineus_260685646.jpg,unknown
Gymnothorax favagineus,File:Gymnothorax favagineus 277332345.jpg,https://upload.wikimedia.org/wikipedia/commons/e/ef/Gymnothorax_favagineus_277332345.jpg?utm_source=commons.wikimedia.org&utm_campaign=imageinfo&utm_content=original,b47c4fe84937613fe519022dd2e79813fdf55503,2048,1536,Adithyan A Saj,CC0,https://commons.wikimedia.org/wiki/File:Gymnothorax_favagineus_277332345.jpg,unknown
Gymnothorax favagineus,File:Gymnothorax favagineus 277332368.jpg,https://upload.wikimedia.org/wikipedia/commons/6/6f/Gymnothorax_favagineus_277332368.jpg?utm_source=commons.wikimedia.org&utm_campaign=imageinfo&utm_content=original,16b6e13f9c01b65591fad5c3fef7ab2a03bea1b4,2048,1536,Adithyan A Saj,CC0,https://commons.wikimedia.org/wiki/File:Gymnothorax_favagineus_277332368.jpg,unknown
Gymnothorax favagineus,File:Gymnothorax favagineus 277332393.jpg,https://upload.wikimedia.org/wikipedia/commons/6/6e/Gymnothorax_favagineus_277332393.jpg?utm_source=commons.wikimedia.org&utm_campaign=imageinfo&utm_content=original,c47da2344074d27ffb12eadef18d4754ae0773cf,2048,1536,Adithyan A Saj,CC0,https://commons.wikimedia.org/wiki/File:Gymnothorax_favagineus_277332393.jpg,unknown
Elacatinus oceanops,File:Neon Blue Goby.jpg,https://upload.wikimedia.org/wikipedia/commons/a/a5/Neon_Blue_Goby.jpg?utm_source=commons.wikimedia.org&utm_campaign=imageinfo&utm_content=original,dcc329561c9f8ed57b7ad3393985ab025fb181d4,4288,2848,Jmk7,CC BY-SA 3.0,https://commons.wikimedia.org/wiki/File:Neon_Blue_Goby.jpg,unknown
Elacatinus oceanops,File:Dermatolepis inermis - Sanc1578.jpg,https://upload.wikimedia.org/wikipedia/commons/6/67/Dermatolepis_inermis_-_Sanc1578.jpg?utm_source=commons.wikimedia.org&utm_campaign=imageinfo&utm_content=original,b6721486af35680048545822214e4fc8899b3be1,3613,2400,NOAA Photo Library,CC BY 2.0,https://commons.wikimedia.org/wiki/File:Dermatolepis_inermis_-_Sanc1578.jpg,unknown
Elacatinus oceanops,File:Montastraea cavernosa (Great Star Coral) with Elacatinus oceanops (Neon Goby).jpg,https://upload.wikimedia.org/wikipedia/commons/8/89/Montastraea_cavernosa_%28Great_Star_Coral%29_with_Elacatinus_oceanops_%28Neon_Goby%29.jpg?utm_source=commons.wikimedia.org&utm_campaign=imageinfo&utm_content=original,d5158704b8a57405fff57779edb993735a42fd6d,2400,1800,Nhobgood Nick Hobgood,CC BY-SA 3.0,https://commons.wikimedia.org/wiki/File:Montastraea_cavernosa_(Great_Star_Coral)_with_Elacatinus_oceanops_(Neon_Goby).jpg,unknown
Elacatinus oceanops,File:Elacatinus evelynae.jpg,https://upload.wikimedia.org/wikipedia/commons/5/5c/Elacatinus_evelynae.jpg?utm_source=commons.wikimedia.org&utm_campaign=imageinfo&utm_content=original,2c7b5ec8372c27c7d9b6011ba315b8bb3738810d,1800,1123,"LASZLO ILYES (laszlo-photo) from Cleveland, Ohio, USA",CC BY 2.0,https://commons.wikimedia.org/wiki/File:Elacatinus_evelynae.jpg,unknown
Elacatinus oceanops,File:Gobiosoma oceanops (Neon Goby) on a hard coral.jpg,https://upload.wikimedia.org/wikipedia/commons/4/4e/Gobiosoma_oceanops_%28Neon_Goby%29_on_a_hard_coral.jpg?utm_source=commons.wikimedia.org&utm_campaign=imageinfo&utm_content=original,763292ec18fcb3d752ce9155e24a60162ecbe7ae,1621,2159,Nhobgood Nick Hobgood,CC BY-SA 3.0,https://commons.wikimedia.org/wiki/File:Gobiosoma_oceanops_(Neon_Goby)_on_a_hard_coral.jpg,unknown
Elacatinus oceanops,"File:Environmental appendix- Miami-Dade County Back Bay coastal storm risk management feasibility study, Miami-Dade County, Florida- Appendix D - USACE-p16021coll7-14462.pdf",https://upload.wikimedia.org/wikipedia/commons/a/a2/Environmental_appendix-_Miami-Dade_County_Back_Bay_coastal_storm_risk_management_feasibility_study%2C_Miami-Dade_County%2C_Florida-_Appendix_D_-_USACE-p16021coll7-14462.pdf?utm_source=commons.wikimedia.org&utm_campaign=imageinfo&utm_content=original,7191e81398a63fab43473bf1feb88e461f621a21,1275,1650,United States. Army. Corps of Engineers. Norfolk District,Public domain,"https://commons.wikimedia.org/wiki/File:Environmental_appendix-_Miami-Dade_County_Back_Bay_coastal_storm_risk_management_feasibility_study,_Miami-Dade_County,_Florida-_Appendix_D_-_USACE-p16021coll7-14462.pdf",unknown
Elacatinus oceanops,File:Elacatinus oceanops.JPG,https://upload.wikimedia.org/wikipedia/commons/8/88/Elacatinus_oceanops.JPG?utm_source=commons.wikimedia.org&utm_campaign=imageinfo&utm_content=original,6ba4a39472595652789fbf1c4bf773526015d5e3,1127,286,MyName (Tambja),CC BY-SA 3.0,https://commons.wikimedia.org/wiki/File:Elacatinus_oceanops.JPG,unknown
Elacatinus oceanops,File:FMIB 41095 Elacatinus oceanops Type.jpeg,https://upload.wikimedia.org/wikipedia/commons/b/ba/FMIB_41095_Elacatinus_oceanops_Type.jpeg?utm_source=commons.wikimedia.org&utm_campaign=imageinfo&utm_content=original,857d2bdc41fe68611acc0aa5fac7d05db1aa654b,1081,628,David Starr Jordan,Public domain,https://commons.wikimedia.org/wiki/File:FMIB_41095_Elacatinus_oceanops_Type.jpeg,unknown
Elacatinus oceanops,File:Bulletin of the United States Fish Commission (IA bulletinofunite221902unit).pdf,https://upload.wikimedia.org/wikipedia/commons/6/6d/Bulletin_of_the_United_States_Fish_Commission_%28IA_bulletinofunite221902unit%29.pdf?utm_source=commons.wikimedia.org&utm_campaign=imageinfo&utm_content=original,d651cb167463dac4120170fa3bc5a5de671778a0,989,1539,United States Fish Commission,Public domain,https://commons.wikimedia.org/wiki/File:Bulletin_of_the_United_States_Fish_Commission_(IA_bulletinofunite221902unit).pdf,unknown
Elacatinus oceanops,File:Gobiosoma oceanops 1.jpg,https://upload.wikimedia.org/wikipedia/commons/1/15/Gobiosoma_oceanops_1.jpg?utm_source=commons.wikimedia.org&utm_campaign=imageinfo&utm_content=original,cc612aa279e1d990f6330a68f20fb3943571b809,600,360,Stan Shebs,CC BY-SA 3.0,https://commons.wikimedia.org/wiki/File:Gobiosoma_oceanops_1.jpg,aquarium
Elacatinus oceanops,File:Gobiosoma oceanops 2.jpg,https://upload.wikimedia.org/wikipedia/commons/e/ee/Gobiosoma_oceanops_2.jpg?utm_source=commons.wikimedia.org&utm_campaign=imageinfo&utm_content=original,0c776bdd06b074a3c0018b0b7cbf2fe4a33a8244,400,240,No machine-readable author provided. Haplochromis assumed (based on copyright claims).,CC BY-SA 3.0,https://commons.wikimedia.org/wiki/File:Gobiosoma_oceanops_2.jpg,aquarium
Chrysiptera parasema,File:Chrysiptera parasema 01.jpg,https://upload.wikimedia.org/wikipedia/commons/5/59/Chrysiptera_parasema_01.jpg?utm_source=commons.wikimedia.org&utm_campaign=imageinfo&utm_content=original,a1c1cd2a5d3f187c5ba642b67ba94ceac52d1e34,5184,3888,Ad Meskens,CC BY-SA 4.0,https://commons.wikimedia.org/wiki/File:Chrysiptera_parasema_01.jpg,unknown
Chrysiptera parasema,File:Chrysiptera parasema 02.jpg,https://upload.wikimedia.org/wikipedia/commons/0/0e/Chrysiptera_parasema_02.jpg?utm_source=commons.wikimedia.org&utm_campaign=imageinfo&utm_content=original,240481b9c4a9bbc57769ca658dc2847b7d72e071,5184,3888,Ad Meskens,CC BY-SA 4.0,https://commons.wikimedia.org/wiki/File:Chrysiptera_parasema_02.jpg,unknown
Chrysiptera parasema,File:Chrysiptera parasema 03.jpg,https://upload.wikimedia.org/wikipedia/commons/7/7d/Chrysiptera_parasema_03.jpg?utm_source=commons.wikimedia.org&utm_campaign=imageinfo&utm_content=original,17aa1f63ce2afe6c5974316d6e9104f581578364,5184,3888,Ad Meskens,CC BY-SA 4.0,https://commons.wikimedia.org/wiki/File:Chrysiptera_parasema_03.jpg,unknown
Chrysiptera parasema,File:Chrysiptera parasema in Tropicarium-Oceanarium Budapest.jpg,https://upload.wikimedia.org/wikipedia/commons/f/fd/Chrysiptera_parasema_in_Tropicarium-Oceanarium_Budapest.jpg?utm_source=commons.wikimedia.org&utm_campaign=imageinfo&utm_content=original,8b6ddddcd685ad5afea534ebfa7ff60379745d63,3872,2592,Хомелка,CC BY-SA 3.0,https://commons.wikimedia.org/wiki/File:Chrysiptera_parasema_in_Tropicarium-Oceanarium_Budapest.jpg,unknown
Chrysiptera parasema,File:Blue Fish (8030224092).jpg,https://upload.wikimedia.org/wikipedia/commons/8/8f/Blue_Fish_%288030224092%29.jpg?utm_source=commons.wikimedia.org&utm_campaign=imageinfo&utm_content=original,44d494f40ecd2b7ea555ae72ee61712bd5655e3e,1800,1756,"Tony Hisgett from Birmingham, UK",CC BY 2.0,https://commons.wikimedia.org/wiki/File:Blue_Fish_(8030224092).jpg,unknown
Chrysiptera parasema,File:Chrysiptera parasema 01 ssj 20050812.jpg,https://upload.wikimedia.org/wikipedia/commons/b/ba/Chrysiptera_parasema_01_ssj_20050812.jpg?utm_source=commons.wikimedia.org&utm_campaign=imageinfo&utm_content=original,a072106bec828121520627720aabefe16176d9cd,1157,761,Paweł Cieśla Staszek_Szybki_Jest,CC BY-SA 4.0,https://commons.wikimedia.org/wiki/File:Chrysiptera_parasema_01_ssj_20050812.jpg,unknown
Chrysiptera parasema,File:Chrysiptera parasema.JPG,https://upload.wikimedia.org/wikipedia/commons/1/18/Chrysiptera_parasema.JPG?utm_source=commons.wikimedia.org&utm_campaign=imageinfo&utm_content=original,7964bc03181fd79c6f1590a279601c582fcda3f1,979,827,Brian Ong,CC BY-SA 3.0,https://commons.wikimedia.org/wiki/File:Chrysiptera_parasema.JPG,unknown
Chrysiptera parasema,File:Monograph (IA acw7735.0024.001.umich.edu).pdf,https://upload.wikimedia.org/wikipedia/commons/e/e4/Monograph_%28IA_acw7735.0024.001.umich.edu%29.pdf?utm_source=commons.wikimedia.org&utm_campaign=imageinfo&utm_content=original,1686c3cbd5155efb9ef503c745973a21555cccb4,831,1302,Philippines. Bureau of Science,Public domain,https://commons.wikimedia.org/wiki/File:Monograph_(IA_acw7735.0024.001.umich.edu).pdf,unknown
Chrysiptera parasema,File:Hal - Chrysiptera parasema - 3.jpg,https://upload.wikimedia.org/wikipedia/commons/6/68/Hal_-_Chrysiptera_parasema_-_3.jpg?utm_source=commons.wikimedia.org&utm_campaign=imageinfo&utm_content=original,bb103876108ebf4afae37db8db68d400d1db470e,800,600,Emőke Dénes,CC BY-SA 4.0,https://commons.wikimedia.org/wiki/File:Hal_-_Chrysiptera_parasema_-_3.jpg,unknown
Chrysiptera parasema,File:Chrysiptera parasema1.jpg,https://upload.wikimedia.org/wikipedia/commons/c/cc/Chrysiptera_parasema1.jpg?utm_source=commons.wikimedia.org&utm_campaign=imageinfo&utm_content=original,d3135f72127546dc53768e5c304e1373dd621ff6,640,436,"Anders Poulsen, Deep Blue (http://www.colours.dk/)",CC BY-SA 3.0,https://commons.wikimedia.org/wiki/File:Chrysiptera_parasema1.jpg,unknown
Chrysiptera parasema,File:Med - Cassiopea andromeda - 2.jpg,https://upload.wikimedia.org/wikipedia/commons/3/3f/Med_-_Cassiopea_andromeda_-_2.jpg?utm_source=commons.wikimedia.org&utm_campaign=imageinfo&utm_content=original,c416a106c222bf3003712e262de94ff87dba5cc9,5312,2988,Emőke Dénes,CC BY-SA 4.0,https://commons.wikimedia.org/wiki/File:Med_-_Cassiopea_andromeda_-_2.jpg,aquarium
Chrysiptera parasema,File:Hal - Chrysiptera parasema - 2.jpg,https://upload.wikimedia.org/wikipedia/commons/6/68/Hal_-_Chrysiptera_parasema_-_2.jpg?utm_source=commons.wikimedia.org&utm_campaign=imageinfo&utm_content=original,0694db7caf792421ce34edaf0825ffcebb194566,4953,2785,Emőke Dénes,CC BY-SA 4.0,https://commons.wikimedia.org/wiki/File:Hal_-_Chrysiptera_parasema_-_2.jpg,aquarium
Chaetodontoplus chrysocephalus,File:AkaneKDburi.jpg,https://upload.wikimedia.org/wikipedia/commons/9/90/AkaneKDburi.jpg?utm_source=commons.wikimedia.org&utm_campaign=imageinfo&utm_content=original,f4a32387f48f3a1f00dc98172f9a4bd3dfa9bdaa,640,480,Izuzuki,CC BY-SA 2.5,https://commons.wikimedia.org/wiki/File:AkaneKDburi.jpg,unknown
Chaetodontoplus chrysocephalus,File:Chaetodontoplus chrysocephalus.jpg,https://upload.wikimedia.org/wikipedia/commons/a/a1/Chaetodontoplus_chrysocephalus.jpg?utm_source=commons.wikimedia.org&utm_campaign=imageinfo&utm_content=original,385e1029ff4d7136f6e5f715ef8ff7ce9ed53626,320,240,Izuzuki Diver,CC BY-SA 2.5,https://commons.wikimedia.org/wiki/File:Chaetodontoplus_chrysocephalus.jpg,unknown
Chaetodon trifascialis,File:Butterflyfish Seychelles.jpg,https://upload.wikimedia.org/wikipedia/commons/1/11/Butterflyfish_Seychelles.jpg?utm_source=commons.wikimedia.org&utm_campaign=imageinfo&utm_content=original,bce689d9d1bc193b81da2b4d0e86a8d9831938b9,1036,1156,"Photography by Dino Sassi - Marcel Fayon, Photo Eden LTD",Public domain,https://commons.wikimedia.org/wiki/File:Butterflyfish_Seychelles.jpg,in_situ
Chaetodon trifascialis,File:Bep chaetodon trifascialis.jpg,https://upload.wikimedia.org/wikipedia/commons/7/73/Bep_chaetodon_trifascialis.jpg?utm_source=commons.wikimedia.org&utm_campaign=imageinfo&utm_content=original,ea46535f0d0f58d6cc2a548f7780c1e00ebd3c5d,1024,768,Bernard E. Picton BernardP,CC BY-SA 4.0,https://commons.wikimedia.org/wiki/File:Bep_chaetodon_trifascialis.jpg,in_situ
Chaetodon trifascialis,"File:Pez mariposa Chevrón (Chaetodon trifascialis), parque nacional Ras Muhammad, Egipto, 2022-03-30, DD 32.jpg",https://upload.wikimedia.org/wikipedia/commons/f/ff/Pez_mariposa_Chevr%C3%B3n_%28Chaetodon_trifascialis%29%2C_parque_nacional_Ras_Muhammad%2C_Egipto%2C_2022-03-30%2C_DD_32.jpg?utm_source=commons.wikimedia.org&utm_campaign=imageinfo&utm_content=original,8c4f5ffc7210feb32c97f32446df845c854361f9,3363,2242,Diego Delso,CC BY-SA 4.0,"https://commons.wikimedia.org/wiki/File:Pez_mariposa_Chevr%C3%B3n_(Chaetodon_trifascialis),_parque_nacional_Ras_Muhammad,_Egipto,_2022-03-30,_DD_32.jpg",unknown
Chaetodon trifascialis,File:Histoire naturelle des poissons (10438556726).jpg,https://upload.wikimedia.org/wikipedia/commons/b/b7/Histoire_naturelle_des_poissons_%2810438556726%29.jpg?utm_source=commons.wikimedia.org&utm_campaign=imageinfo&utm_content=original,30f93e8dbcb7c3d4df861803f89897d73216fcdf,3200,1928,"Buffon, Georges Louis Leclerc; Cuvier, Georges; Valenciennes",Public domain,https://commons.wikimedia.org/wiki/File:Histoire_naturelle_des_poissons_(10438556726).jpg,unknown
Chaetodon trifascialis,File:Fisch im Roten Meer.. DSCF3535WI.jpg,https://upload.wikimedia.org/wikipedia/commons/f/f3/Fisch_im_Roten_Meer.._DSCF3535WI.jpg?utm_source=commons.wikimedia.org&utm_campaign=imageinfo&utm_content=original,664fb23b8877a6b6e48bf47ea08672a242496889,3184,2448,Kora27,CC BY-SA 4.0,https://commons.wikimedia.org/wiki/File:Fisch_im_Roten_Meer.._DSCF3535WI.jpg,unknown
Chaetodon trifascialis,File:Maldives Chevron Butterflyfish Chaetodon trifascialis 227.jpg,https://upload.wikimedia.org/wikipedia/commons/a/ae/Maldives_Chevron_Butterflyfish_Chaetodon_trifascialis_227.jpg?utm_source=commons.wikimedia.org&utm_campaign=imageinfo&utm_content=original,c91e35dc393615299485f6b9643631f32ae75347,3072,2304,Uxbona,CC BY-SA 3.0,https://commons.wikimedia.org/wiki/File:Maldives_Chevron_Butterflyfish_Chaetodon_trifascialis_227.jpg,unknown
Chaetodon trifascialis,File:Reef1247 - Flickr - NOAA Photo Library.jpg,https://upload.wikimedia.org/wikipedia/commons/e/e5/Reef1247_-_Flickr_-_NOAA_Photo_Library.jpg?utm_source=commons.wikimedia.org&utm_campaign=imageinfo&utm_content=original,0701d4d9d1281fd1ec38d6e6b11b7fcbc8f179aa,2592,1944,David Burdick.,Public domain,https://commons.wikimedia.org/wiki/File:Reef1247_-_Flickr_-_NOAA_Photo_Library.jpg,unknown
Chaetodon trifascialis,File:Chevroned butterflyfish (Chaetodon trifascialis) (32396204257).jpg,https://upload.wikimedia.org/wikipedia/commons/0/05/Chevroned_butterflyfish_%28Chaetodon_trifascialis%29_%2832396204257%29.jpg?utm_source=commons.wikimedia.org&utm_campaign=imageinfo&utm_content=original,1521534e2e1940d6220b8e041bb450cca63985b1,2556,1917,Rickard Zerpe,CC BY 2.0,https://commons.wikimedia.org/wiki/File:Chevroned_butterflyfish_(Chaetodon_trifascialis)_(32396204257).jpg,unknown
Chaetodon trifascialis,File:Chevroned butterflyfish (Chaetodon trifascialis) (26273044159).jpg,https://upload.wikimedia.org/wikipedia/commons/5/50/Chevroned_butterflyfish_%28Chaetodon_trifascialis%29_%2826273044159%29.jpg?utm_source=commons.wikimedia.org&utm_campaign=imageinfo&utm_content=original,6cf3601bb7cfdfdd8f17407edb5cb2e4fa39b2fe,2287,1715,Rickard Zerpe,CC BY 2.0,https://commons.wikimedia.org/wiki/File:Chevroned_butterflyfish_(Chaetodon_trifascialis)_(26273044159).jpg,unknown
Chaetodon trifascialis,File:Chevroned butterflyfish (Chaetodon trifascialis) (43543353291).jpg,https://upload.wikimedia.org/wikipedia/commons/c/c6/Chevroned_butterflyfish_%28Chaetodon_trifascialis%29_%2843543353291%29.jpg?utm_source=commons.wikimedia.org&utm_campaign=imageinfo&utm_content=original,7e34be5fca762041251cfd2ca38c71e04195d490,2280,1710,Rickard Zerpe,CC BY 2.0,https://commons.wikimedia.org/wiki/File:Chevroned_butterflyfish_(Chaetodon_trifascialis)_(43543353291).jpg,unknown
Chaetodon trifascialis,File:Atlas zu der Reise im nördlichen Afrika (Taf. 9 Fig.1-3) (6959228891).jpg,https://upload.wikimedia.org/wikipedia/commons/8/83/Atlas_zu_der_Reise_im_n%C3%B6rdlichen_Afrika_%28Taf._9_Fig.1-3%29_%286959228891%29.jpg?utm_source=commons.wikimedia.org&utm_campaign=imageinfo&utm_content=original,76a949bea23fbccd1ad13cb5a915f627fe90c101,2059,3028,"Cretzschmar, Philipp Jakob; Heyden, Carl Heinrich Georg von; Leuckart, F. S.; Rüppell, Eduard; Senckenbergische Naturforschende Gesellschaft.",Public domain,https://commons.wikimedia.org/wiki/File:Atlas_zu_der_Reise_im_n%C3%B6rdlichen_Afrika_(Taf._9_Fig.1-3)_(6959228891).jpg,unknown
Chaetodon trifascialis,File:The fishes of Samoa (Plate L) (5998452211).jpg,https://upload.wikimedia.org/wikipedia/commons/0/00/The_fishes_of_Samoa_%28Plate_L%29_%285998452211%29.jpg?utm_source=commons.wikimedia.org&utm_campaign=imageinfo&utm_content=original,0a68529e10f109fc73b6f6e747b633d13efd274e,1997,2978,"Jordan, David Starr; Safford, William Edwin; Seale, Alvin",Public domain,https://commons.wikimedia.org/wiki/File:The_fishes_of_Samoa_(Plate_L)_(5998452211).jpg,unknown
Chaetodon lunulatus,File:Bep chaetodon lunulatus.jpg,https://upload.wikimedia.org/wikipedia/commons/6/69/Bep_chaetodon_lunulatus.jpg?utm_source=commons.wikimedia.org&utm_campaign=imageinfo&utm_content=original,fce09f266e90babddf4d527681db12b53ee1e65d,1024,768,Bernard E Picton BernardP,CC BY-SA 4.0,https://commons.wikimedia.org/wiki/File:Bep_chaetodon_lunulatus.jpg,in_situ
Chaetodon lunulatus,File:Corl0438 (28226070771).jpg,https://upload.wikimedia.org/wikipedia/commons/0/0e/Corl0438_%2828226070771%29.jpg?utm_source=commons.wikimedia.org&utm_campaign=imageinfo&utm_content=original,2177aa5c1599e86ff2ea0929d355f6d69b2e46b8,3859,1706,NOAA Photo Library,CC BY 2.0,https://commons.wikimedia.org/wiki/File:Corl0438_(28226070771).jpg,unknown
Chaetodon lunulatus,File:Corl0067 (28270472106).jpg,https://upload.wikimedia.org/wikipedia/commons/8/81/Corl0067_%2828270472106%29.jpg?utm_source=commons.wikimedia.org&utm_campaign=imageinfo&utm_content=original,8d58724089e8b1a2bb26007e9223315a2d41071c,3648,2736,NOAA Photo Library,CC BY 2.0,https://commons.wikimedia.org/wiki/File:Corl0067_(28270472106).jpg,unknown
Chaetodon lunulatus,File:Redfin butterflyfish (Chaetodon lunulatus) (35404927494).jpg,https://upload.wikimedia.org/wikipedia/commons/7/7a/Redfin_butterflyfish_%28Chaetodon_lunulatus%29_%2835404927494%29.jpg?utm_source=commons.wikimedia.org&utm_campaign=imageinfo&utm_content=original,08ddc389a6f7121fbfa4c37391511be8fd640004,2819,2114,Rickard Zerpe,CC BY 2.0,https://commons.wikimedia.org/wiki/File:Redfin_butterflyfish_(Chaetodon_lunulatus)_(35404927494).jpg,unknown
Chaetodon lunulatus,File:Chaetodon lunulatus.jpg,https://upload.wikimedia.org/wikipedia/commons/6/60/Chaetodon_lunulatus.jpg?utm_source=commons.wikimedia.org&utm_campaign=imageinfo&utm_content=original,0f856ac623a57962cfe72d3ff3b2d8fa019e795b,2514,1662,"Julie Bedford, NOAA",Public domain,https://commons.wikimedia.org/wiki/File:Chaetodon_lunulatus.jpg,unknown
Chaetodon lunulatus,File:Redfin butterflyfish (Chaetodon lunulatus) (32396204517).jpg,https://upload.wikimedia.org/wikipedia/commons/8/83/Redfin_butterflyfish_%28Chaetodon_lunulatus%29_%2832396204517%29.jpg?utm_source=commons.wikimedia.org&utm_campaign=imageinfo&utm_content=original,4f08bd00bbf0a6de2102bbb9aecdbac051d44851,2338,1754,Rickard Zerpe,CC BY 2.0,https://commons.wikimedia.org/wiki/File:Redfin_butterflyfish_(Chaetodon_lunulatus)_(32396204517).jpg,unknown
Chaetodon lunulatus,File:Redfin butterflyfish (Chaetodon lunulatus) - 49150550073.jpg,https://upload.wikimedia.org/wikipedia/commons/1/13/Redfin_butterflyfish_%28Chaetodon_lunulatus%29_-_49150550073.jpg?utm_source=commons.wikimedia.org&utm_campaign=imageinfo&utm_content=original,047a90e9f0ec4ded792d91f2354c3a1b785fe8d8,2125,1594,krokodiver,CC BY 2.0,https://commons.wikimedia.org/wiki/File:Redfin_butterflyfish_(Chaetodon_lunulatus)_-_49150550073.jpg,unknown
Chaetodon lunulatus,"File:Redfin Butterflyfish, Karangasem Regency, Bali, Indonesia imported from iNaturalist photo 270411476.jpg",https://upload.wikimedia.org/wikipedia/commons/d/da/Redfin_Butterflyfish%2C_Karangasem_Regency%2C_Bali%2C_Indonesia_imported_from_iNaturalist_photo_270411476.jpg?utm_source=commons.wikimedia.org&utm_campaign=imageinfo&utm_content=original,d9e0c833509634d91405caca9cc8e86e62c484ab,2048,1155,"(c) Jan Ebr &amp; Ivana Ebrová, some rights reserved (CC BY)",CC BY 4.0,"https://commons.wikimedia.org/wiki/File:Redfin_Butterflyfish,_Karangasem_Regency,_Bali,_Indonesia_imported_from_iNaturalist_photo_270411476.jpg",unknown
Chaetodon lunulatus,File:Redfin butterflyfish (Chaetodon lunulatus) (41187015904).jpg,https://upload.wikimedia.org/wikipedia/commons/e/e3/Redfin_butterflyfish_%28Chaetodon_lunulatus%29_%2841187015904%29.jpg?utm_source=commons.wikimedia.org&utm_campaign=imageinfo&utm_content=original,0d697956a25455fdda72f4530b93a526ae8792f9,1898,1424,Rickard Zerpe,CC BY 2.0,https://commons.wikimedia.org/wiki/File:Redfin_butterflyfish_(Chaetodon_lunulatus)_(41187015904).jpg,unknown
Chaetodon lunulatus,File:Butterflyfish at Johnston Atoll NWR (5123998092).jpg,https://upload.wikimedia.org/wikipedia/commons/f/fc/Butterflyfish_at_Johnston_Atoll_NWR_%285123998092%29.jpg?utm_source=commons.wikimedia.org&utm_campaign=imageinfo&utm_content=original,441e4b4408af86b5a25a2c784adaeb693f6ebe07,1890,1257,U.S. Fish and Wildlife Service Headquarters,Public domain,https://commons.wikimedia.org/wiki/File:Butterflyfish_at_Johnston_Atoll_NWR_(5123998092).jpg,unknown
Chaetodon lunulatus,File:Maratua (27).jpg,https://upload.wikimedia.org/wikipedia/commons/e/e0/Maratua_%2827%29.jpg?utm_source=commons.wikimedia.org&utm_campaign=imageinfo&utm_content=original,8b1cb0b993648fe40dbaab140a2972f7a03c1714,1600,1200,Nanosanchez,CC BY-SA 4.0,https://commons.wikimedia.org/wiki/File:Maratua_(27).jpg,unknown
Chaetodon lunulatus,File:Chaetodon lunulatus 452340995.jpg,https://upload.wikimedia.org/wikipedia/commons/2/2b/Chaetodon_lunulatus_452340995.jpg?utm_source=commons.wikimedia.org&utm_campaign=imageinfo&utm_content=original,4a19df2b65706352ce29c3362a87c19b2bc879ce,1500,946,Susan Prior,CC BY 4.0,https://commons.wikimedia.org/wiki/File:Chaetodon_lunulatus_452340995.jpg,unknown
Cantherhines macrocerus,File:Gaudy Filefish (181549127).jpg,https://upload.wikimedia.org/wikipedia/commons/2/29/Gaudy_Filefish_%28181549127%29.jpg?utm_source=commons.wikimedia.org&utm_campaign=imageinfo&utm_content=original,e9b5eb7ff1a36b8b5fe15cf0b4a3996823f6d354,1200,800,"LASZLO ILYES from Cleveland, Ohio, USA",CC BY 2.0,https://commons.wikimedia.org/wiki/File:Gaudy_Filefish_(181549127).jpg,in_situ
Cantherhines macrocerus,File:Cantherhines macrocerus.jpg,https://upload.wikimedia.org/wikipedia/commons/7/7c/Cantherhines_macrocerus.jpg?utm_source=commons.wikimedia.org&utm_campaign=imageinfo&utm_content=original,ccd7f283027fe90c0d996d3c69e71709d96d3e5c,1088,736,"LASZLO ILYES (laszlo-photo) from Cleveland, Ohio, USA",CC BY 2.0,https://commons.wikimedia.org/wiki/File:Cantherhines_macrocerus.jpg,in_situ
Cantherhines macrocerus,File:Cantherhines macrocerus 2.jpg,https://upload.wikimedia.org/wikipedia/commons/7/72/Cantherhines_macrocerus_2.jpg?utm_source=commons.wikimedia.org&utm_campaign=imageinfo&utm_content=original,7785a795bdd2920ffeb8c31619bb9f0f10316ed4,900,600,"LASZLO ILYES (laszlo-photo) from Cleveland, Ohio, USA",CC BY 2.0,https://commons.wikimedia.org/wiki/File:Cantherhines_macrocerus_2.jpg,in_situ
Cantherhines macrocerus,File:American whitespotted filefish.jpg,https://upload.wikimedia.org/wikipedia/commons/d/da/American_whitespotted_filefish.jpg?utm_source=commons.wikimedia.org&utm_campaign=imageinfo&utm_content=original,8342e7ed42981ba3598757c1db37c51c70fe94a2,741,649,Harold Hudson,Public domain,https://commons.wikimedia.org/wiki/File:American_whitespotted_filefish.jpg,in_situ
Cantherhines macrocerus,"File:Pez lija (Cantherhines macrocerus), Cozumel, México, 2025-12-20, DD 92.jpg",https://upload.wikimedia.org/wikipedia/commons/4/43/Pez_lija_%28Cantherhines_macrocerus%29%2C_Cozumel%2C_M%C3%A9xico%2C_2025-12-20%2C_DD_92.jpg?utm_source=commons.wikimedia.org&utm_campaign=imageinfo&utm_content=original,c4f7612945c6d17a53d4b0bceecf7bffff61411c,5440,5440,Diego Delso,CC BY-SA 4.0,"https://commons.wikimedia.org/wiki/File:Pez_lija_(Cantherhines_macrocerus),_Cozumel,_M%C3%A9xico,_2025-12-20,_DD_92.jpg",unknown
Cantherhines macrocerus,"File:Pez lija (Cantherhines macrocerus), Cozumel, México, 2025-12-20, DD 93.jpg",https://upload.wikimedia.org/wikipedia/commons/f/f9/Pez_lija_%28Cantherhines_macrocerus%29%2C_Cozumel%2C_M%C3%A9xico%2C_2025-12-20%2C_DD_93.jpg?utm_source=commons.wikimedia.org&utm_campaign=imageinfo&utm_content=original,ff8f44c6c6cda0e94cc3329c1085914948ccb00d,3686,2457,Diego Delso,CC BY-SA 4.0,"https://commons.wikimedia.org/wiki/File:Pez_lija_(Cantherhines_macrocerus),_Cozumel,_M%C3%A9xico,_2025-12-20,_DD_93.jpg",unknown
Cantherhines macrocerus,File:Whitespotted filefish Cantherhines macrocerus (4675208359).jpg,https://upload.wikimedia.org/wikipedia/commons/9/98/Whitespotted_filefish_Cantherhines_macrocerus_%284675208359%29.jpg?utm_source=commons.wikimedia.org&utm_campaign=imageinfo&utm_content=original,ed864305135ff10de272c146690d0d153d38241b,3008,2000,Paul Asman and Jill Lenoble,CC BY 2.0,https://commons.wikimedia.org/wiki/File:Whitespotted_filefish_Cantherhines_macrocerus_(4675208359).jpg,unknown
Cantherhines macrocerus,File:Whitespotted filefish Cantherhines macrocerus orange phase (3471717629).jpg,https://upload.wikimedia.org/wikipedia/commons/6/6b/Whitespotted_filefish_Cantherhines_macrocerus_orange_phase_%283471717629%29.jpg?utm_source=commons.wikimedia.org&utm_campaign=imageinfo&utm_content=original,372886037f7134035634b452da8bc1800736f186,3008,2000,Paul Asman and Jill Lenoble,CC BY 2.0,https://commons.wikimedia.org/wiki/File:Whitespotted_filefish_Cantherhines_macrocerus_orange_phase_(3471717629).jpg,unknown
Cantherhines macrocerus,File:Whitespotted filefish Cantherhines macrocerus (4675831022).jpg,https://upload.wikimedia.org/wikipedia/commons/4/41/Whitespotted_filefish_Cantherhines_macrocerus_%284675831022%29.jpg?utm_source=commons.wikimedia.org&utm_campaign=imageinfo&utm_content=original,9b9db1131953679b88305d570b28b0f3f56fcd04,2292,1528,Paul Asman and Jill Lenoble,CC BY 2.0,https://commons.wikimedia.org/wiki/File:Whitespotted_filefish_Cantherhines_macrocerus_(4675831022).jpg,unknown
Cantherhines macrocerus,File:Cantherhines macrocerus 167817949.jpg,https://upload.wikimedia.org/wikipedia/commons/0/07/Cantherhines_macrocerus_167817949.jpg?utm_source=commons.wikimedia.org&utm_campaign=imageinfo&utm_content=original,0180995dd0e62891ce663a69a70861bb744507ff,2048,1365,Jay Brasher,CC BY 4.0,https://commons.wikimedia.org/wiki/File:Cantherhines_macrocerus_167817949.jpg,unknown
Cantherhines macrocerus,File:Cantherhines macrocerus 168679126.jpg,https://upload.wikimedia.org/wikipedia/commons/8/8e/Cantherhines_macrocerus_168679126.jpg?utm_source=commons.wikimedia.org&utm_campaign=imageinfo&utm_content=original,f3e412c6df9856870567fea988736358c76c20b2,2048,1365,Paul Asman,CC BY 4.0,https://commons.wikimedia.org/wiki/File:Cantherhines_macrocerus_168679126.jpg,unknown
Cantherhines macrocerus,File:Cantherhines macrocerus 242638710.jpg,https://upload.wikimedia.org/wikipedia/commons/f/f0/Cantherhines_macrocerus_242638710.jpg?utm_source=commons.wikimedia.org&utm_campaign=imageinfo&utm_content=original,64309b35d6f0057c60e3fadc864d32535b3f97e1,2048,1536,Dan Schofield,CC BY 4.0,https://commons.wikimedia.org/wiki/File:Cantherhines_macrocerus_242638710.jpg,unknown
Balistoides conspicillum,File:Balistoides conspicillum 2607.jpg,https://upload.wikimedia.org/wikipedia/commons/a/a4/Balistoides_conspicillum_2607.jpg?utm_source=commons.wikimedia.org&utm_campaign=imageinfo&utm_content=original,e5de00b88032a5ba8446f9f48b1a22b3173e5559,4437,2696,Amada44,CC BY-SA 3.0,https://commons.wikimedia.org/wiki/File:Balistoides_conspicillum_2607.jpg,unknown
Balistoides conspicillum,File:Artis Multi-patterned fish (3562848865).jpg,https://upload.wikimedia.org/wikipedia/commons/f/f6/Artis_Multi-patterned_fish_%283562848865%29.jpg?utm_source=commons.wikimedia.org&utm_campaign=imageinfo&utm_content=original,b92b7aabf421a7109f15e3647607238ed10f10c1,3872,2592,Kevin Gessner,CC BY 2.0,https://commons.wikimedia.org/wiki/File:Artis_Multi-patterned_fish_(3562848865).jpg,unknown
Balistoides conspicillum,File:Baliste clown (Balistoides conspicillum) (Ifremer 00763-87459).jpg,https://upload.wikimedia.org/wikipedia/commons/a/ad/Baliste_clown_%28Balistoides_conspicillum%29_%28Ifremer_00763-87459%29.jpg?utm_source=commons.wikimedia.org&utm_campaign=imageinfo&utm_content=original,eaf3c2fcd895393ba91f2ff6f624967e94e59fe3,3872,2592,"Jerome Huet (IFREMER, Délégation océan Indien (DOI), Département Ressources Biologiques et Environnement (RBE), F-97420 Le Port, France)",CC BY 4.0,https://commons.wikimedia.org/wiki/File:Baliste_clown_(Balistoides_conspicillum)_(Ifremer_00763-87459).jpg,unknown
Balistoides conspicillum,File:Balistes conspicillum - 1700-1880 - Print - Iconographia Zoologica - Special Collections University of Amsterdam - UBA01 IZ15400061.tif,https://upload.wikimedia.org/wikipedia/commons/7/70/Balistes_conspicillum_-_1700-1880_-_Print_-_Iconographia_Zoologica_-_Special_Collections_University_of_Amsterdam_-_UBA01_IZ15400061.tif?utm_source=commons.wikimedia.org&utm_campaign=imageinfo&utm_content=original,13cb3b2134b982885fc262edf1ff8b9e0daaa976,3247,2535,,Public domain,https://commons.wikimedia.org/wiki/File:Balistes_conspicillum_-_1700-1880_-_Print_-_Iconographia_Zoologica_-_Special_Collections_University_of_Amsterdam_-_UBA01_IZ15400061.tif,unknown
Balistoides conspicillum,File:Balistes conspicillum - 1700-1880 - Print - Iconographia Zoologica - Special Collections University of Amsterdam - UBA01 IZ15400055.tif,https://upload.wikimedia.org/wikipedia/commons/5/50/Balistes_conspicillum_-_1700-1880_-_Print_-_Iconographia_Zoologica_-_Special_Collections_University_of_Amsterdam_-_UBA01_IZ15400055.tif?utm_source=commons.wikimedia.org&utm_campaign=imageinfo&utm_content=original,9912192beb10a6d7871fef3f5450a956d0868848,3236,2531,,Public domain,https://commons.wikimedia.org/wiki/File:Balistes_conspicillum_-_1700-1880_-_Print_-_Iconographia_Zoologica_-_Special_Collections_University_of_Amsterdam_-_UBA01_IZ15400055.tif,unknown
Balistoides conspicillum,File:Balistes conspicillum - 1700-1880 - Print - Iconographia Zoologica - Special Collections University of Amsterdam - UBA01 IZ15400057.tif,https://upload.wikimedia.org/wikipedia/commons/b/b4/Balistes_conspicillum_-_1700-1880_-_Print_-_Iconographia_Zoologica_-_Special_Collections_University_of_Amsterdam_-_UBA01_IZ15400057.tif?utm_source=commons.wikimedia.org&utm_campaign=imageinfo&utm_content=original,2a042aefe64548078e958197794de2cba41057f4,2566,3242,,Public domain,https://commons.wikimedia.org/wiki/File:Balistes_conspicillum_-_1700-1880_-_Print_-_Iconographia_Zoologica_-_Special_Collections_University_of_Amsterdam_-_UBA01_IZ15400057.tif,unknown
Balistoides conspicillum,File:Balistes conspicillum - 1700-1880 - Print - Iconographia Zoologica - Special Collections University of Amsterdam - UBA01 IZ15400063.tif,https://upload.wikimedia.org/wikipedia/commons/4/45/Balistes_conspicillum_-_1700-1880_-_Print_-_Iconographia_Zoologica_-_Special_Collections_University_of_Amsterdam_-_UBA01_IZ15400063.tif?utm_source=commons.wikimedia.org&utm_campaign=imageinfo&utm_content=original,7a6651dd84ed8a76357f59c25142cfe3e2d1a558,2555,3282,,Public domain,https://commons.wikimedia.org/wiki/File:Balistes_conspicillum_-_1700-1880_-_Print_-_Iconographia_Zoologica_-_Special_Collections_University_of_Amsterdam_-_UBA01_IZ15400063.tif,unknown
Balistoides conspicillum,File:Balistes conspicillum - 1700-1880 - Print - Iconographia Zoologica - Special Collections University of Amsterdam - UBA01 IZ15400059.tif,https://upload.wikimedia.org/wikipedia/commons/9/99/Balistes_conspicillum_-_1700-1880_-_Print_-_Iconographia_Zoologica_-_Special_Collections_University_of_Amsterdam_-_UBA01_IZ15400059.tif?utm_source=commons.wikimedia.org&utm_campaign=imageinfo&utm_content=original,a5e33320a463e7dbf453c8286c77f99aa4e9e70b,2526,3193,,Public domain,https://commons.wikimedia.org/wiki/File:Balistes_conspicillum_-_1700-1880_-_Print_-_Iconographia_Zoologica_-_Special_Collections_University_of_Amsterdam_-_UBA01_IZ15400059.tif,unknown
Balistoides conspicillum,File:Balistoides conspicillum 206936970.jpg,https://upload.wikimedia.org/wikipedia/commons/4/47/Balistoides_conspicillum_206936970.jpg?utm_source=commons.wikimedia.org&utm_campaign=imageinfo&utm_content=original,fcf682ad433e7b694a45876fc1175f9be0e48440,2048,1536,Debra Baker,CC BY 4.0,https://commons.wikimedia.org/wiki/File:Balistoides_conspicillum_206936970.jpg,unknown
Balistoides conspicillum,File:Balistoides conspicillum 247767758.jpg,https://upload.wikimedia.org/wikipedia/commons/f/f6/Balistoides_conspicillum_247767758.jpg?utm_source=commons.wikimedia.org&utm_campaign=imageinfo&utm_content=original,53c4e53fbcb9e91f90f7700046c83d4d1f47d8d7,2048,1536,Wes Anderson,CC BY 4.0,https://commons.wikimedia.org/wiki/File:Balistoides_conspicillum_247767758.jpg,unknown
Balistoides conspicillum,File:Balistoides conspicillum 261418967.jpg,https://upload.wikimedia.org/wikipedia/commons/c/c9/Balistoides_conspicillum_261418967.jpg?utm_source=commons.wikimedia.org&utm_campaign=imageinfo&utm_content=original,73456513940f3eb7d1416b9c44b1e2434d923513,2048,1536,Darren Obbard,CC BY 4.0,https://commons.wikimedia.org/wiki/File:Balistoides_conspicillum_261418967.jpg,unknown
Balistoides conspicillum,File:Balistoides conspicillum 263314863.jpg,https://upload.wikimedia.org/wikipedia/commons/5/58/Balistoides_conspicillum_263314863.jpg?utm_source=commons.wikimedia.org&utm_campaign=imageinfo&utm_content=original,a9ec8278cedcb09af1959d456f569f0a0bb383e2,2048,1404,fishhead,CC0,https://commons.wikimedia.org/wiki/File:Balistoides_conspicillum_263314863.jpg,unknown
Scorpaenopsis oxycephala,"File:Pez escorpión de cabeza plana (Scorpaenopsis oxycephala), Anilao, Filipinas, 2023-08-25, DD 69.jpg",https://upload.wikimedia.org/wikipedia/commons/0/03/Pez_escorpi%C3%B3n_de_cabeza_plana_%28Scorpaenopsis_oxycephala%29%2C_Anilao%2C_Filipinas%2C_2023-08-25%2C_DD_69.jpg?utm_source=commons.wikimedia.org&utm_campaign=imageinfo&utm_content=original,eceaf1632df212318f14f8b817e794ece8a1c06b,6191,4127,Diego Delso,CC BY-SA 4.0,"https://commons.wikimedia.org/wiki/File:Pez_escorpi%C3%B3n_de_cabeza_plana_(Scorpaenopsis_oxycephala),_Anilao,_Filipinas,_2023-08-25,_DD_69.jpg",in_situ
Scorpaenopsis oxycephala,"File:Pez escorpión de cabeza plana (Scorpaenopsis oxycephala), parque nacional Ras Muhammad, Egipto, 2022-03-27, DD 25.jpg",https://upload.wikimedia.org/wikipedia/commons/9/90/Pez_escorpi%C3%B3n_de_cabeza_plana_%28Scorpaenopsis_oxycephala%29%2C_parque_nacional_Ras_Muhammad%2C_Egipto%2C_2022-03-27%2C_DD_25.jpg?utm_source=commons.wikimedia.org&utm_campaign=imageinfo&utm_content=original,f6d8e52ad3dd0109eda85b8c00a2554003eed1b1,3467,5200,Diego Delso,CC BY-SA 4.0,"https://commons.wikimedia.org/wiki/File:Pez_escorpi%C3%B3n_de_cabeza_plana_(Scorpaenopsis_oxycephala),_parque_nacional_Ras_Muhammad,_Egipto,_2022-03-27,_DD_25.jpg",in_situ
Scorpaenopsis oxycephala,"File:Mother love view of scorpionfish at Marsa Shouna, Red Sea, Egypt -SCUBA (6234840462).jpg",https://upload.wikimedia.org/wikipedia/commons/b/b9/Mother_love_view_of_scorpionfish_at_Marsa_Shouna%2C_Red_Sea%2C_Egypt_-SCUBA_%286234840462%29.jpg?utm_source=commons.wikimedia.org&utm_campaign=imageinfo&utm_content=original,dc181718f94bdb5f6f63a9cc25d5bf7e8f0d1c50,1024,768,"Derek Keats from Johannesburg, South Africa",CC BY 2.0,"https://commons.wikimedia.org/wiki/File:Mother_love_view_of_scorpionfish_at_Marsa_Shouna,_Red_Sea,_Egypt_-SCUBA_(6234840462).jpg",in_situ
Scorpaenopsis oxycephala,"File:Pez escorpión de cabeza plana (Scorpaenopsis oxycephala), islas Ad Dimaniyat, Omán, 2024-08-16, DD 14.jpg",https://upload.wikimedia.org/wikipedia/commons/c/c2/Pez_escorpi%C3%B3n_de_cabeza_plana_%28Scorpaenopsis_oxycephala%29%2C_islas_Ad_Dimaniyat%2C_Om%C3%A1n%2C_2024-08-16%2C_DD_14.jpg?utm_source=commons.wikimedia.org&utm_campaign=imageinfo&utm_content=original,5cbe2afead9beb69e315d8d273cd39c22b641c36,8688,5792,Diego Delso,CC BY-SA 4.0,"https://commons.wikimedia.org/wiki/File:Pez_escorpi%C3%B3n_de_cabeza_plana_(Scorpaenopsis_oxycephala),_islas_Ad_Dimaniyat,_Om%C3%A1n,_2024-08-16,_DD_14.jpg",unknown
Scorpaenopsis oxycephala,"File:Pez escorpión de cabeza plana (Scorpaenopsis oxycephala), islas Ad Dimaniyat, Omán, 2024-08-15, DD 12.jpg",https://upload.wikimedia.org/wikipedia/commons/8/87/Pez_escorpi%C3%B3n_de_cabeza_plana_%28Scorpaenopsis_oxycephala%29%2C_islas_Ad_Dimaniyat%2C_Om%C3%A1n%2C_2024-08-15%2C_DD_12.jpg?utm_source=commons.wikimedia.org&utm_campaign=imageinfo&utm_content=original,258e1acfa704a592c03637ca74d49270cea8fb2c,7475,4983,Diego Delso,CC BY-SA 4.0,"https://commons.wikimedia.org/wiki/File:Pez_escorpi%C3%B3n_de_cabeza_plana_(Scorpaenopsis_oxycephala),_islas_Ad_Dimaniyat,_Om%C3%A1n,_2024-08-15,_DD_12.jpg",unknown
Scorpaenopsis oxycephala,"File:Pez escorpión de cabeza plana (Scorpaenopsis oxycephala), Anilao, Filipinas, 2023-08-25, DD 167.jpg",https://upload.wikimedia.org/wikipedia/commons/0/09/Pez_escorpi%C3%B3n_de_cabeza_plana_%28Scorpaenopsis_oxycephala%29%2C_Anilao%2C_Filipinas%2C_2023-08-25%2C_DD_167.jpg?utm_source=commons.wikimedia.org&utm_campaign=imageinfo&utm_content=original,dcab32534edc4d7c75f7fa3c6f9e3bc894885ab7,7086,4724,Diego Delso,CC BY-SA 4.0,"https://commons.wikimedia.org/wiki/File:Pez_escorpi%C3%B3n_de_cabeza_plana_(Scorpaenopsis_oxycephala),_Anilao,_Filipinas,_2023-08-25,_DD_167.jpg",unknown
Scorpaenopsis oxycephala,"File:Pez escorpión de cabeza plana (Scorpaenopsis oxycephala), islas Ad Dimaniyat, Omán, 2024-08-14, DD 15.jpg",https://upload.wikimedia.org/wikipedia/commons/6/64/Pez_escorpi%C3%B3n_de_cabeza_plana_%28Scorpaenopsis_oxycephala%29%2C_islas_Ad_Dimaniyat%2C_Om%C3%A1n%2C_2024-08-14%2C_DD_15.jpg?utm_source=commons.wikimedia.org&utm_campaign=imageinfo&utm_content=original,1da70e98ef08d0e7501d52a14e682ed348c80c57,6861,4574,Diego Delso,CC BY-SA 4.0,"https://commons.wikimedia.org/wiki/File:Pez_escorpi%C3%B3n_de_cabeza_plana_(Scorpaenopsis_oxycephala),_islas_Ad_Dimaniyat,_Om%C3%A1n,_2024-08-14,_DD_15.jpg",unknown
Scorpaenopsis oxycephala,"File:Pez escorpión de cabeza plana (Scorpaenopsis oxycephala), mar Rojo, Egipto, 2023-04-18, DD 66.jpg",https://upload.wikimedia.org/wikipedia/commons/9/9c/Pez_escorpi%C3%B3n_de_cabeza_plana_%28Scorpaenopsis_oxycephala%29%2C_mar_Rojo%2C_Egipto%2C_2023-04-18%2C_DD_66.jpg?utm_source=commons.wikimedia.org&utm_campaign=imageinfo&utm_content=original,cdd34a15dbbabd435220db5f754cb1922cf44ed8,6819,4546,Diego Delso,CC BY-SA 4.0,"https://commons.wikimedia.org/wiki/File:Pez_escorpi%C3%B3n_de_cabeza_plana_(Scorpaenopsis_oxycephala),_mar_Rojo,_Egipto,_2023-04-18,_DD_66.jpg",unknown
Scorpaenopsis oxycephala,"File:Pez escorpión de cabeza plana (Scorpaenopsis oxycephala), islas Ad Dimaniyat, Omán, 2024-08-16, DD 13.jpg",https://upload.wikimedia.org/wikipedia/commons/8/85/Pez_escorpi%C3%B3n_de_cabeza_plana_%28Scorpaenopsis_oxycephala%29%2C_islas_Ad_Dimaniyat%2C_Om%C3%A1n%2C_2024-08-16%2C_DD_13.jpg?utm_source=commons.wikimedia.org&utm_campaign=imageinfo&utm_content=original,c85b76205d2c6e6eb127f06fe5b7a720521433cb,6803,4535,Diego Delso,CC BY-SA 4.0,"https://commons.wikimedia.org/wiki/File:Pez_escorpi%C3%B3n_de_cabeza_plana_(Scorpaenopsis_oxycephala),_islas_Ad_Dimaniyat,_Om%C3%A1n,_2024-08-16,_DD_13.jpg",unknown
Scorpaenopsis oxycephala,"File:Pez escorpión de cabeza plana (Scorpaenopsis oxycephala), islas Ad Dimaniyat, Omán, 2024-08-14, DD 01.jpg",https://upload.wikimedia.org/wikipedia/commons/3/34/Pez_escorpi%C3%B3n_de_cabeza_plana_%28Scorpaenopsis_oxycephala%29%2C_islas_Ad_Dimaniyat%2C_Om%C3%A1n%2C_2024-08-14%2C_DD_01.jpg?utm_source=commons.wikimedia.org&utm_campaign=imageinfo&utm_content=original,fcfd9b4cb47bdf06ff3217516d2db79b2e857dbe,6761,4507,Diego Delso,CC BY-SA 4.0,"https://commons.wikimedia.org/wiki/File:Pez_escorpi%C3%B3n_de_cabeza_plana_(Scorpaenopsis_oxycephala),_islas_Ad_Dimaniyat,_Om%C3%A1n,_2024-08-14,_DD_01.jpg",unknown
Scorpaenopsis oxycephala,"File:Pez escorpión de cabeza plana (Scorpaenopsis oxycephala), Mauricio, 2025-09-23, DD 145.jpg",https://upload.wikimedia.org/wikipedia/commons/1/19/Pez_escorpi%C3%B3n_de_cabeza_plana_%28Scorpaenopsis_oxycephala%29%2C_Mauricio%2C_2025-09-23%2C_DD_145.jpg?utm_source=commons.wikimedia.org&utm_campaign=imageinfo&utm_content=original,9b7b0820fd5d8bcbf3fffff36b1418d7385e8e85,6731,4487,Diego Delso,CC BY-SA 4.0,"https://commons.wikimedia.org/wiki/File:Pez_escorpi%C3%B3n_de_cabeza_plana_(Scorpaenopsis_oxycephala),_Mauricio,_2025-09-23,_DD_145.jpg",unknown
Scorpaenopsis oxycephala,"File:Pez escorpión de cabeza plana (Scorpaenopsis oxycephala), Zanzíbar, Tanzania, 2024-06-01, DD 141.jpg",https://upload.wikimedia.org/wikipedia/commons/6/60/Pez_escorpi%C3%B3n_de_cabeza_plana_%28Scorpaenopsis_oxycephala%29%2C_Zanz%C3%ADbar%2C_Tanzania%2C_2024-06-01%2C_DD_141.jpg?utm_source=commons.wikimedia.org&utm_campaign=imageinfo&utm_content=original,9ea11f9137e2f784c56acf64c853181859acf685,6636,5044,Diego Delso,CC BY-SA 4.0,"https://commons.wikimedia.org/wiki/File:Pez_escorpi%C3%B3n_de_cabeza_plana_(Scorpaenopsis_oxycephala),_Zanz%C3%ADbar,_Tanzania,_2024-06-01,_DD_141.jpg",unknown
Scorpaenopsis diabolus,File:False stonefish (Scorpaenopsis diabolus) (16057997130).jpg,https://upload.wikimedia.org/wikipedia/commons/e/e1/False_stonefish_%28Scorpaenopsis_diabolus%29_%2816057997130%29.jpg?utm_source=commons.wikimedia.org&utm_campaign=imageinfo&utm_content=original,50f95884e6de6ba09d6885d3af2cce4eb15453f8,4608,3456,Rickard Zerpe,CC BY-SA 2.0,https://commons.wikimedia.org/wiki/File:False_stonefish_(Scorpaenopsis_diabolus)_(16057997130).jpg,in_situ
Scorpaenopsis diabolus,File:Red-fluorescence-increases-with-depth-in-reef-fishes-supporting-a-visual-function-not-UV-protection-rspb20141211-g2.jpg,https://upload.wikimedia.org/wikipedia/commons/9/94/Red-fluorescence-increases-with-depth-in-reef-fishes-supporting-a-visual-function-not-UV-protection-rspb20141211-g2.jpg?utm_source=commons.wikimedia.org&utm_campaign=imageinfo&utm_content=original,f53099a830211ef6b53650871884fa8bc95a9334,779,466,"Meadows M, Anthes N, Dangelmayer S, Alwany M, Gerlach T, Schulte G, Sprenger D, Theobald J, Michiels N",CC BY 3.0,https://commons.wikimedia.org/wiki/File:Red-fluorescence-increases-with-depth-in-reef-fishes-supporting-a-visual-function-not-UV-protection-rspb20141211-g2.jpg,in_situ
Scorpaenopsis diabolus,"File:Pez escorpión diablo (Scorpaenopsis diabolus), Yeda, Arabia Saudita, 2025-05-19, DD 71.jpg",https://upload.wikimedia.org/wikipedia/commons/b/bb/Pez_escorpi%C3%B3n_diablo_%28Scorpaenopsis_diabolus%29%2C_Yeda%2C_Arabia_Saudita%2C_2025-05-19%2C_DD_71.jpg?utm_source=commons.wikimedia.org&utm_campaign=imageinfo&utm_content=original,c15a476d61f09cef747a10fc8ff5d4e37279d78a,7025,4683,Diego Delso,CC BY-SA 4.0,"https://commons.wikimedia.org/wiki/File:Pez_escorpi%C3%B3n_diablo_(Scorpaenopsis_diabolus),_Yeda,_Arabia_Saudita,_2025-05-19,_DD_71.jpg",unknown
Scorpaenopsis diabolus,"File:Pez escorpión diablo (Scorpaenopsis diabolus), Yeda, Arabia Saudita, 2025-05-19, DD 69.jpg",https://upload.wikimedia.org/wikipedia/commons/c/c2/Pez_escorpi%C3%B3n_diablo_%28Scorpaenopsis_diabolus%29%2C_Yeda%2C_Arabia_Saudita%2C_2025-05-19%2C_DD_69.jpg?utm_source=commons.wikimedia.org&utm_campaign=imageinfo&utm_content=original,0c981a2b2af9954dd437b1e00c7fd92a0b5e309a,6770,4513,Diego Delso,CC BY-SA 4.0,"https://commons.wikimedia.org/wiki/File:Pez_escorpi%C3%B3n_diablo_(Scorpaenopsis_diabolus),_Yeda,_Arabia_Saudita,_2025-05-19,_DD_69.jpg",unknown
Scorpaenopsis diabolus,"File:Pez escorpión diablo (Scorpaenopsis diabolus), Mauricio, 2025-09-24, DD 115.jpg",https://upload.wikimedia.org/wikipedia/commons/7/7b/Pez_escorpi%C3%B3n_diablo_%28Scorpaenopsis_diabolus%29%2C_Mauricio%2C_2025-09-24%2C_DD_115.jpg?utm_source=commons.wikimedia.org&utm_campaign=imageinfo&utm_content=original,e3192554030641da312d438f4cf1825f4391be6a,6751,4501,Diego Delso,CC BY-SA 4.0,"https://commons.wikimedia.org/wiki/File:Pez_escorpi%C3%B3n_diablo_(Scorpaenopsis_diabolus),_Mauricio,_2025-09-24,_DD_115.jpg",unknown
Scorpaenopsis diabolus,"File:Pez escorpión diablo (Scorpaenopsis diabolus), Mauricio, 2025-09-23, DD 52.jpg",https://upload.wikimedia.org/wikipedia/commons/c/ce/Pez_escorpi%C3%B3n_diablo_%28Scorpaenopsis_diabolus%29%2C_Mauricio%2C_2025-09-23%2C_DD_52.jpg?utm_source=commons.wikimedia.org&utm_campaign=imageinfo&utm_content=original,afdc4c080990c4caf4433516ff3de88b0d9eec6c,5781,5781,Diego Delso,CC BY-SA 4.0,"https://commons.wikimedia.org/wiki/File:Pez_escorpi%C3%B3n_diablo_(Scorpaenopsis_diabolus),_Mauricio,_2025-09-23,_DD_52.jpg",unknown
Scorpaenopsis diabolus,"File:Devil scorpionfish profile, tanjung lintea, wakatobi, 2018 (44900107505).jpg",https://upload.wikimedia.org/wikipedia/commons/8/88/Devil_scorpionfish_profile%2C_tanjung_lintea%2C_wakatobi%2C_2018_%2844900107505%29.jpg?utm_source=commons.wikimedia.org&utm_campaign=imageinfo&utm_content=original,73d5ca95eddc8f45f84acc3c11ca389afa107878,5616,3744,q phia,CC BY 2.0,"https://commons.wikimedia.org/wiki/File:Devil_scorpionfish_profile,_tanjung_lintea,_wakatobi,_2018_(44900107505).jpg",unknown
Scorpaenopsis diabolus,"File:Pez escorpión diablo (Scorpaenopsis diabolus), Yeda, Arabia Saudita, 2025-05-19, DD 70.jpg",https://upload.wikimedia.org/wikipedia/commons/8/85/Pez_escorpi%C3%B3n_diablo_%28Scorpaenopsis_diabolus%29%2C_Yeda%2C_Arabia_Saudita%2C_2025-05-19%2C_DD_70.jpg?utm_source=commons.wikimedia.org&utm_campaign=imageinfo&utm_content=original,ca8777f532877e426f7d12e5bd4be3781fa78357,5498,3665,Diego Delso,CC BY-SA 4.0,"https://commons.wikimedia.org/wiki/File:Pez_escorpi%C3%B3n_diablo_(Scorpaenopsis_diabolus),_Yeda,_Arabia_Saudita,_2025-05-19,_DD_70.jpg",unknown
Scorpaenopsis diabolus,"File:Pez escorpión diablo (Scorpaenopsis diabolus), Mauricio, 2025-09-23, DD 157.jpg",https://upload.wikimedia.org/wikipedia/commons/5/5e/Pez_escorpi%C3%B3n_diablo_%28Scorpaenopsis_diabolus%29%2C_Mauricio%2C_2025-09-23%2C_DD_157.jpg?utm_source=commons.wikimedia.org&utm_campaign=imageinfo&utm_content=original,fe58bb6fe5b838f1bb8ac6c5a1c7908875ef67ef,4911,4911,Diego Delso,CC BY-SA 4.0,"https://commons.wikimedia.org/wiki/File:Pez_escorpi%C3%B3n_diablo_(Scorpaenopsis_diabolus),_Mauricio,_2025-09-23,_DD_157.jpg",unknown
Scorpaenopsis diabolus,"File:Pez escorpión diablo (Scorpaenopsis diabolus), Mauricio, 2025-09-23, DD 49.jpg",https://upload.wikimedia.org/wikipedia/commons/a/a7/Pez_escorpi%C3%B3n_diablo_%28Scorpaenopsis_diabolus%29%2C_Mauricio%2C_2025-09-23%2C_DD_49.jpg?utm_source=commons.wikimedia.org&utm_campaign=imageinfo&utm_content=original,743d4bb13bfb4be53ab43792be14407ae373717e,4641,4641,Diego Delso,CC BY-SA 4.0,"https://commons.wikimedia.org/wiki/File:Pez_escorpi%C3%B3n_diablo_(Scorpaenopsis_diabolus),_Mauricio,_2025-09-23,_DD_49.jpg",unknown
Scorpaenopsis diabolus,File:False stonefish (Scorpaenopsis diabolus) (24139020880).jpg,https://upload.wikimedia.org/wikipedia/commons/3/3b/False_stonefish_%28Scorpaenopsis_diabolus%29_%2824139020880%29.jpg?utm_source=commons.wikimedia.org&utm_campaign=imageinfo&utm_content=original,c2edee38b6dddf862fa27926a4df44adddfc9097,4608,3456,Rickard Zerpe,CC BY-SA 2.0,https://commons.wikimedia.org/wiki/File:False_stonefish_(Scorpaenopsis_diabolus)_(24139020880).jpg,unknown
Scorpaenopsis diabolus,"File:Pez escorpión diablo (Scorpaenopsis diabolus), Mauricio, 2025-09-23, DD 51.jpg",https://upload.wikimedia.org/wikipedia/commons/b/b3/Pez_escorpi%C3%B3n_diablo_%28Scorpaenopsis_diabolus%29%2C_Mauricio%2C_2025-09-23%2C_DD_51.jpg?utm_source=commons.wikimedia.org&utm_campaign=imageinfo&utm_content=original,667057b6c4cb4a0977020c4940766d17d7f034f7,4598,4598,Diego Delso,CC BY-SA 4.0,"https://commons.wikimedia.org/wiki/File:Pez_escorpi%C3%B3n_diablo_(Scorpaenopsis_diabolus),_Mauricio,_2025-09-23,_DD_51.jpg",unknown
Pygoplites diacanthus,"File:Pez ángel real (Pygoplites diacanthus), parque nacional Ras Muhammad, Egipto, 2022-03-26, DD 155.jpg",https://upload.wikimedia.org/wikipedia/commons/0/0a/Pez_%C3%A1ngel_real_%28Pygoplites_diacanthus%29%2C_parque_nacional_Ras_Muhammad%2C_Egipto%2C_2022-03-26%2C_DD_155.jpg?utm_source=commons.wikimedia.org&utm_campaign=imageinfo&utm_content=original,ca4941072bb7e412be76706fb2a3d78c774c869f,3614,2409,Diego Delso,CC BY-SA 4.0,"https://commons.wikimedia.org/wiki/File:Pez_%C3%A1ngel_real_(Pygoplites_diacanthus),_parque_nacional_Ras_Muhammad,_Egipto,_2022-03-26,_DD_155.jpg",in_situ
Pygoplites diacanthus,File:Cephalopholis argus - Павлинья гаруппа и (Pygoplites diacanthus) DSCF0803.webm,https://upload.wikimedia.org/wikipedia/commons/6/62/Cephalopholis_argus_-_%D0%9F%D0%B0%D0%B2%D0%BB%D0%B8%D0%BD%D1%8C%D1%8F_%D0%B3%D0%B0%D1%80%D1%83%D0%BF%D0%BF%D0%B0_%D0%B8_%28Pygoplites_diacanthus%29_DSCF0803.webm?utm_source=commons.wikimedia.org&utm_campaign=imageinfo&utm_content=original,f40f9ddb240d5c19a18a7d95a119205fe16ca67d,1920,1080,Kora27,CC BY-SA 4.0,https://commons.wikimedia.org/wiki/File:Cephalopholis_argus_-_%D0%9F%D0%B0%D0%B2%D0%BB%D0%B8%D0%BD%D1%8C%D1%8F_%D0%B3%D0%B0%D1%80%D1%83%D0%BF%D0%BF%D0%B0_%D0%B8_(Pygoplites_diacanthus)_DSCF0803.webm,in_situ
Pygoplites diacanthus,"File:Fish and pastels at Gota Sorayer, Red Sea, Egypt -SCUBA (6369648473).jpg",https://upload.wikimedia.org/wikipedia/commons/d/df/Fish_and_pastels_at_Gota_Sorayer%2C_Red_Sea%2C_Egypt_-SCUBA_%286369648473%29.jpg?utm_source=commons.wikimedia.org&utm_campaign=imageinfo&utm_content=original,655cd4616b58b1cad5ffe17b9364d9897474c71f,1024,768,"Derek Keats from Johannesburg, South Africa",CC BY 2.0,"https://commons.wikimedia.org/wiki/File:Fish_and_pastels_at_Gota_Sorayer,_Red_Sea,_Egypt_-SCUBA_(6369648473).jpg",in_situ
Pygoplites diacanthus,File:Pygoplites diacanthus (26701497116).jpg,https://upload.wikimedia.org/wikipedia/commons/3/3b/Pygoplites_diacanthus_%2826701497116%29.jpg?utm_source=commons.wikimedia.org&utm_campaign=imageinfo&utm_content=original,0c62b3876c4d0277d30d2f1a2f6df1a4507c156d,5472,3648,Paul Kli,CC BY-SA 2.0,https://commons.wikimedia.org/wiki/File:Pygoplites_diacanthus_(26701497116).jpg,unknown
Pygoplites diacanthus,File:Holacanthus diacanthus - 1772 - Print - Iconographia Zoologica - Special Collections University of Amsterdam - UBA01 IZA1000110.tif,https://upload.wikimedia.org/wikipedia/commons/2/28/Holacanthus_diacanthus_-_1772_-_Print_-_Iconographia_Zoologica_-_Special_Collections_University_of_Amsterdam_-_UBA01_IZA1000110.tif?utm_source=commons.wikimedia.org&utm_campaign=imageinfo&utm_content=original,e7df6d5398371ce30317fa70bcfae4fca70b6462,5100,3461,Gerrit Dadelbeek,Public domain,https://commons.wikimedia.org/wiki/File:Holacanthus_diacanthus_-_1772_-_Print_-_Iconographia_Zoologica_-_Special_Collections_University_of_Amsterdam_-_UBA01_IZA1000110.tif,unknown
Pygoplites diacanthus,"File:Pez ángel real (Pygoplites diacanthus), Yeda, Arabia Saudita, 2025-05-19, DD 64.jpg",https://upload.wikimedia.org/wikipedia/commons/9/9d/Pez_%C3%A1ngel_real_%28Pygoplites_diacanthus%29%2C_Yeda%2C_Arabia_Saudita%2C_2025-05-19%2C_DD_64.jpg?utm_source=commons.wikimedia.org&utm_campaign=imageinfo&utm_content=original,ec53ddae5de116fcc6df6f7757e0f02edd2d69c0,4567,3045,Diego Delso,CC BY-SA 4.0,"https://commons.wikimedia.org/wiki/File:Pez_%C3%A1ngel_real_(Pygoplites_diacanthus),_Yeda,_Arabia_Saudita,_2025-05-19,_DD_64.jpg",unknown
Pygoplites diacanthus,File:OLYMPUS DIGITAL CAMERA (33001230984).jpg,https://upload.wikimedia.org/wikipedia/commons/8/87/OLYMPUS_DIGITAL_CAMERA_%2833001230984%29.jpg?utm_source=commons.wikimedia.org&utm_campaign=imageinfo&utm_content=original,08c07394abc6b5109f364e4c4179cd13617973fc,4288,3216,cotterillmike,CC0,https://commons.wikimedia.org/wiki/File:OLYMPUS_DIGITAL_CAMERA_(33001230984).jpg,unknown
Pygoplites diacanthus,"File:Pez ángel real (Pygoplites diacanthus), Anilao, Filipinas, 2023-08-25, DD 225.jpg",https://upload.wikimedia.org/wikipedia/commons/0/0d/Pez_%C3%A1ngel_real_%28Pygoplites_diacanthus%29%2C_Anilao%2C_Filipinas%2C_2023-08-25%2C_DD_225.jpg?utm_source=commons.wikimedia.org&utm_campaign=imageinfo&utm_content=original,4eab072887b2700242e49cae52ad2d0b1cecf20b,4254,2836,Diego Delso,CC BY-SA 4.0,"https://commons.wikimedia.org/wiki/File:Pez_%C3%A1ngel_real_(Pygoplites_diacanthus),_Anilao,_Filipinas,_2023-08-25,_DD_225.jpg",unknown
Pygoplites diacanthus,"File:Pez ángel real (Pygoplites diacanthus), Yeda, Arabia Saudita, 2025-05-20, DD 14.jpg",https://upload.wikimedia.org/wikipedia/commons/2/23/Pez_%C3%A1ngel_real_%28Pygoplites_diacanthus%29%2C_Yeda%2C_Arabia_Saudita%2C_2025-05-20%2C_DD_14.jpg?utm_source=commons.wikimedia.org&utm_campaign=imageinfo&utm_content=original,569836cd00a43e980c8a00c751a3b920889f7242,3793,2529,Diego Delso,CC BY-SA 4.0,"https://commons.wikimedia.org/wiki/File:Pez_%C3%A1ngel_real_(Pygoplites_diacanthus),_Yeda,_Arabia_Saudita,_2025-05-20,_DD_14.jpg",unknown
Pygoplites diacanthus,"File:Pez ángel real (Pygoplites diacanthus), Anilao, Filipinas, 2023-08-25, DD 196.jpg",https://upload.wikimedia.org/wikipedia/commons/f/f5/Pez_%C3%A1ngel_real_%28Pygoplites_diacanthus%29%2C_Anilao%2C_Filipinas%2C_2023-08-25%2C_DD_196.jpg?utm_source=commons.wikimedia.org&utm_campaign=imageinfo&utm_content=original,2efd146ea7d2ccee2861a930b6978cecfc119b51,3475,2317,Diego Delso,CC BY-SA 4.0,"https://commons.wikimedia.org/wiki/File:Pez_%C3%A1ngel_real_(Pygoplites_diacanthus),_Anilao,_Filipinas,_2023-08-25,_DD_196.jpg",unknown
Pygoplites diacanthus,"File:Pfauen-Kaiserfisch (Pygoplites diacanthus),Королевский ангел DSCF7497WI.jpg",https://upload.wikimedia.org/wikipedia/commons/8/8d/Pfauen-Kaiserfisch_%28Pygoplites_diacanthus%29%2C%D0%9A%D0%BE%D1%80%D0%BE%D0%BB%D0%B5%D0%B2%D1%81%D0%BA%D0%B8%D0%B9_%D0%B0%D0%BD%D0%B3%D0%B5%D0%BB_DSCF7497WI.jpg?utm_source=commons.wikimedia.org&utm_campaign=imageinfo&utm_content=original,8e3166047149aba0c1fe68cbf7e669db16f61327,3391,2254,Kora27,CC BY-SA 4.0,"https://commons.wikimedia.org/wiki/File:Pfauen-Kaiserfisch_(Pygoplites_diacanthus),%D0%9A%D0%BE%D1%80%D0%BE%D0%BB%D0%B5%D0%B2%D1%81%D0%BA%D0%B8%D0%B9_%D0%B0%D0%BD%D0%B3%D0%B5%D0%BB_DSCF7497WI.jpg",unknown
Pygoplites diacanthus,"File:Pez ángel real (Pygoplites diacanthus), Nosy Kalakajoro, Madagascar, 2025-09-14, DD 41.jpg",https://upload.wikimedia.org/wikipedia/commons/6/62/Pez_%C3%A1ngel_real_%28Pygoplites_diacanthus%29%2C_Nosy_Kalakajoro%2C_Madagascar%2C_2025-09-14%2C_DD_41.jpg?utm_source=commons.wikimedia.org&utm_campaign=imageinfo&utm_content=original,dd0683a1696d901142f9771c63cb8f26709731c1,3366,2244,Diego Delso,CC BY-SA 4.0,"https://commons.wikimedia.org/wiki/File:Pez_%C3%A1ngel_real_(Pygoplites_diacanthus),_Nosy_Kalakajoro,_Madagascar,_2025-09-14,_DD_41.jpg",unknown
Pterois miles,File:Devil firefish or common lionfish (Pterois miles).jpg,https://upload.wikimedia.org/wikipedia/commons/7/7b/Devil_firefish_or_common_lionfish_%28Pterois_miles%29.jpg?utm_source=commons.wikimedia.org&utm_campaign=imageinfo&utm_content=original,67a3785dc58449dce74fe159d16bea3da5e36562,5464,3614,Tara Kate Turkington,CC BY-SA 4.0,https://commons.wikimedia.org/wiki/File:Devil_firefish_or_common_lionfish_(Pterois_miles).jpg,in_situ
Pterois miles,"File:Pez fuego diablo (Pterois miles), parque nacional Ras Muhammad, Egipto, 2022-03-27, DD 121.jpg",https://upload.wikimedia.org/wikipedia/commons/6/6e/Pez_fuego_diablo_%28Pterois_miles%29%2C_parque_nacional_Ras_Muhammad%2C_Egipto%2C_2022-03-27%2C_DD_121.jpg?utm_source=commons.wikimedia.org&utm_campaign=imageinfo&utm_content=original,408ced4dff59b7a0164e64f494a7f929c0496a1f,4705,3137,Diego Delso,CC BY-SA 4.0,"https://commons.wikimedia.org/wiki/File:Pez_fuego_diablo_(Pterois_miles),_parque_nacional_Ras_Muhammad,_Egipto,_2022-03-27,_DD_121.jpg",in_situ
Pterois miles,File:Common lionfish at Shaab Angosh reef.JPG,https://upload.wikimedia.org/wikipedia/commons/e/e5/Common_lionfish_at_Shaab_Angosh_reef.JPG?utm_source=commons.wikimedia.org&utm_campaign=imageinfo&utm_content=original,17b38e8a53a648413108f31aff04205460fea4cb,3300,2475,Alexander Vasenin,CC BY-SA 3.0,https://commons.wikimedia.org/wiki/File:Common_lionfish_at_Shaab_Angosh_reef.JPG,in_situ
Pterois miles,File:Common lionfish at Shaab El Erg reef.JPG,https://upload.wikimedia.org/wikipedia/commons/5/5e/Common_lionfish_at_Shaab_El_Erg_reef.JPG?utm_source=commons.wikimedia.org&utm_campaign=imageinfo&utm_content=original,81b9db85700ee34239165a259145e98798b10fd4,2822,3762,Alexander Vasenin,CC BY-SA 3.0,https://commons.wikimedia.org/wiki/File:Common_lionfish_at_Shaab_El_Erg_reef.JPG,in_situ
Pterois miles,File:Common lionfish at Shaab El Erg reef (landscape crop).JPG,https://upload.wikimedia.org/wikipedia/commons/4/4c/Common_lionfish_at_Shaab_El_Erg_reef_%28landscape_crop%29.JPG?utm_source=commons.wikimedia.org&utm_campaign=imageinfo&utm_content=original,2c38d5036e7ba8c8f79d82d89734e131352ea6f7,2763,2208,Alexander Vasenin,CC BY-SA 3.0,https://commons.wikimedia.org/wiki/File:Common_lionfish_at_Shaab_El_Erg_reef_(landscape_crop).JPG,in_situ
Pterois miles,File:Common Lionfish Pterois Miles (223129197).jpeg,https://upload.wikimedia.org/wikipedia/commons/4/42/Common_Lionfish_Pterois_Miles_%28223129197%29.jpeg?utm_source=commons.wikimedia.org&utm_campaign=imageinfo&utm_content=original,e6983fd50fca4619bc3a48afa7dc6e2520e326c2,2048,1152,Kris Mikael Krister,CC BY 3.0,https://commons.wikimedia.org/wiki/File:Common_Lionfish_Pterois_Miles_(223129197).jpeg,in_situ
Pterois miles,File:Devil firefish at Pao reef dsc03757.jpg,https://upload.wikimedia.org/wikipedia/commons/d/de/Devil_firefish_at_Pao_reef_dsc03757.jpg?utm_source=commons.wikimedia.org&utm_campaign=imageinfo&utm_content=original,c45878098df6a852b37c7f2e278b9e872c072513,2048,1536,Peter Southwood,CC BY-SA 3.0,https://commons.wikimedia.org/wiki/File:Devil_firefish_at_Pao_reef_dsc03757.jpg,in_situ
Pterois miles,File:Pain Fish (226272897).jpeg,https://upload.wikimedia.org/wikipedia/commons/5/57/Pain_Fish_%28226272897%29.jpeg?utm_source=commons.wikimedia.org&utm_campaign=imageinfo&utm_content=original,45efd29cd77b6ac377116e1b8e19ee8397f9bebe,2048,1367,Mantas Vidutis,CC BY 3.0,https://commons.wikimedia.org/wiki/File:Pain_Fish_(226272897).jpeg,in_situ
Pterois miles,File:Lionfish - the reef destroyer (4905705541).jpg,https://upload.wikimedia.org/wikipedia/commons/1/1e/Lionfish_-_the_reef_destroyer_%284905705541%29.jpg?utm_source=commons.wikimedia.org&utm_campaign=imageinfo&utm_content=original,800d486aff8dfb5dc60411556675122cc6a73ba8,1600,1200,"Serge Melki from Indianapolis, USA",CC BY 2.0,https://commons.wikimedia.org/wiki/File:Lionfish_-_the_reef_destroyer_(4905705541).jpg,in_situ
Pterois miles,"File:Common lionfish and reef corals up close at Gota Abu Ghusur Reef, Red Sea, Egypt -SCUBA -UNDERWATER -PICTURES (6426111105).jpg",https://upload.wikimedia.org/wikipedia/commons/6/6b/Common_lionfish_and_reef_corals_up_close_at_Gota_Abu_Ghusur_Reef%2C_Red_Sea%2C_Egypt_-SCUBA_-UNDERWATER_-PICTURES_%286426111105%29.jpg?utm_source=commons.wikimedia.org&utm_campaign=imageinfo&utm_content=original,9f0f087b808936dbbefef91b1e6857613e41929e,1024,768,"Derek Keats from Johannesburg, South Africa",CC BY 2.0,"https://commons.wikimedia.org/wiki/File:Common_lionfish_and_reef_corals_up_close_at_Gota_Abu_Ghusur_Reef,_Red_Sea,_Egypt_-SCUBA_-UNDERWATER_-PICTURES_(6426111105).jpg",in_situ
Pterois miles,"File:Common lionfish and reef view at Gota Abu Ghusur Reef, Red Sea, Egypt -SCUBA -UNDERWATER -PICTURES (6426112713).jpg",https://upload.wikimedia.org/wikipedia/commons/1/11/Common_lionfish_and_reef_view_at_Gota_Abu_Ghusur_Reef%2C_Red_Sea%2C_Egypt_-SCUBA_-UNDERWATER_-PICTURES_%286426112713%29.jpg?utm_source=commons.wikimedia.org&utm_campaign=imageinfo&utm_content=original,2407afbeec4c30859d4e2e39d5c77142ee5dccf2,576,768,"Derek Keats from Johannesburg, South Africa",CC BY 2.0,"https://commons.wikimedia.org/wiki/File:Common_lionfish_and_reef_view_at_Gota_Abu_Ghusur_Reef,_Red_Sea,_Egypt_-SCUBA_-UNDERWATER_-PICTURES_(6426112713).jpg",in_situ
Pterois miles,"File:Common lionfish in a reef scene at Gota Abu Ghusur Reef, Red Sea, Egypt -SCUBA -UNDERWATER -PICTURES (6426111917).jpg",https://upload.wikimedia.org/wikipedia/commons/a/a4/Common_lionfish_in_a_reef_scene_at_Gota_Abu_Ghusur_Reef%2C_Red_Sea%2C_Egypt_-SCUBA_-UNDERWATER_-PICTURES_%286426111917%29.jpg?utm_source=commons.wikimedia.org&utm_campaign=imageinfo&utm_content=original,bbdcb65ffb1b1da8a8fd0f0ae5dc27085449c053,576,768,"Derek Keats from Johannesburg, South Africa",CC BY 2.0,"https://commons.wikimedia.org/wiki/File:Common_lionfish_in_a_reef_scene_at_Gota_Abu_Ghusur_Reef,_Red_Sea,_Egypt_-SCUBA_-UNDERWATER_-PICTURES_(6426111917).jpg",in_situ
Ptereleotris zebra,File:Corl0319 (28112104465).jpg,https://upload.wikimedia.org/wikipedia/commons/2/29/Corl0319_%2828112104465%29.jpg?utm_source=commons.wikimedia.org&utm_campaign=imageinfo&utm_content=original,d5359063611e9fae24e55159ce19c0b0e1306535,2632,1883,NOAA Photo Library,CC BY 2.0,https://commons.wikimedia.org/wiki/File:Corl0319_(28112104465).jpg,unknown
Ptereleotris zebra,File:Zebra dart fish Ptereleotris zebra.jpg,https://upload.wikimedia.org/wikipedia/commons/0/0a/Zebra_dart_fish_Ptereleotris_zebra.jpg?utm_source=commons.wikimedia.org&utm_campaign=imageinfo&utm_content=original,252b6d3d8c3fcea02b3559216f252e81e9e34f42,2358,1548,Brian Gratwicke,CC BY 2.0,https://commons.wikimedia.org/wiki/File:Zebra_dart_fish_Ptereleotris_zebra.jpg,unknown
Ptereleotris zebra,File:Zebra dartfish (Ptereleotris zebra) (48651640678).jpg,https://upload.wikimedia.org/wikipedia/commons/b/bd/Zebra_dartfish_%28Ptereleotris_zebra%29_%2848651640678%29.jpg?utm_source=commons.wikimedia.org&utm_campaign=imageinfo&utm_content=original,2c02184415f3a2054def66da51074aee5a067185,1466,1100,Rickard Zerpe,CC BY 2.0,https://commons.wikimedia.org/wiki/File:Zebra_dartfish_(Ptereleotris_zebra)_(48651640678).jpg,unknown
Ptereleotris zebra,File:ZebraHZ.jpg,https://upload.wikimedia.org/wikipedia/commons/b/bf/ZebraHZ.jpg?utm_source=commons.wikimedia.org&utm_campaign=imageinfo&utm_content=original,39051757f0518c65147084e4c3024fc43645b2fd,640,480,Izuzuki,CC BY-SA 3.0,https://commons.wikimedia.org/wiki/File:ZebraHZ.jpg,unknown
Ptereleotris zebra,File:ZeburaHZyg.jpg,https://upload.wikimedia.org/wikipedia/commons/9/9f/ZeburaHZyg.jpg?utm_source=commons.wikimedia.org&utm_campaign=imageinfo&utm_content=original,18d8448ddc26519c6f0fcdd9a1d5881fe93d02f9,640,480,Izuzuki,CC BY-SA 3.0,https://commons.wikimedia.org/wiki/File:ZeburaHZyg.jpg,unknown
Ptereleotris zebra,File:Ptereleotris zebra.jpg,https://upload.wikimedia.org/wikipedia/commons/4/43/Ptereleotris_zebra.jpg?utm_source=commons.wikimedia.org&utm_campaign=imageinfo&utm_content=original,66a2999fb326279196a5b9740b04efee59efc1c8,3564,2376,Lonnie Huffman,CC BY 3.0,https://commons.wikimedia.org/wiki/File:Ptereleotris_zebra.jpg,aquarium
Ptereleotris zebra,File:Chinese zebra goby (Ptereleotris zebra).jpg,https://upload.wikimedia.org/wikipedia/commons/a/a4/Chinese_zebra_goby_%28Ptereleotris_zebra%29.jpg?utm_source=commons.wikimedia.org&utm_campaign=imageinfo&utm_content=original,8925a87d766164301f959536843c02b117ab2479,2510,2068,JSutton93,CC BY-SA 4.0,https://commons.wikimedia.org/wiki/File:Chinese_zebra_goby_(Ptereleotris_zebra).jpg,aquarium
Ptereleotris zebra,File:Ptereleotris zebra 01.jpg,https://upload.wikimedia.org/wikipedia/commons/4/44/Ptereleotris_zebra_01.jpg?utm_source=commons.wikimedia.org&utm_campaign=imageinfo&utm_content=original,6372701308ff62c5fbf193252c3d08334cca1d66,1991,1402,Bjoertvedt,CC BY-SA 3.0,https://commons.wikimedia.org/wiki/File:Ptereleotris_zebra_01.jpg,aquarium
Pseudobalistes flavimarginatus,File:First record of the species Pseudobalistes flavimarginatus at the Chesterfield-Bellona reef complex in the Coral Sea Marine Park (Ifremer 00675-78701).webm,https://upload.wikimedia.org/wikipedia/commons/5/53/First_record_of_the_species_Pseudobalistes_flavimarginatus_at_the_Chesterfield-Bellona_reef_complex_in_the_Coral_Sea_Marine_Park_%28Ifremer_00675-78701%29.webm?utm_source=commons.wikimedia.org&utm_campaign=imageinfo&utm_content=original,ecd90df64dcb3937e135dd456bd79eee9eeced0f,1920,1080,Dominique Pelletier,CC BY 4.0,https://commons.wikimedia.org/wiki/File:First_record_of_the_species_Pseudobalistes_flavimarginatus_at_the_Chesterfield-Bellona_reef_complex_in_the_Coral_Sea_Marine_Park_(Ifremer_00675-78701).webm,in_situ
Pseudobalistes flavimarginatus,File:Balistes flavimarginatus - 1700-1880 - Print - Iconographia Zoologica - Special Collections University of Amsterdam - UBA01 IZ15400075.tif,https://upload.wikimedia.org/wikipedia/commons/a/a1/Balistes_flavimarginatus_-_1700-1880_-_Print_-_Iconographia_Zoologica_-_Special_Collections_University_of_Amsterdam_-_UBA01_IZ15400075.tif?utm_source=commons.wikimedia.org&utm_campaign=imageinfo&utm_content=original,1cf1d5ea9c079474aa7cf5976c0ac3a346f5e244,3527,2519,,Public domain,https://commons.wikimedia.org/wiki/File:Balistes_flavimarginatus_-_1700-1880_-_Print_-_Iconographia_Zoologica_-_Special_Collections_University_of_Amsterdam_-_UBA01_IZ15400075.tif,unknown
Pseudobalistes flavimarginatus,File:First records of fish species at the Chesterfield-Bellona reef complex in the Coral Sea Marine Park (Ifremer 00669-78069 - 31566).webm,https://upload.wikimedia.org/wikipedia/commons/e/ee/First_records_of_fish_species_at_the_Chesterfield-Bellona_reef_complex_in_the_Coral_Sea_Marine_Park_%28Ifremer_00669-78069_-_31566%29.webm?utm_source=commons.wikimedia.org&utm_campaign=imageinfo&utm_content=original,81a42e014f00016acad421a9488b923825a31c05,3413,1080,Dominique Pelletier,CC BY 4.0,https://commons.wikimedia.org/wiki/File:First_records_of_fish_species_at_the_Chesterfield-Bellona_reef_complex_in_the_Coral_Sea_Marine_Park_(Ifremer_00669-78069_-_31566).webm,unknown
Pseudobalistes flavimarginatus,File:Balistes flavimarginatus - 1700-1880 - Print - Iconographia Zoologica - Special Collections University of Amsterdam - UBA01 IZ15400073.tif,https://upload.wikimedia.org/wikipedia/commons/6/65/Balistes_flavimarginatus_-_1700-1880_-_Print_-_Iconographia_Zoologica_-_Special_Collections_University_of_Amsterdam_-_UBA01_IZ15400073.tif?utm_source=commons.wikimedia.org&utm_campaign=imageinfo&utm_content=original,133e44a0aad33d0d17588c4ee00a6cce501f2697,3245,2524,,Public domain,https://commons.wikimedia.org/wiki/File:Balistes_flavimarginatus_-_1700-1880_-_Print_-_Iconographia_Zoologica_-_Special_Collections_University_of_Amsterdam_-_UBA01_IZ15400073.tif,unknown
Pseudobalistes flavimarginatus,File:Bleeker CCXXIV 3.jpg,https://upload.wikimedia.org/wikipedia/commons/a/ae/Bleeker_CCXXIV_3.jpg?utm_source=commons.wikimedia.org&utm_campaign=imageinfo&utm_content=original,7a0cfc38d87ba3ba4c3a9070bef76b0e9120ec0f,2622,1938,Pieter Bleeker,Public domain,https://commons.wikimedia.org/wiki/File:Bleeker_CCXXIV_3.jpg,unknown
Pseudobalistes flavimarginatus,File:Balistoides viridescens 09629 nevit.jpg,https://upload.wikimedia.org/wikipedia/commons/f/f3/Balistoides_viridescens_09629_nevit.jpg?utm_source=commons.wikimedia.org&utm_campaign=imageinfo&utm_content=original,b9716f3acd51bd9b475ada7b78fe2eefd54e9b65,2592,1944,Nevit Dilmen,CC BY-SA 3.0,https://commons.wikimedia.org/wiki/File:Balistoides_viridescens_09629_nevit.jpg,unknown
Pseudobalistes flavimarginatus,File:Balistes flavimarginatus - 1700-1880 - Print - Iconographia Zoologica - Special Collections University of Amsterdam - UBA01 IZ15400077.tif,https://upload.wikimedia.org/wikipedia/commons/c/ca/Balistes_flavimarginatus_-_1700-1880_-_Print_-_Iconographia_Zoologica_-_Special_Collections_University_of_Amsterdam_-_UBA01_IZ15400077.tif?utm_source=commons.wikimedia.org&utm_campaign=imageinfo&utm_content=original,f934a2d041bfd5cba2c8b9430cf789d3c5a8b76d,2533,3214,,Public domain,https://commons.wikimedia.org/wiki/File:Balistes_flavimarginatus_-_1700-1880_-_Print_-_Iconographia_Zoologica_-_Special_Collections_University_of_Amsterdam_-_UBA01_IZ15400077.tif,unknown
Pseudobalistes flavimarginatus,File:Maldives triggerfish (Pseudobalistes flavimarginatus).jpg,https://upload.wikimedia.org/wikipedia/commons/4/4b/Maldives_triggerfish_%28Pseudobalistes_flavimarginatus%29.jpg?utm_source=commons.wikimedia.org&utm_campaign=imageinfo&utm_content=original,b0ad4f33c6bfd5528353934ee241c44db431764b,2304,3072,Uxbona,CC BY-SA 3.0,https://commons.wikimedia.org/wiki/File:Maldives_triggerfish_(Pseudobalistes_flavimarginatus).jpg,unknown
Pseudobalistes flavimarginatus,File:Neue Wirbelthiere zu der Fauna von Abyssinien gehörig (Taf. 15 Fig.1-3) (6815458330).jpg,https://upload.wikimedia.org/wikipedia/commons/3/30/Neue_Wirbelthiere_zu_der_Fauna_von_Abyssinien_geh%C3%B6rig_%28Taf._15_Fig.1-3%29_%286815458330%29.jpg?utm_source=commons.wikimedia.org&utm_campaign=imageinfo&utm_content=original,4340acbd80e7dab42c3ef2c8700cc595b0a49646,2117,3106,"Rüppell, Eduard",Public domain,https://commons.wikimedia.org/wiki/File:Neue_Wirbelthiere_zu_der_Fauna_von_Abyssinien_geh%C3%B6rig_(Taf._15_Fig.1-3)_(6815458330).jpg,unknown
Pseudobalistes flavimarginatus,File:Pseudobalistes flavimarginatus 134659185.jpg,https://upload.wikimedia.org/wikipedia/commons/4/46/Pseudobalistes_flavimarginatus_134659185.jpg?utm_source=commons.wikimedia.org&utm_campaign=imageinfo&utm_content=original,e320ba5a9469da12999aa9edbac96c4aa8531c64,2048,1536,natomik,CC BY 4.0,https://commons.wikimedia.org/wiki/File:Pseudobalistes_flavimarginatus_134659185.jpg,unknown
Pseudobalistes flavimarginatus,File:Pseudobalistes flavimarginatus 134659201.jpg,https://upload.wikimedia.org/wikipedia/commons/a/aa/Pseudobalistes_flavimarginatus_134659201.jpg?utm_source=commons.wikimedia.org&utm_campaign=imageinfo&utm_content=original,99e97b47376f98e89d14e6b66d6d90aaa36a1bb9,2048,1536,natomik,CC BY 4.0,https://commons.wikimedia.org/wiki/File:Pseudobalistes_flavimarginatus_134659201.jpg,unknown
Pseudobalistes flavimarginatus,File:Pseudobalistes flavimarginatus 134659210.jpg,https://upload.wikimedia.org/wikipedia/commons/b/be/Pseudobalistes_flavimarginatus_134659210.jpg?utm_source=commons.wikimedia.org&utm_campaign=imageinfo&utm_content=original,bad6519132e72d2b0d0047404c56d4dcd5c9b531,2048,1536,natomik,CC BY 4.0,https://commons.wikimedia.org/wiki/File:Pseudobalistes_flavimarginatus_134659210.jpg,unknown
Pomacentrus moluccensis,File:Pomacentrus moluccensis - 1700-1880 - Print - Iconographia Zoologica - Special Collections University of Amsterdam - UBA01 IZ13900288.tif,https://upload.wikimedia.org/wikipedia/commons/3/3c/Pomacentrus_moluccensis_-_1700-1880_-_Print_-_Iconographia_Zoologica_-_Special_Collections_University_of_Amsterdam_-_UBA01_IZ13900288.tif?utm_source=commons.wikimedia.org&utm_campaign=imageinfo&utm_content=original,d9cdb727df3344a6d25d3ec848380ec1d1ff70e1,3233,2534,,Public domain,https://commons.wikimedia.org/wiki/File:Pomacentrus_moluccensis_-_1700-1880_-_Print_-_Iconographia_Zoologica_-_Special_Collections_University_of_Amsterdam_-_UBA01_IZ13900288.tif,unknown
Pomacentrus moluccensis,File:Lemon Damselfish (Pomacentrus moluccensis) - El Nido 2025-10-04.png,https://upload.wikimedia.org/wikipedia/commons/b/bb/Lemon_Damselfish_%28Pomacentrus_moluccensis%29_-_El_Nido_2025-10-04.png?utm_source=commons.wikimedia.org&utm_campaign=imageinfo&utm_content=original,e8c78c4a917fed43e21e0a7a9ccff520e90934ad,2366,1604,Reebadab,CC BY-SA 4.0,https://commons.wikimedia.org/wiki/File:Lemon_Damselfish_(Pomacentrus_moluccensis)_-_El_Nido_2025-10-04.png,unknown
Pomacentrus moluccensis,File:Lemon damsel (Pomacentrus moluccensis) (26496048448).jpg,https://upload.wikimedia.org/wikipedia/commons/e/e0/Lemon_damsel_%28Pomacentrus_moluccensis%29_%2826496048448%29.jpg?utm_source=commons.wikimedia.org&utm_campaign=imageinfo&utm_content=original,85fa207bf15449d65cde80034aa246f2bb69ac8e,2270,1703,Rickard Zerpe,CC BY 2.0,https://commons.wikimedia.org/wiki/File:Lemon_damsel_(Pomacentrus_moluccensis)_(26496048448).jpg,unknown
Pomacentrus moluccensis,File:Lemon damsel (Pomacentrus moluccensis ) (32446380465).jpg,https://upload.wikimedia.org/wikipedia/commons/2/20/Lemon_damsel_%28Pomacentrus_moluccensis_%29_%2832446380465%29.jpg?utm_source=commons.wikimedia.org&utm_campaign=imageinfo&utm_content=original,0eadf932a7b1a1da76117d68692bf7d5f0a32286,2066,1550,Rickard Zerpe,CC BY-SA 2.0,https://commons.wikimedia.org/wiki/File:Lemon_damsel_(Pomacentrus_moluccensis_)_(32446380465).jpg,unknown
Pomacentrus moluccensis,File:Lemon Damsels (5 cm).png,https://upload.wikimedia.org/wikipedia/commons/2/20/Lemon_Damsels_%285_cm%29.png?utm_source=commons.wikimedia.org&utm_campaign=imageinfo&utm_content=original,9552c7f135e3493e71a3104fb1f05ee6bd1eecdc,2048,1536,Samuel Chow,CC BY 2.0,https://commons.wikimedia.org/wiki/File:Lemon_Damsels_(5_cm).png,unknown
Pomacentrus moluccensis,File:Lemon damsel (Pomacentrus moluccensis) (39851325753).jpg,https://upload.wikimedia.org/wikipedia/commons/9/9b/Lemon_damsel_%28Pomacentrus_moluccensis%29_%2839851325753%29.jpg?utm_source=commons.wikimedia.org&utm_campaign=imageinfo&utm_content=original,a3cdf579c8c725ba9e983dc00c95e14b3c6573c9,1889,1417,Rickard Zerpe,CC BY 2.0,https://commons.wikimedia.org/wiki/File:Lemon_damsel_(Pomacentrus_moluccensis)_(39851325753).jpg,unknown
Pomacentrus moluccensis,File:Sixbar wrasse Thalassoma hardwicke and lemon damselfish Pomacentrus moluccensis (5799868035).jpg,https://upload.wikimedia.org/wikipedia/commons/3/35/Sixbar_wrasse_Thalassoma_hardwicke_and_lemon_damselfish_Pomacentrus_moluccensis_%285799868035%29.jpg?utm_source=commons.wikimedia.org&utm_campaign=imageinfo&utm_content=original,9e66fb89259c396dce3077e8d72871fb97824cce,1653,1102,Paul Asman and Jill Lenoble,CC BY 2.0,https://commons.wikimedia.org/wiki/File:Sixbar_wrasse_Thalassoma_hardwicke_and_lemon_damselfish_Pomacentrus_moluccensis_(5799868035).jpg,unknown
Pomacentrus moluccensis,"File:Lemon Damselfish, Bunaken Island.jpg",https://upload.wikimedia.org/wikipedia/commons/5/50/Lemon_Damselfish%2C_Bunaken_Island.jpg?utm_source=commons.wikimedia.org&utm_campaign=imageinfo&utm_content=original,8c0d953263dc8e19a9b13c960c86b4f4f109a959,1600,1200,Rob,CC BY 2.0,"https://commons.wikimedia.org/wiki/File:Lemon_Damselfish,_Bunaken_Island.jpg",unknown
Pomacentrus moluccensis,File:Memoire sur les chromides marines ou pomacentroïdes de l'inde archipélagique (IA memoiresurleschr00blee).pdf,https://upload.wikimedia.org/wikipedia/commons/b/b9/Memoire_sur_les_chromides_marines_ou_pomacentro%C3%AFdes_de_l%27inde_archip%C3%A9lagique_%28IA_memoiresurleschr00blee%29.pdf?utm_source=commons.wikimedia.org&utm_campaign=imageinfo&utm_content=original,a24852bc1743be1666b92815b53159e74440abd3,1227,1637,"Bleeker, P. (Pieter), 1819-1878",Public domain,https://commons.wikimedia.org/wiki/File:Memoire_sur_les_chromides_marines_ou_pomacentro%C3%AFdes_de_l%27inde_archip%C3%A9lagique_(IA_memoiresurleschr00blee).pdf,unknown
Pomacentrus moluccensis,File:Lemon damselfish Pomacentrus moluccensis (5816497367).jpg,https://upload.wikimedia.org/wikipedia/commons/6/68/Lemon_damselfish_Pomacentrus_moluccensis_%285816497367%29.jpg?utm_source=commons.wikimedia.org&utm_campaign=imageinfo&utm_content=original,4485d87549743d1e6f1657916d19ae7f50b88b93,1116,744,Paul Asman and Jill Lenoble,CC BY 2.0,https://commons.wikimedia.org/wiki/File:Lemon_damselfish_Pomacentrus_moluccensis_(5816497367).jpg,unknown
Pomacentrus moluccensis,File:Damselfishes alleviate the impacts of sediments on host corals.pdf,https://upload.wikimedia.org/wikipedia/commons/c/ce/Damselfishes_alleviate_the_impacts_of_sediments_on_host_corals.pdf?utm_source=commons.wikimedia.org&utm_campaign=imageinfo&utm_content=original,5135b3c0e4d067b0dafa6351b7a5db78b2f5205a,1085,1575,"Chase, T. J.; Pratchett, M. S.; McWilliam, M. J.; Hein, M. Y.; Tebbett, S. B.; Hoogenboom, M. O.",CC BY 4.0,https://commons.wikimedia.org/wiki/File:Damselfishes_alleviate_the_impacts_of_sediments_on_host_corals.pdf,unknown
Pomacentrus moluccensis,File:Pomacentrus moluccensis.jpg,https://upload.wikimedia.org/wikipedia/commons/b/bf/Pomacentrus_moluccensis.jpg?utm_source=commons.wikimedia.org&utm_campaign=imageinfo&utm_content=original,69487db65fafcb8019a03e111f4e46b983cb1f0d,900,613,AnonymousUnknown author,Public domain,https://commons.wikimedia.org/wiki/File:Pomacentrus_moluccensis.jpg,unknown
Pomacanthus xanthometopon,File:Pomacanthus xanthometopon 2.jpg,https://upload.wikimedia.org/wikipedia/commons/5/54/Pomacanthus_xanthometopon_2.jpg?utm_source=commons.wikimedia.org&utm_campaign=imageinfo&utm_content=original,0e3db2d33b076f47c5d4ccf532f9df6881f7008f,2272,1672,Leonard Low from Australia,CC BY 2.0,https://commons.wikimedia.org/wiki/File:Pomacanthus_xanthometopon_2.jpg,in_situ
Pomacanthus xanthometopon,File:Blueface angelfish (Pomocanthus xanthometopon) (2864610790).jpg,https://upload.wikimedia.org/wikipedia/commons/0/01/Blueface_angelfish_%28Pomocanthus_xanthometopon%29_%282864610790%29.jpg?utm_source=commons.wikimedia.org&utm_campaign=imageinfo&utm_content=original,25f002247e05fa1de0df22ef046f2dfeedd51346,1280,853,"Cliff from Arlington, Virginia, USA",CC BY 2.0,https://commons.wikimedia.org/wiki/File:Blueface_angelfish_(Pomocanthus_xanthometopon)_(2864610790).jpg,in_situ
Pomacanthus xanthometopon,"File:Diving in Blue Corner, Palau - fish.jpg",https://upload.wikimedia.org/wikipedia/commons/0/0c/Diving_in_Blue_Corner%2C_Palau_-_fish.jpg?utm_source=commons.wikimedia.org&utm_campaign=imageinfo&utm_content=original,ff51af7641eeb854f367d2739ad4bf609474ec65,3072,2048,LuxTonnerre,CC BY 2.0,"https://commons.wikimedia.org/wiki/File:Diving_in_Blue_Corner,_Palau_-_fish.jpg",unknown
Pomacanthus xanthometopon,File:Pez colorido.jpg,https://upload.wikimedia.org/wikipedia/commons/a/aa/Pez_colorido.jpg?utm_source=commons.wikimedia.org&utm_campaign=imageinfo&utm_content=original,3c2659ff6e7456439493f674495803260d80abf0,3072,2048,EDDYCUBAUSA,CC BY-SA 4.0,https://commons.wikimedia.org/wiki/File:Pez_colorido.jpg,unknown
Pomacanthus xanthometopon,File:Blaukopf-Kaiserfisch (Pomacanthus xantometopon) 02.jpg,https://upload.wikimedia.org/wikipedia/commons/8/8f/Blaukopf-Kaiserfisch_%28Pomacanthus_xantometopon%29_02.jpg?utm_source=commons.wikimedia.org&utm_campaign=imageinfo&utm_content=original,da39b586e78b18e09707834ab1e01436b0124387,2260,1632,Norbert Potensky,CC BY-SA 3.0,https://commons.wikimedia.org/wiki/File:Blaukopf-Kaiserfisch_(Pomacanthus_xantometopon)_02.jpg,unknown
Pomacanthus xanthometopon,File:Blaukopf-Kaiserfisch (Pomacanthus xantometopon) 01.jpg,https://upload.wikimedia.org/wikipedia/commons/6/6f/Blaukopf-Kaiserfisch_%28Pomacanthus_xantometopon%29_01.jpg?utm_source=commons.wikimedia.org&utm_campaign=imageinfo&utm_content=original,2555b2c2c1d4d5c9223b1fca8890b507310131b0,2106,1521,Norbert Potensky,CC BY-SA 3.0,https://commons.wikimedia.org/wiki/File:Blaukopf-Kaiserfisch_(Pomacanthus_xantometopon)_01.jpg,unknown
Pomacanthus xanthometopon,File:Pomacanthus xanthometopon 120117753.jpg,https://upload.wikimedia.org/wikipedia/commons/6/69/Pomacanthus_xanthometopon_120117753.jpg?utm_source=commons.wikimedia.org&utm_campaign=imageinfo&utm_content=original,a033e05678621b45a291a68052a717db68edd9bb,2048,1536,Richard Poort,CC BY 4.0,https://commons.wikimedia.org/wiki/File:Pomacanthus_xanthometopon_120117753.jpg,unknown
Pomacanthus xanthometopon,File:Pomacanthus xanthometopon 129810360.jpg,https://upload.wikimedia.org/wikipedia/commons/b/b6/Pomacanthus_xanthometopon_129810360.jpg?utm_source=commons.wikimedia.org&utm_campaign=imageinfo&utm_content=original,4f82369ea7de9cd786a74aa4ef993eb3b3a94a6c,2048,1152,Dr. Thomas Dörner,CC BY-SA 4.0,https://commons.wikimedia.org/wiki/File:Pomacanthus_xanthometopon_129810360.jpg,unknown
Pomacanthus xanthometopon,File:Pomacanthus xanthometopon 129810368.jpg,https://upload.wikimedia.org/wikipedia/commons/a/a5/Pomacanthus_xanthometopon_129810368.jpg?utm_source=commons.wikimedia.org&utm_campaign=imageinfo&utm_content=original,65b69668cae4a824a7d59bcebcf3776c72b79b79,2048,1149,Dr. Thomas Dörner,CC BY-SA 4.0,https://commons.wikimedia.org/wiki/File:Pomacanthus_xanthometopon_129810368.jpg,unknown
Pomacanthus xanthometopon,File:Pomacanthus xanthometopon 160690992.jpg,https://upload.wikimedia.org/wikipedia/commons/7/7f/Pomacanthus_xanthometopon_160690992.jpg?utm_source=commons.wikimedia.org&utm_campaign=imageinfo&utm_content=original,54a6bc1a790a92399e34a777a9aa44dcd8390c3c,2048,1229,Bernard DUPONT,CC BY-SA 4.0,https://commons.wikimedia.org/wiki/File:Pomacanthus_xanthometopon_160690992.jpg,unknown
Pomacanthus xanthometopon,File:Pomacanthus xanthometopon 175226533.jpg,https://upload.wikimedia.org/wikipedia/commons/4/42/Pomacanthus_xanthometopon_175226533.jpg?utm_source=commons.wikimedia.org&utm_campaign=imageinfo&utm_content=original,b2e43fb561e7f15e46b5c00208daa30149c5d16e,2048,1536,luluchouette,CC BY 4.0,https://commons.wikimedia.org/wiki/File:Pomacanthus_xanthometopon_175226533.jpg,unknown
Pomacanthus xanthometopon,File:Pomacanthus xanthometopon 263121887.jpg,https://upload.wikimedia.org/wikipedia/commons/9/92/Pomacanthus_xanthometopon_263121887.jpg?utm_source=commons.wikimedia.org&utm_campaign=imageinfo&utm_content=original,1d5ce887d5b451759c904bf28def472526a8021c,2048,1393,fishhead,CC0,https://commons.wikimedia.org/wiki/File:Pomacanthus_xanthometopon_263121887.jpg,unknown
Pholidichthys leucotaenia,File:Boulogne sur mer.- Nausicaà (Blennie bagnard).jpg,https://upload.wikimedia.org/wikipedia/commons/9/9d/Boulogne_sur_mer.-_Nausica%C3%A0_%28Blennie_bagnard%29.jpg?utm_source=commons.wikimedia.org&utm_campaign=imageinfo&utm_content=original,09c888d7dc2a2126149977605ec8b6e522f353b7,4912,3264,PIERRE ANDRE LECLERCQ,CC BY-SA 4.0,https://commons.wikimedia.org/wiki/File:Boulogne_sur_mer.-_Nausica%C3%A0_(Blennie_bagnard).jpg,unknown
Pholidichthys leucotaenia,File:Hal -Pholidichthys leucotaenia - 2.jpg,https://upload.wikimedia.org/wikipedia/commons/b/b9/Hal_-Pholidichthys_leucotaenia_-_2.jpg?utm_source=commons.wikimedia.org&utm_campaign=imageinfo&utm_content=original,aa46c10457930c9fe7002d740d7880223144abbd,4609,3073,Emőke Dénes,CC BY-SA 4.0,https://commons.wikimedia.org/wiki/File:Hal_-Pholidichthys_leucotaenia_-_2.jpg,unknown
Pholidichthys leucotaenia,File:Hal -Pholidichthys leucotaenia - 1.jpg,https://upload.wikimedia.org/wikipedia/commons/d/da/Hal_-Pholidichthys_leucotaenia_-_1.jpg?utm_source=commons.wikimedia.org&utm_campaign=imageinfo&utm_content=original,d730af9b155756ff41e791696d4f4b66e7230f75,4481,2987,Emőke Dénes,CC BY-SA 4.0,https://commons.wikimedia.org/wiki/File:Hal_-Pholidichthys_leucotaenia_-_1.jpg,unknown
Pholidichthys leucotaenia,File:Convict blenny (Pholidichthys leucotaenia) (49258198917).jpg,https://upload.wikimedia.org/wikipedia/commons/5/54/Convict_blenny_%28Pholidichthys_leucotaenia%29_%2849258198917%29.jpg?utm_source=commons.wikimedia.org&utm_campaign=imageinfo&utm_content=original,ff7974ba219183988bb8f5ca2141b1d4eea75577,2772,2079,Rickard Zerpe,CC BY 2.0,https://commons.wikimedia.org/wiki/File:Convict_blenny_(Pholidichthys_leucotaenia)_(49258198917).jpg,unknown
Pholidichthys leucotaenia,File:Pholidichthys leucotaenia 40167408.jpg,https://upload.wikimedia.org/wikipedia/commons/a/a2/Pholidichthys_leucotaenia_40167408.jpg?utm_source=commons.wikimedia.org&utm_campaign=imageinfo&utm_content=original,7079acfdadf58d34351da082a125676df5e7a59f,2048,1536,desertnaturalist,CC BY 4.0,https://commons.wikimedia.org/wiki/File:Pholidichthys_leucotaenia_40167408.jpg,unknown
Pholidichthys leucotaenia,File:Pholidichthys leucotaenia (336900467).jpg,https://upload.wikimedia.org/wikipedia/commons/4/43/Pholidichthys_leucotaenia_%28336900467%29.jpg?utm_source=commons.wikimedia.org&utm_campaign=imageinfo&utm_content=original,77c930aa7e9668004e3de0d5970da5c5b508bedf,1958,1968,Jean-Paul Boerekamps,CC0,https://commons.wikimedia.org/wiki/File:Pholidichthys_leucotaenia_(336900467).jpg,unknown
Pholidichthys leucotaenia,File:Pholidichthys leucotaenia inaTokyofishtank-2020 11 16.webm,https://upload.wikimedia.org/wikipedia/commons/2/2d/Pholidichthys_leucotaenia_inaTokyofishtank-2020_11_16.webm?utm_source=commons.wikimedia.org&utm_campaign=imageinfo&utm_content=original,c4f79c492d28df7bd24ce71914e2394473bb7297,1920,1080,Nesnad,CC BY 4.0,https://commons.wikimedia.org/wiki/File:Pholidichthys_leucotaenia_inaTokyofishtank-2020_11_16.webm,unknown
Pholidichthys leucotaenia,"File:Bleeker papers, 1844-67 (IA bleekerpapers18405blee).pdf",https://upload.wikimedia.org/wikipedia/commons/4/4f/Bleeker_papers%2C_1844-67_%28IA_bleekerpapers18405blee%29.pdf?utm_source=commons.wikimedia.org&utm_campaign=imageinfo&utm_content=original,4b31d5178a082957ef72933d4c8291c9b56c73aa,1214,2075,"Bleeker, P. (Pieter), 1819-1878",Public domain,"https://commons.wikimedia.org/wiki/File:Bleeker_papers,_1844-67_(IA_bleekerpapers18405blee).pdf",unknown
Pholidichthys leucotaenia,File:Cichlimorphae.jpg,https://upload.wikimedia.org/wikipedia/commons/5/53/Cichlimorphae.jpg?utm_source=commons.wikimedia.org&utm_campaign=imageinfo&utm_content=original,a6b39ced91310a7680c4e4780a91fd7740e89af1,1210,1627,Haplochromis,CC BY-SA 3.0,https://commons.wikimedia.org/wiki/File:Cichlimorphae.jpg,unknown
Pholidichthys leucotaenia,File:Pholidichthys leucotaenia 2.jpg,https://upload.wikimedia.org/wikipedia/commons/1/11/Pholidichthys_leucotaenia_2.jpg?utm_source=commons.wikimedia.org&utm_campaign=imageinfo&utm_content=original,d1bca8fc6ab9a2a81c2e547f00a8a10a13cdec1d,1201,800,User:Haplochromis,CC BY-SA 3.0,https://commons.wikimedia.org/wiki/File:Pholidichthys_leucotaenia_2.jpg,unknown
Pholidichthys leucotaenia,File:Pholidichthys leucotaenia 3.jpg,https://upload.wikimedia.org/wikipedia/commons/5/5d/Pholidichthys_leucotaenia_3.jpg?utm_source=commons.wikimedia.org&utm_campaign=imageinfo&utm_content=original,2013d7a5d84e5b6b1daf463c92c985b4d7c2e422,1201,800,User:Haplochromis,CC BY-SA 3.0,https://commons.wikimedia.org/wiki/File:Pholidichthys_leucotaenia_3.jpg,unknown
Pholidichthys leucotaenia,File:Pholidichthys leucotaenia 4.jpg,https://upload.wikimedia.org/wikipedia/commons/5/57/Pholidichthys_leucotaenia_4.jpg?utm_source=commons.wikimedia.org&utm_campaign=imageinfo&utm_content=original,1b4b2d0f3bbc548496912d8c00d2ec11cbebafcd,1201,800,User:Haplochromis,CC BY-SA 3.0,https://commons.wikimedia.org/wiki/File:Pholidichthys_leucotaenia_4.jpg,unknown
Paracirrhites arcatus,"File:Pez halcón (Paracirrhites arcatus), Zanzíbar, Tanzania, 2024-05-29, DD 65.jpg",https://upload.wikimedia.org/wikipedia/commons/5/50/Pez_halc%C3%B3n_%28Paracirrhites_arcatus%29%2C_Zanz%C3%ADbar%2C_Tanzania%2C_2024-05-29%2C_DD_65.jpg?utm_source=commons.wikimedia.org&utm_campaign=imageinfo&utm_content=original,602a4a82509c9b6a4cfcd776f090f8d9dc19ecaf,5161,3441,Diego Delso,CC BY-SA 4.0,"https://commons.wikimedia.org/wiki/File:Pez_halc%C3%B3n_(Paracirrhites_arcatus),_Zanz%C3%ADbar,_Tanzania,_2024-05-29,_DD_65.jpg",in_situ
Paracirrhites arcatus,File:Arc-eye hawkfish.jpg,https://upload.wikimedia.org/wikipedia/commons/9/95/Arc-eye_hawkfish.jpg?utm_source=commons.wikimedia.org&utm_campaign=imageinfo&utm_content=original,e50151d4a4c1d2350b0dec0305014e4670bb0150,1867,1246,Longdongdiver,CC BY-SA 4.0,https://commons.wikimedia.org/wiki/File:Arc-eye_hawkfish.jpg,in_situ
Paracirrhites arcatus,File:Arc-eye hawkfish (Paracirrhites arcatus) (42703345414).jpg,https://upload.wikimedia.org/wikipedia/commons/8/8d/Arc-eye_hawkfish_%28Paracirrhites_arcatus%29_%2842703345414%29.jpg?utm_source=commons.wikimedia.org&utm_campaign=imageinfo&utm_content=original,dc8d782cc1adbd9cd77131645e2a6e9ce0e54c7d,1771,1328,Rickard Zerpe,CC BY 2.0,https://commons.wikimedia.org/wiki/File:Arc-eye_hawkfish_(Paracirrhites_arcatus)_(42703345414).jpg,in_situ
Paracirrhites arcatus,File:Paracirrhites arcatus 2.jpg,https://upload.wikimedia.org/wikipedia/commons/b/b8/Paracirrhites_arcatus_2.jpg?utm_source=commons.wikimedia.org&utm_campaign=imageinfo&utm_content=original,8cd643012eb272a03c25bac6c166130beee54a62,1696,1168,David Burdick,Public domain,https://commons.wikimedia.org/wiki/File:Paracirrhites_arcatus_2.jpg,in_situ
Paracirrhites arcatus,File:Paracirrhites arcatus 1.jpg,https://upload.wikimedia.org/wikipedia/commons/9/9d/Paracirrhites_arcatus_1.jpg?utm_source=commons.wikimedia.org&utm_campaign=imageinfo&utm_content=original,fb0048ad27ca87a3788f2b0b34b6baf30a705214,912,640,Richard Ling,CC BY-SA 2.0,https://commons.wikimedia.org/wiki/File:Paracirrhites_arcatus_1.jpg,in_situ
Paracirrhites arcatus,"File:Pez halcón (Paracirrhites arcatus), Zanzíbar, Tanzania, 2024-05-29, DD 34.jpg",https://upload.wikimedia.org/wikipedia/commons/d/d1/Pez_halc%C3%B3n_%28Paracirrhites_arcatus%29%2C_Zanz%C3%ADbar%2C_Tanzania%2C_2024-05-29%2C_DD_34.jpg?utm_source=commons.wikimedia.org&utm_campaign=imageinfo&utm_content=original,2444e4dd9e447117385c0c3001a047facb40b349,6123,4082,Diego Delso,CC BY-SA 4.0,"https://commons.wikimedia.org/wiki/File:Pez_halc%C3%B3n_(Paracirrhites_arcatus),_Zanz%C3%ADbar,_Tanzania,_2024-05-29,_DD_34.jpg",unknown
Paracirrhites arcatus,File:Arc-eye Hawkfish (Paracirrhites arcatus) (6972950838).jpg,https://upload.wikimedia.org/wikipedia/commons/6/6d/Arc-eye_Hawkfish_%28Paracirrhites_arcatus%29_%286972950838%29.jpg?utm_source=commons.wikimedia.org&utm_campaign=imageinfo&utm_content=original,b69ee304a894570aea5bd0f1581bac49c31af3cd,4416,2649,Bernard DUPONT from FRANCE,CC BY-SA 2.0,https://commons.wikimedia.org/wiki/File:Arc-eye_Hawkfish_(Paracirrhites_arcatus)_(6972950838).jpg,unknown
Paracirrhites arcatus,File:Paracirrhites arcatus Arc-eye Hawkfish by Nick Hobgood.jpg,https://upload.wikimedia.org/wikipedia/commons/8/8a/Paracirrhites_arcatus_Arc-eye_Hawkfish_by_Nick_Hobgood.jpg?utm_source=commons.wikimedia.org&utm_campaign=imageinfo&utm_content=original,386c2915256efe3d36b8fc35ac6e583196dd8a6c,3714,2611,Nhobgood,CC BY-SA 3.0,https://commons.wikimedia.org/wiki/File:Paracirrhites_arcatus_Arc-eye_Hawkfish_by_Nick_Hobgood.jpg,unknown
Paracirrhites arcatus,File:Corl0231 (27497284443).jpg,https://upload.wikimedia.org/wikipedia/commons/2/23/Corl0231_%2827497284443%29.jpg?utm_source=commons.wikimedia.org&utm_campaign=imageinfo&utm_content=original,4ec4efa864beceba23a921b97e293f65753df552,3648,2736,NOAA Photo Library,CC BY 2.0,https://commons.wikimedia.org/wiki/File:Corl0231_(27497284443).jpg,unknown
Paracirrhites arcatus,File:Corl0017 (28225876781).jpg,https://upload.wikimedia.org/wikipedia/commons/d/dc/Corl0017_%2828225876781%29.jpg?utm_source=commons.wikimedia.org&utm_campaign=imageinfo&utm_content=original,ba87b3fed5d6205c74cd19d61df33864f9bb9719,3000,4000,NOAA Photo Library,CC BY 2.0,https://commons.wikimedia.org/wiki/File:Corl0017_(28225876781).jpg,unknown
Paracirrhites arcatus,File:Paracirrhites arcatus Hulhudhoo.JPG,https://upload.wikimedia.org/wikipedia/commons/1/12/Paracirrhites_arcatus_Hulhudhoo.JPG?utm_source=commons.wikimedia.org&utm_campaign=imageinfo&utm_content=original,e7b40ce3793a7aba9b9d0f02deb2abcd9136c60f,2668,1888,Frédéric Ducarme,CC BY-SA 4.0,https://commons.wikimedia.org/wiki/File:Paracirrhites_arcatus_Hulhudhoo.JPG,unknown
Paracirrhites arcatus,File:Reef2145 - Flickr - NOAA Photo Library.jpg,https://upload.wikimedia.org/wikipedia/commons/5/51/Reef2145_-_Flickr_-_NOAA_Photo_Library.jpg?utm_source=commons.wikimedia.org&utm_campaign=imageinfo&utm_content=original,df05b4fed6f37c5ab49d4ceb585050baafd539a5,2592,1944,"LCDR Eric Johnson, NOAA Corps.",Public domain,https://commons.wikimedia.org/wiki/File:Reef2145_-_Flickr_-_NOAA_Photo_Library.jpg,unknown
Papilloculiceps longiceps,File:Crocodilefish2.jpg,https://upload.wikimedia.org/wikipedia/commons/d/df/Crocodilefish2.jpg?utm_source=commons.wikimedia.org&utm_campaign=imageinfo&utm_content=original,e3430803cb03c2eb7820f7d5f647cc146ffb7409,2316,3048,Albert kok,CC BY-SA 3.0,https://commons.wikimedia.org/wiki/File:Crocodilefish2.jpg,in_situ
Papilloculiceps longiceps,File:Red sea-reef 3914.jpg,https://upload.wikimedia.org/wikipedia/commons/9/99/Red_sea-reef_3914.jpg?utm_source=commons.wikimedia.org&utm_campaign=imageinfo&utm_content=original,6b869e92b401e177b2bceea2a75bc4c10fbf43a0,1600,1200,Hannes Grobe/AWI,CC BY 3.0,https://commons.wikimedia.org/wiki/File:Red_sea-reef_3914.jpg,in_situ
Papilloculiceps longiceps,"File:Indian Ocean Crocodilefish, Papilloculiceps longiceps at Marsa Shouna, Red Sea, Egypt -SCUBA (6237704675).jpg",https://upload.wikimedia.org/wikipedia/commons/2/29/Indian_Ocean_Crocodilefish%2C_Papilloculiceps_longiceps_at_Marsa_Shouna%2C_Red_Sea%2C_Egypt_-SCUBA_%286237704675%29.jpg?utm_source=commons.wikimedia.org&utm_campaign=imageinfo&utm_content=original,b4a6c4213822a6762096af4dea0513135377cfe0,1024,721,"Derek Keats from Johannesburg, South Africa",CC BY 2.0,"https://commons.wikimedia.org/wiki/File:Indian_Ocean_Crocodilefish,_Papilloculiceps_longiceps_at_Marsa_Shouna,_Red_Sea,_Egypt_-SCUBA_(6237704675).jpg",in_situ
Papilloculiceps longiceps,"File:Indian Ocean Crocodilefish, Papilloculiceps longiceps at Marsa Shouna, Red Sea, Egypt -SCUBA (6263958167).jpg",https://upload.wikimedia.org/wikipedia/commons/7/71/Indian_Ocean_Crocodilefish%2C_Papilloculiceps_longiceps_at_Marsa_Shouna%2C_Red_Sea%2C_Egypt_-SCUBA_%286263958167%29.jpg?utm_source=commons.wikimedia.org&utm_campaign=imageinfo&utm_content=original,176389a2b6a3546ff4bf0039497eb48b168247a7,1024,698,"Derek Keats from Johannesburg, South Africa",CC BY 2.0,"https://commons.wikimedia.org/wiki/File:Indian_Ocean_Crocodilefish,_Papilloculiceps_longiceps_at_Marsa_Shouna,_Red_Sea,_Egypt_-SCUBA_(6263958167).jpg",in_situ
Papilloculiceps longiceps,"File:Indian Ocean Crocodilefish, Papilloculiceps longiceps at Marsa Shouna, Red Sea, Egypt -SCUBA (6263959107).jpg",https://upload.wikimedia.org/wikipedia/commons/1/19/Indian_Ocean_Crocodilefish%2C_Papilloculiceps_longiceps_at_Marsa_Shouna%2C_Red_Sea%2C_Egypt_-SCUBA_%286263959107%29.jpg?utm_source=commons.wikimedia.org&utm_campaign=imageinfo&utm_content=original,db0b1567312575a3588e5c2653257f1b781cf742,1024,699,"Derek Keats from Johannesburg, South Africa",CC BY 2.0,"https://commons.wikimedia.org/wiki/File:Indian_Ocean_Crocodilefish,_Papilloculiceps_longiceps_at_Marsa_Shouna,_Red_Sea,_Egypt_-SCUBA_(6263959107).jpg",in_situ
Papilloculiceps longiceps,"File:Indian Ocean Crocodilefish, Papilloculiceps longiceps at Marsa Shouna, Red Sea, Egypt -SCUBA (6264485176).jpg",https://upload.wikimedia.org/wikipedia/commons/e/ec/Indian_Ocean_Crocodilefish%2C_Papilloculiceps_longiceps_at_Marsa_Shouna%2C_Red_Sea%2C_Egypt_-SCUBA_%286264485176%29.jpg?utm_source=commons.wikimedia.org&utm_campaign=imageinfo&utm_content=original,2a5798c5102087456247af315458e430bd59634e,1024,768,"Derek Keats from Johannesburg, South Africa",CC BY 2.0,"https://commons.wikimedia.org/wiki/File:Indian_Ocean_Crocodilefish,_Papilloculiceps_longiceps_at_Marsa_Shouna,_Red_Sea,_Egypt_-SCUBA_(6264485176).jpg",in_situ
Papilloculiceps longiceps,"File:Indian Ocean Crocodilefish, Papilloculiceps longiceps at Marsa Shouna, Red Sea, Egypt -SCUBA (6264486234).jpg",https://upload.wikimedia.org/wikipedia/commons/1/19/Indian_Ocean_Crocodilefish%2C_Papilloculiceps_longiceps_at_Marsa_Shouna%2C_Red_Sea%2C_Egypt_-SCUBA_%286264486234%29.jpg?utm_source=commons.wikimedia.org&utm_campaign=imageinfo&utm_content=original,7be458edd3028ef43dfc8698b575546578d66914,1024,714,"Derek Keats from Johannesburg, South Africa",CC BY 2.0,"https://commons.wikimedia.org/wiki/File:Indian_Ocean_Crocodilefish,_Papilloculiceps_longiceps_at_Marsa_Shouna,_Red_Sea,_Egypt_-SCUBA_(6264486234).jpg",in_situ
Papilloculiceps longiceps,"File:Indian Ocean Crocodilefish, Papilloculiceps longiceps at Marsa Shouna, Red Sea, Egypt -SCUBA - note the eye lappets (6238228226).jpg",https://upload.wikimedia.org/wikipedia/commons/c/c4/Indian_Ocean_Crocodilefish%2C_Papilloculiceps_longiceps_at_Marsa_Shouna%2C_Red_Sea%2C_Egypt_-SCUBA_-_note_the_eye_lappets_%286238228226%29.jpg?utm_source=commons.wikimedia.org&utm_campaign=imageinfo&utm_content=original,296a27491abadba7a1545f8a22ccddf4761b1fe8,1024,768,"Derek Keats from Johannesburg, South Africa",CC BY 2.0,"https://commons.wikimedia.org/wiki/File:Indian_Ocean_Crocodilefish,_Papilloculiceps_longiceps_at_Marsa_Shouna,_Red_Sea,_Egypt_-SCUBA_-_note_the_eye_lappets_(6238228226).jpg",in_situ
Papilloculiceps longiceps,"File:Indian Ocean Crocodilefish, Papilloculiceps longiceps at Marsa Shouna, Red Sea, Egypt SCUBA.jpg",https://upload.wikimedia.org/wikipedia/commons/6/63/Indian_Ocean_Crocodilefish%2C_Papilloculiceps_longiceps_at_Marsa_Shouna%2C_Red_Sea%2C_Egypt_SCUBA.jpg?utm_source=commons.wikimedia.org&utm_campaign=imageinfo&utm_content=original,dc0b36dc639334a66904140fab62a7b4df6a398c,1024,694,Derek Keats,CC BY-SA 2.0,"https://commons.wikimedia.org/wiki/File:Indian_Ocean_Crocodilefish,_Papilloculiceps_longiceps_at_Marsa_Shouna,_Red_Sea,_Egypt_SCUBA.jpg",in_situ
Papilloculiceps longiceps,"File:Pez cocodrilo (Papilloculiceps longiceps), Nosy Iranja, Madagascar, 2025-09-17, DD 50.jpg",https://upload.wikimedia.org/wikipedia/commons/2/28/Pez_cocodrilo_%28Papilloculiceps_longiceps%29%2C_Nosy_Iranja%2C_Madagascar%2C_2025-09-17%2C_DD_50.jpg?utm_source=commons.wikimedia.org&utm_campaign=imageinfo&utm_content=original,b6d4d723493403dc1accfdd2df042a62fc655d7e,8688,5792,Diego Delso,CC BY-SA 4.0,"https://commons.wikimedia.org/wiki/File:Pez_cocodrilo_(Papilloculiceps_longiceps),_Nosy_Iranja,_Madagascar,_2025-09-17,_DD_50.jpg",unknown
Papilloculiceps longiceps,"File:Pez cocodrilo (Papilloculiceps longiceps), Nosy Iranja, Madagascar, 2025-09-17, DD 50-51 FS.jpg",https://upload.wikimedia.org/wikipedia/commons/b/be/Pez_cocodrilo_%28Papilloculiceps_longiceps%29%2C_Nosy_Iranja%2C_Madagascar%2C_2025-09-17%2C_DD_50-51_FS.jpg?utm_source=commons.wikimedia.org&utm_campaign=imageinfo&utm_content=original,f3fbd9ac51c94bf5f8449a6e975626ea7cb594e0,7913,5276,Diego Delso,CC BY-SA 4.0,"https://commons.wikimedia.org/wiki/File:Pez_cocodrilo_(Papilloculiceps_longiceps),_Nosy_Iranja,_Madagascar,_2025-09-17,_DD_50-51_FS.jpg",unknown
Papilloculiceps longiceps,"File:Pez cocodrilo (Papilloculiceps longiceps), Zanzíbar, Tanzania, 2024-05-29, DD 39.jpg",https://upload.wikimedia.org/wikipedia/commons/0/08/Pez_cocodrilo_%28Papilloculiceps_longiceps%29%2C_Zanz%C3%ADbar%2C_Tanzania%2C_2024-05-29%2C_DD_39.jpg?utm_source=commons.wikimedia.org&utm_campaign=imageinfo&utm_content=original,e13a51ce884a14d1641c1b8a7e629bac43a35125,7502,5001,Diego Delso,CC BY-SA 4.0,"https://commons.wikimedia.org/wiki/File:Pez_cocodrilo_(Papilloculiceps_longiceps),_Zanz%C3%ADbar,_Tanzania,_2024-05-29,_DD_39.jpg",unknown
Monotaxis grandoculis,File:Empereur bossu (Monotaxis grandoculis) (Ifremer 00536-64768).jpg,https://upload.wikimedia.org/wikipedia/commons/f/f6/Empereur_bossu_%28Monotaxis_grandoculis%29_%28Ifremer_00536-64768%29.jpg?utm_source=commons.wikimedia.org&utm_campaign=imageinfo&utm_content=original,e3e48cf159127164b9af5ef7a42feab1bbd7e3ce,3072,2048,Marc Taquet,CC BY 4.0,https://commons.wikimedia.org/wiki/File:Empereur_bossu_(Monotaxis_grandoculis)_(Ifremer_00536-64768).jpg,in_situ
Monotaxis grandoculis,"File:Bigeye emperor, Monotaxis grandoculis (36149004640).jpg",https://upload.wikimedia.org/wikipedia/commons/3/33/Bigeye_emperor%2C_Monotaxis_grandoculis_%2836149004640%29.jpg?utm_source=commons.wikimedia.org&utm_campaign=imageinfo&utm_content=original,a131c028c3dd9d458d1be09891caadb28cbee495,2162,2162,"Derek Keats from Johannesburg, South Africa",CC BY 2.0,"https://commons.wikimedia.org/wiki/File:Bigeye_emperor,_Monotaxis_grandoculis_(36149004640).jpg",in_situ
Monotaxis grandoculis,File:Monotaxis grandoculis 1.jpg,https://upload.wikimedia.org/wikipedia/commons/5/5c/Monotaxis_grandoculis_1.jpg?utm_source=commons.wikimedia.org&utm_campaign=imageinfo&utm_content=original,6ad6d6ab68403efa7e2f277065a899d5f2b7169c,2048,1536,"Dr. Dwayne Meadows, NOAA/NMFS/OPR",Public domain,https://commons.wikimedia.org/wiki/File:Monotaxis_grandoculis_1.jpg,in_situ
Monotaxis grandoculis,"File:Bigeye emperor, Monotaxis grandoculis at Abu Dabab Reefs, Red Sea, Egypt -SCUBA (6198104589).jpg",https://upload.wikimedia.org/wikipedia/commons/c/cf/Bigeye_emperor%2C_Monotaxis_grandoculis_at_Abu_Dabab_Reefs%2C_Red_Sea%2C_Egypt_-SCUBA_%286198104589%29.jpg?utm_source=commons.wikimedia.org&utm_campaign=imageinfo&utm_content=original,aa2d32c378e66fb136912ced8de317e97c45344a,1024,658,"Derek Keats from Johannesburg, South Africa",CC BY 2.0,"https://commons.wikimedia.org/wiki/File:Bigeye_emperor,_Monotaxis_grandoculis_at_Abu_Dabab_Reefs,_Red_Sea,_Egypt_-SCUBA_(6198104589).jpg",in_situ
Monotaxis grandoculis,"File:Bigeye emperor, Monotaxis grandoculis at Sataya Reef, Red Sea, Egypt -SCUBA (6395392025).jpg",https://upload.wikimedia.org/wikipedia/commons/9/98/Bigeye_emperor%2C_Monotaxis_grandoculis_at_Sataya_Reef%2C_Red_Sea%2C_Egypt_-SCUBA_%286395392025%29.jpg?utm_source=commons.wikimedia.org&utm_campaign=imageinfo&utm_content=original,71597ebddc0ee2fd2c0df15754150d7a8534b184,1024,743,"Derek Keats from Johannesburg, South Africa",CC BY 2.0,"https://commons.wikimedia.org/wiki/File:Bigeye_emperor,_Monotaxis_grandoculis_at_Sataya_Reef,_Red_Sea,_Egypt_-SCUBA_(6395392025).jpg",in_situ
Monotaxis grandoculis,"File:Bigeye emperor, Monotaxis grandoculis in cave entrance at Abu Dabab Reefs, Red Sea, Egypt -SCUBA (6203498578).jpg",https://upload.wikimedia.org/wikipedia/commons/5/57/Bigeye_emperor%2C_Monotaxis_grandoculis_in_cave_entrance_at_Abu_Dabab_Reefs%2C_Red_Sea%2C_Egypt_-SCUBA_%286203498578%29.jpg?utm_source=commons.wikimedia.org&utm_campaign=imageinfo&utm_content=original,dc4d6e1149c2e989fe66ad9a13ec94ea18fe549d,1024,702,"Derek Keats from Johannesburg, South Africa",CC BY 2.0,"https://commons.wikimedia.org/wiki/File:Bigeye_emperor,_Monotaxis_grandoculis_in_cave_entrance_at_Abu_Dabab_Reefs,_Red_Sea,_Egypt_-SCUBA_(6203498578).jpg",in_situ
Monotaxis grandoculis,"File:Bigeye emperor, Monotaxis grandoculis in cave entrance at Abu Dabab Reefs, Red Sea, Egypt -SCUBA (6203498874).jpg",https://upload.wikimedia.org/wikipedia/commons/0/01/Bigeye_emperor%2C_Monotaxis_grandoculis_in_cave_entrance_at_Abu_Dabab_Reefs%2C_Red_Sea%2C_Egypt_-SCUBA_%286203498874%29.jpg?utm_source=commons.wikimedia.org&utm_campaign=imageinfo&utm_content=original,10c5de582edb7bdf7cfd03f7c524e22bea09b63c,1024,716,"Derek Keats from Johannesburg, South Africa",CC BY 2.0,"https://commons.wikimedia.org/wiki/File:Bigeye_emperor,_Monotaxis_grandoculis_in_cave_entrance_at_Abu_Dabab_Reefs,_Red_Sea,_Egypt_-SCUBA_(6203498874).jpg",in_situ
Monotaxis grandoculis,File:What fish is this? Anyone know? (6159026482).jpg,https://upload.wikimedia.org/wikipedia/commons/b/b6/What_fish_is_this%3F_Anyone_know%3F_%286159026482%29.jpg?utm_source=commons.wikimedia.org&utm_campaign=imageinfo&utm_content=original,87bd5157ab8c3f97f6446c1414cf13fb0986663d,1024,745,"Derek Keats from Johannesburg, South Africa",CC BY 2.0,https://commons.wikimedia.org/wiki/File:What_fish_is_this%3F_Anyone_know%3F_(6159026482).jpg,in_situ
Monotaxis grandoculis,"File:Emperador jorobado (Monotaxis grandoculis), Zanzíbar, Tanzania, 2024-05-30, DD 13.jpg",https://upload.wikimedia.org/wikipedia/commons/3/37/Emperador_jorobado_%28Monotaxis_grandoculis%29%2C_Zanz%C3%ADbar%2C_Tanzania%2C_2024-05-30%2C_DD_13.jpg?utm_source=commons.wikimedia.org&utm_campaign=imageinfo&utm_content=original,12679d2f85f5cd386c18877ea2b43bedca37768d,6219,4146,Diego Delso,CC BY-SA 4.0,"https://commons.wikimedia.org/wiki/File:Emperador_jorobado_(Monotaxis_grandoculis),_Zanz%C3%ADbar,_Tanzania,_2024-05-30,_DD_13.jpg",unknown
Monotaxis grandoculis,File:Humpnose bigeye bream (Monotaxis grandoculis) (32168522677).jpg,https://upload.wikimedia.org/wikipedia/commons/6/68/Humpnose_bigeye_bream_%28Monotaxis_grandoculis%29_%2832168522677%29.jpg?utm_source=commons.wikimedia.org&utm_campaign=imageinfo&utm_content=original,f5704f61df534b8cae28d0ba6472917b4b490790,5184,3888,Rickard Zerpe,CC BY 2.0,https://commons.wikimedia.org/wiki/File:Humpnose_bigeye_bream_(Monotaxis_grandoculis)_(32168522677).jpg,unknown
Monotaxis grandoculis,"File:Emperador jorobado (Monotaxis grandoculis), Nosy Sakatia, Madagascar, 2025-09-18, DD 43.jpg",https://upload.wikimedia.org/wikipedia/commons/2/2a/Emperador_jorobado_%28Monotaxis_grandoculis%29%2C_Nosy_Sakatia%2C_Madagascar%2C_2025-09-18%2C_DD_43.jpg?utm_source=commons.wikimedia.org&utm_campaign=imageinfo&utm_content=original,435a5f3b35958fe78e8e13ce99315765074db890,5088,3392,Diego Delso,CC BY-SA 4.0,"https://commons.wikimedia.org/wiki/File:Emperador_jorobado_(Monotaxis_grandoculis),_Nosy_Sakatia,_Madagascar,_2025-09-18,_DD_43.jpg",unknown
Monotaxis grandoculis,"File:Emperador jorobado (Monotaxis grandoculis), mar Rojo, Egipto, 2023-04-15, DD 98.jpg",https://upload.wikimedia.org/wikipedia/commons/4/47/Emperador_jorobado_%28Monotaxis_grandoculis%29%2C_mar_Rojo%2C_Egipto%2C_2023-04-15%2C_DD_98.jpg?utm_source=commons.wikimedia.org&utm_campaign=imageinfo&utm_content=original,90358412738fa71b2ca1358f7a8464db07232a87,4782,3188,Diego Delso,CC BY-SA 4.0,"https://commons.wikimedia.org/wiki/File:Emperador_jorobado_(Monotaxis_grandoculis),_mar_Rojo,_Egipto,_2023-04-15,_DD_98.jpg",unknown
Manta birostris,File:Manta-ray australia.jpg,https://upload.wikimedia.org/wikipedia/commons/7/78/Manta-ray_australia.jpg?utm_source=commons.wikimedia.org&utm_campaign=imageinfo&utm_content=original,a6a62a017638bc7e44741d69d8bf4bde8d378c26,1416,1232,No machine-readable author provided. Mbz1 assumed (based on copyright claims).,CC BY-SA 3.0,https://commons.wikimedia.org/wiki/File:Manta-ray_australia.jpg,in_situ
Manta birostris,File:Giant oceanic manta ray.jpg,https://upload.wikimedia.org/wikipedia/commons/7/73/Giant_oceanic_manta_ray.jpg?utm_source=commons.wikimedia.org&utm_campaign=imageinfo&utm_content=original,9667b20ea1b0d635a1d8a3bc2e4efb34a1253142,6000,4000,Daniel Sasse,CC BY-SA 4.0,https://commons.wikimedia.org/wiki/File:Giant_oceanic_manta_ray.jpg,unknown
Manta birostris,File:Manta Ray - Shot by Lamadjido.jpg,https://upload.wikimedia.org/wikipedia/commons/2/29/Manta_Ray_-_Shot_by_Lamadjido.jpg?utm_source=commons.wikimedia.org&utm_campaign=imageinfo&utm_content=original,caf01af2da0c5dcb0f987a46f83fc41582cc4527,4000,3000,Rilando June Lamadjido,CC BY-SA 4.0,https://commons.wikimedia.org/wiki/File:Manta_Ray_-_Shot_by_Lamadjido.jpg,unknown
Manta birostris,File:Manta ray parking bay @ Oceanário de Lisboa.jpg,https://upload.wikimedia.org/wikipedia/commons/a/a8/Manta_ray_parking_bay_%40_Ocean%C3%A1rio_de_Lisboa.jpg?utm_source=commons.wikimedia.org&utm_campaign=imageinfo&utm_content=original,fd50d9e2cf1df821592a3dd92b995d7045128d9b,3776,2520,"David Sim from London, United Kingdom",CC BY 2.0,https://commons.wikimedia.org/wiki/File:Manta_ray_parking_bay_@_Ocean%C3%A1rio_de_Lisboa.jpg,unknown
Manta birostris,File:Giant Manta AdF.jpg,https://upload.wikimedia.org/wikipedia/commons/f/fc/Giant_Manta_AdF.jpg?utm_source=commons.wikimedia.org&utm_campaign=imageinfo&utm_content=original,0e9b7f6e17e63a9c21c5a3e0237b46e7b05840f6,3000,1987,Arturo de Frias Marques,CC BY-SA 4.0,https://commons.wikimedia.org/wiki/File:Giant_Manta_AdF.jpg,unknown
Manta birostris,"File:Manta birostris Cephalopterus vampyrus MITCHILL, 1824.jpg",https://upload.wikimedia.org/wikipedia/commons/d/d7/Manta_birostris_Cephalopterus_vampyrus_MITCHILL%2C_1824.jpg?utm_source=commons.wikimedia.org&utm_campaign=imageinfo&utm_content=original,cc0402534cd26e3d0cc8292372c620a4f3beed6e,2900,1539,"MITCHILL, S.L. (1824)",Public domain,"https://commons.wikimedia.org/wiki/File:Manta_birostris_Cephalopterus_vampyrus_MITCHILL,_1824.jpg",unknown
Manta birostris,File:Public notice- Permit application no. SAJ-2022-00562 (SP-MCA) - USACE-p16021coll15-2048.pdf,https://upload.wikimedia.org/wikipedia/commons/f/f9/Public_notice-_Permit_application_no._SAJ-2022-00562_%28SP-MCA%29_-_USACE-p16021coll15-2048.pdf?utm_source=commons.wikimedia.org&utm_campaign=imageinfo&utm_content=original,a3c55a9efee434765551b132b7789446c3add93c,1275,1650,,Public domain,https://commons.wikimedia.org/wiki/File:Public_notice-_Permit_application_no._SAJ-2022-00562_(SP-MCA)_-_USACE-p16021coll15-2048.pdf,unknown
Manta birostris,"File:Finding of no signficant impact- Caloosahatchee River (C-43) west basin storage reservoir - reservoir alum treatment project- Section 408 request- Hendry County, Florida - USACE-p16021coll7-24990.pdf",https://upload.wikimedia.org/wikipedia/commons/e/ee/Finding_of_no_signficant_impact-_Caloosahatchee_River_%28C-43%29_west_basin_storage_reservoir_-_reservoir_alum_treatment_project-_Section_408_request-_Hendry_County%2C_Florida_-_USACE-p16021coll7-24990.pdf?utm_source=commons.wikimedia.org&utm_campaign=imageinfo&utm_content=original,cf742d8476467fdd743b7aae23e61263d3fb8df9,1275,1650,United States. Army. Corps of Engineers. Jacksonville District,Public domain,"https://commons.wikimedia.org/wiki/File:Finding_of_no_signficant_impact-_Caloosahatchee_River_(C-43)_west_basin_storage_reservoir_-_reservoir_alum_treatment_project-_Section_408_request-_Hendry_County,_Florida_-_USACE-p16021coll7-24990.pdf",unknown
Manta birostris,File:Public notice- Permit application no. SAJ-2009-01232 (SP-KMU) - USACE-p16021coll15-1032.pdf,https://upload.wikimedia.org/wikipedia/commons/5/5a/Public_notice-_Permit_application_no._SAJ-2009-01232_%28SP-KMU%29_-_USACE-p16021coll15-1032.pdf?utm_source=commons.wikimedia.org&utm_campaign=imageinfo&utm_content=original,e64ee72aeeb4ed2ff63ab8db4e6498987de95341,1275,1650,,Public domain,https://commons.wikimedia.org/wiki/File:Public_notice-_Permit_application_no._SAJ-2009-01232_(SP-KMU)_-_USACE-p16021coll15-1032.pdf,unknown
Manta birostris,File:Public notice- Permit application no. SAJ-2019-04431-(SP-GGM) - USACE-p16021coll15-979.pdf,https://upload.wikimedia.org/wikipedia/commons/c/c0/Public_notice-_Permit_application_no._SAJ-2019-04431-%28SP-GGM%29_-_USACE-p16021coll15-979.pdf?utm_source=commons.wikimedia.org&utm_campaign=imageinfo&utm_content=original,02e480e0e5c6933adbdb17c1535ad333649c6777,1275,1650,,Public domain,https://commons.wikimedia.org/wiki/File:Public_notice-_Permit_application_no._SAJ-2019-04431-(SP-GGM)_-_USACE-p16021coll15-979.pdf,unknown
Manta birostris,File:Public notice- Permit application no. SAJ-2022-01171(SP-MAO) - USACE-p16021coll15-3270.pdf,https://upload.wikimedia.org/wikipedia/commons/d/df/Public_notice-_Permit_application_no._SAJ-2022-01171%28SP-MAO%29_-_USACE-p16021coll15-3270.pdf?utm_source=commons.wikimedia.org&utm_campaign=imageinfo&utm_content=original,61e5d93f8e960c388766f66ebb11360933fe8fcf,1275,1650,,Public domain,https://commons.wikimedia.org/wiki/File:Public_notice-_Permit_application_no._SAJ-2022-01171(SP-MAO)_-_USACE-p16021coll15-3270.pdf,unknown
Manta birostris,File:Public notice- Permit application no. SAJ-2023-01045-(SP-GGM) - USACE-p16021coll15-4628.pdf,https://upload.wikimedia.org/wikipedia/commons/8/82/Public_notice-_Permit_application_no._SAJ-2023-01045-%28SP-GGM%29_-_USACE-p16021coll15-4628.pdf?utm_source=commons.wikimedia.org&utm_campaign=imageinfo&utm_content=original,f97aba62c9b7748e065a210ee33a161f184b7eaa,1275,1650,United States. Army. Corps of Engineers. Jacksonville District,Public domain,https://commons.wikimedia.org/wiki/File:Public_notice-_Permit_application_no._SAJ-2023-01045-(SP-GGM)_-_USACE-p16021coll15-4628.pdf,unknown
Macolor niger,File:Reef2158 - Flickr - NOAA Photo Library.jpg,https://upload.wikimedia.org/wikipedia/commons/b/bb/Reef2158_-_Flickr_-_NOAA_Photo_Library.jpg?utm_source=commons.wikimedia.org&utm_campaign=imageinfo&utm_content=original,2c52a9597f65e089df86a2806420ec06da161b21,3072,2304,"LCDR Eric Johnson, NOAA Corps.",Public domain,https://commons.wikimedia.org/wiki/File:Reef2158_-_Flickr_-_NOAA_Photo_Library.jpg,in_situ
Macolor niger,"File:Black snapper, Macolor niger (26342746339).jpg",https://upload.wikimedia.org/wikipedia/commons/8/88/Black_snapper%2C_Macolor_niger_%2826342746339%29.jpg?utm_source=commons.wikimedia.org&utm_campaign=imageinfo&utm_content=original,62feb1b0975b38da1278e2cfeda035294866ba8f,2593,2593,"Derek Keats from Johannesburg, South Africa",CC BY 2.0,"https://commons.wikimedia.org/wiki/File:Black_snapper,_Macolor_niger_(26342746339).jpg",in_situ
Macolor niger,File:Macolor niger (juvenile).jpg,https://upload.wikimedia.org/wikipedia/commons/6/67/Macolor_niger_%28juvenile%29.jpg?utm_source=commons.wikimedia.org&utm_campaign=imageinfo&utm_content=original,3537aaefe64ae6f33d3c73e5fb300c6c53c5addb,1392,904,Leonard Low from Australia,CC BY 2.0,https://commons.wikimedia.org/wiki/File:Macolor_niger_(juvenile).jpg,in_situ
Macolor niger,File:Young macolor niger.jpg,https://upload.wikimedia.org/wikipedia/commons/0/07/Young_macolor_niger.jpg?utm_source=commons.wikimedia.org&utm_campaign=imageinfo&utm_content=original,076374d3a678ed8a7be02fca7a7aa081c931dada,1111,759,Michele Gardini,CC BY-SA 3.0,https://commons.wikimedia.org/wiki/File:Young_macolor_niger.jpg,in_situ
Macolor niger,"File:Black Snapper (or black and white snapper), Macolor niger at Gota Sorayer, Red Sea, Egypt -SCUBA (6369644393).jpg",https://upload.wikimedia.org/wikipedia/commons/f/fc/Black_Snapper_%28or_black_and_white_snapper%29%2C_Macolor_niger_at_Gota_Sorayer%2C_Red_Sea%2C_Egypt_-SCUBA_%286369644393%29.jpg?utm_source=commons.wikimedia.org&utm_campaign=imageinfo&utm_content=original,3abe04f4ba04b92653bf211d13d88a9941c77dc5,1024,768,"Derek Keats from Johannesburg, South Africa",CC BY 2.0,"https://commons.wikimedia.org/wiki/File:Black_Snapper_(or_black_and_white_snapper),_Macolor_niger_at_Gota_Sorayer,_Red_Sea,_Egypt_-SCUBA_(6369644393).jpg",in_situ
Macolor niger,"File:Black Snapper (or black and white snapper), Macolor niger at Gota Sorayer, Red Sea, Egypt -SCUBA (6369645549).jpg",https://upload.wikimedia.org/wikipedia/commons/f/f1/Black_Snapper_%28or_black_and_white_snapper%29%2C_Macolor_niger_at_Gota_Sorayer%2C_Red_Sea%2C_Egypt_-SCUBA_%286369645549%29.jpg?utm_source=commons.wikimedia.org&utm_campaign=imageinfo&utm_content=original,451daa0bd07a1e2579b53dc4f38a029ac7ce0dfd,1024,768,"Derek Keats from Johannesburg, South Africa",CC BY 2.0,"https://commons.wikimedia.org/wiki/File:Black_Snapper_(or_black_and_white_snapper),_Macolor_niger_at_Gota_Sorayer,_Red_Sea,_Egypt_-SCUBA_(6369645549).jpg",in_situ
Macolor niger,File:Young macolor niger (cropped).jpg,https://upload.wikimedia.org/wikipedia/commons/3/32/Young_macolor_niger_%28cropped%29.jpg?utm_source=commons.wikimedia.org&utm_campaign=imageinfo&utm_content=original,ba2b960d179f4e89f8dd20dd036b29556dcf6556,668,428,Michele Gardini,CC BY-SA 3.0,https://commons.wikimedia.org/wiki/File:Young_macolor_niger_(cropped).jpg,in_situ
Macolor niger,"File:Pargo blanco y negro (Macolor niger), Nosy Tanikely, Madagascar, 2025-09-19, DD 136.jpg",https://upload.wikimedia.org/wikipedia/commons/7/7f/Pargo_blanco_y_negro_%28Macolor_niger%29%2C_Nosy_Tanikely%2C_Madagascar%2C_2025-09-19%2C_DD_136.jpg?utm_source=commons.wikimedia.org&utm_campaign=imageinfo&utm_content=original,81879cece9e04fe20070acb6306c7d3f499e6e93,6868,4579,Diego Delso,CC BY-SA 4.0,"https://commons.wikimedia.org/wiki/File:Pargo_blanco_y_negro_(Macolor_niger),_Nosy_Tanikely,_Madagascar,_2025-09-19,_DD_136.jpg",unknown
Macolor niger,"File:Pargo blanco y negro (Macolor niger), Nosy Tanikely, Madagascar, 2025-09-19, DD 137.jpg",https://upload.wikimedia.org/wikipedia/commons/7/7d/Pargo_blanco_y_negro_%28Macolor_niger%29%2C_Nosy_Tanikely%2C_Madagascar%2C_2025-09-19%2C_DD_137.jpg?utm_source=commons.wikimedia.org&utm_campaign=imageinfo&utm_content=original,472b3feb728b7e30ab56546b370ccd8cde744d4c,6703,4469,Diego Delso,CC BY-SA 4.0,"https://commons.wikimedia.org/wiki/File:Pargo_blanco_y_negro_(Macolor_niger),_Nosy_Tanikely,_Madagascar,_2025-09-19,_DD_137.jpg",unknown
Macolor niger,"File:Grupo de pargos blancos y negros (Macolor niger), mar Rojo, Egipto, 2023-04-15, DD 34.jpg",https://upload.wikimedia.org/wikipedia/commons/0/0e/Grupo_de_pargos_blancos_y_negros_%28Macolor_niger%29%2C_mar_Rojo%2C_Egipto%2C_2023-04-15%2C_DD_34.jpg?utm_source=commons.wikimedia.org&utm_campaign=imageinfo&utm_content=original,1eddcf042857203f7833ca78b513de3c5a74179b,6571,4381,Diego Delso,CC BY-SA 4.0,"https://commons.wikimedia.org/wiki/File:Grupo_de_pargos_blancos_y_negros_(Macolor_niger),_mar_Rojo,_Egipto,_2023-04-15,_DD_34.jpg",unknown
Macolor niger,"File:Pargo blanco y negro (Macolor niger), Nosy Tanikely, Madagascar, 2025-09-19, DD 135.jpg",https://upload.wikimedia.org/wikipedia/commons/5/5d/Pargo_blanco_y_negro_%28Macolor_niger%29%2C_Nosy_Tanikely%2C_Madagascar%2C_2025-09-19%2C_DD_135.jpg?utm_source=commons.wikimedia.org&utm_campaign=imageinfo&utm_content=original,9bffb5707d150738494841060243a4ecc035b5d5,5264,3509,Diego Delso,CC BY-SA 4.0,"https://commons.wikimedia.org/wiki/File:Pargo_blanco_y_negro_(Macolor_niger),_Nosy_Tanikely,_Madagascar,_2025-09-19,_DD_135.jpg",unknown
Macolor niger,"File:Pargo blanco y negro (Macolor niger), mar Rojo, Egipto, 2023-04-15, DD 58.jpg",https://upload.wikimedia.org/wikipedia/commons/9/9f/Pargo_blanco_y_negro_%28Macolor_niger%29%2C_mar_Rojo%2C_Egipto%2C_2023-04-15%2C_DD_58.jpg?utm_source=commons.wikimedia.org&utm_campaign=imageinfo&utm_content=original,f91222a03faaf388674b6d9edf90edd9a843bd01,5233,3489,Diego Delso,CC BY-SA 4.0,"https://commons.wikimedia.org/wiki/File:Pargo_blanco_y_negro_(Macolor_niger),_mar_Rojo,_Egipto,_2023-04-15,_DD_58.jpg",unknown
Hypoplectrus nigricans,File:Hypoplectrus nigricans - Reef1714.jpg,https://upload.wikimedia.org/wikipedia/commons/7/73/Hypoplectrus_nigricans_-_Reef1714.jpg?utm_source=commons.wikimedia.org&utm_campaign=imageinfo&utm_content=original,4980465db730a6542dd87c42b151866ca8da1fba,2592,1944,NOAA Photo Library,CC BY 2.0,https://commons.wikimedia.org/wiki/File:Hypoplectrus_nigricans_-_Reef1714.jpg,in_situ
Hypoplectrus nigricans,File:Hypoplectrus nigricans - pone.0010676.g052.png,https://upload.wikimedia.org/wikipedia/commons/4/48/Hypoplectrus_nigricans_-_pone.0010676.g052.png?utm_source=commons.wikimedia.org&utm_campaign=imageinfo&utm_content=original,aaf7dc8489ff8e4bbfb9face5930e7cec6599240,1922,882,"Williams, J. T.; Carpenter, K. E.; Van Tassell, J. L.; Hoetjes, P.; Toller, W.; Etnoyer, P.; Smith, M.",CC BY 2.5,https://commons.wikimedia.org/wiki/File:Hypoplectrus_nigricans_-_pone.0010676.g052.png,unknown
Hypoplectrus nigricans,"File:Hypoplectrus nigricans, Straits of Florida, FL, US imported from iNaturalist photo 327078510.jpg",https://upload.wikimedia.org/wikipedia/commons/c/c4/Hypoplectrus_nigricans%2C_Straits_of_Florida%2C_FL%2C_US_imported_from_iNaturalist_photo_327078510.jpg?utm_source=commons.wikimedia.org&utm_campaign=imageinfo&utm_content=original,d49c37dbedea9bd5770ee3b14c897ab139ebdc45,1536,2048,"(c) James-LaFontaine, some rights reserved (CC BY)",CC BY 4.0,"https://commons.wikimedia.org/wiki/File:Hypoplectrus_nigricans,_Straits_of_Florida,_FL,_US_imported_from_iNaturalist_photo_327078510.jpg",unknown
Hypoplectrus nigricans,"File:Hypoplectrus nigricans, Straits of Florida, FL, US imported from iNaturalist photo 327078547.jpg",https://upload.wikimedia.org/wikipedia/commons/6/68/Hypoplectrus_nigricans%2C_Straits_of_Florida%2C_FL%2C_US_imported_from_iNaturalist_photo_327078547.jpg?utm_source=commons.wikimedia.org&utm_campaign=imageinfo&utm_content=original,78ba04f01c879db7d0b2415b2f628eb9627fb6ea,1536,2048,"(c) James-LaFontaine, some rights reserved (CC BY)",CC BY 4.0,"https://commons.wikimedia.org/wiki/File:Hypoplectrus_nigricans,_Straits_of_Florida,_FL,_US_imported_from_iNaturalist_photo_327078547.jpg",unknown
Hypoplectrus nigricans,"File:Hypoplectrus nigricans, Straits of Florida, FL, US imported from iNaturalist photo 327078573.jpg",https://upload.wikimedia.org/wikipedia/commons/1/11/Hypoplectrus_nigricans%2C_Straits_of_Florida%2C_FL%2C_US_imported_from_iNaturalist_photo_327078573.jpg?utm_source=commons.wikimedia.org&utm_campaign=imageinfo&utm_content=original,4e8e5ca768b354ebbec4d5255a85f90c7d73e6a4,1536,2048,"(c) James-LaFontaine, some rights reserved (CC BY)",CC BY 4.0,"https://commons.wikimedia.org/wiki/File:Hypoplectrus_nigricans,_Straits_of_Florida,_FL,_US_imported_from_iNaturalist_photo_327078573.jpg",unknown
Hypoplectrus nigricans,"File:Hypoplectrus nigricans, Straits of Florida, FL, US imported from iNaturalist photo 327078595.jpg",https://upload.wikimedia.org/wikipedia/commons/f/f4/Hypoplectrus_nigricans%2C_Straits_of_Florida%2C_FL%2C_US_imported_from_iNaturalist_photo_327078595.jpg?utm_source=commons.wikimedia.org&utm_campaign=imageinfo&utm_content=original,008e65c37186d87586f92acd8daab4461c9db8ae,1536,2048,"(c) James-LaFontaine, some rights reserved (CC BY)",CC BY 4.0,"https://commons.wikimedia.org/wiki/File:Hypoplectrus_nigricans,_Straits_of_Florida,_FL,_US_imported_from_iNaturalist_photo_327078595.jpg",unknown
Hypoplectrus nigricans,File:Hypoplectrus (10.3897-zookeys.882.38449) Figure 15.jpg,https://upload.wikimedia.org/wikipedia/commons/9/97/Hypoplectrus_%2810.3897-zookeys.882.38449%29_Figure_15.jpg?utm_source=commons.wikimedia.org&utm_campaign=imageinfo&utm_content=original,cbb98dbd3c78a9aebff55c60543a4e2e7c7c8561,1512,1012,"[Photographs CJE &amp; AME] Robertson DR, Pérez-España H, Domínguez-Domínguez O, Estapé CJ, Estapé AM (2019) An update to the inventory of shore-fishes from the Parque Nacional Sistema Arrecifal Veracruzano, Veracruz, México. ZooKeys 882: 127-157. https://doi.org/10.3897/zookeys.882.38449",CC0,https://commons.wikimedia.org/wiki/File:Hypoplectrus_(10.3897-zookeys.882.38449)_Figure_15.jpg,unknown
Hypoplectrus nigricans,"File:Biodiversity Assessment of the Fishes of Saba Bank Atoll, Netherlands Antilles.pdf",https://upload.wikimedia.org/wikipedia/commons/7/7b/Biodiversity_Assessment_of_the_Fishes_of_Saba_Bank_Atoll%2C_Netherlands_Antilles.pdf?utm_source=commons.wikimedia.org&utm_campaign=imageinfo&utm_content=original,b30dd97ee74a85b064d18ad02935dd7066f6c15b,1275,1645,"Jeffrey T. Williams; Kent E. Carpenter; James L. Van Tassell; Paul Hoetjes; Wes Toller; Peter Etnoyer; Michael Smith, edited by Brian Gratwicke",CC0,"https://commons.wikimedia.org/wiki/File:Biodiversity_Assessment_of_the_Fishes_of_Saba_Bank_Atoll,_Netherlands_Antilles.pdf",unknown
Hypoplectrus nigricans,"File:Environmental appendix- Miami-Dade County Back Bay coastal storm risk management feasibility study, Miami-Dade County, Florida- Appendix D - USACE-p16021coll7-14462.pdf",https://upload.wikimedia.org/wikipedia/commons/a/a2/Environmental_appendix-_Miami-Dade_County_Back_Bay_coastal_storm_risk_management_feasibility_study%2C_Miami-Dade_County%2C_Florida-_Appendix_D_-_USACE-p16021coll7-14462.pdf?utm_source=commons.wikimedia.org&utm_campaign=imageinfo&utm_content=original,7191e81398a63fab43473bf1feb88e461f621a21,1275,1650,United States. Army. Corps of Engineers. Norfolk District,Public domain,"https://commons.wikimedia.org/wiki/File:Environmental_appendix-_Miami-Dade_County_Back_Bay_coastal_storm_risk_management_feasibility_study,_Miami-Dade_County,_Florida-_Appendix_D_-_USACE-p16021coll7-14462.pdf",unknown
Hypoplectrus nigricans,"File:FMIB 52003 Hypoplectrus unicolor nigricans (Poey) Tortugas, Fla.jpeg",https://upload.wikimedia.org/wikipedia/commons/3/3d/FMIB_52003_Hypoplectrus_unicolor_nigricans_%28Poey%29_Tortugas%2C_Fla.jpeg?utm_source=commons.wikimedia.org&utm_campaign=imageinfo&utm_content=original,17423694cbd0752d6c045d9dd28939b5fa66e0e0,973,606,David Starr Jordan,Public domain,"https://commons.wikimedia.org/wiki/File:FMIB_52003_Hypoplectrus_unicolor_nigricans_(Poey)_Tortugas,_Fla.jpeg",unknown
Hypoplectrus nigricans,"File:Hypoplectrus nigricans, Straits of Florida, FL, US imported from iNaturalist photo 327078573 (cropped).jpg",https://upload.wikimedia.org/wikipedia/commons/5/54/Hypoplectrus_nigricans%2C_Straits_of_Florida%2C_FL%2C_US_imported_from_iNaturalist_photo_327078573_%28cropped%29.jpg?utm_source=commons.wikimedia.org&utm_campaign=imageinfo&utm_content=original,005e3574341839bf3f2399ee3234b7d0dbfc783b,965,606,"(c) James-LaFontaine, some rights reserved (CC BY)",CC BY 4.0,"https://commons.wikimedia.org/wiki/File:Hypoplectrus_nigricans,_Straits_of_Florida,_FL,_US_imported_from_iNaturalist_photo_327078573_(cropped).jpg",unknown
Hypoplectrus nigricans,File:Hypoplectrus nigricans 205589503.jpg,https://upload.wikimedia.org/wikipedia/commons/b/b7/Hypoplectrus_nigricans_205589503.jpg?utm_source=commons.wikimedia.org&utm_campaign=imageinfo&utm_content=original,dc8f05ab3b04d2387dea4dcc16ec90b5addfcc3e,960,720,Pauline Walsh Jacobson,CC BY 4.0,https://commons.wikimedia.org/wiki/File:Hypoplectrus_nigricans_205589503.jpg,unknown
Halichoeres hortulanus,"File:Lábrido tablero a cuadros (Halichoeres hortulanus), mar Rojo, Egipto, 2023-04-19, DD 43.jpg",https://upload.wikimedia.org/wikipedia/commons/f/f4/L%C3%A1brido_tablero_a_cuadros_%28Halichoeres_hortulanus%29%2C_mar_Rojo%2C_Egipto%2C_2023-04-19%2C_DD_43.jpg?utm_source=commons.wikimedia.org&utm_campaign=imageinfo&utm_content=original,3c5d51a8539aa5c1766d89b20567c5de356209e1,6011,4007,Diego Delso,CC BY-SA 4.0,"https://commons.wikimedia.org/wiki/File:L%C3%A1brido_tablero_a_cuadros_(Halichoeres_hortulanus),_mar_Rojo,_Egipto,_2023-04-19,_DD_43.jpg",in_situ
Halichoeres hortulanus,File:Checkerboard Wrasse (Halichoeres hortulanus) (6086371676).jpg,https://upload.wikimedia.org/wikipedia/commons/a/a2/Checkerboard_Wrasse_%28Halichoeres_hortulanus%29_%286086371676%29.jpg?utm_source=commons.wikimedia.org&utm_campaign=imageinfo&utm_content=original,98cb5d91842d95b8b6bbfa71106d4a412181195b,3721,2232,Bernard DUPONT from FRANCE,CC BY-SA 2.0,https://commons.wikimedia.org/wiki/File:Checkerboard_Wrasse_(Halichoeres_hortulanus)_(6086371676).jpg,in_situ
Halichoeres hortulanus,File:Halichoeres hortulanus. Индийский тамарин или шахматный губан..DSCF0079.webm,https://upload.wikimedia.org/wikipedia/commons/1/11/Halichoeres_hortulanus._%D0%98%D0%BD%D0%B4%D0%B8%D0%B9%D1%81%D0%BA%D0%B8%D0%B9_%D1%82%D0%B0%D0%BC%D0%B0%D1%80%D0%B8%D0%BD_%D0%B8%D0%BB%D0%B8_%D1%88%D0%B0%D1%85%D0%BC%D0%B0%D1%82%D0%BD%D1%8B%D0%B9_%D0%B3%D1%83%D0%B1%D0%B0%D0%BD..DSCF0079.webm?utm_source=commons.wikimedia.org&utm_campaign=imageinfo&utm_content=original,25c9f53c52f86fd6ca6d0393dac271d7c513c048,1920,1080,Kora27,CC BY-SA 4.0,https://commons.wikimedia.org/wiki/File:Halichoeres_hortulanus._%D0%98%D0%BD%D0%B4%D0%B8%D0%B9%D1%81%D0%BA%D0%B8%D0%B9_%D1%82%D0%B0%D0%BC%D0%B0%D1%80%D0%B8%D0%BD_%D0%B8%D0%BB%D0%B8_%D1%88%D0%B0%D1%85%D0%BC%D0%B0%D1%82%D0%BD%D1%8B%D0%B9_%D0%B3%D1%83%D0%B1%D0%B0%D0%BD..DSCF0079.webm,in_situ
Halichoeres hortulanus,File:Halichoeres hortulanus 1.JPG,https://upload.wikimedia.org/wikipedia/commons/8/89/Halichoeres_hortulanus_1.JPG?utm_source=commons.wikimedia.org&utm_campaign=imageinfo&utm_content=original,38379b12c982d5c4383b9fa7afbd835c7430a03e,1600,1200,Photo2222,CC BY-SA 3.0,https://commons.wikimedia.org/wiki/File:Halichoeres_hortulanus_1.JPG,in_situ
Halichoeres hortulanus,"File:Checkerboard Wrasse (or Chequered Wrasse, Wall Wrasse) Halichoeres hortulanus at Shelenyat Reef, Red Sea, Egypt -SCUBA -UNDERWATER -PICTURES (6443172247).jpg",https://upload.wikimedia.org/wikipedia/commons/4/40/Checkerboard_Wrasse_%28or_Chequered_Wrasse%2C_Wall_Wrasse%29_Halichoeres_hortulanus_at_Shelenyat_Reef%2C_Red_Sea%2C_Egypt_-SCUBA_-UNDERWATER_-PICTURES_%286443172247%29.jpg?utm_source=commons.wikimedia.org&utm_campaign=imageinfo&utm_content=original,fe4745e4b6974155bc71051e498499023194cc7c,1024,641,"Derek Keats from Johannesburg, South Africa",CC BY 2.0,"https://commons.wikimedia.org/wiki/File:Checkerboard_Wrasse_(or_Chequered_Wrasse,_Wall_Wrasse)_Halichoeres_hortulanus_at_Shelenyat_Reef,_Red_Sea,_Egypt_-SCUBA_-UNDERWATER_-PICTURES_(6443172247).jpg",in_situ
Halichoeres hortulanus,File:Checkerboard wrasse Halichoeres hortulanus (7569614876).jpg,https://upload.wikimedia.org/wikipedia/commons/c/c1/Checkerboard_wrasse_Halichoeres_hortulanus_%287569614876%29.jpg?utm_source=commons.wikimedia.org&utm_campaign=imageinfo&utm_content=original,41568ce9ddd660af7d1e700b480b18d52c332848,641,427,Paul Asman and Jill Lenoble,CC BY 2.0,https://commons.wikimedia.org/wiki/File:Checkerboard_wrasse_Halichoeres_hortulanus_(7569614876).jpg,in_situ
Halichoeres hortulanus,File:Checkerboard wrasse Halichoeres hortulanus (7569615358).jpg,https://upload.wikimedia.org/wikipedia/commons/4/49/Checkerboard_wrasse_Halichoeres_hortulanus_%287569615358%29.jpg?utm_source=commons.wikimedia.org&utm_campaign=imageinfo&utm_content=original,1ffe5ab7c4e9c8e56b0be7191539185657bd0288,572,381,Paul Asman and Jill Lenoble,CC BY 2.0,https://commons.wikimedia.org/wiki/File:Checkerboard_wrasse_Halichoeres_hortulanus_(7569615358).jpg,in_situ
Halichoeres hortulanus,"File:Lábrido tablero a cuadros (Halichoeres hortulanus), Nosy Tanikely, Madagascar, 2025-09-19, DD 113.jpg",https://upload.wikimedia.org/wikipedia/commons/8/8a/L%C3%A1brido_tablero_a_cuadros_%28Halichoeres_hortulanus%29%2C_Nosy_Tanikely%2C_Madagascar%2C_2025-09-19%2C_DD_113.jpg?utm_source=commons.wikimedia.org&utm_campaign=imageinfo&utm_content=original,fd6596cb28f43c3ceafc1a97fdc79aef52d25b2f,7827,4442,Diego Delso,CC BY-SA 4.0,"https://commons.wikimedia.org/wiki/File:L%C3%A1brido_tablero_a_cuadros_(Halichoeres_hortulanus),_Nosy_Tanikely,_Madagascar,_2025-09-19,_DD_113.jpg",unknown
Halichoeres hortulanus,"File:Lábrido tablero a cuadros (Halichoeres hortulanus), Mahé, Seychelles, 2025-09-08, DD 180.jpg",https://upload.wikimedia.org/wikipedia/commons/8/86/L%C3%A1brido_tablero_a_cuadros_%28Halichoeres_hortulanus%29%2C_Mah%C3%A9%2C_Seychelles%2C_2025-09-08%2C_DD_180.jpg?utm_source=commons.wikimedia.org&utm_campaign=imageinfo&utm_content=original,3f31525847ac211cf7fbb520aa50dd13892dd609,7181,4787,Diego Delso,CC BY-SA 4.0,"https://commons.wikimedia.org/wiki/File:L%C3%A1brido_tablero_a_cuadros_(Halichoeres_hortulanus),_Mah%C3%A9,_Seychelles,_2025-09-08,_DD_180.jpg",unknown
Halichoeres hortulanus,"File:Lábrido tablero a cuadros (Halichoeres hortulanus), Yeda, Arabia Saudita, 2025-05-19, DD 31.jpg",https://upload.wikimedia.org/wikipedia/commons/b/b3/L%C3%A1brido_tablero_a_cuadros_%28Halichoeres_hortulanus%29%2C_Yeda%2C_Arabia_Saudita%2C_2025-05-19%2C_DD_31.jpg?utm_source=commons.wikimedia.org&utm_campaign=imageinfo&utm_content=original,e7c612ec051faa7e4bc334ee62046666f4c920bb,5761,3090,Diego Delso,CC BY-SA 4.0,"https://commons.wikimedia.org/wiki/File:L%C3%A1brido_tablero_a_cuadros_(Halichoeres_hortulanus),_Yeda,_Arabia_Saudita,_2025-05-19,_DD_31.jpg",unknown
Halichoeres hortulanus,"File:Lábrido tablero a cuadros (Halichoeres hortulanus), mar Rojo, Egipto, 2023-04-17, DD 70.jpg",https://upload.wikimedia.org/wikipedia/commons/5/51/L%C3%A1brido_tablero_a_cuadros_%28Halichoeres_hortulanus%29%2C_mar_Rojo%2C_Egipto%2C_2023-04-17%2C_DD_70.jpg?utm_source=commons.wikimedia.org&utm_campaign=imageinfo&utm_content=original,203e67a5962f5f9c4b96a89f66acaf2629a28bb1,5637,3758,Diego Delso,CC BY-SA 4.0,"https://commons.wikimedia.org/wiki/File:L%C3%A1brido_tablero_a_cuadros_(Halichoeres_hortulanus),_mar_Rojo,_Egipto,_2023-04-17,_DD_70.jpg",unknown
Halichoeres hortulanus,"File:Lábrido tablero a cuadros (Halichoeres hortulanus), Mahé, Seychelles, 2025-09-08, DD 49.jpg",https://upload.wikimedia.org/wikipedia/commons/b/b5/L%C3%A1brido_tablero_a_cuadros_%28Halichoeres_hortulanus%29%2C_Mah%C3%A9%2C_Seychelles%2C_2025-09-08%2C_DD_49.jpg?utm_source=commons.wikimedia.org&utm_campaign=imageinfo&utm_content=original,f5d84167b1307db90a1ccf793b525a104d483e3c,5538,3692,Diego Delso,CC BY-SA 4.0,"https://commons.wikimedia.org/wiki/File:L%C3%A1brido_tablero_a_cuadros_(Halichoeres_hortulanus),_Mah%C3%A9,_Seychelles,_2025-09-08,_DD_49.jpg",unknown
Haemulon carbonarium,"File:Ronco carbonero (Haemulon carbonarium), San Pedro, Belice, 2025-12-17, DD 86.jpg",https://upload.wikimedia.org/wikipedia/commons/7/77/Ronco_carbonero_%28Haemulon_carbonarium%29%2C_San_Pedro%2C_Belice%2C_2025-12-17%2C_DD_86.jpg?utm_source=commons.wikimedia.org&utm_campaign=imageinfo&utm_content=original,0cb4baadf4bdebe618c9af34b6bc72f6409c53ac,4405,2937,Diego Delso,CC BY-SA 4.0,"https://commons.wikimedia.org/wiki/File:Ronco_carbonero_(Haemulon_carbonarium),_San_Pedro,_Belice,_2025-12-17,_DD_86.jpg",unknown
Haemulon carbonarium,File:Haemulon carbonarium - pone.0010676.g091.png,https://upload.wikimedia.org/wikipedia/commons/6/6c/Haemulon_carbonarium_-_pone.0010676.g091.png?utm_source=commons.wikimedia.org&utm_campaign=imageinfo&utm_content=original,b25b2a0f9149097a843d60b4fa169effb49c3499,1991,673,"Williams, J. T.; Carpenter, K. E.; Van Tassell, J. L.; Hoetjes, P.; Toller, W.; Etnoyer, P.; Smith, M.",CC BY 2.5,https://commons.wikimedia.org/wiki/File:Haemulon_carbonarium_-_pone.0010676.g091.png,unknown
Haemulon carbonarium,File:Appendix A - benthic survey - USACE-p16021coll7-23123.pdf,https://upload.wikimedia.org/wikipedia/commons/3/38/Appendix_A_-_benthic_survey_-_USACE-p16021coll7-23123.pdf?utm_source=commons.wikimedia.org&utm_campaign=imageinfo&utm_content=original,6c7e927e3a8dd5ebd217d1167b2f2a14cf7a474d,1275,1650,"CSA Ocean Sciences, Inc.",Public domain,https://commons.wikimedia.org/wiki/File:Appendix_A_-_benthic_survey_-_USACE-p16021coll7-23123.pdf,unknown
Haemulon carbonarium,"File:Biodiversity Assessment of the Fishes of Saba Bank Atoll, Netherlands Antilles.pdf",https://upload.wikimedia.org/wikipedia/commons/7/7b/Biodiversity_Assessment_of_the_Fishes_of_Saba_Bank_Atoll%2C_Netherlands_Antilles.pdf?utm_source=commons.wikimedia.org&utm_campaign=imageinfo&utm_content=original,b30dd97ee74a85b064d18ad02935dd7066f6c15b,1275,1645,"Jeffrey T. Williams; Kent E. Carpenter; James L. Van Tassell; Paul Hoetjes; Wes Toller; Peter Etnoyer; Michael Smith, edited by Brian Gratwicke",CC0,"https://commons.wikimedia.org/wiki/File:Biodiversity_Assessment_of_the_Fishes_of_Saba_Bank_Atoll,_Netherlands_Antilles.pdf",unknown
Haemulon carbonarium,"File:Environmental appendix- Miami-Dade County Back Bay coastal storm risk management feasibility study, Miami-Dade County, Florida- Appendix D - USACE-p16021coll7-14462.pdf",https://upload.wikimedia.org/wikipedia/commons/a/a2/Environmental_appendix-_Miami-Dade_County_Back_Bay_coastal_storm_risk_management_feasibility_study%2C_Miami-Dade_County%2C_Florida-_Appendix_D_-_USACE-p16021coll7-14462.pdf?utm_source=commons.wikimedia.org&utm_campaign=imageinfo&utm_content=original,7191e81398a63fab43473bf1feb88e461f621a21,1275,1650,United States. Army. Corps of Engineers. Norfolk District,Public domain,"https://commons.wikimedia.org/wiki/File:Environmental_appendix-_Miami-Dade_County_Back_Bay_coastal_storm_risk_management_feasibility_study,_Miami-Dade_County,_Florida-_Appendix_D_-_USACE-p16021coll7-14462.pdf",unknown
Haemulon carbonarium,"File:San Juan Harbor mitigation sand source, San Juan, Puerto Rico- Benthic resource survey - USACE-p16021coll7-20784.pdf",https://upload.wikimedia.org/wikipedia/commons/7/71/San_Juan_Harbor_mitigation_sand_source%2C_San_Juan%2C_Puerto_Rico-_Benthic_resource_survey_-_USACE-p16021coll7-20784.pdf?utm_source=commons.wikimedia.org&utm_campaign=imageinfo&utm_content=original,369119c22b72bc689989ab49c0661d706bc1ce61,1275,1650,"United States. Army. Corps of Engineers. Jacksonville District; CSA Ocean Sciences, Inc.",Public domain,"https://commons.wikimedia.org/wiki/File:San_Juan_Harbor_mitigation_sand_source,_San_Juan,_Puerto_Rico-_Benthic_resource_survey_-_USACE-p16021coll7-20784.pdf",unknown
Haemulon carbonarium,File:Assessing mesophotic coral ecosystems inside and outside a Caribbean marine protected area.pdf,https://upload.wikimedia.org/wikipedia/commons/a/a7/Assessing_mesophotic_coral_ecosystems_inside_and_outside_a_Caribbean_marine_protected_area.pdf?utm_source=commons.wikimedia.org&utm_campaign=imageinfo&utm_content=original,4fa3a628334ecd363e31667cdf82ded46740d6a1,1085,1575,"Gress, Erika; Arroyo-Gerez, Maria J.; Wright, Georgina; Andradi-Brown, Dominic A.",CC BY 4.0,https://commons.wikimedia.org/wiki/File:Assessing_mesophotic_coral_ecosystems_inside_and_outside_a_Caribbean_marine_protected_area.pdf,unknown
Equetus acuminatus,File:Striped Drum.jpg,https://upload.wikimedia.org/wikipedia/commons/e/eb/Striped_Drum.jpg?utm_source=commons.wikimedia.org&utm_campaign=imageinfo&utm_content=original,79155c004f8290b949da3958288e4bb3e838fae1,800,533,Clinton &amp; Charles Robertson,CC BY 2.0,https://commons.wikimedia.org/wiki/File:Striped_Drum.jpg,in_situ
Equetus acuminatus,File:DSC 0073 - peixe listrado em recifes de coral em Abrolhos.jpg,https://upload.wikimedia.org/wikipedia/commons/7/77/DSC_0073_-_peixe_listrado_em_recifes_de_coral_em_Abrolhos.jpg?utm_source=commons.wikimedia.org&utm_campaign=imageinfo&utm_content=original,9aa7a6e3235ed4a21e88fa046eac453dd499dfa2,3008,2000,Amgauna,CC BY-SA 4.0,https://commons.wikimedia.org/wiki/File:DSC_0073_-_peixe_listrado_em_recifes_de_coral_em_Abrolhos.jpg,unknown
Equetus acuminatus,File:DSC 0085 - peixe listrado em recifes de coral em Abrolhos.jpg,https://upload.wikimedia.org/wikipedia/commons/6/65/DSC_0085_-_peixe_listrado_em_recifes_de_coral_em_Abrolhos.jpg?utm_source=commons.wikimedia.org&utm_campaign=imageinfo&utm_content=original,f2ecce5e713c554e7f6617d0685811da6947d3fa,3008,2000,Amgauna,CC BY-SA 4.0,https://commons.wikimedia.org/wiki/File:DSC_0085_-_peixe_listrado_em_recifes_de_coral_em_Abrolhos.jpg,unknown
Equetus acuminatus,File:DSC 0086 - peixe listrado em recifes de coral em Abrolhos.jpg,https://upload.wikimedia.org/wikipedia/commons/2/20/DSC_0086_-_peixe_listrado_em_recifes_de_coral_em_Abrolhos.jpg?utm_source=commons.wikimedia.org&utm_campaign=imageinfo&utm_content=original,dc380c4c7b79da73a1e4f7c8fc70641d7f41967b,3008,2000,Amgauna,CC BY-SA 4.0,https://commons.wikimedia.org/wiki/File:DSC_0086_-_peixe_listrado_em_recifes_de_coral_em_Abrolhos.jpg,unknown
Equetus acuminatus,File:Pareques acuminatus - pone.0010676.g096.png,https://upload.wikimedia.org/wikipedia/commons/a/a3/Pareques_acuminatus_-_pone.0010676.g096.png?utm_source=commons.wikimedia.org&utm_campaign=imageinfo&utm_content=original,81528b4dc98c3145cc2c333e6894fb83d4ab180b,2633,1547,"Williams, J. T.; Carpenter, K. E.; Van Tassell, J. L.; Hoetjes, P.; Toller, W.; Etnoyer, P.; Smith, M.",CC BY 2.5,https://commons.wikimedia.org/wiki/File:Pareques_acuminatus_-_pone.0010676.g096.png,unknown
Equetus acuminatus,"File:Pareques acuminatus, islas Vírgenes.jpg",https://upload.wikimedia.org/wikipedia/commons/1/1e/Pareques_acuminatus%2C_islas_V%C3%ADrgenes.jpg?utm_source=commons.wikimedia.org&utm_campaign=imageinfo&utm_content=original,1d2ba10c6f45de317f635da82a5d3d2e935b4d72,2272,1704,NOAA,Public domain,"https://commons.wikimedia.org/wiki/File:Pareques_acuminatus,_islas_V%C3%ADrgenes.jpg",unknown
Equetus acuminatus,"File:Draft environmental impact statement, beach erosion control and shore protection study, Indian River County, Florida- (Survey report) - USACE-p16021coll7-18363.pdf",https://upload.wikimedia.org/wikipedia/commons/5/55/Draft_environmental_impact_statement%2C_beach_erosion_control_and_shore_protection_study%2C_Indian_River_County%2C_Florida-_%28Survey_report%29_-_USACE-p16021coll7-18363.pdf?utm_source=commons.wikimedia.org&utm_campaign=imageinfo&utm_content=original,fefa2b2376c62ba20fbec6567764969b590fc6cf,1195,1568,United States. Army. Corps of Engineers. Jacksonville District,Public domain,"https://commons.wikimedia.org/wiki/File:Draft_environmental_impact_statement,_beach_erosion_control_and_shore_protection_study,_Indian_River_County,_Florida-_(Survey_report)_-_USACE-p16021coll7-18363.pdf",unknown
Equetus acuminatus,File:Pareques acuminatus 158446183.jpg,https://upload.wikimedia.org/wikipedia/commons/f/ff/Pareques_acuminatus_158446183.jpg?utm_source=commons.wikimedia.org&utm_campaign=imageinfo&utm_content=original,c2c345cbdd6fac3eefb6edeb7ce947a390fd3486,960,720,Pauline Walsh Jacobson,CC BY 4.0,https://commons.wikimedia.org/wiki/File:Pareques_acuminatus_158446183.jpg,unknown
Equetus acuminatus,File:Pareques acuminatus 159618197.jpg,https://upload.wikimedia.org/wikipedia/commons/8/83/Pareques_acuminatus_159618197.jpg?utm_source=commons.wikimedia.org&utm_campaign=imageinfo&utm_content=original,26f4e4c85011dcfc2f4146622a43356a4c983e27,960,720,Pauline Walsh Jacobson,CC BY 4.0,https://commons.wikimedia.org/wiki/File:Pareques_acuminatus_159618197.jpg,unknown
Equetus acuminatus,File:Pareques acuminatus 160543780.jpg,https://upload.wikimedia.org/wikipedia/commons/4/47/Pareques_acuminatus_160543780.jpg?utm_source=commons.wikimedia.org&utm_campaign=imageinfo&utm_content=original,90512b2e6272197dd7f8bbf324d28cc0c2fb6c3f,960,720,Pauline Walsh Jacobson,CC BY 4.0,https://commons.wikimedia.org/wiki/File:Pareques_acuminatus_160543780.jpg,unknown
Equetus acuminatus,File:Pareques acuminatus 161270848.jpg,https://upload.wikimedia.org/wikipedia/commons/2/2c/Pareques_acuminatus_161270848.jpg?utm_source=commons.wikimedia.org&utm_campaign=imageinfo&utm_content=original,b2d789ea14c4f12c3555f844d90c02820a7d9641,960,720,Pauline Walsh Jacobson,CC BY 4.0,https://commons.wikimedia.org/wiki/File:Pareques_acuminatus_161270848.jpg,unknown
Equetus acuminatus,File:Pareques acuminatus 161574519.jpg,https://upload.wikimedia.org/wikipedia/commons/7/73/Pareques_acuminatus_161574519.jpg?utm_source=commons.wikimedia.org&utm_campaign=imageinfo&utm_content=original,3c700f4a6db2e5957b2e57c413978a749dcb4f65,960,720,Pauline Walsh Jacobson,CC BY 4.0,https://commons.wikimedia.org/wiki/File:Pareques_acuminatus_161574519.jpg,unknown
Chromis multilineata,File:Fish at Molasses Reef 20080309.jpg,https://upload.wikimedia.org/wikipedia/commons/6/6c/Fish_at_Molasses_Reef_20080309.jpg?utm_source=commons.wikimedia.org&utm_campaign=imageinfo&utm_content=original,eac6dbd4fed7920c3b9fcbe36314b964e502b44c,2816,2112,Jim Stuby (talk),Public domain,https://commons.wikimedia.org/wiki/File:Fish_at_Molasses_Reef_20080309.jpg,in_situ
Chromis multilineata,File:Brown chromis Chromis multilineata (4686631428).jpg,https://upload.wikimedia.org/wikipedia/commons/3/3e/Brown_chromis_Chromis_multilineata_%284686631428%29.jpg?utm_source=commons.wikimedia.org&utm_campaign=imageinfo&utm_content=original,d049a12ba1b9e1de8932af7d8084196564cce730,3008,2000,Paul Asman and Jill Lenoble,CC BY 2.0,https://commons.wikimedia.org/wiki/File:Brown_chromis_Chromis_multilineata_(4686631428).jpg,unknown
Chromis multilineata,File:French grunt Haemulon flavolineatum and brown chromis Chromis multilineata (4675580999).jpg,https://upload.wikimedia.org/wikipedia/commons/5/5a/French_grunt_Haemulon_flavolineatum_and_brown_chromis_Chromis_multilineata_%284675580999%29.jpg?utm_source=commons.wikimedia.org&utm_campaign=imageinfo&utm_content=original,149a8fb86df098b4f6b42cd846dd616bec677779,3008,2000,Paul Asman and Jill Lenoble,CC BY 2.0,https://commons.wikimedia.org/wiki/File:French_grunt_Haemulon_flavolineatum_and_brown_chromis_Chromis_multilineata_(4675580999).jpg,unknown
Chromis multilineata,File:Nurse shark Ginglymostoma cirratum (2442372623).jpg,https://upload.wikimedia.org/wikipedia/commons/9/96/Nurse_shark_Ginglymostoma_cirratum_%282442372623%29.jpg?utm_source=commons.wikimedia.org&utm_campaign=imageinfo&utm_content=original,987899cc754f4db4d046b848aefe9f5d3bd199a5,3008,2000,Paul Asman and Jill Lenoble,CC BY 2.0,https://commons.wikimedia.org/wiki/File:Nurse_shark_Ginglymostoma_cirratum_(2442372623).jpg,unknown
Chromis multilineata,File:Haemulon flavolineatum and Callyspongia vaginalis.jpg,https://upload.wikimedia.org/wikipedia/commons/7/7e/Haemulon_flavolineatum_and_Callyspongia_vaginalis.jpg?utm_source=commons.wikimedia.org&utm_campaign=imageinfo&utm_content=original,1912e931b3bd182c4f6d1532f80379b804bbdb4e,3008,2000,pauljill,CC BY 2.0,https://commons.wikimedia.org/wiki/File:Haemulon_flavolineatum_and_Callyspongia_vaginalis.jpg,unknown
Chromis multilineata,File:Brown chromis Chromis multilineata (3474432813).jpg,https://upload.wikimedia.org/wikipedia/commons/3/32/Brown_chromis_Chromis_multilineata_%283474432813%29.jpg?utm_source=commons.wikimedia.org&utm_campaign=imageinfo&utm_content=original,6c22dd25a49929f8555d8bb38e47a748663fe415,2627,1751,Paul Asman and Jill Lenoble,CC BY 2.0,https://commons.wikimedia.org/wiki/File:Brown_chromis_Chromis_multilineata_(3474432813).jpg,unknown
Chromis multilineata,"File:French grunt, smallmouth grunt, mahogany snapper, and schoolmaster (3459289484).jpg",https://upload.wikimedia.org/wikipedia/commons/0/06/French_grunt%2C_smallmouth_grunt%2C_mahogany_snapper%2C_and_schoolmaster_%283459289484%29.jpg?utm_source=commons.wikimedia.org&utm_campaign=imageinfo&utm_content=original,34c9207d81a43b54dc2b1c2310f37971e2429fd8,2600,1733,Paul Asman and Jill Lenoble,CC BY 2.0,"https://commons.wikimedia.org/wiki/File:French_grunt,_smallmouth_grunt,_mahogany_snapper,_and_schoolmaster_(3459289484).jpg",unknown
Chromis multilineata,File:Juvenile smooth trunkfish Lactophrys triqueter (2443201998).jpg,https://upload.wikimedia.org/wikipedia/commons/a/a1/Juvenile_smooth_trunkfish_Lactophrys_triqueter_%282443201998%29.jpg?utm_source=commons.wikimedia.org&utm_campaign=imageinfo&utm_content=original,60242c2ad2345c29b16df568f0269116f819f425,2554,1703,Paul Asman and Jill Lenoble,CC BY 2.0,https://commons.wikimedia.org/wiki/File:Juvenile_smooth_trunkfish_Lactophrys_triqueter_(2443201998).jpg,unknown
Chromis multilineata,"File:Acropora cervicornis, Haemulon flavolineatum y Chromis multilineata.jpg",https://upload.wikimedia.org/wikipedia/commons/1/17/Acropora_cervicornis%2C_Haemulon_flavolineatum_y_Chromis_multilineata.jpg?utm_source=commons.wikimedia.org&utm_campaign=imageinfo&utm_content=original,f2d9ad1b2f772372a55d9f4566c315f2b1c6b2db,2481,2000,Paul Asman and Jill Lenoble,CC BY 2.0,"https://commons.wikimedia.org/wiki/File:Acropora_cervicornis,_Haemulon_flavolineatum_y_Chromis_multilineata.jpg",unknown
Chromis multilineata,File:F de Castelnau-poissonsPl03.jpg,https://upload.wikimedia.org/wikipedia/commons/a/a0/F_de_Castelnau-poissonsPl03.jpg?utm_source=commons.wikimedia.org&utm_campaign=imageinfo&utm_content=original,befa4fba65b232eae6486287e4da7e2b759772d2,2139,3080,"François-Louis Laporte, comte de Castelnau",Public domain,https://commons.wikimedia.org/wiki/File:F_de_Castelnau-poissonsPl03.jpg,unknown
Chromis multilineata,File:Brown chromis Chromis multilineata (2414877104).jpg,https://upload.wikimedia.org/wikipedia/commons/a/ab/Brown_chromis_Chromis_multilineata_%282414877104%29.jpg?utm_source=commons.wikimedia.org&utm_campaign=imageinfo&utm_content=original,67d6cbb5c8fcd319c52da7e703beb9f2cd4fd734,2066,1377,Paul Asman and Jill Lenoble,CC BY 2.0,https://commons.wikimedia.org/wiki/File:Brown_chromis_Chromis_multilineata_(2414877104).jpg,unknown
Chromis multilineata,File:Chromis multilineata Martinique.jpg,https://upload.wikimedia.org/wikipedia/commons/3/35/Chromis_multilineata_Martinique.jpg?utm_source=commons.wikimedia.org&utm_campaign=imageinfo&utm_content=original,736cb0dc2414c05e90ab1d40ff4cc7e3e989f939,2048,1535,annikaml,CC BY 4.0,https://commons.wikimedia.org/wiki/File:Chromis_multilineata_Martinique.jpg,unknown
Chilomycterus antennatus,"File:Environmental appendix- Miami-Dade County Back Bay coastal storm risk management feasibility study, Miami-Dade County, Florida- Appendix D - USACE-p16021coll7-14462.pdf",https://upload.wikimedia.org/wikipedia/commons/a/a2/Environmental_appendix-_Miami-Dade_County_Back_Bay_coastal_storm_risk_management_feasibility_study%2C_Miami-Dade_County%2C_Florida-_Appendix_D_-_USACE-p16021coll7-14462.pdf?utm_source=commons.wikimedia.org&utm_campaign=imageinfo&utm_content=original,7191e81398a63fab43473bf1feb88e461f621a21,1275,1650,United States. Army. Corps of Engineers. Norfolk District,Public domain,"https://commons.wikimedia.org/wiki/File:Environmental_appendix-_Miami-Dade_County_Back_Bay_coastal_storm_risk_management_feasibility_study,_Miami-Dade_County,_Florida-_Appendix_D_-_USACE-p16021coll7-14462.pdf",unknown
Chilomycterus antennatus,File:Bulletin of the United States Fish Commission (IA bulletinofunit2011900unit).pdf,https://upload.wikimedia.org/wikipedia/commons/1/10/Bulletin_of_the_United_States_Fish_Commission_%28IA_bulletinofunit2011900unit%29.pdf?utm_source=commons.wikimedia.org&utm_campaign=imageinfo&utm_content=original,95626321f3de463bbd1a8842e26c56fb248a1134,1043,1543,United States Fish Commission,Public domain,https://commons.wikimedia.org/wiki/File:Bulletin_of_the_United_States_Fish_Commission_(IA_bulletinofunit2011900unit).pdf,unknown
Chilomycterus antennatus,File:Chilomycterus antennatus.jpg,https://upload.wikimedia.org/wikipedia/commons/f/f9/Chilomycterus_antennatus.jpg?utm_source=commons.wikimedia.org&utm_campaign=imageinfo&utm_content=original,accc2976c6bb069905cfb40f3cb5f74e0d9a475f,960,540,Pauline Walsh Jacobson,CC BY 4.0,https://commons.wikimedia.org/wiki/File:Chilomycterus_antennatus.jpg,unknown
Chilomycterus antennatus,File:FMIB 38160 Chilomycterus antennatus (Cuvier).jpeg,https://upload.wikimedia.org/wikipedia/commons/3/33/FMIB_38160_Chilomycterus_antennatus_%28Cuvier%29.jpeg?utm_source=commons.wikimedia.org&utm_campaign=imageinfo&utm_content=original,fede1dd3d56cd7da9a75b1e8681969ef207adba2,917,516,Barton Warren Evermann / Millard Caleb Marsh,Public domain,https://commons.wikimedia.org/wiki/File:FMIB_38160_Chilomycterus_antennatus_(Cuvier).jpeg,unknown
Chilomycterus antennatus,File:Crustaceos da Africa occidental portugueza (IA crustaceosdaafri00osor).pdf,https://upload.wikimedia.org/wikipedia/commons/d/d3/Crustaceos_da_Africa_occidental_portugueza_%28IA_crustaceosdaafri00osor%29.pdf?utm_source=commons.wikimedia.org&utm_campaign=imageinfo&utm_content=original,dce618ceeb8742f52aca226c51108e974bb4ef0e,831,1350,"Osorio, Balthazar",Public domain,https://commons.wikimedia.org/wiki/File:Crustaceos_da_Africa_occidental_portugueza_(IA_crustaceosdaafri00osor).pdf,unknown
Chilomycterus antennatus,File:Archiv für Naturgeschichte - Index 1835-1859 (1860) (IA archivfrnaturg00berl).pdf,https://upload.wikimedia.org/wikipedia/commons/b/b5/Archiv_f%C3%BCr_Naturgeschichte_-_Index_1835-1859_%281860%29_%28IA_archivfrnaturg00berl%29.pdf?utm_source=commons.wikimedia.org&utm_campaign=imageinfo&utm_content=original,9cd492b22798a9eeff87bc7cb595c90a90856d95,643,1137,,Public domain,https://commons.wikimedia.org/wiki/File:Archiv_f%C3%BCr_Naturgeschichte_-_Index_1835-1859_(1860)_(IA_archivfrnaturg00berl).pdf,unknown
Chilomycterus antennatus,File:Chilomycterus antennatus - 1700-1880 - Print - Iconographia Zoologica - Special Collections University of Amsterdam - UBA01 IZ15500141.tif,https://upload.wikimedia.org/wikipedia/commons/0/02/Chilomycterus_antennatus_-_1700-1880_-_Print_-_Iconographia_Zoologica_-_Special_Collections_University_of_Amsterdam_-_UBA01_IZ15500141.tif?utm_source=commons.wikimedia.org&utm_campaign=imageinfo&utm_content=original,0e1caf1d45a6e9da5afe92a63a9dedef9d95957c,2504,3178,,Public domain,https://commons.wikimedia.org/wiki/File:Chilomycterus_antennatus_-_1700-1880_-_Print_-_Iconographia_Zoologica_-_Special_Collections_University_of_Amsterdam_-_UBA01_IZ15500141.tif,aquarium
Chaetodon vagabundus,File:Reef0520 (9714855269).jpg,https://upload.wikimedia.org/wikipedia/commons/4/43/Reef0520_%289714855269%29.jpg?utm_source=commons.wikimedia.org&utm_campaign=imageinfo&utm_content=original,9d7f66d2b54d8a13338b84fdd9907df7d18b68f5,2272,1704,NOAA Photo Library,Public domain,https://commons.wikimedia.org/wiki/File:Reef0520_(9714855269).jpg,in_situ
Chaetodon vagabundus,File:Chaetodon vagabundus.jpg,https://upload.wikimedia.org/wikipedia/commons/7/73/Chaetodon_vagabundus.jpg?utm_source=commons.wikimedia.org&utm_campaign=imageinfo&utm_content=original,70c8574e9ed0c6f2017bb0191f8f416a2235d1aa,1456,1216,"Dr. Dwayne Meadows, NOAA/NMFS/OPR",Public domain,https://commons.wikimedia.org/wiki/File:Chaetodon_vagabundus.jpg,in_situ
Chaetodon vagabundus,File:Bep chaetodon vagabundus.jpg,https://upload.wikimedia.org/wikipedia/commons/3/34/Bep_chaetodon_vagabundus.jpg?utm_source=commons.wikimedia.org&utm_campaign=imageinfo&utm_content=original,4f7472c2461f53d39e133dbd61ddc60bced50b11,1024,768,Bernard E. Picton BernardP,CC BY-SA 4.0,https://commons.wikimedia.org/wiki/File:Bep_chaetodon_vagabundus.jpg,in_situ
Chaetodon vagabundus,File:Pacific double-saddle butterflyfish (Chaetodon ulietensis) and other Chaetodon Moorea.jpg,https://upload.wikimedia.org/wikipedia/commons/5/52/Pacific_double-saddle_butterflyfish_%28Chaetodon_ulietensis%29_and_other_Chaetodon_Moorea.jpg?utm_source=commons.wikimedia.org&utm_campaign=imageinfo&utm_content=original,df1c78560e8748dce950dfdf0cd128a1ef99ea18,8190,5462,Charles J. Sharp,CC BY-SA 4.0,https://commons.wikimedia.org/wiki/File:Pacific_double-saddle_butterflyfish_(Chaetodon_ulietensis)_and_other_Chaetodon_Moorea.jpg,unknown
Chaetodon vagabundus,File:1. Chaetodon Argus; 2. Chaetodon vagabundus (NYPL b13637086-404046).tiff,https://upload.wikimedia.org/wikipedia/commons/2/2e/1._Chaetodon_Argus%3B_2._Chaetodon_vagabundus_%28NYPL_b13637086-404046%29.tiff?utm_source=commons.wikimedia.org&utm_campaign=imageinfo&utm_content=original,cda1a839c19a5a1a760777fc93c2e41a24bf5c19,6000,3383,"chez l'auteur; [etc., etc.,]",Public domain,https://commons.wikimedia.org/wiki/File:1._Chaetodon_Argus;_2._Chaetodon_vagabundus_(NYPL_b13637086-404046).tiff,unknown
Chaetodon vagabundus,File:Pink whipray (Pateobatis fai) Moorea 2.jpg,https://upload.wikimedia.org/wikipedia/commons/9/9b/Pink_whipray_%28Pateobatis_fai%29_Moorea_2.jpg?utm_source=commons.wikimedia.org&utm_campaign=imageinfo&utm_content=original,72774a8acb04adbe5c3e1bebafefb12ddc28ca35,5963,2982,Charles J. Sharp,CC BY-SA 4.0,https://commons.wikimedia.org/wiki/File:Pink_whipray_(Pateobatis_fai)_Moorea_2.jpg,unknown
Chaetodon vagabundus,File:Vagabond Butterflyfish (Chaetodon vagabundus) (8476522317).jpg,https://upload.wikimedia.org/wikipedia/commons/f/fe/Vagabond_Butterflyfish_%28Chaetodon_vagabundus%29_%288476522317%29.jpg?utm_source=commons.wikimedia.org&utm_campaign=imageinfo&utm_content=original,c4a56c52328ca8f4ab920a4d4cb28156c7cf418f,4416,2649,Bernard DUPONT from FRANCE,CC BY-SA 2.0,https://commons.wikimedia.org/wiki/File:Vagabond_Butterflyfish_(Chaetodon_vagabundus)_(8476522317).jpg,unknown
Chaetodon vagabundus,File:Vagabond butterflyfish (Chaetodon vagabundus) (32396203977).jpg,https://upload.wikimedia.org/wikipedia/commons/3/36/Vagabond_butterflyfish_%28Chaetodon_vagabundus%29_%2832396203977%29.jpg?utm_source=commons.wikimedia.org&utm_campaign=imageinfo&utm_content=original,f5edebb5f7899232aab43d323446c0316557e5a9,4300,3225,Rickard Zerpe,CC BY 2.0,https://commons.wikimedia.org/wiki/File:Vagabond_butterflyfish_(Chaetodon_vagabundus)_(32396203977).jpg,unknown
Chaetodon vagabundus,File:Vagabond butterflyfish (Chaetodon vagabundus) (24463911358).jpg,https://upload.wikimedia.org/wikipedia/commons/f/f1/Vagabond_butterflyfish_%28Chaetodon_vagabundus%29_%2824463911358%29.jpg?utm_source=commons.wikimedia.org&utm_campaign=imageinfo&utm_content=original,4e6feeaf886fa955bd851d2229309e9b86c23930,3897,2923,Rickard Zerpe,CC BY 2.0,https://commons.wikimedia.org/wiki/File:Vagabond_butterflyfish_(Chaetodon_vagabundus)_(24463911358).jpg,unknown
Chaetodon vagabundus,File:Vagabond butterflyfish (Chaetodon vagabundus) (41904794371).jpg,https://upload.wikimedia.org/wikipedia/commons/c/cf/Vagabond_butterflyfish_%28Chaetodon_vagabundus%29_%2841904794371%29.jpg?utm_source=commons.wikimedia.org&utm_campaign=imageinfo&utm_content=original,c0dbe97dbd4b90a8108ab620d2149e26f3ecadec,3658,2744,Rickard Zerpe,CC BY 2.0,https://commons.wikimedia.org/wiki/File:Vagabond_butterflyfish_(Chaetodon_vagabundus)_(41904794371).jpg,unknown
Chaetodon vagabundus,File:Vagabond butterflyfish (Chaetodon vagabundus) - 49150549918.jpg,https://upload.wikimedia.org/wikipedia/commons/2/2d/Vagabond_butterflyfish_%28Chaetodon_vagabundus%29_-_49150549918.jpg?utm_source=commons.wikimedia.org&utm_campaign=imageinfo&utm_content=original,77dfaef6b80c78e27b2c3cf971ed20408b71539d,2904,2178,krokodiver,CC BY 2.0,https://commons.wikimedia.org/wiki/File:Vagabond_butterflyfish_(Chaetodon_vagabundus)_-_49150549918.jpg,unknown
Chaetodon vagabundus,File:Vagabond Butterflyfish (Chaetodon vagabundus) (8482991356).jpg,https://upload.wikimedia.org/wikipedia/commons/3/30/Vagabond_Butterflyfish_%28Chaetodon_vagabundus%29_%288482991356%29.jpg?utm_source=commons.wikimedia.org&utm_campaign=imageinfo&utm_content=original,b9f1cce971f6f4c88d7c20f2a6a08b37b4d28484,2693,1615,Bernard DUPONT from FRANCE,CC BY-SA 2.0,https://commons.wikimedia.org/wiki/File:Vagabond_Butterflyfish_(Chaetodon_vagabundus)_(8482991356).jpg,unknown
Chaetodon sedentarius,File:Chaetodon sedentarius juvenile.jpg,https://upload.wikimedia.org/wikipedia/commons/4/47/Chaetodon_sedentarius_juvenile.jpg?utm_source=commons.wikimedia.org&utm_campaign=imageinfo&utm_content=original,ebee397c7724e27316d01813be69e6e332b7a41b,1260,840,[1],CC BY 2.0,https://commons.wikimedia.org/wiki/File:Chaetodon_sedentarius_juvenile.jpg,in_situ
Chaetodon sedentarius,File:Chaetodon sedentarius Brasil.jpg,https://upload.wikimedia.org/wikipedia/commons/9/9a/Chaetodon_sedentarius_Brasil.jpg?utm_source=commons.wikimedia.org&utm_campaign=imageinfo&utm_content=original,0439d7564e59b9240974f3a26037546094adfc40,1024,768,Bernard E. Picton,CC BY 2.5,https://commons.wikimedia.org/wiki/File:Chaetodon_sedentarius_Brasil.jpg,in_situ
Chaetodon sedentarius,File:Chaetodon sedentarius.jpg,https://upload.wikimedia.org/wikipedia/commons/d/d0/Chaetodon_sedentarius.jpg?utm_source=commons.wikimedia.org&utm_campaign=imageinfo&utm_content=original,fff7114b58df1c25d4ba6291963f4eea9b00b8bc,3024,2016,"SEFSC Pascagoula Laboratory; Collection of Brandi Noble, NOAA/NMFS/SEFSC",Public domain,https://commons.wikimedia.org/wiki/File:Chaetodon_sedentarius.jpg,unknown
Chaetodon sedentarius,File:Reef Butterflyfish.jpg,https://upload.wikimedia.org/wikipedia/commons/8/84/Reef_Butterflyfish.jpg?utm_source=commons.wikimedia.org&utm_campaign=imageinfo&utm_content=original,44d7b669ccc1c3447622af375450bb32792264f5,2048,1536,Matthew Hoelscher,CC BY-SA 2.0,https://commons.wikimedia.org/wiki/File:Reef_Butterflyfish.jpg,unknown
Chaetodon sedentarius,"File:Biodiversity Assessment of the Fishes of Saba Bank Atoll, Netherlands Antilles.pdf",https://upload.wikimedia.org/wikipedia/commons/7/7b/Biodiversity_Assessment_of_the_Fishes_of_Saba_Bank_Atoll%2C_Netherlands_Antilles.pdf?utm_source=commons.wikimedia.org&utm_campaign=imageinfo&utm_content=original,b30dd97ee74a85b064d18ad02935dd7066f6c15b,1275,1645,"Jeffrey T. Williams; Kent E. Carpenter; James L. Van Tassell; Paul Hoetjes; Wes Toller; Peter Etnoyer; Michael Smith, edited by Brian Gratwicke",CC0,"https://commons.wikimedia.org/wiki/File:Biodiversity_Assessment_of_the_Fishes_of_Saba_Bank_Atoll,_Netherlands_Antilles.pdf",unknown
Chaetodon sedentarius,"File:Environmental appendix- Miami-Dade County Back Bay coastal storm risk management feasibility study, Miami-Dade County, Florida- Appendix D - USACE-p16021coll7-14462.pdf",https://upload.wikimedia.org/wikipedia/commons/a/a2/Environmental_appendix-_Miami-Dade_County_Back_Bay_coastal_storm_risk_management_feasibility_study%2C_Miami-Dade_County%2C_Florida-_Appendix_D_-_USACE-p16021coll7-14462.pdf?utm_source=commons.wikimedia.org&utm_campaign=imageinfo&utm_content=original,7191e81398a63fab43473bf1feb88e461f621a21,1275,1650,United States. Army. Corps of Engineers. Norfolk District,Public domain,"https://commons.wikimedia.org/wiki/File:Environmental_appendix-_Miami-Dade_County_Back_Bay_coastal_storm_risk_management_feasibility_study,_Miami-Dade_County,_Florida-_Appendix_D_-_USACE-p16021coll7-14462.pdf",unknown
Chaetodon sedentarius,File:May 7th (IA jstor-4059543).pdf,https://upload.wikimedia.org/wikipedia/commons/3/35/May_7th_%28IA_jstor-4059543%29.pdf?utm_source=commons.wikimedia.org&utm_campaign=imageinfo&utm_content=original,284d4afa1a083e7f2f660f53b825ade99214f1f5,975,1500,,Public domain,https://commons.wikimedia.org/wiki/File:May_7th_(IA_jstor-4059543).pdf,unknown
Chaetodon sedentarius,File:Annals of the New York Academy of Sciences (IA annalsofnewyor4188789newy).pdf,https://upload.wikimedia.org/wikipedia/commons/7/7a/Annals_of_the_New_York_Academy_of_Sciences_%28IA_annalsofnewyor4188789newy%29.pdf?utm_source=commons.wikimedia.org&utm_campaign=imageinfo&utm_content=original,1b8d1a5837e7e8e5979d83df498308bd601240b7,835,1335,New York Academy of Sciences,Public domain,https://commons.wikimedia.org/wiki/File:Annals_of_the_New_York_Academy_of_Sciences_(IA_annalsofnewyor4188789newy).pdf,unknown
Chaetodon sedentarius,File:FEDLINK - United States Federal Collection (IA biologicalgeolo972texa).pdf,https://upload.wikimedia.org/wikipedia/commons/0/0a/FEDLINK_-_United_States_Federal_Collection_%28IA_biologicalgeolo972texa%29.pdf?utm_source=commons.wikimedia.org&utm_campaign=imageinfo&utm_content=original,3296314a71cac58554d1655e1ff58992a286c461,637,829,"Texas A &amp; M Research Foundation
Texas A &amp; M University. Dept. of Oceanography
United States. Bureau of Land Management. New Orleans OCS Office",Public domain,https://commons.wikimedia.org/wiki/File:FEDLINK_-_United_States_Federal_Collection_(IA_biologicalgeolo972texa).pdf,unknown
Chaetodon sedentarius,"File:Chaetodon sedentarius, Florida.jpg",https://upload.wikimedia.org/wikipedia/commons/3/35/Chaetodon_sedentarius%2C_Florida.jpg?utm_source=commons.wikimedia.org&utm_campaign=imageinfo&utm_content=original,eb6beb979914ddd9a37f96b150cc30da1a5b14f7,342,250,U.S. Geological Survey,Public domain,"https://commons.wikimedia.org/wiki/File:Chaetodon_sedentarius,_Florida.jpg",unknown
Chaetodon reticulatus,File:Corl0338 (28078509556).jpg,https://upload.wikimedia.org/wikipedia/commons/c/c7/Corl0338_%2828078509556%29.jpg?utm_source=commons.wikimedia.org&utm_campaign=imageinfo&utm_content=original,ec93501aea4c5bda16c4c8f5cce618466fb57425,3648,2736,NOAA Photo Library,CC BY 2.0,https://commons.wikimedia.org/wiki/File:Corl0338_(28078509556).jpg,unknown
Chaetodon reticulatus,File:Histoire naturelle des poissons (10438571485).jpg,https://upload.wikimedia.org/wikipedia/commons/2/2a/Histoire_naturelle_des_poissons_%2810438571485%29.jpg?utm_source=commons.wikimedia.org&utm_campaign=imageinfo&utm_content=original,fbe0c9d9251aa7bfe667e7c411da978c56622503,3200,1928,"Buffon, Georges Louis Leclerc; Cuvier, Georges; Valenciennes",Public domain,https://commons.wikimedia.org/wiki/File:Histoire_naturelle_des_poissons_(10438571485).jpg,unknown
Chaetodon reticulatus,File:Reticulated butterflyfish (Chaetodon reticulatus).jpg,https://upload.wikimedia.org/wikipedia/commons/e/e9/Reticulated_butterflyfish_%28Chaetodon_reticulatus%29.jpg?utm_source=commons.wikimedia.org&utm_campaign=imageinfo&utm_content=original,57da9bdcfa9479899de8d02af3b8972465fd7d8f,2757,1829,"Dr. Dwayne Meadows, NOAA/NMFS/OPR",Public domain,https://commons.wikimedia.org/wiki/File:Reticulated_butterflyfish_(Chaetodon_reticulatus).jpg,unknown
Chaetodon reticulatus,File:Corl0392 (28078684656).jpg,https://upload.wikimedia.org/wikipedia/commons/c/c8/Corl0392_%2828078684656%29.jpg?utm_source=commons.wikimedia.org&utm_campaign=imageinfo&utm_content=original,34061e9f264252792da32dccfcf8b2ed3e218c19,2736,3648,NOAA Photo Library,CC BY 2.0,https://commons.wikimedia.org/wiki/File:Corl0392_(28078684656).jpg,unknown
Chaetodon reticulatus,File:Chaetodon reticulatus - 1700-1880 - Print - Iconographia Zoologica - Special Collections University of Amsterdam - UBA01 IZ13100158.tif,https://upload.wikimedia.org/wikipedia/commons/6/69/Chaetodon_reticulatus_-_1700-1880_-_Print_-_Iconographia_Zoologica_-_Special_Collections_University_of_Amsterdam_-_UBA01_IZ13100158.tif?utm_source=commons.wikimedia.org&utm_campaign=imageinfo&utm_content=original,30380bd0d63b6835d9e1cdd75a240299da9822fe,2545,3231,,Public domain,https://commons.wikimedia.org/wiki/File:Chaetodon_reticulatus_-_1700-1880_-_Print_-_Iconographia_Zoologica_-_Special_Collections_University_of_Amsterdam_-_UBA01_IZ13100158.tif,unknown
Chaetodon reticulatus,File:Atlas ichthyologique des Indes orientales néêrlandaises - publié sous les auspices du gouvernement colonial néêrlandais (IA Atlasichthyolog00Blee).pdf,https://upload.wikimedia.org/wikipedia/commons/7/7a/Atlas_ichthyologique_des_Indes_orientales_n%C3%A9%C3%AArlandaises_-_publi%C3%A9_sous_les_auspices_du_gouvernement_colonial_n%C3%A9%C3%AArlandais_%28IA_Atlasichthyolog00Blee%29.pdf?utm_source=commons.wikimedia.org&utm_campaign=imageinfo&utm_content=original,a19fa18110cf16634c2a0852831d679a3d2490f7,1758,2704,"Bleeker, P.(Pieter),1819-1878",Public domain,https://commons.wikimedia.org/wiki/File:Atlas_ichthyologique_des_Indes_orientales_n%C3%A9%C3%AArlandaises_-_publi%C3%A9_sous_les_auspices_du_gouvernement_colonial_n%C3%A9%C3%AArlandais_(IA_Atlasichthyolog00Blee).pdf,unknown
Chaetodon reticulatus,File:Chaetodon reticulatus.jpg,https://upload.wikimedia.org/wikipedia/commons/0/07/Chaetodon_reticulatus.jpg?utm_source=commons.wikimedia.org&utm_campaign=imageinfo&utm_content=original,1c7e38597a5c426b5c419e609300cd51ed61c485,1416,1071,National Park of American Samoa,Public domain,https://commons.wikimedia.org/wiki/File:Chaetodon_reticulatus.jpg,unknown
Chaetodon reticulatus,"File:Chaetodon reticulatus, Samoa.jpg",https://upload.wikimedia.org/wikipedia/commons/7/76/Chaetodon_reticulatus%2C_Samoa.jpg?utm_source=commons.wikimedia.org&utm_campaign=imageinfo&utm_content=original,876725d890cb4c825bf089322f94bf3aa36d68ef,504,376,NPS - Richard C. Wass,Public domain,"https://commons.wikimedia.org/wiki/File:Chaetodon_reticulatus,_Samoa.jpg",unknown
Chaetodon reticulatus,File:Chaetodon reticulatus by NPS.jpg,https://upload.wikimedia.org/wikipedia/commons/f/f6/Chaetodon_reticulatus_by_NPS.jpg?utm_source=commons.wikimedia.org&utm_campaign=imageinfo&utm_content=original,dd6377e3e5a77d796970400e7bb222ae2f6e0541,504,393,NPS photo - Bryan Harry,Public domain,https://commons.wikimedia.org/wiki/File:Chaetodon_reticulatus_by_NPS.jpg,unknown
Chaetodon reticulatus,File:Chaetodon reticulatus by OpenCage.jpg,https://upload.wikimedia.org/wikipedia/commons/5/52/Chaetodon_reticulatus_by_OpenCage.jpg?utm_source=commons.wikimedia.org&utm_campaign=imageinfo&utm_content=original,c3cd9dd1c1b75d536468a3c42e40f519dd17c094,2332,2333,,CC BY-SA 2.5,https://commons.wikimedia.org/wiki/File:Chaetodon_reticulatus_by_OpenCage.jpg,aquarium
Chaetodon reticulatus,File:Bulletin - United States National Museum (IA bulletinunit20211953unit).pdf,https://upload.wikimedia.org/wikipedia/commons/8/8b/Bulletin_-_United_States_National_Museum_%28IA_bulletinunit20211953unit%29.pdf?utm_source=commons.wikimedia.org&utm_campaign=imageinfo&utm_content=original,ab5f5b413e55687be8ca93d0019d6e5b49c414e3,802,1293,"United States National Museum
Smithsonian Institution
United States. Dept. of the Interior",Public domain,https://commons.wikimedia.org/wiki/File:Bulletin_-_United_States_National_Museum_(IA_bulletinunit20211953unit).pdf,specimen
Chaetodon ocellatus,"File:Chaetodon ocellatus (spotfin butterflyfish) (San Salvador Island, Bahamas) (16145992846).jpg",https://upload.wikimedia.org/wikipedia/commons/5/5e/Chaetodon_ocellatus_%28spotfin_butterflyfish%29_%28San_Salvador_Island%2C_Bahamas%29_%2816145992846%29.jpg?utm_source=commons.wikimedia.org&utm_campaign=imageinfo&utm_content=original,96a12568904ae5ed6751e94ede7d4f478b0cf68f,3000,2400,James St. John,CC BY 2.0,"https://commons.wikimedia.org/wiki/File:Chaetodon_ocellatus_(spotfin_butterflyfish)_(San_Salvador_Island,_Bahamas)_(16145992846).jpg",in_situ
Chaetodon ocellatus,File:Spotfin Butterflyfish (Chaetodon ocellatus) (2b986f54-1dd8-b71b-0bbf-7a094dfe8d1f).jpg,https://upload.wikimedia.org/wikipedia/commons/1/18/Spotfin_Butterflyfish_%28Chaetodon_ocellatus%29_%282b986f54-1dd8-b71b-0bbf-7a094dfe8d1f%29.jpg?utm_source=commons.wikimedia.org&utm_campaign=imageinfo&utm_content=original,c7c8a133c88501216c714087caaae96c95ffa81e,2849,2633,NPS Photo,Public domain,https://commons.wikimedia.org/wiki/File:Spotfin_Butterflyfish_(Chaetodon_ocellatus)_(2b986f54-1dd8-b71b-0bbf-7a094dfe8d1f).jpg,in_situ
Chaetodon ocellatus,File:Chaetodon ocellatus in Madagascar Reef.jpg,https://upload.wikimedia.org/wikipedia/commons/5/52/Chaetodon_ocellatus_in_Madagascar_Reef.jpg?utm_source=commons.wikimedia.org&utm_campaign=imageinfo&utm_content=original,98cd2a5e0230c1db8b8bcd27835bb4d4aa653cf4,1024,885,"Simões, N.; Zarco Perello, S.; Moreno Mendoza, R.",CC BY 4.0,https://commons.wikimedia.org/wiki/File:Chaetodon_ocellatus_in_Madagascar_Reef.jpg,in_situ
Chaetodon ocellatus,File:Chaetodon ocellatus Gratwicke.jpg,https://upload.wikimedia.org/wikipedia/commons/e/e5/Chaetodon_ocellatus_Gratwicke.jpg?utm_source=commons.wikimedia.org&utm_campaign=imageinfo&utm_content=original,7462c85a8b5325d24802f6fe4b7654e25f5bf111,2914,1967,Brian Gratwicke,CC BY 2.0,https://commons.wikimedia.org/wiki/File:Chaetodon_ocellatus_Gratwicke.jpg,unknown
Chaetodon ocellatus,"File:Pez mariposa de aletas moteadas (Chaetodon ocellatus), San Pedro, Belice, 2025-12-18, DD 72.jpg",https://upload.wikimedia.org/wikipedia/commons/e/ee/Pez_mariposa_de_aletas_moteadas_%28Chaetodon_ocellatus%29%2C_San_Pedro%2C_Belice%2C_2025-12-18%2C_DD_72.jpg?utm_source=commons.wikimedia.org&utm_campaign=imageinfo&utm_content=original,a32e04bf5938e92375002ba4a23aafe209f2162a,2831,1887,Diego Delso,CC BY-SA 4.0,"https://commons.wikimedia.org/wiki/File:Pez_mariposa_de_aletas_moteadas_(Chaetodon_ocellatus),_San_Pedro,_Belice,_2025-12-18,_DD_72.jpg",unknown
Chaetodon ocellatus,File:Chaetodon ocellatus (S1033) (15611353772).jpg,https://upload.wikimedia.org/wikipedia/commons/2/2a/Chaetodon_ocellatus_%28S1033%29_%2815611353772%29.jpg?utm_source=commons.wikimedia.org&utm_campaign=imageinfo&utm_content=original,9573869ab8d21acca2a8afc3950a3152d686b0cf,2338,1824,Smithsonian Environmental Research Center,CC BY 2.0,https://commons.wikimedia.org/wiki/File:Chaetodon_ocellatus_(S1033)_(15611353772).jpg,unknown
Chaetodon ocellatus,"File:D. Marcus Elieser Bloch's, ausübenden Arztes zu Berlin ... Oeconomische Naturgeschichte der Fische Deutschlands (20850628256).jpg",https://upload.wikimedia.org/wikipedia/commons/c/c2/D._Marcus_Elieser_Bloch%27s%2C_aus%C3%BCbenden_Arztes_zu_Berlin_..._Oeconomische_Naturgeschichte_der_Fische_Deutschlands_%2820850628256%29.jpg?utm_source=commons.wikimedia.org&utm_campaign=imageinfo&utm_content=original,138422b434c55edffea858490374230859547187,2283,1569,"Berger, Daniel; Berger, F. G.; Bloch, Marcus Elieser; Bodenehr, G.; Bodenehr, George; Buchhandlung der Realschule; Darchow, C.; Gursch, C. F.; Hesse; Krüger; Rosenberg, F. C. W.; Schmidt, A. F.; Schmidt, F. G.; Schmidt, Friedrich Wilhelm; Schmidt, Johann Gottlieb; Schmidt, Ludwig",Public domain,"https://commons.wikimedia.org/wiki/File:D._Marcus_Elieser_Bloch%27s,_aus%C3%BCbenden_Arztes_zu_Berlin_..._Oeconomische_Naturgeschichte_der_Fische_Deutschlands_(20850628256).jpg",unknown
Chaetodon ocellatus,"File:Ichthyologie; ou, Histoire naturelle des poissons (Plate 211) (6918450622).jpg",https://upload.wikimedia.org/wikipedia/commons/9/90/Ichthyologie%3B_ou%2C_Histoire_naturelle_des_poissons_%28Plate_211%29_%286918450622%29.jpg?utm_source=commons.wikimedia.org&utm_campaign=imageinfo&utm_content=original,7e0d2bf953bf599cab29bd2bd236d14830e0de3e,2283,1342,"Bloch, Marcus Elieser",Public domain,"https://commons.wikimedia.org/wiki/File:Ichthyologie;_ou,_Histoire_naturelle_des_poissons_(Plate_211)_(6918450622).jpg",unknown
Chaetodon ocellatus,File:Chaetodon ocellatus 334348893.jpg,https://upload.wikimedia.org/wikipedia/commons/7/7a/Chaetodon_ocellatus_334348893.jpg?utm_source=commons.wikimedia.org&utm_campaign=imageinfo&utm_content=original,13927addd6456c3f9ca07aaf608e10eb9d471e65,2048,1536,Dan Schofield,CC BY 4.0,https://commons.wikimedia.org/wiki/File:Chaetodon_ocellatus_334348893.jpg,unknown
Chaetodon ocellatus,File:Chaetodon ocellatus 471573035.jpg,https://upload.wikimedia.org/wikipedia/commons/3/33/Chaetodon_ocellatus_471573035.jpg?utm_source=commons.wikimedia.org&utm_campaign=imageinfo&utm_content=original,dea8bce7480b81e03bb72a0bf3b920f8e0f292d0,2048,1536,Dan Schofield,CC BY 4.0,https://commons.wikimedia.org/wiki/File:Chaetodon_ocellatus_471573035.jpg,unknown
Chaetodon ocellatus,File:Chaetodon ocellatus 474773580.jpg,https://upload.wikimedia.org/wikipedia/commons/8/8b/Chaetodon_ocellatus_474773580.jpg?utm_source=commons.wikimedia.org&utm_campaign=imageinfo&utm_content=original,786c14ad5db52b9ef4865061390553cc1dcb1279,2048,1536,Dan Schofield,CC BY 4.0,https://commons.wikimedia.org/wiki/File:Chaetodon_ocellatus_474773580.jpg,unknown
Chaetodon ocellatus,File:Chaetodon ocellatus 547431549.jpg,https://upload.wikimedia.org/wikipedia/commons/0/0e/Chaetodon_ocellatus_547431549.jpg?utm_source=commons.wikimedia.org&utm_campaign=imageinfo&utm_content=original,459e8474dce8544c68a92e4683ada10552057d97,2048,1536,Zakqary Roy,CC BY 4.0,https://commons.wikimedia.org/wiki/File:Chaetodon_ocellatus_547431549.jpg,unknown
Bothus ocellatus,File:Rhomboidichthys ocellatus - 1829 - Print - Iconographia Zoologica - Special Collections University of Amsterdam - UBA01 IZ14000189.tif,https://upload.wikimedia.org/wikipedia/commons/1/18/Rhomboidichthys_ocellatus_-_1829_-_Print_-_Iconographia_Zoologica_-_Special_Collections_University_of_Amsterdam_-_UBA01_IZ14000189.tif?utm_source=commons.wikimedia.org&utm_campaign=imageinfo&utm_content=original,9dd48b92aea6f31afbb2e5474cf04be135f67599,2523,3209,,Public domain,https://commons.wikimedia.org/wiki/File:Rhomboidichthys_ocellatus_-_1829_-_Print_-_Iconographia_Zoologica_-_Special_Collections_University_of_Amsterdam_-_UBA01_IZ14000189.tif,unknown
Bothus ocellatus,File:F de Castelnau-poissonsPl41.jpg,https://upload.wikimedia.org/wikipedia/commons/e/e9/F_de_Castelnau-poissonsPl41.jpg?utm_source=commons.wikimedia.org&utm_campaign=imageinfo&utm_content=original,6e8c6d0ce2404a648ff7394e75847798f7b19dcd,2167,2998,"François-Louis Laporte, comte de Castelnau",Public domain,https://commons.wikimedia.org/wiki/File:F_de_Castelnau-poissonsPl41.jpg,unknown
Bothus ocellatus,File:Bothus ocellatus 107516864.jpg,https://upload.wikimedia.org/wikipedia/commons/c/cb/Bothus_ocellatus_107516864.jpg?utm_source=commons.wikimedia.org&utm_campaign=imageinfo&utm_content=original,968ae5f333710ba82fe554050ad1090300a59877,2048,1151,João D'Andretta,CC BY 4.0,https://commons.wikimedia.org/wiki/File:Bothus_ocellatus_107516864.jpg,unknown
Bothus ocellatus,File:Bothus ocellatus - pone.0010676.g188.png,https://upload.wikimedia.org/wikipedia/commons/6/6c/Bothus_ocellatus_-_pone.0010676.g188.png?utm_source=commons.wikimedia.org&utm_campaign=imageinfo&utm_content=original,a1d5ba879315c862694045bbd6f65638fa00ea8e,2004,1255,"Williams, J. T.; Carpenter, K. E.; Van Tassell, J. L.; Hoetjes, P.; Toller, W.; Etnoyer, P.; Smith, M.",CC BY 2.5,https://commons.wikimedia.org/wiki/File:Bothus_ocellatus_-_pone.0010676.g188.png,unknown
Bothus ocellatus,File:Bothus ocellatus 110794504.jpg,https://upload.wikimedia.org/wikipedia/commons/e/e5/Bothus_ocellatus_110794504.jpg?utm_source=commons.wikimedia.org&utm_campaign=imageinfo&utm_content=original,955f4e04faf8a38b79df64a81c79c7701a88471c,2000,1330,Bernard Picton,CC BY 4.0,https://commons.wikimedia.org/wiki/File:Bothus_ocellatus_110794504.jpg,unknown
Bothus ocellatus,File:Bothus ocellatus 107516864 (cropped).jpg,https://upload.wikimedia.org/wikipedia/commons/2/28/Bothus_ocellatus_107516864_%28cropped%29.jpg?utm_source=commons.wikimedia.org&utm_campaign=imageinfo&utm_content=original,be3c995fd488a7abd12863a83af487ffb4fa6fba,1315,837,João D'Andretta,CC BY 4.0,https://commons.wikimedia.org/wiki/File:Bothus_ocellatus_107516864_(cropped).jpg,unknown
Bothus ocellatus,File:Bothus ocellatus de Castelnau.jpg,https://upload.wikimedia.org/wikipedia/commons/c/cf/Bothus_ocellatus_de_Castelnau.jpg?utm_source=commons.wikimedia.org&utm_campaign=imageinfo&utm_content=original,b0109bf5ec3a3d218b23d5e0da341545d7bf520f,1308,841,"François-Louis Laporte, comte de Castelnau",Public domain,https://commons.wikimedia.org/wiki/File:Bothus_ocellatus_de_Castelnau.jpg,unknown
Bothus ocellatus,File:FMIB 38109 Platophrys ocellatus.jpeg,https://upload.wikimedia.org/wikipedia/commons/c/c4/FMIB_38109_Platophrys_ocellatus.jpeg?utm_source=commons.wikimedia.org&utm_campaign=imageinfo&utm_content=original,6f59935a5cc346908661e591e1ce9e695a44dd4e,1100,605,Barton Warren Evermann / Millard Caleb Marsh,Public domain,https://commons.wikimedia.org/wiki/File:FMIB_38109_Platophrys_ocellatus.jpeg,unknown
Bothus ocellatus,File:Bothus ocellatus 158446045.jpg,https://upload.wikimedia.org/wikipedia/commons/e/e7/Bothus_ocellatus_158446045.jpg?utm_source=commons.wikimedia.org&utm_campaign=imageinfo&utm_content=original,1c68dfc179527657c032625b6b5160dcd4dd158a,960,720,Pauline Walsh Jacobson,CC BY 4.0,https://commons.wikimedia.org/wiki/File:Bothus_ocellatus_158446045.jpg,unknown
Bothus ocellatus,File:Bothus ocellatus 159622467.jpg,https://upload.wikimedia.org/wikipedia/commons/0/0b/Bothus_ocellatus_159622467.jpg?utm_source=commons.wikimedia.org&utm_campaign=imageinfo&utm_content=original,f6e491c09b71b01cf5a958c89bb3d5eb1ea20d27,960,720,Pauline Walsh Jacobson,CC BY 4.0,https://commons.wikimedia.org/wiki/File:Bothus_ocellatus_159622467.jpg,unknown
Bothus ocellatus,File:Bothus ocellatus 159669128.jpg,https://upload.wikimedia.org/wikipedia/commons/f/fe/Bothus_ocellatus_159669128.jpg?utm_source=commons.wikimedia.org&utm_campaign=imageinfo&utm_content=original,407b844e23f6e5e1f3cf45b9db167d31fc776bc4,960,720,Pauline Walsh Jacobson,CC BY 4.0,https://commons.wikimedia.org/wiki/File:Bothus_ocellatus_159669128.jpg,unknown
Bothus ocellatus,File:Bothus ocellatus 159881853.jpg,https://upload.wikimedia.org/wikipedia/commons/f/f7/Bothus_ocellatus_159881853.jpg?utm_source=commons.wikimedia.org&utm_campaign=imageinfo&utm_content=original,86c36acb75c2cb754d34522cbe32db68a717ca1f,960,720,Pauline Walsh Jacobson,CC BY 4.0,https://commons.wikimedia.org/wiki/File:Bothus_ocellatus_159881853.jpg,unknown
Amphiprion chrysopterus,File:Amphiprion chrysopterus 1.jpg,https://upload.wikimedia.org/wikipedia/commons/a/aa/Amphiprion_chrysopterus_1.jpg?utm_source=commons.wikimedia.org&utm_campaign=imageinfo&utm_content=original,9febc644b51c57a910f905c9079a788d96e7e672,2272,1704,"Dr. Dwayne Meadows, NOAA/NMFS/OPR",Public domain,https://commons.wikimedia.org/wiki/File:Amphiprion_chrysopterus_1.jpg,in_situ
Amphiprion chrysopterus,File:Orange-fin anemonefish Amphiprion chrysopterus (7569624226).jpg,https://upload.wikimedia.org/wikipedia/commons/9/9f/Orange-fin_anemonefish_Amphiprion_chrysopterus_%287569624226%29.jpg?utm_source=commons.wikimedia.org&utm_campaign=imageinfo&utm_content=original,c4770823e81fc3e303805a536c3eb3142a1b3b75,2195,1463,Paul Asman and Jill Lenoble,CC BY 2.0,https://commons.wikimedia.org/wiki/File:Orange-fin_anemonefish_Amphiprion_chrysopterus_(7569624226).jpg,in_situ
Amphiprion chrysopterus,File:Amphiprion chrysopterus 2.jpg,https://upload.wikimedia.org/wikipedia/commons/e/ea/Amphiprion_chrysopterus_2.jpg?utm_source=commons.wikimedia.org&utm_campaign=imageinfo&utm_content=original,70b724f88477ba0c9cbd59f687daf4194894f0f9,1744,1102,David Burdick,Public domain,https://commons.wikimedia.org/wiki/File:Amphiprion_chrysopterus_2.jpg,in_situ
Amphiprion chrysopterus,File:Amphiprion chrysopterus.jpg,https://upload.wikimedia.org/wikipedia/commons/a/ab/Amphiprion_chrysopterus.jpg?utm_source=commons.wikimedia.org&utm_campaign=imageinfo&utm_content=original,e6fd1b88d424a2ef800c73b358af8c6bddd77ab6,1024,736,Richard Ling,CC BY-SA 2.0,https://commons.wikimedia.org/wiki/File:Amphiprion_chrysopterus.jpg,in_situ
Amphiprion chrysopterus,File:Hal - Amphiprion chrysopterus and Discosoma nummiforme - 2.jpg,https://upload.wikimedia.org/wikipedia/commons/d/d7/Hal_-_Amphiprion_chrysopterus_and_Discosoma_nummiforme_-_2.jpg?utm_source=commons.wikimedia.org&utm_campaign=imageinfo&utm_content=original,1c344beaf956f1d51178b7e057160962e5a544e0,5184,3456,Emőke Dénes,CC BY-SA 4.0,https://commons.wikimedia.org/wiki/File:Hal_-_Amphiprion_chrysopterus_and_Discosoma_nummiforme_-_2.jpg,unknown
Amphiprion chrysopterus,File:Hal - Amphiprion chrysopterus and Discosoma nummiforme - 4.jpg,https://upload.wikimedia.org/wikipedia/commons/a/a1/Hal_-_Amphiprion_chrysopterus_and_Discosoma_nummiforme_-_4.jpg?utm_source=commons.wikimedia.org&utm_campaign=imageinfo&utm_content=original,d66a5c07ee6f563ea6d4652580545b69c010e792,5184,3456,Emőke Dénes,CC BY-SA 4.0,https://commons.wikimedia.org/wiki/File:Hal_-_Amphiprion_chrysopterus_and_Discosoma_nummiforme_-_4.jpg,unknown
Amphiprion chrysopterus,File:Hal - Amphiprion chrysopterus and Discosoma nummiforme - 5.jpg,https://upload.wikimedia.org/wikipedia/commons/f/fd/Hal_-_Amphiprion_chrysopterus_and_Discosoma_nummiforme_-_5.jpg?utm_source=commons.wikimedia.org&utm_campaign=imageinfo&utm_content=original,854f388287ce7f71799be2c09456a2f86d4810ed,4869,3247,Emőke Dénes,CC BY-SA 4.0,https://commons.wikimedia.org/wiki/File:Hal_-_Amphiprion_chrysopterus_and_Discosoma_nummiforme_-_5.jpg,unknown
Amphiprion chrysopterus,File:NMSAS Anemone Fish And Sea Anemone (49743122886).jpg,https://upload.wikimedia.org/wikipedia/commons/e/e9/NMSAS_Anemone_Fish_And_Sea_Anemone_%2849743122886%29.jpg?utm_source=commons.wikimedia.org&utm_campaign=imageinfo&utm_content=original,51f78ab93699bfb41bb5060e4cbe38e8e70e2481,4680,3168,National Marine Sanctuaries,CC BY 2.0,https://commons.wikimedia.org/wiki/File:NMSAS_Anemone_Fish_And_Sea_Anemone_(49743122886).jpg,unknown
Amphiprion chrysopterus,File:Hal - Amphiprion chrysopterus and Discosoma nummiforme - 3.jpg,https://upload.wikimedia.org/wikipedia/commons/a/a7/Hal_-_Amphiprion_chrysopterus_and_Discosoma_nummiforme_-_3.jpg?utm_source=commons.wikimedia.org&utm_campaign=imageinfo&utm_content=original,36a6eb44b1c460b36fb019f6bb37337d51c7c81d,3887,2592,Emőke Dénes,CC BY-SA 4.0,https://commons.wikimedia.org/wiki/File:Hal_-_Amphiprion_chrysopterus_and_Discosoma_nummiforme_-_3.jpg,unknown
Amphiprion chrysopterus,File:Hal - Amphiprion chrysopterus - 1.jpg,https://upload.wikimedia.org/wikipedia/commons/5/52/Hal_-_Amphiprion_chrysopterus_-_1.jpg?utm_source=commons.wikimedia.org&utm_campaign=imageinfo&utm_content=original,4e0822d67a0f1bef4856bcf4dea9fe4798a2c3fa,3497,2331,Emőke Dénes,CC BY-SA 4.0,https://commons.wikimedia.org/wiki/File:Hal_-_Amphiprion_chrysopterus_-_1.jpg,unknown
Amphiprion chrysopterus,File:Anémone baignoire (Actiniaria) et son poisson-clown (Amphiprion chrysopterus) (Ifremer 00617-72909).jpg,https://upload.wikimedia.org/wikipedia/commons/5/5b/An%C3%A9mone_baignoire_%28Actiniaria%29_et_son_poisson-clown_%28Amphiprion_chrysopterus%29_%28Ifremer_00617-72909%29.jpg?utm_source=commons.wikimedia.org&utm_campaign=imageinfo&utm_content=original,b80a5bf73f8dbb67d216761358116d8e96a9846f,3474,2661,"Jerome Paillet (IFREMER, Laboratoire d'Océanographie Physique et Spatiale, Centre Bretagne - ZI de la Pointe du Diable - CS 10070 - 29280 Plouzané)",CC BY 4.0,https://commons.wikimedia.org/wiki/File:An%C3%A9mone_baignoire_(Actiniaria)_et_son_poisson-clown_(Amphiprion_chrysopterus)_(Ifremer_00617-72909).jpg,unknown
Amphiprion chrysopterus,"File:Diving at Siaes Tunnel, Palau.jpg",https://upload.wikimedia.org/wikipedia/commons/5/52/Diving_at_Siaes_Tunnel%2C_Palau.jpg?utm_source=commons.wikimedia.org&utm_campaign=imageinfo&utm_content=original,a222a9f5a33a149402a8792c955be0a637e890da,3072,2048,LuxTonnerre,CC BY 2.0,"https://commons.wikimedia.org/wiki/File:Diving_at_Siaes_Tunnel,_Palau.jpg",unknown
